Customer ID,Age,Gender,Purchase Amount (USD),Location,Size,Color,Season,Review Rating,Subscription Status,Discount Applied,Previous Purchases,Payment Method,Frequency of Purchases
2701,22,Female,68,California,XL,Olive,Winter,3.2,No,No,36,Cash,Weekly
521,51,Male,84,South Carolina,M,White,Spring,3.9,Yes,Yes,20,Debit Card,Quarterly
3157,18,Female,50,Montana,M,Black,Winter,3.1,No,No,18,Cash,Monthly
1687,22,Male,75,Illinois,L,Red,Fall,4.2,No,No,25,Cash,Annually
2929,40,Female,80,Alabama,L,Yellow,Spring,3.6,No,No,17,Credit Card,Weekly
3583,23,Female,41,California,S,Beige,Summer,3.4,No,No,15,PayPal,Annually
1135,62,Male,81,Wisconsin,M,Brown,Summer,,No,Yes,2,Venmo,Every 3 Months
1411,61,Male,93,Tennessee,M,Purple,Summer,4,No,Yes,18,Debit Card,Annually
113,37,Male,65,Florida,M,Red,Spring,4.3,Yes,Yes,28,PayPal,Bi-Weekly
166,42,Male,60,Kentucky,S,Yellow,Winter,2.8,Yes,Yes,7,Cash,Monthly
4568,35,Other,,Phoenix,M,Blue,Autumn,,No,Yes,41,Credit Card,Monthly
947,46,Male,24,Pennsylvania,XL,Blue,Spring,2.8,Yes,Yes,4,PayPal,Quarterly
4776,64,Other,884.04,Los Angeles,,Black,Spring,,No,No,,Credit Card,Quarterly
3855,57,Female,20,Florida,M,Black,Spring,4.2,No,No,4,Venmo,Annually
481,68,Male,88,Vermont,M,Gray,Summer,4.8,Yes,Yes,30,Debit Card,Bi-Weekly
3790,56,Female,75,North Dakota,M,Magenta,Summer,3.8,No,No,18,Bank Transfer,Every 3 Months
3617,42,Female,23,Wisconsin,L,Purple,Winter,3.3,No,No,33,Debit Card,Fortnightly
2659,52,Female,47,Ohio,XL,Indigo,Summer,3.2,No,No,39,PayPal,Monthly
3725,30,Female,71,Colorado,L,Green,Winter,3.1,No,No,18,Bank Transfer,Annually
2134,21,Male,34,Maine,M,Olive,Summer,3.8,No,No,13,Bank Transfer,Annually
4256,70,Male,,Los Angeles,,Green,Autumn,,Yes,Yes,25,Cash,Weekly
833,58,Male,80,California,L,Blue,Fall,2.5,Yes,Yes,28,Cash,Bi-Weekly
1106,33,Male,83,Massachusetts,S,Olive,Spring,3,No,Yes,6,Venmo,Every 3 Months
3047,60,Female,49,Pennsylvania,M,White,Spring,3.2,No,No,25,Cash,Every 3 Months
4685,68,Other,1032.09,Phoenix,L,Black,Summer,,No,No,,PayPal,Monthly
1612,41,Male,26,Arkansas,L,Yellow,Winter,4.5,No,Yes,6,Debit Card,Monthly
4289,34,Female,1282.44,New York,S,Red,Autumn,,No,Yes,36,PayPal,Weekly
3552,66,Female,31,Montana,L,Black,Spring,2.6,No,No,20,Venmo,Weekly
2918,58,Female,45,Colorado,XL,White,Winter,2.9,No,No,50,Venmo,Annually
1192,34,Male,70,Indiana,L,Charcoal,Winter,4.1,No,Yes,50,Venmo,Quarterly
1907,23,Male,30,Vermont,M,Green,Spring,4.6,No,No,24,PayPal,Fortnightly
1332,38,Male,91,Maryland,M,Lavender,Spring,3.2,No,Yes,8,PayPal,Bi-Weekly
316,66,Male,24,Wisconsin,XL,Orange,Spring,4.5,Yes,Yes,24,Debit Card,Annually
347,49,Male,50,New Mexico,L,Violet,Spring,4.7,Yes,Yes,5,Cash,Weekly
3115,21,Female,56,Arkansas,M,Olive,Spring,4.7,No,No,45,Venmo,Bi-Weekly
5042,46,Other,,Los Angeles,M,White,Summer,,Yes,No,31,PayPal,Monthly
1498,69,Male,33,Michigan,S,Magenta,Spring,3.8,No,Yes,16,Debit Card,Every 3 Months
1606,70,Male,46,Connecticut,M,Lavender,Winter,3.4,No,Yes,15,Credit Card,Bi-Weekly
4418,67,Female,,Los Angeles,,Red,Autumn,,No,No,47,PayPal,Quarterly
4894,24,Other,,Los Angeles,L,Red,Spring,,No,No,4,PayPal,Quarterly
4576,65,Male,,New York,S,Black,Summer,,No,Yes,47,Cash,Weekly
2486,43,Male,55,Louisiana,M,Beige,Spring,4.6,No,No,37,Bank Transfer,Annually
187,39,Male,56,Minnesota,S,Lavender,Summer,2.9,Yes,Yes,31,Debit Card,Annually
275,59,Male,32,Maryland,M,Indigo,Spring,3,Yes,Yes,28,Cash,Bi-Weekly
1402,23,Male,59,Indiana,M,Blue,Fall,3.5,No,Yes,1,PayPal,Weekly
1181,23,Male,23,Oregon,S,Beige,Spring,4.9,No,Yes,34,Cash,Monthly
2130,40,Male,57,Minnesota,L,Orange,Fall,2.8,No,No,12,PayPal,Every 3 Months
995,53,Male,68,New York,L,Violet,Fall,3.2,Yes,Yes,20,Debit Card,Monthly
1230,34,Male,52,Kansas,XL,Maroon,Winter,3.6,No,Yes,39,Bank Transfer,Annually
4319,47,Other,,Houston,,Green,Summer,,Yes,Yes,28,PayPal,Monthly
4489,36,Female,748.61,Los Angeles,L,Red,Summer,,No,No,0,PayPal,Monthly
4708,33,Female,,New York,,Green,Winter,4,Yes,Yes,31,Debit Card,Quarterly
4827,20,Female,,Houston,,Green,Summer,,No,No,17,Debit Card,Monthly
1348,44,Male,95,Vermont,M,Cyan,Summer,3.9,No,Yes,47,Bank Transfer,Monthly
4584,55,Female,,New York,M,Black,Autumn,5,No,Yes,,Debit Card,Quarterly
3116,26,Female,53,South Dakota,M,Charcoal,Fall,4.1,No,No,9,Bank Transfer,Bi-Weekly
1168,60,Male,83,New Jersey,XL,Beige,Summer,3.6,No,Yes,16,PayPal,Quarterly
3685,29,Female,86,Pennsylvania,L,Charcoal,Spring,4.4,No,No,47,Credit Card,Bi-Weekly
4111,49,Male,,Houston,M,Black,Summer,,No,No,,PayPal,Weekly
2850,56,Female,25,New Hampshire,M,Gold,Spring,4.1,No,No,27,PayPal,Bi-Weekly
1636,68,Male,24,North Carolina,L,Violet,Summer,3.2,No,Yes,40,Cash,Annually
1489,23,Male,44,Hawaii,L,Pink,Winter,4,No,Yes,37,Credit Card,Weekly
3827,50,Female,31,Montana,M,Gray,Summer,4,No,No,25,Bank Transfer,Annually
2417,59,Male,83,Nebraska,S,Black,Summer,4,No,No,26,Credit Card,Every 3 Months
2832,34,Female,53,Virginia,L,Pink,Winter,5,No,No,4,Credit Card,Weekly
4607,47,Other,557.24,Los Angeles,L,White,Autumn,,No,Yes,27,PayPal,Weekly
2367,30,Male,66,New Mexico,L,Brown,Winter,3.6,No,No,32,Credit Card,Fortnightly
4851,42,Female,,Chicago,L,Blue,Autumn,,No,Yes,,Cash,Weekly
508,65,Male,20,Maine,M,Magenta,Spring,5,Yes,Yes,33,Debit Card,Fortnightly
4845,19,Female,692.11,New York,M,Red,Summer,,No,Yes,41,Debit Card,Weekly
2098,33,Male,43,Iowa,S,Cyan,Winter,3.9,No,No,5,Credit Card,Weekly
1080,18,Male,33,Oklahoma,S,Blue,Summer,4.4,No,Yes,48,Bank Transfer,Monthly
4558,41,Other,208.02,Los Angeles,M,White,Autumn,,No,Yes,,PayPal,Monthly
4492,59,Female,,Phoenix,M,Green,Spring,1,Yes,Yes,38,Debit Card,Weekly
4292,27,Other,,Houston,,Blue,Summer,,Yes,Yes,,Credit Card,Weekly
3036,69,Female,64,Kentucky,M,Gold,Spring,4.5,No,No,18,Cash,Bi-Weekly
3554,62,Female,99,Minnesota,M,Charcoal,Spring,4.9,No,No,32,Bank Transfer,Weekly
2077,59,Male,23,Florida,S,Indigo,Fall,4.6,No,No,22,Debit Card,Bi-Weekly
3088,62,Female,84,North Carolina,M,Charcoal,Spring,3.1,No,No,29,Bank Transfer,Monthly
3739,34,Female,45,Delaware,M,Brown,Spring,2.7,No,No,48,Cash,Fortnightly
3309,55,Female,70,Utah,M,Pink,Fall,2.6,No,No,29,Cash,Monthly
2922,20,Female,24,Wisconsin,M,Cyan,Fall,4.6,No,No,11,Cash,Fortnightly
4156,51,Other,1398.9,Chicago,XL,Red,Summer,2,Yes,No,7,PayPal,Monthly
4869,26,Female,500.3,Phoenix,M,Red,Winter,3,No,No,,PayPal,Monthly
660,62,Male,52,Virginia,S,Gold,Spring,3.6,Yes,Yes,8,Cash,Weekly
3632,48,Female,50,New Jersey,M,Peach,Fall,2.9,No,No,26,Credit Card,Monthly
3217,39,Female,85,Illinois,S,Olive,Winter,3.4,No,No,18,Cash,Weekly
3696,38,Female,33,Florida,M,White,Fall,4.6,No,No,18,Bank Transfer,Fortnightly
146,24,Male,95,Missouri,M,Teal,Fall,4.5,Yes,Yes,44,Debit Card,Quarterly
693,35,Male,95,North Dakota,M,Cyan,Spring,4,Yes,Yes,40,Debit Card,Every 3 Months
1837,66,Male,52,South Carolina,M,Teal,Fall,4.2,No,No,35,Credit Card,Monthly
598,70,Male,69,Alaska,L,Gold,Summer,3.4,Yes,Yes,19,Bank Transfer,Fortnightly
165,59,Male,65,Delaware,S,Purple,Spring,2.6,Yes,Yes,5,Credit Card,Fortnightly
1186,47,Male,64,Maine,M,Magenta,Spring,3.9,No,Yes,29,Credit Card,Monthly
3328,47,Female,64,Connecticut,M,Black,Spring,4.1,No,No,2,Debit Card,Quarterly
4404,67,Male,498.03,New York,XL,Blue,Winter,,Yes,Yes,20,Debit Card,Monthly
4153,67,Other,,Los Angeles,M,Red,Spring,,No,No,31,Credit Card,Monthly
4587,52,Male,1392.02,Phoenix,,White,Winter,2,Yes,Yes,,Cash,Quarterly
4057,41,Female,,Los Angeles,,Black,Winter,,No,Yes,10,Credit Card,Quarterly
3889,45,Female,69,Virginia,M,Violet,Spring,3.4,No,No,14,Venmo,Bi-Weekly
106,69,Male,96,New York,M,Charcoal,Fall,3.6,Yes,Yes,4,Bank Transfer,Annually
4176,23,Male,390.25,Chicago,XL,Black,Autumn,,No,No,,Credit Card,Weekly
63,30,Male,21,Mississippi,S,Magenta,Spring,3.8,Yes,Yes,31,Credit Card,Fortnightly
3455,55,Female,71,Louisiana,S,Lavender,Fall,4.6,No,No,15,PayPal,Bi-Weekly
2500,52,Male,73,Louisiana,L,Pink,Summer,3.1,No,No,2,Cash,Quarterly
2136,34,Male,94,California,S,Yellow,Winter,4.6,No,No,1,Debit Card,Every 3 Months
3584,52,Female,77,Arizona,L,Brown,Summer,2.7,No,No,44,Credit Card,Every 3 Months
4118,18,Other,,Phoenix,S,Black,Summer,3,Yes,No,,Debit Card,Quarterly
2547,63,Male,21,Texas,L,Gray,Summer,3,No,No,4,Credit Card,Quarterly
4972,46,Other,34.65,New York,M,White,Autumn,4,No,Yes,3,Debit Card,Monthly
3365,50,Female,33,Oregon,M,Peach,Fall,3.2,No,No,7,Credit Card,Monthly
1637,58,Male,22,North Dakota,L,Green,Fall,4,No,Yes,49,Cash,Fortnightly
2000,39,Male,89,Tennessee,L,Indigo,Winter,4.6,No,No,26,Debit Card,Monthly
2603,65,Male,44,South Carolina,M,Black,Fall,2.9,No,No,1,Venmo,Quarterly
2700,25,Female,96,Utah,M,Violet,Fall,3.6,No,No,49,Debit Card,Annually
4189,38,Male,1312.35,Los Angeles,M,Black,Autumn,4,Yes,Yes,,Cash,Weekly
3371,30,Female,31,Illinois,M,Charcoal,Summer,2.8,No,No,46,Cash,Fortnightly
3599,23,Female,76,Connecticut,XL,Purple,Spring,4.6,No,No,19,Bank Transfer,Bi-Weekly
4072,63,Male,,Los Angeles,S,Red,Autumn,1,No,Yes,,Credit Card,Quarterly
1432,39,Male,88,South Dakota,M,Cyan,Fall,2.9,No,Yes,29,Venmo,Quarterly
2381,41,Male,66,Pennsylvania,M,Black,Fall,2.5,No,No,36,PayPal,Fortnightly
2120,58,Male,57,Nebraska,M,Indigo,Spring,3.5,No,No,36,Venmo,Bi-Weekly
3502,53,Female,87,Nebraska,M,Silver,Fall,4.8,No,No,43,Bank Transfer,Weekly
3551,63,Female,74,West Virginia,S,Orange,Winter,4.8,No,No,32,Cash,Weekly
712,64,Male,60,New Hampshire,M,Maroon,Spring,3.5,Yes,Yes,13,Bank Transfer,Bi-Weekly
1337,23,Male,85,Oregon,M,Charcoal,Spring,4.8,No,Yes,44,Debit Card,Fortnightly
1047,40,Male,22,Illinois,M,Magenta,Winter,4.2,Yes,Yes,12,Venmo,Annually
2225,18,Male,25,Nebraska,L,Charcoal,Winter,4.3,No,No,38,Cash,Quarterly
3525,69,Female,74,Michigan,L,Silver,Summer,2.9,No,No,30,Credit Card,Monthly
4530,20,Male,532.49,New York,,Black,Autumn,,Yes,Yes,,Debit Card,Monthly
3199,61,Female,94,Pennsylvania,L,Peach,Winter,2.8,No,No,39,Debit Card,Weekly
70,48,Male,70,Tennessee,S,Cyan,Summer,4.4,Yes,Yes,5,Cash,Weekly
2721,55,Female,52,Maryland,M,Peach,Spring,2.8,No,No,45,Bank Transfer,Quarterly
436,51,Male,28,Montana,XL,Olive,Winter,3.6,Yes,Yes,42,Bank Transfer,Monthly
387,64,Male,39,Louisiana,L,Brown,Spring,3.4,Yes,Yes,40,PayPal,Quarterly
3867,58,Female,32,Alaska,M,Beige,Winter,3.3,No,No,33,Credit Card,Fortnightly
3358,41,Female,67,Arkansas,M,Pink,Winter,3.5,No,No,37,Credit Card,Monthly
608,47,Male,23,Indiana,L,Purple,Fall,2.8,Yes,Yes,44,Cash,Monthly
115,70,Male,95,Massachusetts,S,Blue,Summer,3.7,Yes,Yes,9,Cash,Weekly
4712,60,Male,95.15,Chicago,S,Red,Summer,,No,No,16,Cash,Monthly
5058,63,Other,1342.62,Los Angeles,,Blue,Spring,4,Yes,Yes,,PayPal,Quarterly
2568,19,Male,25,Michigan,XL,Gold,Spring,4.3,No,No,24,Cash,Fortnightly
4381,53,Female,,Chicago,M,Blue,Summer,3,No,Yes,,PayPal,Monthly
4192,46,Other,105.21,Houston,,Green,Winter,,Yes,Yes,,PayPal,Monthly
235,20,Male,39,South Dakota,S,Silver,Summer,3.7,Yes,Yes,24,Credit Card,Weekly
3699,25,Female,54,California,XL,Maroon,Spring,4,No,No,4,Venmo,Annually
3215,53,Female,78,Washington,M,Yellow,Spring,3.1,No,No,6,Debit Card,Annually
1876,63,Male,71,Tennessee,M,Brown,Winter,3.9,No,No,6,Credit Card,Quarterly
1625,38,Male,32,Florida,M,White,Winter,3.6,No,Yes,40,PayPal,Every 3 Months
1396,47,Male,32,West Virginia,L,Turquoise,Spring,2.8,No,Yes,40,PayPal,Bi-Weekly
9,26,Male,97,West Virginia,L,Silver,Summer,2.6,Yes,Yes,8,Venmo,Annually
2168,30,Male,48,Ohio,L,Green,Winter,4.9,No,No,33,Venmo,Fortnightly
749,35,Male,39,South Dakota,L,Brown,Fall,3.9,Yes,Yes,8,Bank Transfer,Quarterly
2507,57,Male,82,New York,XL,Orange,Spring,4.4,No,No,19,Venmo,Annually
1285,65,Male,93,Arkansas,M,Black,Spring,3.9,No,Yes,38,PayPal,Fortnightly
4047,49,Male,,Phoenix,,White,Summer,5,Yes,No,,Cash,Weekly
5014,60,Female,,Phoenix,S,Green,Winter,2,Yes,Yes,44,Debit Card,Monthly
1195,50,Male,46,New York,S,Teal,Winter,3.1,No,Yes,6,Credit Card,Fortnightly
2013,48,Male,53,Nevada,L,Green,Fall,3.2,No,No,5,Cash,Fortnightly
4076,57,Other,,Phoenix,M,White,Summer,2,No,No,38,Credit Card,Weekly
2050,68,Male,24,Rhode Island,L,Blue,Fall,2.7,No,No,15,Venmo,Annually
1306,31,Male,56,Mississippi,XL,Peach,Spring,4.5,No,Yes,2,PayPal,Every 3 Months
5024,38,Other,,Los Angeles,,Green,Summer,,Yes,Yes,,Debit Card,Quarterly
3170,35,Female,59,Georgia,M,White,Fall,3.8,No,No,3,Venmo,Weekly
1116,30,Male,58,New York,S,Peach,Fall,4,No,Yes,37,Cash,Weekly
2317,28,Male,39,Montana,L,Yellow,Winter,3.8,No,No,7,Debit Card,Annually
728,62,Male,97,Arkansas,S,Gray,Winter,4.8,Yes,Yes,37,Venmo,Every 3 Months
467,38,Male,24,Vermont,L,Turquoise,Winter,4.6,Yes,Yes,25,PayPal,Weekly
4235,56,Other,,New York,S,Red,Spring,,Yes,Yes,,Debit Card,Quarterly
656,20,Male,36,Mississippi,S,Purple,Fall,3.1,Yes,Yes,19,Venmo,Monthly
4542,28,Other,,Houston,,Red,Summer,,Yes,No,,PayPal,Weekly
99,20,Male,67,New York,XL,Teal,Spring,2.6,Yes,Yes,20,Bank Transfer,Annually
3681,22,Female,36,Iowa,S,Blue,Winter,2.9,No,No,30,Debit Card,Quarterly
3715,18,Female,31,New York,S,Peach,Winter,3.9,No,No,35,Credit Card,Weekly
2726,64,Female,99,Mississippi,S,Violet,Summer,2.7,No,No,4,Debit Card,Annually
2544,27,Male,56,West Virginia,L,Peach,Spring,2.7,No,No,30,PayPal,Bi-Weekly
2834,43,Female,56,Arkansas,M,Teal,Fall,3.3,No,No,19,Cash,Monthly
1084,35,Male,97,Washington,L,Teal,Summer,3.3,No,Yes,43,Cash,Weekly
2904,38,Female,39,Delaware,S,Teal,Spring,3.5,No,No,24,Credit Card,Every 3 Months
964,21,Male,63,South Carolina,L,Green,Spring,2.5,Yes,Yes,14,Credit Card,Weekly
299,69,Male,53,Maryland,M,Lavender,Winter,4,Yes,Yes,11,Venmo,Every 3 Months
1327,40,Male,50,Texas,M,Indigo,Spring,,No,Yes,17,Cash,Monthly
2789,56,Female,92,Rhode Island,M,Olive,Summer,3.1,No,No,2,Credit Card,Annually
2321,28,Male,55,New Mexico,M,Olive,Spring,3.7,No,No,9,Debit Card,Every 3 Months
79,50,Male,91,Nebraska,M,Maroon,Spring,4.7,Yes,Yes,50,Venmo,Fortnightly
771,19,Male,54,Vermont,M,Gray,Spring,3.3,Yes,Yes,8,Credit Card,Annually
1543,59,Male,44,Hawaii,M,Maroon,Winter,3.5,No,Yes,43,PayPal,Weekly
2223,32,Male,66,Georgia,M,Teal,Summer,4.4,No,No,30,Credit Card,Weekly
3461,41,Female,78,Indiana,M,Gold,Spring,3.1,No,No,5,Bank Transfer,Bi-Weekly
1952,33,Male,53,Connecticut,L,Gold,Summer,2.7,No,No,32,Bank Transfer,Bi-Weekly
4552,57,Male,,New York,S,Red,Winter,,No,No,,PayPal,Quarterly
1645,68,Male,90,North Carolina,S,Beige,Summer,3.9,No,Yes,21,Debit Card,Monthly
510,41,Male,80,Delaware,L,Cyan,Summer,3.9,Yes,Yes,17,Debit Card,Weekly
2854,37,Female,48,Pennsylvania,M,Magenta,Winter,3.2,No,No,9,PayPal,Weekly
378,63,Male,32,Maine,M,Silver,Spring,4.1,Yes,Yes,39,Credit Card,Every 3 Months
827,54,Male,94,Massachusetts,M,Purple,Winter,3.6,Yes,Yes,36,PayPal,Weekly
4571,40,Other,450.41,New York,,Black,Autumn,5,Yes,Yes,,Cash,Quarterly
546,33,Male,32,Alabama,L,Magenta,Summer,3.5,Yes,Yes,48,Debit Card,Annually
2085,32,Male,94,Vermont,S,Brown,Summer,4,No,No,43,Bank Transfer,Quarterly
641,53,Male,88,Minnesota,M,Gray,Summer,4.4,Yes,Yes,28,Debit Card,Fortnightly
5037,41,Female,,New York,S,Green,Summer,2,Yes,Yes,,Credit Card,Monthly
4843,22,Female,854.96,Los Angeles,,Red,Winter,,No,Yes,32,PayPal,Quarterly
1771,53,Male,22,Michigan,M,Pink,Fall,4.3,No,No,34,Bank Transfer,Weekly
1861,18,Male,64,Kansas,M,Silver,Summer,4.8,No,No,4,Credit Card,Monthly
4011,50,Female,,Los Angeles,S,Blue,Winter,3,No,Yes,,Debit Card,Quarterly
2915,45,Female,72,Pennsylvania,M,Yellow,Fall,3.8,No,No,1,Debit Card,Bi-Weekly
5009,35,Male,585.1,New York,M,Green,Autumn,4,Yes,Yes,41,Credit Card,Quarterly
5083,42,Other,758.1,Houston,,White,Autumn,,No,No,48,PayPal,Quarterly
2990,46,Female,20,Rhode Island,XL,Teal,Summer,4.3,No,No,6,Credit Card,Weekly
4079,28,Male,1438.53,Chicago,,White,Spring,1,Yes,Yes,15,Cash,Monthly
2056,28,Male,33,Texas,M,Silver,Fall,3.4,No,No,28,Bank Transfer,Weekly
1994,32,Male,96,Arkansas,S,Purple,Spring,5,No,No,17,Cash,Weekly
4257,60,Other,,Houston,XL,Green,Winter,,Yes,No,11,Cash,Quarterly
2347,22,Male,67,New Mexico,L,Brown,Winter,3.1,No,No,46,Debit Card,Fortnightly
3063,51,Female,96,California,L,Green,Fall,3.3,No,No,39,PayPal,Monthly
1967,67,Male,95,Indiana,XL,Purple,Winter,3.7,No,No,5,Credit Card,Fortnightly
2131,25,Male,68,Arizona,L,Violet,Summer,3.7,No,No,33,Credit Card,Annually
4171,23,Male,495.98,Phoenix,M,Green,Autumn,,Yes,No,,Debit Card,Weekly
818,25,Male,21,Nevada,S,Gray,Spring,4.7,Yes,Yes,30,PayPal,Fortnightly
3336,44,Female,94,Texas,XL,Cyan,Winter,3.5,No,No,48,Bank Transfer,Quarterly
2100,31,Male,78,Oklahoma,L,Green,Summer,2.9,No,No,50,PayPal,Annually
383,28,Male,76,California,M,Peach,Winter,3.2,Yes,Yes,47,PayPal,Quarterly
4991,29,Other,1366.1,Los Angeles,M,Green,Spring,2,Yes,Yes,,Debit Card,Weekly
1592,18,Male,100,South Dakota,L,Gold,Winter,2.9,No,Yes,24,PayPal,Annually
4077,33,Male,,New York,L,Green,Spring,,No,Yes,40,Debit Card,Weekly
3127,57,Female,76,Maine,L,Lavender,Winter,2.6,No,No,28,Bank Transfer,Bi-Weekly
3759,61,Female,54,Indiana,S,Black,Spring,2.7,No,No,23,Bank Transfer,Quarterly
1877,54,Male,36,Illinois,M,Gray,Fall,2.6,No,No,20,Venmo,Quarterly
4896,24,Female,,New York,L,White,Winter,3,No,Yes,,Debit Card,Quarterly
1564,68,Male,44,Kansas,M,Teal,Fall,4.3,No,Yes,8,Cash,Weekly
1610,33,Male,93,Nevada,S,Brown,Fall,4.1,No,Yes,3,Venmo,Monthly
148,63,Male,64,Idaho,M,Purple,Summer,3.5,Yes,Yes,31,Bank Transfer,Fortnightly
2946,32,Female,49,Delaware,M,Charcoal,Summer,4.8,No,No,1,Credit Card,Every 3 Months
149,37,Male,90,Wyoming,M,Gray,Fall,2.6,Yes,Yes,47,Debit Card,Annually
5095,57,Female,,New York,S,Red,Spring,2,No,No,24,Debit Card,Weekly
2564,69,Male,81,Massachusetts,XL,Gray,Winter,4.5,No,No,1,Venmo,Every 3 Months
470,21,Male,46,Alabama,L,Pink,Fall,4.1,Yes,Yes,30,Debit Card,Bi-Weekly
2027,37,Male,35,Maine,M,Orange,Winter,3.6,No,No,45,Bank Transfer,Every 3 Months
2957,52,Female,88,Montana,M,Olive,Fall,3.7,No,No,30,Venmo,Monthly
1995,33,Male,66,Nevada,M,Brown,Fall,2.9,No,No,24,Credit Card,Weekly
4933,44,Other,,Chicago,S,Green,Summer,3,Yes,Yes,,Cash,Monthly
111,56,Male,26,New York,M,Black,Summer,4,Yes,Yes,26,Venmo,Fortnightly
1010,39,Male,30,Louisiana,M,Silver,Summer,3.1,Yes,Yes,11,Venmo,Annually
4355,46,Female,585.85,New York,M,Green,Spring,4,No,No,41,PayPal,Quarterly
4743,65,Female,772.94,New York,XL,Red,Summer,,Yes,Yes,50,Cash,Monthly
585,70,Male,94,Indiana,M,White,Spring,4.7,Yes,Yes,20,Debit Card,Monthly
976,58,Male,40,Washington,M,Olive,Summer,3.8,Yes,Yes,2,Bank Transfer,Weekly
2287,67,Male,38,South Dakota,L,Blue,Spring,2.5,No,No,35,Venmo,Quarterly
1978,24,Male,49,Florida,M,Teal,Summer,2.6,No,No,32,Bank Transfer,Annually
4741,23,Male,,Houston,M,White,Spring,,No,Yes,,Credit Card,Quarterly
2228,40,Male,74,Washington,S,Gray,Summer,4.4,No,No,42,Credit Card,Fortnightly
2019,60,Male,97,Arkansas,S,Gold,Fall,4.5,No,No,20,Bank Transfer,Weekly
5027,39,Male,1430.07,Houston,,Blue,Winter,2,No,No,,Cash,Weekly
5082,56,Female,1186.98,Chicago,M,Black,Autumn,,Yes,No,,Credit Card,Weekly
4249,19,Other,,Houston,L,Red,Spring,,Yes,Yes,,Cash,Quarterly
638,21,Male,20,Tennessee,M,Cyan,Winter,3.4,Yes,Yes,46,Cash,Fortnightly
3357,39,Female,48,Tennessee,M,Silver,Summer,3.5,No,No,13,PayPal,Bi-Weekly
777,49,Male,60,Alabama,M,Maroon,Spring,5,Yes,Yes,8,Venmo,Every 3 Months
2439,32,Male,20,Delaware,S,Cyan,Winter,3.4,No,No,30,Venmo,Weekly
2690,29,Female,35,Wyoming,M,Orange,Fall,3.9,No,No,47,PayPal,Quarterly
2552,29,Male,32,Minnesota,M,Maroon,Winter,4.1,No,No,40,Debit Card,Annually
4424,69,Other,1223.83,Chicago,M,Blue,Autumn,1,No,Yes,2,Debit Card,Quarterly
4214,34,Other,,Phoenix,S,Red,Autumn,1,Yes,No,15,PayPal,Monthly
3526,45,Female,38,Wyoming,L,Olive,Winter,3.5,No,No,47,Bank Transfer,Annually
406,41,Male,74,South Carolina,S,Silver,Summer,3.8,Yes,Yes,15,Cash,Annually
2326,44,Male,55,New York,M,Charcoal,Summer,4.4,No,No,47,Cash,Weekly
2934,27,Female,52,Illinois,M,Brown,Summer,3.8,No,No,28,Venmo,Monthly
116,53,Male,94,Wyoming,M,Gray,Spring,3.8,Yes,Yes,48,Debit Card,Every 3 Months
3208,67,Female,29,Arizona,XL,Beige,Summer,2.7,No,No,14,PayPal,Annually
1841,42,Male,98,Wyoming,M,Gold,Winter,2.6,No,No,46,Bank Transfer,Every 3 Months
583,40,Male,77,Colorado,L,Turquoise,Spring,4.9,Yes,Yes,2,Bank Transfer,Quarterly
1698,36,Male,87,South Carolina,L,Lavender,Fall,3.5,No,No,48,Credit Card,Every 3 Months
739,56,Male,31,Minnesota,L,Orange,Winter,3.5,Yes,Yes,27,Venmo,Quarterly
3142,36,Female,30,Mississippi,S,Peach,Winter,4.9,No,No,47,Credit Card,Bi-Weekly
3538,57,Female,92,Georgia,M,Gray,Spring,3.5,No,No,40,Credit Card,Every 3 Months
2249,63,Male,66,Rhode Island,M,Violet,Winter,3.4,No,No,19,PayPal,Fortnightly
4557,51,Other,187.34,Los Angeles,S,Blue,Spring,,Yes,Yes,,PayPal,Weekly
1054,59,Male,70,Kansas,M,Blue,Spring,3.3,No,Yes,10,Debit Card,Bi-Weekly
346,48,Male,59,Wyoming,S,Olive,Winter,4.4,Yes,Yes,27,Bank Transfer,Annually
1387,68,Male,56,Oregon,M,Silver,Fall,4,No,Yes,4,Debit Card,Quarterly
1399,30,Male,45,Texas,M,Cyan,Summer,2.5,No,Yes,25,Credit Card,Weekly
1900,32,Male,40,New York,L,Maroon,Winter,4.2,No,No,42,PayPal,Weekly
2323,39,Male,84,Connecticut,S,Lavender,Spring,4.5,No,No,21,Venmo,Fortnightly
2750,64,Female,53,Vermont,M,Cyan,Spring,3.4,No,No,15,Bank Transfer,Annually
922,70,Male,24,South Dakota,L,Silver,Summer,4.1,Yes,Yes,18,PayPal,Weekly
78,22,Male,53,Delaware,L,Gold,Summer,3.3,Yes,Yes,36,Debit Card,Fortnightly
651,34,Male,40,Florida,M,Magenta,Spring,3.9,Yes,Yes,12,Bank Transfer,Annually
1933,42,Male,36,Maryland,M,White,Spring,5,No,No,47,Credit Card,Every 3 Months
1747,65,Male,44,Alabama,L,Brown,Summer,3.1,No,No,44,Bank Transfer,Fortnightly
27,38,Male,20,Nevada,M,Red,Spring,3.6,Yes,Yes,13,Credit Card,Annually
325,37,Male,82,Wyoming,M,Olive,Summer,4.8,Yes,Yes,37,Venmo,Quarterly
4237,27,Male,297.78,Los Angeles,S,Green,Winter,5,Yes,Yes,44,Cash,Quarterly
4794,52,Female,,Phoenix,,White,Spring,,No,Yes,41,Credit Card,Weekly
4804,62,Female,1277.16,Chicago,M,Red,Autumn,4,Yes,Yes,15,Debit Card,Quarterly
1287,40,Male,49,West Virginia,L,Yellow,Winter,4.9,No,Yes,44,Debit Card,Fortnightly
1102,30,Male,76,Delaware,XL,Silver,Fall,3,No,Yes,39,Cash,Fortnightly
1323,23,Male,74,Washington,M,Violet,Winter,4,No,Yes,17,Bank Transfer,Quarterly
1115,55,Male,25,New Hampshire,L,Violet,Fall,2.6,No,Yes,47,Bank Transfer,Every 3 Months
1656,37,Male,81,Arizona,L,Gold,Spring,3.2,No,Yes,4,PayPal,Monthly
3706,28,Female,65,Colorado,L,Teal,Summer,3.2,No,No,2,Debit Card,Annually
503,59,Male,30,South Carolina,S,Cyan,Fall,2.8,Yes,Yes,8,PayPal,Fortnightly
2879,63,Female,86,California,L,Turquoise,Summer,4.3,No,No,13,Bank Transfer,Annually
1150,21,Male,42,Georgia,L,Cyan,Spring,3.3,No,Yes,40,Venmo,Annually
3089,34,Female,64,Arkansas,M,Teal,Spring,3.3,No,No,35,Bank Transfer,Quarterly
4643,50,Male,,Phoenix,,Blue,Winter,2,Yes,No,44,Debit Card,Monthly
3433,36,Female,44,Connecticut,M,Gray,Summer,4.8,No,No,46,PayPal,Every 3 Months
432,43,Male,76,New Hampshire,L,Cyan,Winter,3.4,Yes,Yes,33,Cash,Fortnightly
2386,41,Male,31,Oklahoma,M,Brown,Fall,3.8,No,No,12,PayPal,Weekly
2684,68,Female,30,Montana,M,Indigo,Summer,4.2,No,No,21,Cash,Fortnightly
3024,50,Female,31,Indiana,M,Brown,Summer,2.9,No,No,4,PayPal,Quarterly
3492,22,Female,28,Maine,M,Orange,Winter,4.3,No,No,15,Cash,Monthly
2478,25,Male,40,California,L,Turquoise,Spring,3.8,No,No,29,PayPal,Weekly
2498,35,Male,40,Colorado,M,Violet,Summer,4.2,No,No,28,Bank Transfer,Annually
3609,24,Female,56,Tennessee,M,Cyan,Fall,4.3,No,No,2,Cash,Every 3 Months
855,21,Male,44,California,L,Blue,Spring,4.3,Yes,Yes,22,Venmo,Monthly
3045,21,Female,67,North Carolina,M,Magenta,Winter,2.7,No,No,10,Bank Transfer,Quarterly
4863,24,Female,,New York,,Green,Autumn,,Yes,Yes,,Cash,Monthly
4425,24,Male,1318.69,Chicago,S,Black,Spring,4,Yes,Yes,,Cash,Quarterly
3113,19,Female,97,Texas,S,Green,Fall,3.8,No,No,26,Venmo,Annually
1781,67,Male,81,North Dakota,S,Gray,Summer,4.2,No,No,49,Credit Card,Weekly
1453,60,Male,25,Colorado,L,Blue,Spring,4.7,No,Yes,11,Bank Transfer,Quarterly
2813,66,Female,91,North Dakota,XL,Magenta,Fall,3.8,No,No,1,Credit Card,Every 3 Months
4360,50,Male,309.93,Chicago,S,Black,Summer,,Yes,Yes,33,Cash,Monthly
1677,27,Male,44,West Virginia,M,Cyan,Winter,3.1,No,Yes,34,Bank Transfer,Weekly
2157,38,Male,83,Missouri,M,Maroon,Winter,3.6,No,No,41,Debit Card,Bi-Weekly
3243,45,Female,74,Oregon,S,Beige,Fall,2.8,No,No,17,Venmo,Weekly
2639,22,Male,34,Hawaii,S,Black,Spring,4.2,No,No,35,Credit Card,Annually
979,56,Male,40,Colorado,M,Turquoise,Summer,2.5,Yes,Yes,33,Credit Card,Weekly
4905,41,Female,,Los Angeles,M,White,Spring,,No,Yes,,PayPal,Quarterly
3164,49,Female,66,Nebraska,XL,Turquoise,Summer,2.8,No,No,36,Cash,Monthly
3838,45,Female,100,New Mexico,M,Green,Spring,4.8,No,No,33,Bank Transfer,Fortnightly
2372,67,Male,25,Indiana,M,Charcoal,Winter,3.7,No,No,28,Debit Card,Annually
3385,39,Female,24,Minnesota,L,Maroon,Summer,3.8,No,No,9,Venmo,Quarterly
4561,53,Male,82.06,Los Angeles,,Green,Summer,5,No,Yes,8,Cash,Weekly
3834,44,Female,93,Arizona,L,Gray,Summer,4.6,No,No,17,PayPal,Every 3 Months
3642,51,Female,45,New York,M,Cyan,Fall,2.7,No,No,39,Bank Transfer,Every 3 Months
3678,32,Female,30,Michigan,M,Gray,Fall,2.8,No,No,43,Cash,Annually
373,24,Male,85,Pennsylvania,L,Orange,Summer,3.7,Yes,Yes,7,Debit Card,Weekly
4625,49,Male,1002.35,New York,S,Blue,Summer,3,Yes,No,,Cash,Weekly
3256,57,Female,40,New Jersey,M,Black,Fall,2.8,No,No,36,Bank Transfer,Monthly
2795,33,Female,24,New York,M,Gold,Fall,3.3,No,No,7,Cash,Fortnightly
2138,27,Male,51,Indiana,XL,Purple,Winter,4.6,No,No,20,Credit Card,Every 3 Months
4591,58,Other,,New York,L,Black,Summer,,No,Yes,,Credit Card,Quarterly
4738,57,Male,,New York,XL,Black,Spring,,No,No,,Cash,Quarterly
3475,41,Female,82,Maine,M,Cyan,Winter,4.4,No,No,18,Venmo,Monthly
1791,50,Male,26,North Carolina,S,Violet,Summer,3.7,No,No,31,PayPal,Bi-Weekly
846,31,Male,21,Michigan,XL,Charcoal,Winter,3.7,Yes,Yes,30,Venmo,Monthly
2110,59,Male,31,California,L,Peach,Fall,2.7,No,No,28,Venmo,Every 3 Months
685,63,Male,82,Alabama,M,Yellow,Summer,4.7,Yes,Yes,42,Debit Card,Monthly
747,40,Male,45,Michigan,M,Red,Winter,2.5,Yes,Yes,47,Credit Card,Annually
775,42,Male,46,Nevada,M,Yellow,Summer,3.5,Yes,Yes,11,Credit Card,Quarterly
4316,23,Female,,New York,,Green,Autumn,1,No,No,,Credit Card,Weekly
1329,37,Male,97,Rhode Island,M,Orange,Winter,3.7,No,Yes,40,Bank Transfer,Weekly
438,45,Male,50,New Mexico,M,Peach,Summer,2.6,Yes,Yes,41,PayPal,Annually
4450,20,Male,,Los Angeles,,Black,Autumn,,No,No,,Credit Card,Monthly
3645,35,Female,32,Arkansas,M,Violet,Winter,2.6,No,No,18,Venmo,Weekly
82,67,Male,96,Virginia,L,Maroon,Summer,2.6,Yes,Yes,36,Credit Card,Every 3 Months
4846,34,Female,719.91,Los Angeles,,Blue,Spring,,No,Yes,,Debit Card,Monthly
3712,69,Female,62,Texas,XL,Peach,Fall,3.2,No,No,33,Cash,Annually
2468,27,Male,72,New Jersey,M,Lavender,Spring,3.6,No,No,28,Credit Card,Annually
4886,23,Male,1067.74,Los Angeles,M,Red,Summer,2,Yes,No,,Credit Card,Monthly
28,56,Male,56,Kentucky,L,Cyan,Summer,5,Yes,Yes,7,Bank Transfer,Every 3 Months
4579,18,Female,,New York,M,Red,Spring,1,No,No,,Credit Card,Quarterly
4567,54,Female,,Chicago,,Black,Summer,3,No,No,31,Credit Card,Monthly
2935,38,Female,22,Idaho,M,Orange,Fall,4.7,No,No,41,Bank Transfer,Quarterly
375,69,Male,78,Ohio,S,Purple,Spring,5,Yes,Yes,39,Bank Transfer,Monthly
1679,41,Male,71,Ohio,S,Magenta,Summer,4.8,No,No,30,Venmo,Fortnightly
3293,62,Female,23,Missouri,L,Gray,Spring,4.9,No,No,18,Bank Transfer,Fortnightly
4996,56,Other,116.74,New York,M,Black,Autumn,,No,No,27,PayPal,Monthly
2695,66,Female,27,Louisiana,M,Olive,Spring,4.9,No,No,34,Credit Card,Every 3 Months
4250,24,Other,,Houston,M,Red,Summer,4,No,Yes,,Cash,Monthly
1838,41,Male,77,Montana,M,Beige,Winter,4.8,No,No,8,Venmo,Monthly
449,32,Male,23,Missouri,M,Yellow,Summer,3.4,Yes,Yes,35,Bank Transfer,Fortnightly
815,31,Male,62,Minnesota,M,Pink,Winter,3.8,Yes,Yes,8,PayPal,Monthly
4120,65,Other,,Chicago,S,Green,Winter,,Yes,No,,Debit Card,Monthly
3007,37,Female,99,Utah,M,Olive,Summer,3.7,No,No,17,Venmo,Bi-Weekly
1463,38,Male,90,Utah,S,Charcoal,Summer,4.8,No,Yes,2,Venmo,Quarterly
3156,22,Female,90,Montana,M,Brown,Fall,4.3,No,No,34,Cash,Annually
3245,65,Female,81,Arkansas,M,Black,Fall,4.7,No,No,42,Credit Card,Annually
3661,19,Female,74,Arkansas,L,Indigo,Winter,3.1,No,No,13,Bank Transfer,Fortnightly
2518,64,Male,38,Wyoming,L,Orange,Spring,2.9,No,No,10,Venmo,Annually
4496,22,Male,1246.93,Chicago,S,Red,Spring,1,Yes,No,45,Credit Card,Monthly
840,48,Male,31,Illinois,L,Teal,Spring,2.6,Yes,Yes,10,Debit Card,Every 3 Months
640,54,Male,24,Mississippi,L,Olive,Spring,4,Yes,Yes,50,Credit Card,Annually
5011,63,Male,,New York,M,Green,Autumn,,Yes,Yes,,PayPal,Weekly
3866,25,Female,42,Nebraska,M,Olive,Spring,4.2,No,No,28,Cash,Every 3 Months
3333,27,Female,23,Washington,M,Silver,Summer,3.1,No,No,1,PayPal,Bi-Weekly
4482,67,Female,1322.78,Los Angeles,L,Red,Autumn,1,No,Yes,,PayPal,Weekly
907,41,Male,56,South Carolina,M,Red,Spring,4.2,Yes,Yes,21,Debit Card,Bi-Weekly
748,51,Male,74,Oklahoma,L,Gold,Spring,4.4,Yes,Yes,13,Bank Transfer,Weekly
1403,62,Male,21,North Dakota,L,White,Summer,3.1,No,Yes,47,PayPal,Monthly
4361,20,Other,238.88,Houston,L,White,Summer,2,Yes,Yes,29,Cash,Quarterly
1982,69,Male,91,Michigan,L,Violet,Summer,4.7,No,No,42,PayPal,Quarterly
2418,21,Male,24,Alaska,M,Olive,Fall,3.3,No,No,32,Venmo,Fortnightly
4074,61,Female,316.21,Los Angeles,,Red,Winter,1,Yes,No,15,Debit Card,Monthly
2159,19,Male,84,Massachusetts,XL,Olive,Spring,4.6,No,No,9,Bank Transfer,Fortnightly
1630,35,Male,88,North Dakota,S,Silver,Spring,3.3,No,Yes,13,Venmo,Quarterly
4790,56,Other,685.22,Phoenix,,Blue,Summer,4,No,Yes,,Cash,Weekly
3290,31,Female,50,Montana,M,Maroon,Summer,4,No,No,16,Venmo,Every 3 Months
1304,34,Male,32,New York,L,Silver,Summer,3.1,No,Yes,10,Credit Card,Annually
3146,57,Female,29,Texas,XL,Purple,Spring,4.6,No,No,16,PayPal,Fortnightly
3016,37,Female,21,Wyoming,XL,Lavender,Spring,2.8,No,No,27,Bank Transfer,Bi-Weekly
410,35,Male,51,Minnesota,M,Brown,Winter,3.3,Yes,Yes,32,Bank Transfer,Monthly
101,62,Male,98,South Dakota,M,Maroon,Fall,2.7,Yes,Yes,31,Cash,Fortnightly
3222,21,Female,76,New Hampshire,M,Yellow,Winter,3.2,No,No,28,Cash,Annually
549,36,Male,64,Nebraska,M,Black,Winter,4.6,Yes,Yes,41,Debit Card,Every 3 Months
1157,20,Male,21,Hawaii,M,Gold,Summer,4.8,No,Yes,6,Venmo,Every 3 Months
1511,55,Male,30,Maryland,XL,Gray,Fall,3,No,Yes,31,Venmo,Annually
1921,51,Male,84,Connecticut,M,Purple,Spring,2.8,No,No,40,Cash,Every 3 Months
1445,32,Male,36,Vermont,L,Pink,Fall,3.8,No,Yes,26,Cash,Quarterly
1525,22,Male,76,Massachusetts,L,Pink,Summer,4.4,No,Yes,6,Cash,Bi-Weekly
2979,53,Female,56,Idaho,S,Cyan,Spring,3.9,No,No,49,Bank Transfer,Fortnightly
600,51,Male,26,Massachusetts,L,Teal,Spring,4.2,Yes,Yes,27,Debit Card,Every 3 Months
2662,43,Female,96,Michigan,XL,Olive,Fall,4.8,No,No,20,Bank Transfer,Annually
938,32,Male,24,Iowa,M,Magenta,Summer,2.7,Yes,Yes,18,Venmo,Quarterly
3751,42,Female,88,Arizona,M,Gold,Fall,3.1,No,No,5,PayPal,Monthly
2171,40,Male,32,South Carolina,M,Turquoise,Fall,4,No,No,37,Venmo,Every 3 Months
4225,26,Other,19.69,Houston,S,White,Spring,,Yes,Yes,26,Cash,Weekly
1171,57,Male,62,Illinois,S,Red,Spring,3.2,No,Yes,33,Cash,Bi-Weekly
4343,48,Other,,Los Angeles,,Blue,Summer,,No,Yes,26,Debit Card,Weekly
4023,55,Other,,Phoenix,,White,Spring,3,Yes,No,,Debit Card,Weekly
219,28,Male,45,California,S,Magenta,Spring,2.9,Yes,Yes,8,Credit Card,Quarterly
3360,43,Female,74,New Hampshire,L,Red,Fall,3.9,No,No,29,Debit Card,Monthly
3505,65,Female,41,Hawaii,S,Violet,Fall,4,No,No,50,Venmo,Monthly
1276,55,Male,32,Arkansas,S,Turquoise,Fall,4.5,No,Yes,1,PayPal,Monthly
2775,56,Female,40,Oklahoma,L,Yellow,Fall,4.1,No,No,42,Credit Card,Quarterly
1369,21,Male,36,Wisconsin,L,Orange,Summer,4.9,No,Yes,2,Cash,Weekly
5072,28,Female,,Houston,L,Red,Winter,4,No,No,29,Cash,Quarterly
1608,49,Male,72,Vermont,S,Gray,Fall,2.7,No,Yes,43,Debit Card,Quarterly
1946,35,Male,38,Georgia,M,Gold,Winter,2.9,No,No,9,Credit Card,Every 3 Months
2188,37,Male,78,Idaho,M,Violet,Spring,4.4,No,No,20,PayPal,Annually
1725,42,Male,72,Delaware,S,Teal,Winter,3.3,No,No,21,PayPal,Weekly
483,41,Male,42,Connecticut,M,Yellow,Winter,2.5,Yes,Yes,11,Venmo,Annually
520,19,Male,54,Minnesota,L,Blue,Summer,4.4,Yes,Yes,17,Bank Transfer,Quarterly
3823,70,Female,41,Kansas,S,Gold,Spring,3.2,No,No,17,PayPal,Every 3 Months
3892,36,Female,30,Colorado,L,Peach,Winter,4.7,No,No,6,Bank Transfer,Quarterly
4766,44,Female,742.32,Chicago,L,Black,Autumn,,No,No,,Cash,Monthly
2948,52,Female,63,Nebraska,L,Peach,Spring,4.4,No,No,50,Venmo,Annually
2947,38,Female,77,Hawaii,L,Purple,Spring,2.8,No,No,29,Bank Transfer,Quarterly
594,67,Male,35,Alaska,S,Green,Winter,4.4,Yes,Yes,9,PayPal,Every 3 Months
851,68,Male,20,Connecticut,L,Turquoise,Winter,2.6,Yes,Yes,13,Venmo,Monthly
357,56,Male,80,Nevada,L,Black,Spring,,Yes,Yes,27,Cash,Weekly
2828,20,Female,96,Wisconsin,M,Magenta,Fall,3.1,No,No,11,Bank Transfer,Bi-Weekly
3129,65,Female,32,Arkansas,S,Indigo,Fall,4.4,No,No,20,Cash,Annually
3849,22,Female,60,New Hampshire,M,Magenta,Winter,3,No,No,39,Cash,Every 3 Months
3013,42,Female,65,Idaho,M,Teal,Fall,3.5,No,No,16,PayPal,Annually
4820,25,Other,,New York,M,Black,Winter,,Yes,Yes,,Cash,Monthly
998,64,Male,30,Kentucky,M,Cyan,Spring,3.6,Yes,Yes,31,Cash,Fortnightly
565,67,Male,58,Florida,M,Olive,Winter,3.4,Yes,Yes,30,Bank Transfer,Weekly
2087,65,Male,89,North Dakota,L,Beige,Summer,4.7,No,No,36,Cash,Every 3 Months
3703,58,Female,65,South Carolina,M,Indigo,Spring,2.7,No,No,36,Venmo,Weekly
3355,42,Female,45,Maryland,M,Orange,Fall,2.8,No,No,15,PayPal,Weekly
4197,30,Female,243.4,Chicago,S,Red,Winter,1,No,Yes,26,Cash,Weekly
2339,66,Male,68,Georgia,S,Silver,Fall,4,No,No,21,PayPal,Quarterly
4947,50,Male,,Houston,L,Blue,Spring,1,No,Yes,3,Cash,Weekly
1233,57,Male,23,New York,M,Charcoal,Summer,3.6,No,Yes,31,Debit Card,Every 3 Months
489,58,Male,29,Maine,L,Olive,Spring,4.6,Yes,Yes,32,Venmo,Weekly
1125,42,Male,20,Iowa,M,Orange,Spring,,No,Yes,40,Cash,Quarterly
1043,55,Male,80,Maryland,M,Maroon,Spring,4.9,Yes,Yes,47,Credit Card,Weekly
411,29,Male,26,Virginia,L,Lavender,Spring,4.8,Yes,Yes,1,Credit Card,Quarterly
3216,34,Female,90,Rhode Island,M,Magenta,Summer,2.7,No,No,10,PayPal,Every 3 Months
4799,48,Male,1170.25,Phoenix,M,Blue,Winter,3,No,Yes,,Debit Card,Weekly
2842,19,Female,33,Ohio,XL,Magenta,Winter,3,No,No,31,Cash,Weekly
2262,58,Male,76,South Carolina,L,Gold,Spring,4.4,No,No,12,Bank Transfer,Fortnightly
2346,28,Male,32,New York,S,Orange,Winter,3.3,No,No,23,Bank Transfer,Every 3 Months
267,51,Male,75,Louisiana,L,White,Summer,3.1,Yes,Yes,32,Credit Card,Weekly
1642,50,Male,32,Colorado,L,Violet,Summer,3.4,No,Yes,1,Bank Transfer,Every 3 Months
4427,23,Female,638.81,Houston,,White,Autumn,,Yes,No,1,PayPal,Weekly
2556,24,Male,74,Idaho,M,Gray,Fall,3.5,No,No,23,Credit Card,Weekly
2425,49,Male,57,Delaware,M,Peach,Winter,4.5,No,No,28,Bank Transfer,Bi-Weekly
4748,26,Male,571.08,Houston,,Green,Autumn,5,No,No,,Debit Card,Quarterly
4565,26,Male,,Houston,M,Blue,Autumn,1,No,Yes,43,Debit Card,Monthly
4544,45,Other,253.94,Chicago,L,Green,Winter,2,Yes,Yes,28,Debit Card,Quarterly
830,42,Male,57,Idaho,S,Silver,Spring,,Yes,Yes,14,Credit Card,Fortnightly
1264,41,Male,70,Delaware,L,Brown,Winter,4.6,No,Yes,1,Credit Card,Bi-Weekly
4523,51,Other,,Phoenix,L,White,Autumn,1,Yes,No,,Cash,Quarterly
1565,22,Male,33,California,XL,Turquoise,Summer,4.5,No,Yes,30,Debit Card,Every 3 Months
2735,63,Female,93,New York,XL,Yellow,Summer,2.7,No,No,13,Cash,Bi-Weekly
2981,70,Female,93,New Jersey,L,Teal,Fall,4.4,No,No,9,Bank Transfer,Monthly
2625,19,Male,59,South Dakota,M,Indigo,Summer,3.3,No,No,19,Credit Card,Annually
639,53,Male,20,Maryland,S,Blue,Summer,2.7,Yes,Yes,41,PayPal,Monthly
2399,65,Male,81,Florida,M,Orange,Winter,4.3,No,No,44,Bank Transfer,Fortnightly
441,20,Male,89,Oklahoma,XL,Maroon,Winter,3.5,Yes,Yes,34,Debit Card,Fortnightly
974,60,Male,75,Colorado,M,Teal,Fall,3.5,Yes,Yes,30,Bank Transfer,Quarterly
3738,19,Female,23,Kentucky,S,Maroon,Winter,4.9,No,No,43,PayPal,Bi-Weekly
3272,35,Female,55,Nevada,XL,Magenta,Spring,4.4,No,No,30,Credit Card,Weekly
1199,40,Male,49,New Jersey,M,Brown,Summer,3.9,No,Yes,17,Cash,Annually
2428,27,Male,26,Oregon,M,Purple,Spring,3.3,No,No,45,Cash,Quarterly
2009,57,Male,48,Florida,M,Gray,Spring,2.5,No,No,27,PayPal,Every 3 Months
2886,29,Female,82,Nevada,M,Yellow,Summer,3.5,No,No,14,Credit Card,Bi-Weekly
4040,43,Male,,Chicago,S,White,Summer,,No,No,,Debit Card,Weekly
551,62,Male,62,Georgia,M,Olive,Summer,3.3,Yes,Yes,12,PayPal,Weekly
1999,20,Male,45,Vermont,M,Orange,Fall,3.4,No,No,19,Cash,Quarterly
4630,25,Female,468.46,Chicago,,Red,Winter,,No,No,50,Credit Card,Quarterly
4003,69,Other,1426.64,Chicago,,Black,Autumn,3,Yes,Yes,19,Cash,Monthly
536,56,Male,45,West Virginia,L,Maroon,Spring,3.2,Yes,Yes,24,Bank Transfer,Weekly
3783,40,Female,45,Alabama,L,Orange,Spring,2.8,No,No,42,PayPal,Fortnightly
125,44,Male,86,Nevada,M,Gray,Spring,3.1,Yes,Yes,50,PayPal,Annually
3322,32,Female,100,Maine,S,Charcoal,Winter,4.3,No,No,3,Venmo,Annually
2074,38,Male,25,Texas,S,Green,Winter,3.5,No,No,2,PayPal,Every 3 Months
2539,18,Male,32,New Jersey,M,Silver,Summer,4.2,No,No,33,Credit Card,Bi-Weekly
1475,31,Male,72,New Jersey,S,Pink,Fall,3.9,No,Yes,6,Credit Card,Monthly
3345,62,Female,48,Washington,XL,Magenta,Fall,4.3,No,No,20,Cash,Annually
236,43,Male,89,New Jersey,M,Cyan,Winter,3.7,Yes,Yes,31,Debit Card,Quarterly
3341,42,Female,36,Virginia,XL,Maroon,Fall,4.4,No,No,47,Credit Card,Fortnightly
2727,33,Female,92,Michigan,L,Blue,Winter,3.3,No,No,11,PayPal,Bi-Weekly
3844,64,Female,71,Georgia,L,Silver,Winter,4,No,No,48,Venmo,Every 3 Months
4284,70,Male,964.07,Phoenix,M,Green,Summer,1,Yes,Yes,49,Debit Card,Quarterly
222,28,Male,68,North Carolina,XL,Magenta,Summer,4.4,Yes,Yes,6,Bank Transfer,Quarterly
4979,63,Female,,Phoenix,L,White,Summer,1,No,Yes,22,Debit Card,Quarterly
1540,32,Male,55,Hawaii,M,Turquoise,Spring,5,No,Yes,19,Cash,Every 3 Months
3463,44,Female,73,Michigan,L,Olive,Spring,4.5,No,No,34,Credit Card,Every 3 Months
2026,42,Male,29,Delaware,M,Turquoise,Summer,3,No,No,43,Debit Card,Fortnightly
985,26,Male,78,Utah,M,Green,Summer,3.4,Yes,Yes,8,Credit Card,Bi-Weekly
2594,36,Male,36,Colorado,S,Indigo,Fall,4.7,No,No,9,Bank Transfer,Every 3 Months
2253,48,Male,96,Nebraska,S,Maroon,Summer,3.9,No,No,21,Bank Transfer,Annually
1176,35,Male,81,New Jersey,M,Beige,Spring,4.1,No,Yes,26,PayPal,Quarterly
834,43,Male,68,Oklahoma,M,Purple,Fall,3.5,Yes,Yes,11,Credit Card,Annually
4764,32,Other,1192.93,Houston,S,Blue,Autumn,2,Yes,No,41,Debit Card,Monthly
3511,49,Female,96,Pennsylvania,S,Orange,Fall,4.9,No,No,14,Venmo,Monthly
3307,63,Female,39,Colorado,L,Orange,Summer,3.6,No,No,6,Venmo,Fortnightly
1291,67,Male,35,Maryland,M,Indigo,Spring,3.4,No,Yes,3,PayPal,Annually
2078,64,Male,34,Nebraska,L,Orange,Fall,3.3,No,No,26,Bank Transfer,Annually
4401,49,Other,,Phoenix,L,Green,Winter,4,No,Yes,32,Cash,Quarterly
2315,42,Male,95,Virginia,XL,Brown,Winter,4.4,No,No,12,Bank Transfer,Every 3 Months
1438,69,Male,97,Montana,XL,Orange,Winter,4.2,No,Yes,14,Cash,Annually
246,49,Male,53,Rhode Island,L,Charcoal,Summer,3.3,Yes,Yes,45,Venmo,Fortnightly
762,57,Male,91,Nevada,L,Yellow,Fall,4.2,Yes,Yes,26,Bank Transfer,Weekly
1295,27,Male,64,Texas,M,Silver,Summer,4.5,No,Yes,21,Cash,Every 3 Months
1045,39,Male,30,Oregon,L,Teal,Summer,4.4,Yes,Yes,17,Bank Transfer,Every 3 Months
1889,62,Male,89,South Dakota,XL,Turquoise,Winter,3.4,No,No,48,Credit Card,Weekly
1582,69,Male,77,Ohio,L,Teal,Fall,4.2,No,Yes,46,Cash,Quarterly
4537,47,Female,,Houston,L,Green,Spring,,No,No,35,Debit Card,Monthly
684,33,Male,36,Michigan,S,Violet,Winter,2.7,Yes,Yes,3,Bank Transfer,Monthly
504,55,Male,24,West Virginia,M,Lavender,Summer,3.2,Yes,Yes,26,Bank Transfer,Quarterly
160,58,Male,27,New Hampshire,M,Charcoal,Fall,3.8,Yes,Yes,39,Bank Transfer,Every 3 Months
2788,36,Female,79,West Virginia,XL,Pink,Spring,4.1,No,No,4,Venmo,Fortnightly
4209,49,Female,890.97,Chicago,M,White,Autumn,2,No,No,20,PayPal,Quarterly
4298,58,Female,943.94,Houston,L,Green,Winter,,Yes,No,38,Credit Card,Monthly
1719,54,Male,96,Maryland,L,Pink,Winter,3.4,No,No,14,PayPal,Every 3 Months
746,46,Male,92,Michigan,L,Orange,Fall,4.7,Yes,Yes,4,Venmo,Monthly
3606,68,Female,41,Alabama,M,Gold,Fall,4.3,No,No,36,Bank Transfer,Every 3 Months
397,46,Male,88,South Carolina,S,Black,Fall,3.9,Yes,Yes,24,Bank Transfer,Annually
1887,18,Male,91,Arkansas,L,Beige,Spring,4.4,No,No,46,Cash,Bi-Weekly
3034,22,Female,56,Alabama,L,Orange,Spring,2.6,No,No,9,PayPal,Weekly
3062,33,Female,59,South Dakota,L,Olive,Fall,4.5,No,No,20,PayPal,Every 3 Months
4051,65,Male,,Los Angeles,M,Blue,Autumn,,No,No,49,Cash,Monthly
305,40,Male,84,Oregon,M,Green,Winter,3.4,Yes,Yes,45,Credit Card,Bi-Weekly
2123,32,Male,36,Virginia,L,Teal,Fall,4,No,No,42,Debit Card,Weekly
4149,55,Female,,Los Angeles,S,Blue,Spring,,Yes,No,,PayPal,Weekly
2959,55,Female,100,Ohio,M,Black,Summer,4.5,No,No,28,PayPal,Monthly
1391,25,Male,38,Arkansas,M,Maroon,Summer,4.3,No,Yes,42,Debit Card,Weekly
2566,30,Male,43,Vermont,S,Indigo,Fall,3.6,No,No,8,Venmo,Quarterly
3292,29,Female,51,New Mexico,L,Olive,Fall,2.6,No,No,11,Cash,Monthly
4320,35,Male,,Chicago,M,Green,Spring,,No,Yes,,PayPal,Quarterly
80,38,Male,96,Iowa,M,Olive,Winter,2.6,Yes,Yes,43,Bank Transfer,Every 3 Months
1460,20,Male,35,Maine,L,Yellow,Winter,4.8,No,Yes,18,Venmo,Fortnightly
664,59,Male,83,Alaska,M,Charcoal,Fall,4.7,Yes,Yes,23,Credit Card,Monthly
197,38,Male,88,Washington,M,Lavender,Summer,3.9,Yes,Yes,41,Credit Card,Fortnightly
2028,50,Male,73,Nebraska,S,Gold,Fall,4.8,No,No,50,Credit Card,Every 3 Months
289,30,Male,62,North Carolina,M,Lavender,Winter,3.7,Yes,,34,Venmo,Bi-Weekly
1330,70,Male,63,Texas,M,Indigo,Fall,3.3,No,Yes,50,PayPal,Every 3 Months
761,33,Male,50,Minnesota,XL,Violet,Fall,3.4,Yes,Yes,6,Cash,Annually
377,51,Male,51,South Carolina,S,Gray,Fall,4.9,Yes,Yes,2,Venmo,Bi-Weekly
1141,31,Male,39,Maryland,M,White,Winter,2.6,No,Yes,6,Credit Card,Every 3 Months
4697,46,Female,,Phoenix,,White,Winter,,No,No,,Credit Card,Weekly
319,45,Male,67,South Dakota,M,Beige,Winter,2.5,Yes,Yes,10,Cash,Annually
3611,18,Female,86,Texas,XL,Green,Fall,4.8,No,No,23,Bank Transfer,Fortnightly
4566,41,Other,,Los Angeles,XL,White,Winter,,No,No,,Credit Card,Weekly
3695,45,Female,41,Rhode Island,M,Blue,Winter,2.6,No,No,11,PayPal,Bi-Weekly
1847,68,Male,53,Wisconsin,M,Yellow,Summer,2.9,No,No,9,Venmo,Quarterly
3897,52,Female,49,Iowa,L,White,Spring,4.5,No,No,41,Bank Transfer,Bi-Weekly
1,55,Male,53,Kentucky,L,Gray,Winter,3.1,Yes,Yes,14,Venmo,Fortnightly
1536,36,Male,74,West Virginia,S,Turquoise,Fall,4,No,Yes,8,Venmo,Monthly
1077,33,Male,72,North Dakota,L,Charcoal,Spring,2.9,No,Yes,47,Venmo,Bi-Weekly
1260,68,Male,64,Minnesota,M,Turquoise,Fall,3.9,No,Yes,45,Credit Card,Monthly
1890,59,Male,57,North Carolina,L,Peach,Spring,2.5,No,No,27,Bank Transfer,Weekly
1646,53,Male,36,Ohio,L,Green,Summer,2.8,No,Yes,36,Venmo,Every 3 Months
4520,60,Male,921.94,Chicago,,Blue,Autumn,,Yes,Yes,,Credit Card,Monthly
5034,48,Other,390.76,Houston,L,White,Spring,4,No,Yes,,Debit Card,Monthly
4411,70,Other,347.55,Los Angeles,XL,Blue,Autumn,,No,No,,Credit Card,Weekly
1178,54,Male,21,Iowa,M,Black,Spring,4.8,No,Yes,24,Debit Card,Monthly
1954,25,Male,33,Colorado,XL,Green,Spring,4.8,No,No,3,PayPal,Fortnightly
192,64,Male,76,Utah,M,Gray,Fall,3.9,Yes,Yes,29,Cash,Every 3 Months
3150,18,Female,40,North Carolina,M,Lavender,Winter,4.6,No,No,9,Venmo,Annually
3483,66,Female,61,Hawaii,M,Gold,Winter,3.9,No,No,35,Debit Card,Weekly
202,69,Male,22,Missouri,S,Beige,Fall,4.3,Yes,Yes,15,Bank Transfer,Annually
3275,46,Female,20,Oklahoma,M,Cyan,Spring,3.9,No,No,14,Cash,Fortnightly
1374,18,Male,40,Virginia,L,Turquoise,Winter,2.6,No,Yes,6,Cash,Quarterly
2047,39,Male,32,Oklahoma,M,Maroon,Winter,2.8,No,No,30,Cash,Every 3 Months
2270,49,Male,38,Kentucky,M,Yellow,Fall,4.4,No,No,27,Credit Card,Annually
4395,40,Male,104.65,Chicago,,Green,Spring,1,No,No,36,Credit Card,Quarterly
2958,69,Female,70,South Dakota,S,Gray,Fall,4.7,No,No,2,Cash,Annually
2327,66,Male,63,Oklahoma,L,Maroon,Winter,2.6,No,No,38,Bank Transfer,Annually
184,58,Male,29,Ohio,XL,Beige,Spring,3.6,Yes,Yes,26,Credit Card,Weekly
5002,24,Other,781.26,Houston,L,Green,Summer,,Yes,Yes,41,Cash,Weekly
1568,30,Male,33,Minnesota,M,Turquoise,Spring,4.1,No,Yes,9,Cash,Monthly
1797,62,Male,35,South Carolina,S,Brown,Spring,3.1,No,No,34,Venmo,Weekly
102,27,Male,85,North Dakota,XL,White,Spring,4.6,Yes,Yes,50,Credit Card,Bi-Weekly
1093,68,Male,50,South Dakota,L,Magenta,Spring,4.1,No,Yes,20,Venmo,Quarterly
4785,53,Female,,Phoenix,,Green,Autumn,,No,No,,Cash,Weekly
2118,27,Male,28,Colorado,L,Brown,Summer,3.8,No,No,11,Debit Card,Annually
1895,42,Male,90,Arizona,M,Purple,Fall,2.5,No,No,48,Debit Card,Bi-Weekly
4533,43,Female,,Houston,,Black,Summer,1,No,No,3,Debit Card,Monthly
2023,59,Male,38,Alabama,S,Black,Winter,4,No,No,16,Cash,Bi-Weekly
708,59,Male,38,Louisiana,L,Purple,Spring,3.7,Yes,Yes,21,Venmo,Annually
4053,54,Female,370.41,Chicago,,Blue,Summer,,Yes,No,9,Debit Card,Weekly
2634,51,Male,90,Alaska,M,Purple,Fall,4.7,No,No,32,Credit Card,Fortnightly
4759,19,Female,478.29,New York,S,Black,Spring,,Yes,Yes,,Credit Card,Monthly
3813,50,Female,75,Michigan,M,Pink,Spring,2.8,No,No,7,Bank Transfer,Every 3 Months
880,62,Male,76,Wyoming,S,Lavender,Spring,4.1,Yes,Yes,14,PayPal,Quarterly
3499,47,Female,35,Kentucky,M,Lavender,Summer,3.8,No,No,2,Bank Transfer,Bi-Weekly
1261,63,Male,93,Virginia,XL,Green,Spring,4.1,No,Yes,30,Debit Card,Quarterly
2388,36,Male,95,Tennessee,M,Gold,Summer,4,No,No,14,Debit Card,Monthly
3854,61,Female,76,Tennessee,M,Lavender,Fall,4,No,No,49,Debit Card,Bi-Weekly
1872,56,Male,96,Illinois,XL,Violet,Fall,2.7,No,No,14,Cash,Every 3 Months
2971,24,Female,74,Kansas,M,White,Winter,3.4,No,No,44,Credit Card,Bi-Weekly
2167,31,Male,88,New Jersey,S,Purple,Spring,3.5,No,No,50,Credit Card,Bi-Weekly
4995,34,Female,,Los Angeles,,Black,Autumn,,No,No,6,Cash,Quarterly
1940,66,Male,57,Ohio,L,Magenta,Winter,3.7,No,No,20,PayPal,Every 3 Months
2402,43,Male,76,Oregon,M,Pink,Winter,4.2,No,No,25,PayPal,Bi-Weekly
3323,52,Female,92,Indiana,XL,Orange,Winter,4.6,No,No,43,PayPal,Weekly
3168,24,Female,78,Oregon,M,Blue,Fall,2.8,No,No,9,Cash,Bi-Weekly
44,25,Male,69,Ohio,L,Lavender,Fall,3.7,Yes,Yes,19,PayPal,Fortnightly
5098,35,Female,,New York,M,White,Winter,1,Yes,No,48,Credit Card,Weekly
1358,24,Male,66,Texas,S,Red,Summer,3.5,No,Yes,20,Cash,Quarterly
3416,38,Female,68,New York,M,Gold,Fall,3,No,No,15,Bank Transfer,Annually
1893,39,Male,30,California,M,Blue,Fall,4.6,No,No,12,Venmo,Weekly
1132,67,Male,73,Illinois,M,Black,Spring,3.7,No,Yes,20,Bank Transfer,Monthly
3831,22,Female,27,Pennsylvania,M,Indigo,Summer,3,No,No,33,Bank Transfer,Every 3 Months
4534,42,Male,,Phoenix,L,Black,Spring,,No,No,,Cash,Weekly
4717,38,Female,,New York,,Black,Autumn,4,Yes,Yes,0,Cash,Quarterly
4373,40,Female,767.36,Chicago,,Black,Spring,,No,Yes,,PayPal,Quarterly
4724,59,Female,640.27,Phoenix,S,Blue,Winter,,Yes,No,,PayPal,Weekly
4052,47,Female,,New York,,White,Winter,2,Yes,Yes,,Debit Card,Monthly
2431,20,Male,100,North Dakota,XL,White,Summer,4.3,No,No,42,Cash,Quarterly
3782,52,Female,99,Tennessee,M,Pink,Winter,3.7,No,No,40,PayPal,Fortnightly
4058,45,Female,,Chicago,L,Red,Winter,,Yes,No,35,Credit Card,Quarterly
429,21,Male,64,Wyoming,XL,Gold,Winter,2.9,Yes,Yes,2,Debit Card,Fortnightly
4432,29,Other,1311.75,New York,L,Blue,Summer,,No,No,47,Debit Card,Weekly
5057,33,Male,1103.36,Los Angeles,,Black,Summer,,No,Yes,6,Credit Card,Monthly
568,21,Male,50,New Hampshire,S,Red,Winter,3,Yes,Yes,24,Venmo,Fortnightly
4130,52,Other,43.99,Houston,M,Red,Autumn,,No,Yes,1,Debit Card,Quarterly
1689,28,Male,26,Mississippi,S,Peach,Winter,3,No,No,13,Venmo,Fortnightly
3119,61,Female,97,Virginia,L,Blue,Summer,4.7,No,No,31,Debit Card,Quarterly
2038,39,Male,87,Illinois,S,Green,Summer,4.3,No,No,7,Venmo,Bi-Weekly
1283,24,Male,68,New Hampshire,L,Violet,Winter,3,No,Yes,20,Venmo,Monthly
4017,58,Male,690.65,Phoenix,,Green,Autumn,1,No,No,,Debit Card,Monthly
1685,30,Male,93,New Mexico,M,Indigo,Spring,4.6,No,No,28,PayPal,Weekly
3057,69,Female,59,New Jersey,M,Beige,Spring,3.8,No,No,15,Cash,Bi-Weekly
2752,27,Female,52,Minnesota,S,Indigo,Fall,3.1,No,No,50,Venmo,Monthly
1001,43,Male,46,Georgia,M,Red,Winter,3.9,Yes,Yes,1,Bank Transfer,Bi-Weekly
2626,30,Male,51,Colorado,L,Cyan,Summer,2.7,No,No,31,Credit Card,Weekly
906,46,Male,68,Mississippi,S,Cyan,Spring,2.8,Yes,Yes,16,Venmo,Annually
143,37,Male,58,Nebraska,L,Violet,Fall,3.1,Yes,Yes,33,Credit Card,Fortnightly
4531,41,Female,,Houston,M,Red,Winter,2,Yes,Yes,22,Credit Card,Quarterly
4473,49,Other,,Houston,L,Blue,Summer,,Yes,No,,Cash,Weekly
1669,66,Male,33,Utah,L,Charcoal,Summer,4,No,Yes,28,Debit Card,Fortnightly
2263,53,Male,22,Arizona,M,Green,Winter,3.1,No,No,50,PayPal,Monthly
1528,26,Male,75,Wisconsin,L,Red,Fall,4.5,No,Yes,33,Debit Card,Fortnightly
74,48,Male,85,Hawaii,M,Teal,Spring,2.7,Yes,Yes,43,Bank Transfer,Bi-Weekly
338,32,Male,59,New Mexico,M,Cyan,Winter,4.3,Yes,Yes,16,Bank Transfer,Annually
2811,27,Female,31,Arizona,M,Purple,Summer,4,No,No,10,Debit Card,Fortnightly
3184,50,Female,56,Mississippi,M,Green,Winter,3.5,No,No,14,Cash,Every 3 Months
3666,28,Female,77,North Carolina,M,Peach,Fall,3.4,No,No,11,Credit Card,Quarterly
402,43,Male,91,Oklahoma,L,Orange,Fall,4.8,Yes,Yes,21,Cash,Quarterly
2302,37,Male,20,Maine,L,Turquoise,Winter,2.9,No,No,21,Debit Card,Annually
3507,18,Female,57,Illinois,L,Olive,Winter,3.7,No,No,12,Cash,Fortnightly
4234,27,Male,1388.53,Chicago,,Blue,Summer,,Yes,No,45,PayPal,Quarterly
475,62,Male,76,Arkansas,XL,Maroon,Summer,2.6,Yes,Yes,15,Cash,Quarterly
1429,20,Male,97,North Dakota,S,Green,Summer,4.9,No,Yes,42,PayPal,Quarterly
47,57,Male,43,California,L,White,Summer,2.9,Yes,Yes,45,Cash,Quarterly
1130,37,Male,65,New Hampshire,XL,White,Winter,4.7,No,Yes,46,Venmo,Fortnightly
1651,60,Male,36,Arkansas,M,Silver,Winter,3.4,No,Yes,46,Credit Card,Fortnightly
4299,61,Female,,Phoenix,,Black,Spring,4,No,No,,Debit Card,Quarterly
2691,44,Female,32,New Mexico,L,Yellow,Summer,4.7,No,No,18,Bank Transfer,Weekly
4069,68,Other,,Los Angeles,XL,Black,Summer,,No,No,40,Debit Card,Quarterly
4247,28,Female,,Chicago,M,White,Winter,1,No,Yes,2,Credit Card,Quarterly
4070,58,Female,939.3,Los Angeles,,Green,Spring,,No,No,,Debit Card,Weekly
3179,66,Female,34,Washington,L,Beige,Spring,2.7,No,No,28,Credit Card,Annually
3878,28,Female,96,Nevada,M,Olive,Spring,4.2,No,No,46,Debit Card,Monthly
525,59,Male,39,Pennsylvania,M,Gold,Summer,4.8,Yes,Yes,44,PayPal,Annually
3670,25,Female,52,Washington,S,Silver,Fall,4.6,No,No,43,PayPal,Quarterly
1144,68,Male,23,Nevada,L,Teal,Winter,4.4,No,Yes,43,PayPal,Quarterly
186,46,Male,32,Wisconsin,XL,Silver,Summer,4.5,Yes,Yes,34,Bank Transfer,Fortnightly
780,60,Male,94,Utah,M,Blue,Spring,4.6,Yes,Yes,38,Cash,Annually
572,54,Male,76,Kentucky,XL,Cyan,Spring,3.6,Yes,Yes,37,Venmo,Weekly
4137,50,Other,,Los Angeles,L,Blue,Autumn,2,Yes,No,,PayPal,Weekly
3404,30,Female,65,Illinois,M,Olive,Summer,3.9,No,No,1,Cash,Bi-Weekly
3674,32,Female,28,Rhode Island,M,Pink,Summer,4.2,No,No,31,Bank Transfer,Fortnightly
2384,53,Male,72,Rhode Island,L,Gold,Spring,4.9,No,No,25,Bank Transfer,Annually
5087,41,Other,889.78,New York,S,Green,Summer,3,No,Yes,4,Debit Card,Monthly
4680,25,Female,560.62,Phoenix,XL,Blue,Winter,1,No,No,,Cash,Monthly
4372,56,Male,75.12,Chicago,S,Blue,Winter,,Yes,No,34,Cash,Monthly
1951,43,Male,78,Arkansas,L,Blue,Summer,4.6,No,No,26,PayPal,Every 3 Months
1752,57,Male,40,Ohio,M,Silver,Winter,3.2,No,No,34,Cash,Annually
3112,21,Female,81,Kansas,XL,Indigo,Spring,4.9,No,No,25,Debit Card,Quarterly
2286,34,Male,100,Michigan,L,Pink,Summer,4.6,No,No,38,PayPal,Every 3 Months
3000,31,Female,48,New Hampshire,S,Charcoal,Winter,3.8,No,No,10,Cash,Monthly
2618,31,Male,97,Idaho,S,Maroon,Spring,4.8,No,No,29,Bank Transfer,Annually
2623,63,Male,75,New Hampshire,M,Yellow,Spring,4.9,No,No,15,Credit Card,Annually
987,54,Male,96,Connecticut,S,Peach,Spring,4.5,Yes,Yes,36,Bank Transfer,Monthly
1179,37,Male,22,South Carolina,M,Teal,Spring,4.9,No,Yes,23,Debit Card,Annually
1307,54,Male,33,Alaska,L,Brown,Winter,4.5,No,Yes,40,PayPal,Annually
4064,64,Female,196.05,New York,S,Green,Winter,,Yes,Yes,13,Cash,Monthly
1300,29,Male,23,Louisiana,L,Teal,Fall,3.6,No,Yes,42,Venmo,Bi-Weekly
810,48,Male,81,South Carolina,M,Violet,Fall,4.9,Yes,Yes,30,PayPal,Bi-Weekly
2069,70,Male,81,Vermont,XL,Black,Summer,3.9,No,No,44,Venmo,Monthly
2786,53,Female,80,Louisiana,S,Green,Summer,2.9,No,No,13,Bank Transfer,Monthly
4275,47,Female,1207.32,Houston,L,White,Summer,1,Yes,No,29,Debit Card,Weekly
2880,62,Female,57,North Dakota,XL,Turquoise,Winter,4.9,No,No,31,Venmo,Annually
3141,34,Female,44,Alaska,XL,Peach,Summer,4.6,No,No,37,Bank Transfer,Weekly
1812,42,Male,77,Wisconsin,L,Blue,Summer,3.6,No,No,33,Bank Transfer,Annually
4363,25,Female,,Houston,,Red,Autumn,,No,Yes,,PayPal,Weekly
4048,30,Other,,Los Angeles,,Green,Summer,,No,Yes,6,PayPal,Quarterly
4346,21,Female,,Chicago,XL,Blue,Autumn,1,Yes,Yes,28,Cash,Monthly
2471,55,Male,72,Arizona,XL,Pink,Fall,2.7,No,No,29,Credit Card,Fortnightly
404,19,Male,45,Nevada,M,Orange,Winter,4.5,Yes,Yes,12,Bank Transfer,Annually
2910,27,Female,78,Louisiana,M,Indigo,Winter,3,No,No,40,Credit Card,Every 3 Months
4892,44,Male,1090.49,Chicago,L,Black,Autumn,,Yes,Yes,32,Debit Card,Weekly
2656,26,Female,83,Wyoming,M,Gray,Summer,3.4,No,No,2,Credit Card,Fortnightly
1572,28,Male,88,Colorado,L,Silver,Winter,4.5,No,Yes,11,Bank Transfer,Fortnightly
1252,56,Male,86,Indiana,XL,Orange,Spring,5,No,Yes,43,Credit Card,Monthly
3629,53,Female,88,Georgia,L,Purple,Summer,3.8,No,No,35,Credit Card,Monthly
250,53,Male,47,Alaska,S,Teal,Fall,4.2,Yes,Yes,18,Credit Card,Annually
2546,38,Male,50,Texas,L,Olive,Spring,3.9,No,No,10,Debit Card,Annually
1950,63,Male,80,Nebraska,L,Gray,Winter,4.7,No,No,12,PayPal,Quarterly
1648,34,Male,78,Hawaii,M,Purple,Summer,4.9,No,Yes,8,Debit Card,Quarterly
2670,39,Female,28,Illinois,L,Teal,Spring,2.8,No,No,31,Credit Card,Weekly
3649,31,Female,67,New York,M,White,Winter,5,No,No,45,Cash,Bi-Weekly
3801,19,Female,26,Vermont,M,Turquoise,Fall,4.8,No,No,12,Venmo,Bi-Weekly
2520,40,Male,90,Michigan,L,Magenta,Spring,4.9,No,No,21,Credit Card,Quarterly
258,20,Male,53,West Virginia,M,Red,Summer,4.5,Yes,Yes,5,Credit Card,Quarterly
5035,69,Female,966.98,Houston,M,Black,Winter,,Yes,No,,Debit Card,Monthly
1628,69,Male,21,Maine,M,Olive,Winter,2.9,No,Yes,8,Credit Card,Annually
3758,61,Female,44,California,L,Red,Fall,4.5,No,No,33,Cash,Weekly
1384,36,Male,58,Wisconsin,M,Beige,Spring,3.3,No,Yes,4,Venmo,Monthly
4674,21,Female,310.29,Chicago,,White,Spring,1,No,Yes,4,Debit Card,Weekly
4336,36,Female,,Los Angeles,XL,Black,Spring,,No,No,29,Cash,Weekly
3740,38,Female,31,Idaho,M,Olive,Fall,4.2,No,No,43,Credit Card,Weekly
2314,64,Male,31,Georgia,M,Black,Summer,4.7,No,No,36,Bank Transfer,Fortnightly
4715,53,Female,,Phoenix,S,White,Winter,3,Yes,Yes,,Debit Card,Quarterly
3061,47,Female,80,California,S,Charcoal,Summer,4.7,No,No,1,Venmo,Monthly
3815,45,Female,95,Michigan,M,Orange,Winter,4.2,No,No,26,Bank Transfer,Every 3 Months
1739,60,Male,61,Tennessee,M,Green,Spring,2.9,No,No,37,Credit Card,Weekly
356,37,Male,42,Oregon,XL,Magenta,Fall,4.1,Yes,Yes,1,PayPal,Every 3 Months
3214,27,Female,56,Texas,M,Brown,Winter,3.3,No,No,33,Credit Card,Monthly
380,32,Male,29,Montana,S,Magenta,Fall,4.7,Yes,Yes,46,Debit Card,Bi-Weekly
1864,25,Male,21,Connecticut,L,Orange,Spring,4.3,No,No,39,Debit Card,Monthly
3491,62,Female,82,Oregon,M,Violet,Spring,3.6,No,No,43,Credit Card,Quarterly
3081,69,Female,42,Colorado,L,Yellow,Spring,4.1,No,No,5,Cash,Bi-Weekly
2751,51,Female,66,Alaska,L,Pink,Spring,2.7,No,No,26,PayPal,Every 3 Months
2181,41,Male,37,Connecticut,M,Yellow,Summer,4.1,No,No,43,Cash,Quarterly
5089,68,Other,859.84,Chicago,M,White,Summer,1,Yes,No,46,PayPal,Monthly
3244,45,Female,99,Idaho,L,Black,Summer,5,No,No,11,Bank Transfer,Every 3 Months
67,31,Male,94,Pennsylvania,S,Magenta,Winter,4.7,Yes,Yes,3,Venmo,Every 3 Months
4028,23,Other,,Los Angeles,,Black,Summer,,Yes,Yes,,Credit Card,Quarterly
206,67,Male,64,Hawaii,M,Silver,Winter,3,Yes,Yes,25,PayPal,Weekly
2460,47,Male,36,Missouri,L,Violet,Fall,4.3,No,No,14,Cash,Weekly
4929,58,Female,607.15,Houston,,Blue,Autumn,,Yes,No,38,Debit Card,Quarterly
363,53,Male,64,Texas,M,Charcoal,Fall,3.4,Yes,Yes,1,Venmo,Fortnightly
3343,66,Female,81,New Jersey,M,Violet,Spring,3.8,No,No,45,Credit Card,Weekly
1497,63,Male,98,Idaho,M,Purple,Winter,5,No,Yes,9,Venmo,Bi-Weekly
3553,22,Female,66,Kentucky,M,Blue,Winter,2.9,No,No,3,PayPal,Quarterly
2300,64,Male,57,Idaho,M,Violet,Summer,3.7,No,No,48,Credit Card,Every 3 Months
1828,20,Male,36,Vermont,S,Pink,Spring,4.9,No,No,31,Bank Transfer,Weekly
1415,29,Male,51,Minnesota,M,Black,Summer,4.5,No,Yes,3,Credit Card,Bi-Weekly
2746,28,Female,98,Michigan,M,Magenta,Summer,4.1,No,No,44,PayPal,Bi-Weekly
2977,30,Female,97,Nebraska,M,Silver,Summer,2.8,No,No,28,Cash,Fortnightly
797,42,Male,78,Arizona,XL,Black,Fall,4,Yes,Yes,43,Credit Card,Annually
853,34,Male,60,Florida,L,Yellow,Spring,4.2,Yes,Yes,23,Debit Card,Every 3 Months
835,52,Male,89,Nevada,M,Indigo,Summer,3.1,Yes,Yes,18,Credit Card,Weekly
3450,48,Female,37,Kansas,M,Brown,Spring,4.5,No,No,35,Cash,Monthly
1228,27,Male,37,Illinois,L,Yellow,Spring,4.9,No,Yes,19,Bank Transfer,Bi-Weekly
5021,34,Male,,Phoenix,L,Green,Autumn,3,Yes,No,,Credit Card,Weekly
1341,40,Male,72,Idaho,M,Peach,Fall,4.4,No,Yes,5,Debit Card,Every 3 Months
5017,20,Other,193.65,Chicago,,Blue,Winter,,No,Yes,,Credit Card,Monthly
4822,23,Other,,Los Angeles,S,Blue,Summer,1,Yes,No,40,PayPal,Quarterly
665,63,Male,83,Colorado,M,Indigo,Winter,4.4,Yes,Yes,41,PayPal,Bi-Weekly
570,65,Male,33,Alabama,M,Pink,Fall,4.4,Yes,Yes,46,Credit Card,Every 3 Months
447,19,Male,74,West Virginia,M,Silver,Summer,4.1,Yes,Yes,15,Venmo,Monthly
3413,61,Female,83,Indiana,M,Magenta,Fall,3.8,No,No,31,Venmo,Quarterly
3810,57,Female,33,New York,S,Maroon,Winter,3.7,No,No,28,Credit Card,Annually
1492,27,Male,54,Arkansas,S,Black,Summer,2.7,No,Yes,10,Bank Transfer,Quarterly
389,22,Male,82,Washington,M,Orange,Summer,2.7,Yes,Yes,10,PayPal,Quarterly
3588,33,Female,90,Virginia,S,Violet,Summer,4.4,No,No,33,Debit Card,Annually
1280,63,Male,56,Maryland,L,Charcoal,Fall,3.7,No,Yes,18,Debit Card,Annually
2385,24,Male,35,Alabama,L,Green,Winter,3.3,No,No,40,PayPal,Quarterly
317,36,Male,22,California,M,Charcoal,Fall,3.3,Yes,Yes,46,Venmo,Monthly
3688,34,Female,44,Arkansas,L,Lavender,Summer,2.9,No,No,28,Bank Transfer,Every 3 Months
3732,54,Female,62,West Virginia,M,Lavender,Spring,3.1,No,No,45,PayPal,Quarterly
4328,29,Female,,New York,M,Green,Spring,4,No,No,3,Cash,Monthly
3086,24,Female,50,Nevada,L,Gray,Winter,2.8,No,No,10,Venmo,Every 3 Months
29,54,Male,94,North Carolina,M,Gray,Fall,4.4,Yes,Yes,41,PayPal,Every 3 Months
365,62,Male,88,North Dakota,L,Charcoal,Summer,3,Yes,Yes,7,Venmo,Every 3 Months
3523,27,Female,85,New Jersey,M,Yellow,Spring,3.2,No,No,13,Cash,Quarterly
3779,25,Female,60,South Dakota,M,Cyan,Fall,2.9,No,No,30,Debit Card,Annually
4949,39,Other,119.25,New York,,White,Summer,,Yes,No,28,Cash,Monthly
298,48,Male,26,Delaware,XL,Purple,Summer,4.4,Yes,Yes,4,Credit Card,Bi-Weekly
2214,54,Male,94,Hawaii,M,Maroon,Fall,2.9,No,No,18,Debit Card,Quarterly
4841,51,Other,,Phoenix,L,Blue,Autumn,,No,No,14,PayPal,Weekly
3883,35,Female,95,North Dakota,L,Blue,Fall,2.6,No,No,24,Cash,Fortnightly
702,51,Male,90,Idaho,L,Red,Fall,3.3,Yes,Yes,5,Debit Card,Every 3 Months
1574,36,Male,31,North Dakota,L,Indigo,Summer,4.3,No,Yes,25,Debit Card,Weekly
1060,22,Male,34,North Carolina,M,Beige,Winter,2.5,No,Yes,25,Debit Card,Monthly
426,40,Male,87,North Dakota,S,Teal,Winter,3.3,Yes,Yes,4,Credit Card,Quarterly
4707,65,Other,,Chicago,S,Black,Summer,2,Yes,No,,Cash,Weekly
3861,57,Female,64,Pennsylvania,M,Turquoise,Summer,4.4,No,No,44,Cash,Annually
1833,69,Male,29,Louisiana,M,Blue,Fall,4.6,No,No,48,Cash,Monthly
493,50,Male,62,Michigan,M,Black,Fall,3.9,Yes,Yes,11,Debit Card,Weekly
1631,63,Male,48,New Jersey,M,Gold,Summer,2.9,No,Yes,29,Venmo,Every 3 Months
3096,62,Female,53,Minnesota,S,Beige,Fall,3.4,No,No,13,Venmo,Fortnightly
3121,46,Female,76,Louisiana,M,Magenta,Fall,4,No,No,32,Debit Card,Fortnightly
2803,22,Female,100,Hawaii,L,Red,Fall,3.1,No,No,42,Credit Card,Fortnightly
2158,41,Male,68,Mississippi,L,Turquoise,Winter,4,No,No,41,Venmo,Fortnightly
1245,70,Male,76,Indiana,S,Silver,Summer,3.9,No,Yes,2,Cash,Monthly
1353,65,Male,89,Indiana,XL,Orange,Spring,4.5,No,Yes,37,Credit Card,Bi-Weekly
2628,66,Male,26,Missouri,L,Silver,Fall,3.6,No,No,40,Bank Transfer,Quarterly
1984,59,Male,97,Georgia,M,Pink,Summer,2.6,No,No,21,Debit Card,Quarterly
3225,37,Female,80,Delaware,L,Indigo,Winter,2.7,No,No,18,PayPal,Monthly
1164,26,Male,56,Tennessee,L,White,Summer,3,No,Yes,24,Debit Card,Monthly
4951,34,Male,,Phoenix,,Black,Spring,1,No,No,,Cash,Monthly
2755,59,Female,61,New Jersey,L,Gold,Summer,3.6,No,No,21,Venmo,Bi-Weekly
4071,54,Male,1357.03,Phoenix,XL,Black,Winter,,Yes,No,,Debit Card,Quarterly
982,27,Male,42,Maryland,M,Silver,Spring,3.5,Yes,Yes,47,Credit Card,Quarterly
1799,40,Male,82,North Dakota,L,Magenta,Winter,3.7,No,No,1,Cash,Weekly
1684,23,Male,57,Arkansas,S,Lavender,Spring,3.5,No,No,37,Venmo,Quarterly
89,33,Male,47,Wyoming,M,Orange,Fall,3.5,Yes,Yes,35,Credit Card,Monthly
281,45,Male,69,Montana,S,Cyan,Fall,4.2,Yes,Yes,21,Cash,Bi-Weekly
1621,25,Male,47,Virginia,M,Charcoal,Winter,3.1,No,Yes,27,PayPal,Every 3 Months
2514,69,Male,53,Washington,L,Teal,Winter,3.5,No,No,42,Cash,Annually
3412,29,Female,56,New York,L,Gray,Winter,4.9,No,No,45,Cash,Weekly
2585,26,Male,30,Florida,L,Blue,Summer,2.9,No,No,26,Bank Transfer,Bi-Weekly
3054,32,Female,91,Maine,L,Brown,Winter,3.2,No,No,22,Bank Transfer,Monthly
2776,37,Female,25,Montana,L,Red,Fall,3.6,No,No,16,Debit Card,Weekly
1170,25,Male,94,Wyoming,S,Gray,Fall,4.5,No,Yes,3,Cash,Annually
3444,47,Female,24,Tennessee,L,Silver,Summer,5,No,No,28,Cash,Bi-Weekly
5055,66,Male,,New York,S,White,Spring,,No,Yes,36,Cash,Monthly
2444,24,Male,30,South Dakota,M,Green,Spring,3.4,No,No,24,Bank Transfer,Bi-Weekly
1259,47,Male,87,Ohio,XL,Gold,Spring,4.1,No,Yes,34,Debit Card,Every 3 Months
4857,19,Male,643.57,Chicago,L,Red,Autumn,1,No,No,,PayPal,Monthly
2313,19,Male,30,Vermont,L,Violet,Summer,3.7,No,No,19,Cash,Every 3 Months
4310,53,Female,,Los Angeles,L,White,Winter,5,Yes,No,,Cash,Monthly
2175,42,Male,49,Colorado,S,Olive,Spring,2.9,No,No,1,Cash,Annually
2602,61,Male,33,Mississippi,L,Orange,Winter,2.9,No,No,43,Cash,Monthly
3009,39,Female,86,New Mexico,M,Gold,Winter,4.9,No,No,19,PayPal,Weekly
4720,69,Male,611.08,New York,XL,Black,Summer,,No,No,46,PayPal,Weekly
1268,47,Male,83,Oregon,S,Gray,Spring,2.7,No,Yes,41,Cash,Weekly
4036,41,Male,,Phoenix,M,Black,Summer,5,No,No,48,Cash,Quarterly
2995,69,Female,100,Nevada,S,White,Winter,3.5,No,No,14,Bank Transfer,Quarterly
3368,44,Female,48,Tennessee,M,Blue,Summer,3.1,No,No,6,Venmo,Fortnightly
3052,44,Female,64,Wyoming,L,Gold,Summer,4.6,No,No,49,Debit Card,Every 3 Months
3049,69,Female,93,Colorado,M,Olive,Summer,3.9,No,No,47,Venmo,Fortnightly
843,59,Male,87,Missouri,M,Violet,Spring,3.6,Yes,Yes,25,PayPal,Weekly
3876,63,Female,51,New Hampshire,M,Pink,Winter,3.3,No,No,21,Credit Card,Annually
2154,35,Male,94,Kentucky,M,Violet,Fall,4.2,No,No,31,PayPal,Annually
1309,59,Male,38,Rhode Island,L,Red,Summer,4.4,No,Yes,14,Credit Card,Every 3 Months
1371,27,Male,67,Montana,L,Peach,Summer,,No,Yes,41,Bank Transfer,Every 3 Months
988,62,Male,47,West Virginia,M,Charcoal,Summer,2.8,Yes,Yes,48,PayPal,Weekly
793,34,Male,45,New Jersey,M,Violet,Spring,4.2,Yes,Yes,45,Venmo,Weekly
782,30,Male,44,Vermont,L,Indigo,Winter,3,Yes,Yes,12,Credit Card,Fortnightly
753,39,Male,85,Ohio,L,Yellow,Fall,4.2,Yes,Yes,17,PayPal,Every 3 Months
2109,54,Male,46,North Dakota,XL,Beige,Winter,4.2,No,No,4,Credit Card,Quarterly
2604,69,Male,58,Washington,M,Teal,Spring,2.7,No,No,8,Cash,Annually
3485,44,Female,75,Illinois,L,Gray,Fall,4.2,No,No,13,Credit Card,Bi-Weekly
3436,68,Female,91,Montana,M,Beige,Summer,2.7,No,No,50,Debit Card,Bi-Weekly
3019,43,Female,41,Texas,M,Green,Summer,3,No,No,21,Debit Card,Bi-Weekly
954,68,Male,50,Utah,S,Cyan,Spring,3.6,Yes,Yes,36,Venmo,Quarterly
1892,69,Male,74,New Hampshire,M,Gray,Summer,2.6,No,No,48,Debit Card,Quarterly
501,36,Male,31,Washington,L,Purple,Fall,4.8,Yes,Yes,35,Venmo,Every 3 Months
2865,58,Female,43,Illinois,S,Maroon,Fall,3.6,No,No,31,Venmo,Weekly
3056,27,Female,22,Kansas,M,Violet,Fall,5,No,No,5,Debit Card,Bi-Weekly
1496,45,Male,23,Rhode Island,M,Brown,Winter,4.5,No,Yes,6,PayPal,Weekly
4207,44,Other,896.53,New York,,Blue,Winter,4,Yes,No,0,Debit Card,Monthly
3453,26,Female,20,Oklahoma,M,Indigo,Spring,3.7,No,No,3,Venmo,Fortnightly
343,64,Male,36,Kentucky,M,Olive,Spring,2.6,Yes,Yes,48,Credit Card,Every 3 Months
2289,28,Male,91,California,M,Orange,Fall,3.8,No,No,50,PayPal,Weekly
1732,21,Male,87,Idaho,M,Gray,Fall,3.1,No,No,12,Cash,Monthly
2178,24,Male,93,Montana,XL,Green,Winter,3,No,No,9,PayPal,Bi-Weekly
4428,37,Male,,Los Angeles,M,Green,Winter,,Yes,Yes,,Credit Card,Quarterly
4688,61,Female,,Houston,,Black,Winter,4,No,No,40,Credit Card,Monthly
1373,64,Male,61,Michigan,M,Gray,Fall,4,No,Yes,44,PayPal,Bi-Weekly
2612,33,Male,99,Michigan,L,Maroon,Fall,4.2,No,No,4,Cash,Fortnightly
1247,27,Male,60,Louisiana,M,Charcoal,Winter,2.7,No,Yes,27,Cash,Monthly
2254,62,Male,31,Oklahoma,M,Brown,Spring,2.6,No,No,22,PayPal,Monthly
4485,37,Female,282.95,Houston,XL,Blue,Winter,2,No,No,,Credit Card,Monthly
2834,43,Female,56,Arkansas,M,Teal,Fall,3.3,No,No,19,Cash,Monthly
941,48,Male,44,Colorado,S,Maroon,Spring,2.6,Yes,Yes,15,PayPal,Every 3 Months
2705,52,Female,54,Tennessee,L,Beige,Spring,3.4,No,No,35,Debit Card,Weekly
1941,50,Male,89,Alaska,L,Gray,Fall,3.9,No,No,48,PayPal,Fortnightly
2826,69,Female,62,North Carolina,M,Yellow,Winter,4.3,No,No,28,Bank Transfer,Annually
1647,58,Male,77,Nebraska,S,Silver,Summer,3.7,No,Yes,20,Bank Transfer,Every 3 Months
3467,49,Female,42,Maryland,S,Purple,Summer,4.6,No,No,43,Bank Transfer,Annually
224,20,Male,41,Wyoming,M,Turquoise,Spring,4.8,Yes,Yes,34,PayPal,Annually
4627,54,Female,860.91,Houston,,Black,Summer,,No,Yes,16,Cash,Quarterly
5046,70,Female,,New York,M,White,Autumn,,Yes,No,,PayPal,Quarterly
4828,61,Female,1186.38,New York,XL,White,Spring,5,No,No,27,Cash,Quarterly
574,58,Male,68,California,M,Charcoal,Summer,3.2,Yes,Yes,23,Credit Card,Bi-Weekly
1670,42,Male,59,Wisconsin,L,Maroon,Winter,2.7,No,Yes,22,Bank Transfer,Quarterly
324,66,Male,78,Tennessee,M,Orange,Winter,3.5,Yes,Yes,29,PayPal,Bi-Weekly
4333,32,Female,,Los Angeles,,Blue,Winter,,No,Yes,,Credit Card,Quarterly
1065,34,Male,28,Wyoming,M,Violet,Spring,3.5,No,Yes,42,Credit Card,Every 3 Months
2583,19,Male,98,South Dakota,S,Indigo,Fall,3.6,No,No,4,Venmo,Every 3 Months
707,46,Male,47,Iowa,L,Turquoise,Summer,4.8,Yes,Yes,27,Debit Card,Weekly
1058,65,Male,23,Wisconsin,S,Maroon,Spring,4.4,No,Yes,20,Credit Card,Weekly
2835,39,Female,43,Texas,M,Indigo,Fall,2.9,No,No,17,Credit Card,Weekly
4593,56,Other,,New York,,Blue,Winter,,No,Yes,11,Debit Card,Monthly
5052,24,Female,220.25,New York,S,Red,Autumn,,Yes,No,,Cash,Quarterly
2337,19,Male,94,California,M,Green,Winter,3.1,No,No,11,Credit Card,Weekly
530,32,Male,84,California,M,Orange,Fall,3.7,Yes,Yes,6,Credit Card,Monthly
1512,34,Male,91,Georgia,M,Violet,Winter,3.6,No,Yes,48,Credit Card,Weekly
4967,20,Other,,Phoenix,S,White,Winter,4,No,Yes,,Debit Card,Monthly
4502,38,Female,69.72,Houston,XL,Red,Spring,,No,No,,Credit Card,Quarterly
4725,59,Other,175.4,Phoenix,,White,Spring,,Yes,Yes,47,Cash,Quarterly
730,41,Male,56,Minnesota,L,Beige,Summer,3.2,Yes,Yes,46,PayPal,Every 3 Months
229,18,Male,79,New Hampshire,M,White,Spring,2.9,Yes,Yes,11,Credit Card,Annually
1194,40,Male,55,Alaska,L,Pink,Fall,5,No,Yes,18,Credit Card,Fortnightly
4805,40,Male,,Phoenix,L,Blue,Winter,3,No,Yes,6,Cash,Monthly
4138,40,Female,780.59,Los Angeles,,Blue,Autumn,,No,No,,PayPal,Weekly
798,42,Male,82,Maryland,M,Violet,Fall,4,Yes,Yes,38,Debit Card,Weekly
3830,69,Female,32,Washington,M,Indigo,Spring,2.9,No,No,32,Debit Card,Fortnightly
847,49,Male,72,Kentucky,M,Pink,Spring,3.7,Yes,Yes,42,Debit Card,Quarterly
1098,58,Male,27,Vermont,M,Black,Summer,3.2,No,Yes,47,Bank Transfer,Weekly
2401,43,Male,88,Oregon,M,Peach,Winter,4.2,No,No,11,Credit Card,Bi-Weekly
3833,64,Female,38,Kansas,XL,Purple,Winter,4.8,No,No,27,Cash,Weekly
2114,63,Male,40,Virginia,M,Brown,Spring,2.7,No,No,29,PayPal,Every 3 Months
38,35,Male,45,Indiana,S,Cyan,Summer,2.8,Yes,Yes,10,PayPal,Weekly
1804,60,Male,97,New Hampshire,S,Gray,Summer,3.5,No,No,33,Venmo,Fortnightly
4884,43,Other,489.56,Chicago,M,Red,Spring,2,No,Yes,32,Debit Card,Weekly
3731,46,Female,79,Florida,M,Teal,Summer,2.5,No,No,3,Credit Card,Bi-Weekly
4348,42,Male,1033.69,New York,L,Blue,Winter,1,No,No,23,Debit Card,Monthly
784,63,Male,65,Louisiana,L,Purple,Winter,4.5,Yes,Yes,38,PayPal,Fortnightly
4581,32,Male,230.19,New York,M,Black,Winter,,No,Yes,,Cash,Weekly
4472,63,Female,,Los Angeles,S,Red,Spring,,Yes,No,,Cash,Monthly
4365,29,Other,1069.81,Los Angeles,S,Red,Winter,1,Yes,No,,Credit Card,Quarterly
2742,68,Female,81,Maine,L,Yellow,Fall,4.9,No,No,41,Venmo,Monthly
1318,28,Male,43,Kentucky,M,Green,Spring,2.8,No,Yes,19,Cash,Monthly
994,51,Male,90,Iowa,M,Peach,Winter,4.4,Yes,Yes,25,Cash,Weekly
3021,23,Female,81,Arkansas,S,Charcoal,Fall,2.8,No,No,48,Venmo,Every 3 Months
3387,34,Female,62,Michigan,M,Lavender,Fall,2.6,No,No,36,Cash,Quarterly
405,35,Male,93,Delaware,M,Indigo,Spring,4.8,Yes,Yes,11,Credit Card,Monthly
4419,36,Female,,New York,M,White,Winter,3,Yes,Yes,,Credit Card,Quarterly
989,50,Male,84,Ohio,M,Orange,Winter,4.9,Yes,Yes,47,PayPal,Fortnightly
836,35,Male,26,Maryland,L,Indigo,Summer,2.5,Yes,Yes,21,Debit Card,Weekly
1816,51,Male,72,New Mexico,L,White,Winter,4.5,No,No,48,Credit Card,Every 3 Months
1493,62,Male,38,North Carolina,M,Maroon,Summer,4.5,No,Yes,3,Venmo,Quarterly
2397,38,Male,82,Oregon,M,Olive,Spring,3.7,No,No,20,Venmo,Weekly
821,56,Male,39,Louisiana,M,Turquoise,Spring,2.5,Yes,Yes,27,Debit Card,Monthly
2773,18,Female,94,Pennsylvania,L,Blue,Spring,3.5,No,No,10,Bank Transfer,Every 3 Months
3136,68,Female,85,Indiana,L,Yellow,Spring,4.7,No,No,48,Venmo,Fortnightly
2041,69,Male,25,South Carolina,XL,Gray,Spring,2.9,No,No,42,Venmo,Quarterly
1298,44,Male,85,New Jersey,M,Silver,Summer,4.6,No,Yes,32,Venmo,Annually
1590,42,Male,72,Ohio,M,Silver,Summer,2.7,No,Yes,48,Cash,Weekly
4956,69,Other,843.8,Houston,XL,Blue,Autumn,4,Yes,No,,Debit Card,Monthly
1302,42,Male,54,Maine,M,Orange,Fall,5,No,Yes,21,Debit Card,Weekly
2244,56,Male,21,Massachusetts,M,Teal,Winter,3.7,No,No,13,Debit Card,Annually
1419,18,Male,75,Alabama,M,Violet,Summer,4.1,No,Yes,23,Venmo,Every 3 Months
3030,64,Female,82,Georgia,M,Gold,Summer,3.1,No,No,1,Debit Card,Quarterly
4499,49,Female,,Los Angeles,S,Black,Summer,,No,Yes,36,Cash,Monthly
394,33,Male,65,Vermont,L,Maroon,Fall,4.2,Yes,Yes,6,PayPal,Fortnightly
3262,48,Female,52,Rhode Island,L,Cyan,Winter,3.4,No,No,50,Debit Card,Weekly
1504,50,Male,30,Michigan,M,Maroon,Fall,3.9,No,Yes,46,Cash,Quarterly
3102,32,Female,82,Idaho,S,Brown,Summer,2.7,No,No,9,PayPal,Fortnightly
2070,36,Male,82,Texas,M,Indigo,Fall,3.4,No,No,3,Debit Card,Quarterly
1033,55,Male,36,Maine,M,Lavender,Fall,4,Yes,Yes,44,Credit Card,Quarterly
3348,22,Female,70,Iowa,XL,Cyan,Summer,4.4,No,No,28,PayPal,Bi-Weekly
2708,32,Female,88,Nebraska,M,Pink,Fall,4.2,No,No,19,Cash,Weekly
2582,57,Male,81,Wyoming,M,Gold,Winter,4.7,No,No,48,Credit Card,Monthly
2673,56,Female,28,West Virginia,M,Maroon,Spring,2.9,No,No,13,Cash,Annually
313,38,Male,89,Massachusetts,L,Green,Spring,3.4,Yes,Yes,6,PayPal,Annually
2870,57,Female,58,Georgia,M,White,Summer,4.2,No,No,16,Bank Transfer,Weekly
2294,37,Male,68,Georgia,L,Green,Fall,3.3,No,No,16,Debit Card,Every 3 Months
4143,18,Other,,Houston,,Red,Spring,,Yes,No,6,Debit Card,Weekly
3820,36,Female,99,Arkansas,S,Gold,Spring,2.9,No,No,45,Cash,Quarterly
2731,23,Female,32,Wisconsin,M,Teal,Winter,4.1,No,No,37,Bank Transfer,Annually
353,27,Male,71,Texas,XL,Yellow,Fall,4.9,Yes,Yes,12,Cash,Every 3 Months
3166,49,Female,92,Hawaii,M,Lavender,Spring,3,No,No,38,Bank Transfer,Every 3 Months
643,64,Male,25,Arkansas,L,Red,Spring,2.8,Yes,Yes,14,Debit Card,Bi-Weekly
3770,51,Female,87,Arizona,L,Green,Summer,3.6,No,No,31,Venmo,Annually
4078,46,Other,581.66,Los Angeles,S,Black,Summer,,No,Yes,,PayPal,Quarterly
3075,26,Female,55,Massachusetts,L,Maroon,Winter,4.2,No,No,34,Debit Card,Fortnightly
1474,69,Male,63,Wisconsin,M,Violet,Fall,4.3,No,Yes,20,Credit Card,Every 3 Months
3125,57,Female,51,California,M,Peach,Summer,3.4,No,No,4,Cash,Every 3 Months
1520,50,Male,73,Texas,L,Cyan,Fall,4.9,No,Yes,40,PayPal,Weekly
3473,31,Female,42,Georgia,S,White,Summer,4,No,No,15,Debit Card,Weekly
3417,25,Female,53,Alabama,M,Purple,Spring,3.2,No,No,11,Bank Transfer,Every 3 Months
4108,21,Male,1410.28,Chicago,M,White,Spring,,No,Yes,0,Credit Card,Quarterly
2142,24,Male,98,Kentucky,M,Peach,Winter,4.1,No,No,32,PayPal,Annually
2541,24,Male,42,New Jersey,M,Charcoal,Summer,3.9,No,No,11,Debit Card,Quarterly
3194,63,Female,99,Virginia,L,Teal,Winter,4,No,No,35,Credit Card,Fortnightly
4442,37,Male,201.93,Houston,S,Black,Spring,,No,Yes,,Credit Card,Weekly
1505,60,Male,80,Alaska,M,Teal,Winter,4.2,No,Yes,10,Bank Transfer,Monthly
285,63,Male,45,Ohio,M,Red,Summer,3.5,Yes,Yes,4,PayPal,Quarterly
3005,45,Female,79,Arizona,M,Lavender,Winter,3.7,No,No,23,Venmo,Fortnightly
1730,47,Male,21,Illinois,M,Brown,Winter,3.8,No,No,12,Venmo,Fortnightly
4463,38,Female,,New York,M,Black,Autumn,3,No,No,2,Cash,Weekly
2106,65,Male,35,South Carolina,M,Silver,Spring,4.5,No,No,38,Venmo,Bi-Weekly
1425,66,Male,23,Connecticut,S,Indigo,Fall,3.5,No,Yes,34,Bank Transfer,Every 3 Months
4125,20,Other,543.93,Phoenix,,Black,Summer,5,No,No,37,Cash,Weekly
1038,52,Male,25,Rhode Island,XL,Brown,Spring,3.4,Yes,Yes,48,Debit Card,Quarterly
4589,33,Female,,New York,L,Red,Summer,2,No,No,,Debit Card,Weekly
1165,68,Male,96,Montana,M,Green,Winter,4.2,No,Yes,47,PayPal,Quarterly
272,65,Male,69,Maryland,XL,Yellow,Summer,4.6,Yes,Yes,42,Credit Card,Fortnightly
1263,29,Male,62,Tennessee,L,Brown,Winter,4.8,No,Yes,44,Venmo,Monthly
4611,66,Other,,Houston,,Red,Summer,1,No,Yes,34,Credit Card,Quarterly
1539,56,Male,65,Illinois,L,Charcoal,Fall,3.2,No,Yes,22,Venmo,Bi-Weekly
3657,35,Female,67,North Dakota,XL,Cyan,Spring,3.7,No,No,18,Credit Card,Monthly
463,59,Male,81,Illinois,M,White,Fall,3.3,Yes,Yes,48,Venmo,Every 3 Months
1891,36,Male,57,Hawaii,M,Lavender,Spring,3.4,No,No,5,Credit Card,Weekly
4612,62,Other,1294.07,Houston,XL,White,Spring,,No,Yes,39,Debit Card,Weekly
2480,37,Male,98,Kansas,S,Olive,Fall,4.2,No,No,26,Credit Card,Every 3 Months
1430,24,Male,38,Maryland,L,Gold,Fall,4.7,No,Yes,6,Credit Card,Every 3 Months
2,19,Male,64,Maine,L,Maroon,Winter,3.1,Yes,Yes,2,Cash,Fortnightly
4356,33,Female,,Houston,XL,Blue,Autumn,5,Yes,No,2,PayPal,Weekly
4614,56,Female,,Chicago,,Red,Spring,,No,Yes,,Debit Card,Quarterly
1072,61,Male,81,Pennsylvania,M,Beige,Summer,2.6,No,Yes,46,Credit Card,Monthly
1319,52,Male,93,Connecticut,M,Maroon,Spring,2.7,No,Yes,19,Credit Card,Bi-Weekly
3496,24,Female,33,Georgia,XL,Gray,Spring,2.8,No,No,14,Cash,Weekly
2396,62,Male,83,Connecticut,M,Cyan,Winter,3.5,No,No,47,PayPal,Bi-Weekly
2166,29,Male,55,Idaho,M,Turquoise,Summer,4.2,No,No,42,Credit Card,Every 3 Months
993,46,Male,99,Louisiana,M,Gray,Winter,4.6,Yes,Yes,50,Debit Card,Weekly
2177,24,Male,91,Vermont,S,Red,Winter,3.4,No,No,44,Debit Card,Quarterly
2025,62,Male,23,Arkansas,L,Silver,Fall,3.7,No,No,39,PayPal,Weekly
4885,51,Male,1459.71,New York,,Blue,Summer,5,Yes,No,,PayPal,Quarterly
2379,26,Male,71,New Hampshire,L,Teal,Summer,2.7,No,No,37,PayPal,Bi-Weekly
770,52,Male,100,Delaware,M,Silver,Spring,4.3,Yes,Yes,8,PayPal,Monthly
1562,50,Male,38,Mississippi,M,Indigo,Summer,3.8,No,Yes,2,Bank Transfer,Quarterly
535,65,Male,72,Florida,L,Pink,Fall,4.5,Yes,Yes,4,PayPal,Quarterly
895,44,Male,60,Wyoming,L,Purple,Spring,3.8,Yes,Yes,3,Debit Card,Quarterly
5012,33,Other,509.47,Los Angeles,M,Green,Spring,4,No,No,11,Debit Card,Weekly
238,50,Male,90,Iowa,M,Beige,Summer,3,Yes,Yes,36,Debit Card,Fortnightly
1279,28,Male,98,Utah,M,Violet,Fall,2.8,No,Yes,31,Venmo,Fortnightly
94,37,Male,62,Florida,M,Purple,Fall,4.5,Yes,Yes,46,Credit Card,Weekly
4297,60,Other,379.18,New York,M,White,Spring,5,No,Yes,12,Cash,Quarterly
3394,60,Female,90,Arizona,M,Gold,Fall,3.1,No,No,50,Debit Card,Monthly
1436,45,Male,95,Oregon,XL,Black,Fall,4,No,Yes,41,Cash,Weekly
474,34,Male,42,West Virginia,L,Olive,Spring,3.9,Yes,Yes,29,PayPal,Every 3 Months
2148,47,Male,43,Missouri,S,Charcoal,Fall,4.8,No,No,4,Cash,Fortnightly
3570,35,Female,94,Alaska,M,Olive,Fall,3.3,No,No,9,Bank Transfer,Fortnightly
2669,59,Female,75,Texas,M,Black,Summer,4.8,No,No,9,PayPal,Quarterly
1414,51,Male,79,New Hampshire,S,Indigo,Fall,2.7,No,Yes,12,Bank Transfer,Quarterly
4928,62,Other,,Houston,M,White,Summer,,Yes,No,4,Credit Card,Weekly
488,41,Male,68,Iowa,L,Red,Winter,4.4,Yes,Yes,22,Credit Card,Quarterly
3370,47,Female,51,Maine,M,Indigo,Winter,3.8,No,No,42,Cash,Monthly
3124,57,Female,77,Iowa,XL,Red,Fall,3.3,No,No,40,Venmo,Bi-Weekly
1774,21,Male,92,West Virginia,M,Blue,Summer,2.7,No,No,17,PayPal,Annually
1282,29,Male,81,New Jersey,M,Olive,Spring,4.5,No,Yes,8,Venmo,Bi-Weekly
3445,53,Female,63,Rhode Island,S,Green,Summer,3.8,No,No,12,Bank Transfer,Bi-Weekly
3424,33,Female,71,Massachusetts,M,Brown,Spring,3.8,No,No,21,PayPal,Bi-Weekly
144,30,Male,48,Missouri,M,Beige,Fall,2.7,Yes,Yes,25,PayPal,Quarterly
2276,29,Male,24,Oklahoma,M,Gray,Winter,4.4,No,No,10,Debit Card,Weekly
1473,39,Male,24,Indiana,L,Turquoise,Spring,3.5,No,Yes,11,Cash,Weekly
459,47,Male,91,Arkansas,L,Black,Winter,4,Yes,Yes,48,PayPal,Monthly
3582,26,Female,95,Georgia,M,Orange,Fall,4.9,No,No,50,Credit Card,Weekly
1898,53,Male,97,Alaska,L,Teal,Winter,2.9,No,No,11,Debit Card,Fortnightly
1599,47,Male,85,California,M,Teal,Fall,4.1,No,Yes,21,Venmo,Bi-Weekly
4494,35,Female,372.79,Houston,L,Blue,Summer,,No,Yes,49,PayPal,Monthly
2501,59,Male,84,Massachusetts,M,Violet,Fall,2.9,No,No,32,Cash,Bi-Weekly
4107,48,Male,236.32,Houston,,Red,Spring,,Yes,No,,Debit Card,Monthly
4396,65,Other,,Phoenix,S,Blue,Summer,,Yes,Yes,,Cash,Quarterly
2299,40,Male,87,Montana,L,Cyan,Spring,2.9,No,No,10,Cash,Every 3 Months
2745,38,Female,66,Wyoming,M,Silver,Winter,3.3,No,No,40,Credit Card,Monthly
648,54,Male,70,Mississippi,XL,Charcoal,Summer,3.7,Yes,Yes,23,Credit Card,Fortnightly
4572,45,Male,1270.13,New York,,Red,Autumn,1,No,No,3,Debit Card,Weekly
1800,32,Male,48,California,M,Charcoal,Fall,3.9,No,No,47,Venmo,Weekly
1558,27,Male,34,South Dakota,L,Magenta,Fall,3.5,No,Yes,34,PayPal,Quarterly
178,21,Male,42,Kansas,L,Magenta,Fall,3.7,Yes,Yes,47,Bank Transfer,Monthly
2311,30,Male,68,Virginia,M,Cyan,Spring,4.6,No,No,15,PayPal,Monthly
4901,61,Male,,Houston,M,White,Autumn,4,No,Yes,2,PayPal,Weekly
5038,43,Other,851.29,Los Angeles,,Green,Winter,,No,No,0,PayPal,Weekly
624,19,Male,70,Nevada,M,White,Fall,4.7,Yes,Yes,48,PayPal,Bi-Weekly
1007,21,Male,83,Michigan,S,Lavender,Summer,4.5,Yes,Yes,50,Venmo,Quarterly
1071,50,Male,75,North Carolina,M,Magenta,Summer,3.3,No,Yes,50,Debit Card,Weekly
3454,31,Female,60,Alabama,L,Pink,Winter,4.3,No,No,48,Venmo,Bi-Weekly
3711,60,Female,40,Hawaii,M,Yellow,Summer,3.6,No,No,32,Bank Transfer,Fortnightly
2458,53,Male,37,Delaware,M,Maroon,Fall,3.6,No,No,23,Cash,Quarterly
4426,66,Male,,Chicago,M,Blue,Summer,4,Yes,Yes,0,Cash,Quarterly
1826,23,Male,75,South Dakota,M,Pink,Winter,4.9,No,No,41,Credit Card,Weekly
418,23,Male,81,Mississippi,L,Beige,Fall,4.5,Yes,Yes,48,Debit Card,Quarterly
458,25,Male,99,Rhode Island,M,Blue,Spring,4.9,Yes,Yes,48,Debit Card,Every 3 Months
2801,70,Female,76,Arkansas,L,Violet,Fall,3.4,No,No,14,Cash,Bi-Weekly
4517,40,Other,,Houston,L,White,Autumn,,Yes,No,45,Debit Card,Monthly
2243,18,Male,66,Nevada,M,Orange,Spring,3.8,No,No,5,Credit Card,Bi-Weekly
2427,70,Male,42,Florida,M,Olive,Fall,4.6,No,No,26,Debit Card,Every 3 Months
161,27,Male,23,Texas,M,Orange,Summer,4.6,Yes,Yes,34,Venmo,Monthly
1079,37,Male,59,Arizona,M,Silver,Fall,4.4,No,Yes,49,Credit Card,Fortnightly
4480,59,Female,464.46,Houston,S,Red,Spring,5,No,No,,PayPal,Monthly
2016,57,Male,82,Virginia,S,Pink,Summer,4.5,No,No,8,Credit Card,Fortnightly
3426,38,Female,54,Michigan,M,Blue,Summer,4.3,No,No,3,Debit Card,Bi-Weekly
2319,69,Male,28,Wyoming,L,White,Spring,3.1,No,No,30,Credit Card,Annually
2969,26,Female,48,South Carolina,S,Gray,Fall,4.9,No,No,25,Cash,Every 3 Months
2355,56,Male,78,Wisconsin,M,Blue,Summer,4.8,No,No,27,Venmo,Monthly
1527,41,Male,22,Oklahoma,L,White,Summer,3.1,No,Yes,27,PayPal,Monthly
1066,59,Male,20,Alabama,XL,Blue,Spring,4.1,No,Yes,3,PayPal,Every 3 Months
5069,25,Male,,New York,,Blue,Winter,4,No,No,,Credit Card,Weekly
2853,40,Female,71,New York,M,Magenta,Spring,3,No,No,30,Venmo,Weekly
4282,40,Male,,Houston,L,Green,Summer,4,Yes,No,,Credit Card,Quarterly
4109,64,Female,,New York,,White,Winter,1,No,Yes,,Debit Card,Monthly
876,37,Male,39,North Dakota,L,Gray,Summer,4.1,Yes,Yes,7,Bank Transfer,Every 3 Months
4341,57,Other,,Phoenix,,Black,Summer,,Yes,Yes,,Credit Card,Weekly
671,63,Male,41,Louisiana,XL,Purple,Spring,4.8,Yes,Yes,37,Cash,Bi-Weekly
261,38,Male,57,Montana,S,Red,Winter,3.2,Yes,Yes,11,Credit Card,Every 3 Months
26,18,Male,25,Texas,M,Silver,Summer,3.6,Yes,Yes,14,PayPal,Annually
3891,35,Female,81,Nebraska,XL,Green,Winter,2.6,No,No,33,Debit Card,Annually
2291,37,Male,48,Kansas,L,Magenta,Winter,3.3,No,No,23,PayPal,Quarterly
4637,56,Other,,Los Angeles,S,Blue,Spring,2,Yes,No,50,PayPal,Quarterly
1846,51,Male,78,Delaware,M,Orange,Winter,2.8,No,No,39,Bank Transfer,Quarterly
3522,52,Female,50,Maryland,M,Pink,Winter,3.7,No,No,35,Venmo,Weekly
557,40,Male,90,Montana,L,Indigo,Winter,5,Yes,Yes,21,Cash,Fortnightly
3442,64,Female,96,Tennessee,XL,Charcoal,Fall,4.1,No,No,15,Credit Card,Annually
1600,48,Male,54,Delaware,M,Orange,Winter,2.8,No,Yes,22,Debit Card,Bi-Weekly
3530,55,Female,20,Montana,S,Maroon,Winter,3.9,No,No,43,Bank Transfer,Weekly
1759,27,Male,56,Pennsylvania,M,Silver,Winter,4.3,No,No,17,Venmo,Bi-Weekly
2679,33,Female,91,Montana,M,Magenta,Spring,3.4,No,No,34,Credit Card,Bi-Weekly
1529,69,Male,75,Oregon,S,Red,Spring,4,No,Yes,47,Venmo,Bi-Weekly
3301,26,Female,80,Oklahoma,M,Charcoal,Spring,4,No,No,40,Bank Transfer,Bi-Weekly
3396,44,Female,43,Colorado,M,Silver,Winter,3.1,No,No,15,Debit Card,Every 3 Months
4338,29,Other,157.83,Chicago,L,Blue,Spring,4,No,No,19,Cash,Monthly
2871,47,Female,34,North Dakota,M,Blue,Winter,4.8,No,No,49,Debit Card,Every 3 Months
5033,46,Female,,New York,,Red,Winter,5,Yes,Yes,48,Credit Card,Monthly
4814,49,Female,1208.85,Los Angeles,L,Red,Winter,,No,Yes,,Cash,Quarterly
723,27,Male,32,Wyoming,S,Blue,Summer,4.3,Yes,Yes,50,Cash,Bi-Weekly
2799,52,Female,20,Rhode Island,XL,Red,Winter,4.8,No,No,37,PayPal,Weekly
1490,24,Male,26,Missouri,XL,Magenta,Summer,4.1,No,Yes,42,Venmo,Quarterly
391,25,Male,71,Indiana,M,Indigo,Winter,3.2,Yes,Yes,19,PayPal,Annually
4462,40,Other,,Chicago,M,Blue,Spring,3,No,No,,Debit Card,Weekly
2195,61,Male,29,Kentucky,M,Silver,Summer,3.5,No,No,48,Bank Transfer,Quarterly
3847,57,Female,58,Pennsylvania,L,Orange,Summer,4,No,No,40,PayPal,Every 3 Months
705,34,Male,66,Idaho,S,Black,Spring,3.2,Yes,Yes,18,PayPal,Annually
1002,61,Male,60,Washington,M,Orange,Fall,3.6,Yes,Yes,4,Debit Card,Fortnightly
1020,32,Male,76,Kentucky,S,Beige,Winter,2.8,Yes,Yes,33,Venmo,Bi-Weekly
4899,60,Female,,Phoenix,S,Red,Autumn,2,No,No,,Credit Card,Weekly
1728,49,Male,53,Virginia,S,Violet,Spring,4,No,No,19,PayPal,Monthly
1853,41,Male,80,Pennsylvania,XL,Violet,Winter,3.8,No,No,32,Cash,Weekly
2809,49,Female,62,Tennessee,M,Beige,Spring,3.9,No,No,45,PayPal,Every 3 Months
1724,70,Male,20,New York,XL,Gold,Spring,3.3,No,No,39,PayPal,Annually
3031,43,Female,24,Maryland,XL,Purple,Spring,2.6,No,No,23,Credit Card,Weekly
4440,44,Male,,Chicago,M,Red,Winter,,No,Yes,36,Cash,Weekly
2084,41,Male,59,Mississippi,L,Orange,Fall,2.7,No,No,26,Credit Card,Fortnightly
3760,44,Female,61,Missouri,M,Pink,Spring,3.5,No,No,30,Venmo,Quarterly
3589,23,Female,55,Michigan,M,Magenta,Spring,3.5,No,No,40,Cash,Annually
3719,36,Female,50,Tennessee,L,Turquoise,Fall,2.9,No,No,44,Bank Transfer,Bi-Weekly
2916,26,Female,30,Oregon,M,Cyan,Fall,4.5,No,No,39,Debit Card,Bi-Weekly
4879,59,Other,,Chicago,,Blue,Autumn,,Yes,No,24,PayPal,Monthly
1076,57,Male,50,Missouri,L,Indigo,Summer,4.9,No,Yes,32,Debit Card,Bi-Weekly
2202,39,Male,25,Ohio,L,Peach,Spring,4.9,No,No,10,Venmo,Annually
2290,70,Male,82,Nevada,M,Orange,Fall,4.1,No,No,47,Venmo,Weekly
541,49,Male,37,South Carolina,M,Lavender,Spring,3.1,Yes,Yes,33,Cash,Every 3 Months
861,26,Male,87,South Carolina,M,Maroon,Spring,4.1,Yes,Yes,3,Cash,Monthly
1639,68,Male,51,Tennessee,M,Black,Spring,4.6,No,Yes,18,Venmo,Weekly
322,41,Male,36,Vermont,L,Orange,Summer,4.7,Yes,Yes,48,Debit Card,Quarterly
4264,60,Male,,Houston,,Black,Summer,2,Yes,Yes,,Cash,Quarterly
2414,69,Male,95,Pennsylvania,XL,Violet,Fall,2.7,No,No,30,Bank Transfer,Weekly
931,26,Male,78,Hawaii,L,Green,Fall,4.5,Yes,Yes,20,Credit Card,Bi-Weekly
2303,36,Male,39,Montana,L,Pink,Summer,3.6,No,No,38,Venmo,Monthly
2674,67,Female,21,Nevada,M,Olive,Summer,2.6,No,No,4,Cash,Monthly
597,23,Male,37,Montana,XL,White,Summer,4.5,Yes,Yes,36,Venmo,Annually
335,41,Male,46,Kansas,M,Lavender,Fall,2.6,Yes,Yes,30,Credit Card,Annually
3750,24,Female,95,Alaska,L,Yellow,Winter,2.9,No,No,38,Venmo,Every 3 Months
3183,50,Female,97,Georgia,L,Green,Fall,3.6,No,No,4,Credit Card,Annually
4950,19,Other,,Los Angeles,L,Red,Winter,,No,Yes,37,PayPal,Quarterly
3425,33,Female,64,Florida,L,Green,Summer,3.6,No,No,23,Credit Card,Monthly
4128,41,Female,,Houston,,Red,Autumn,,No,No,,Credit Card,Monthly
4190,46,Other,1224.96,New York,L,Black,Summer,,Yes,Yes,,PayPal,Quarterly
1200,49,Male,89,Maryland,M,Indigo,Fall,4.5,No,Yes,3,Debit Card,Weekly
5092,38,Male,,Phoenix,,Blue,Winter,,Yes,No,,Debit Card,Quarterly
1588,41,Male,99,Alabama,M,Beige,Summer,3.5,No,Yes,33,Credit Card,Fortnightly
1634,54,Male,80,North Dakota,M,Peach,Spring,4.4,No,Yes,33,Debit Card,Bi-Weekly
41,69,Male,76,Louisiana,L,Beige,Winter,4.6,Yes,Yes,31,Debit Card,Quarterly
4659,20,Female,,New York,,Blue,Autumn,,Yes,Yes,,Cash,Weekly
4457,68,Male,,New York,S,Black,Autumn,,Yes,Yes,42,Credit Card,Monthly
3415,27,Female,94,Connecticut,M,Maroon,Spring,4.9,No,No,3,Bank Transfer,Quarterly
1350,21,Male,36,South Carolina,XL,Black,Spring,3.2,No,Yes,23,Cash,Bi-Weekly
657,42,Male,23,Pennsylvania,M,Beige,Summer,3.9,Yes,Yes,6,PayPal,Quarterly
3060,46,Female,71,Kentucky,L,Maroon,Spring,3.2,No,No,42,Credit Card,Quarterly
3167,19,Female,80,Georgia,M,Gold,Winter,2.7,No,No,37,Bank Transfer,Fortnightly
691,25,Male,68,Alaska,XL,Red,Spring,4.8,Yes,Yes,45,Bank Transfer,Weekly
1357,49,Male,61,Indiana,M,Cyan,Spring,4,No,Yes,34,Bank Transfer,Annually
3032,61,Female,74,Idaho,L,Teal,Summer,4.9,No,No,30,Credit Card,Monthly
3153,49,Female,90,North Carolina,M,Red,Fall,3.1,No,No,17,PayPal,Monthly
331,46,Male,51,North Dakota,M,Beige,Winter,,Yes,Yes,43,Venmo,Bi-Weekly
1749,34,Male,93,Montana,L,Teal,Winter,3.9,No,No,41,Bank Transfer,Annually
607,27,Male,90,Colorado,M,Blue,Spring,4.5,Yes,Yes,44,PayPal,Monthly
4726,65,Other,,Los Angeles,,White,Autumn,,Yes,Yes,35,Credit Card,Weekly
4150,40,Other,988.27,New York,L,White,Winter,,No,No,,Cash,Weekly
1673,18,Male,73,South Carolina,L,Gold,Fall,3.8,No,Yes,15,Venmo,Quarterly
1240,62,Male,37,New Jersey,XL,Magenta,Spring,4.8,No,Yes,32,Debit Card,Every 3 Months
3771,23,Female,42,Montana,L,Black,Summer,4,No,No,34,Bank Transfer,Weekly
715,26,Male,70,South Dakota,M,Magenta,Fall,4.4,Yes,Yes,40,Debit Card,Fortnightly
2764,28,Female,52,West Virginia,M,Green,Fall,2.9,No,No,35,Venmo,Quarterly
4498,18,Female,,Phoenix,,White,Autumn,5,No,No,15,Credit Card,Weekly
2040,35,Male,51,Minnesota,M,Olive,Spring,3.1,No,No,31,Debit Card,Bi-Weekly
3074,58,Female,63,Oregon,L,White,Winter,3.6,No,No,7,Debit Card,Bi-Weekly
3203,65,Female,37,Wisconsin,L,Green,Fall,4.5,No,No,38,Venmo,Annually
4270,55,Female,387.35,Los Angeles,,White,Winter,,No,No,9,Credit Card,Quarterly
2152,70,Male,58,Vermont,L,Brown,Fall,2.6,No,No,18,Venmo,Monthly
2081,29,Male,47,South Dakota,S,Gray,Fall,3.5,No,No,17,Debit Card,Bi-Weekly
2416,21,Male,34,Hawaii,XL,Lavender,Fall,4.3,No,No,30,Bank Transfer,Weekly
3359,56,Female,59,Tennessee,M,Magenta,Fall,3.4,No,No,26,Cash,Annually
2469,65,Male,21,Connecticut,L,Cyan,Winter,3.7,No,No,6,Venmo,Weekly
2986,46,Female,36,Hawaii,S,Teal,Summer,3,No,No,21,Cash,Bi-Weekly
2165,42,Male,20,Iowa,S,Olive,Winter,4.8,No,No,46,PayPal,Bi-Weekly
4957,54,Other,,New York,S,Green,Autumn,5,Yes,No,21,PayPal,Weekly
247,35,Male,86,Nevada,XL,Beige,Spring,3.2,Yes,Yes,20,Venmo,Bi-Weekly
62,55,Male,68,Texas,M,Orange,Winter,4.7,Yes,Yes,21,Credit Card,Every 3 Months
4000,33,Other,,Phoenix,,Red,Spring,5,Yes,Yes,47,PayPal,Quarterly
2638,20,Male,23,Alabama,M,Magenta,Spring,3.7,No,No,2,PayPal,Annually
2112,41,Male,85,Missouri,XL,Pink,Spring,2.6,No,No,15,Bank Transfer,Annually
2362,44,Male,64,Alabama,M,Gray,Spring,4.3,No,No,30,Credit Card,Every 3 Months
3346,28,Female,91,Florida,M,Turquoise,Summer,4,No,No,3,Venmo,Bi-Weekly
4351,26,Other,1147.1,Chicago,,White,Winter,2,No,Yes,,Credit Card,Weekly
2003,31,Male,65,New York,M,Red,Summer,2.7,No,No,19,PayPal,Every 3 Months
2526,39,Male,72,Kentucky,M,Purple,Winter,4.2,No,No,20,PayPal,Weekly
4809,52,Male,,Los Angeles,M,White,Spring,,No,No,29,Credit Card,Monthly
3848,60,Female,34,Delaware,S,Blue,Fall,3.2,No,No,31,PayPal,Fortnightly
3066,49,Female,59,North Dakota,M,Beige,Fall,2.8,No,No,7,Venmo,Bi-Weekly
1202,27,Male,61,Illinois,XL,Black,Summer,3.1,No,Yes,46,Venmo,Fortnightly
4318,45,Female,335.78,New York,,White,Spring,2,No,Yes,6,Debit Card,Monthly
4135,32,Male,,Houston,XL,Red,Winter,5,No,Yes,41,Credit Card,Weekly
4722,47,Female,1151.72,Los Angeles,XL,Blue,Autumn,2,No,Yes,,Credit Card,Monthly
514,22,Male,65,New Mexico,M,Peach,Fall,3.6,Yes,Yes,45,Venmo,Annually
2766,64,Female,70,Colorado,M,Purple,Summer,4.3,No,No,24,Credit Card,Quarterly
875,25,Male,65,Maine,M,Magenta,Fall,4.4,Yes,Yes,10,Venmo,Every 3 Months
1472,31,Male,71,Alaska,S,Gray,Spring,2.8,No,Yes,48,Venmo,Every 3 Months
3687,59,Female,70,Louisiana,M,Charcoal,Spring,4.8,No,No,17,Cash,Bi-Weekly
1109,27,Male,25,Nebraska,M,Teal,Fall,2.8,No,Yes,50,Cash,Fortnightly
2730,31,Female,71,Montana,S,Violet,Summer,4.1,No,No,32,Credit Card,Monthly
3384,27,Female,43,Delaware,M,Pink,Fall,2.6,No,No,39,Venmo,Bi-Weekly
3622,38,Female,32,New Jersey,XL,Silver,Summer,4,No,No,5,Cash,Fortnightly
4029,37,Female,,Phoenix,M,Blue,Spring,,No,No,,Credit Card,Monthly
2567,35,Male,38,Missouri,S,Yellow,Fall,3.3,No,No,43,PayPal,Quarterly
1030,29,Male,22,Ohio,M,Purple,Spring,3.6,Yes,Yes,33,Venmo,Bi-Weekly
4215,70,Male,,New York,,Red,Summer,,No,Yes,25,PayPal,Quarterly
1189,68,Male,29,Mississippi,M,Magenta,Summer,3.3,No,Yes,11,Credit Card,Weekly
850,23,Male,61,Missouri,S,Charcoal,Spring,4.3,Yes,Yes,24,PayPal,Quarterly
959,70,Male,53,Washington,XL,Beige,Winter,4.4,Yes,Yes,31,Credit Card,Bi-Weekly
1616,64,Male,62,New York,M,Indigo,Fall,3.2,No,Yes,45,Cash,Bi-Weekly
4705,28,Other,629.99,Los Angeles,S,White,Winter,,No,Yes,5,Credit Card,Monthly
1802,33,Male,57,New Jersey,M,Turquoise,Spring,3.9,No,No,48,Debit Card,Fortnightly
3082,64,Female,44,Vermont,L,Pink,Winter,4.9,No,No,11,Credit Card,Weekly
4281,48,Male,,Los Angeles,S,Green,Autumn,,No,Yes,,Credit Card,Quarterly
3805,37,Female,77,Florida,M,Olive,Fall,2.7,No,No,45,Cash,Annually
4134,39,Female,,Los Angeles,L,Black,Spring,,No,Yes,,PayPal,Weekly
1024,61,Male,71,Maine,S,Turquoise,Winter,3.5,Yes,Yes,29,Bank Transfer,Every 3 Months
838,25,Male,28,Illinois,L,Brown,Spring,4.9,Yes,Yes,33,Cash,Every 3 Months
2124,54,Male,71,Nebraska,L,Cyan,Spring,3.7,No,No,22,Debit Card,Bi-Weekly
3137,58,Female,32,Minnesota,M,Gray,Fall,3.1,No,No,29,Cash,Bi-Weekly
3756,64,Female,93,Pennsylvania,M,Peach,Fall,3.4,No,No,26,Credit Card,Monthly
1754,25,Male,27,Colorado,L,Black,Fall,4.8,No,No,23,Credit Card,Fortnightly
1465,33,Male,92,Montana,M,Peach,Winter,4.6,No,Yes,23,Bank Transfer,Quarterly
3705,68,Female,61,Missouri,L,Black,Winter,4,No,No,36,Credit Card,Quarterly
3772,21,Female,86,Oklahoma,M,Red,Winter,2.6,No,No,28,Venmo,Bi-Weekly
714,37,Male,90,Oregon,M,Lavender,Summer,2.6,Yes,Yes,39,Bank Transfer,Bi-Weekly
3787,31,Female,47,Tennessee,L,Yellow,Fall,3.6,No,No,22,Venmo,Weekly
4898,61,Female,,Chicago,S,Red,Spring,,No,No,,Cash,Quarterly
2985,45,Female,32,Texas,L,Red,Spring,4.3,No,No,36,Debit Card,Bi-Weekly
2164,52,Male,60,New York,L,Gray,Spring,4.5,No,No,44,Bank Transfer,Monthly
3261,39,Female,36,Wisconsin,M,Violet,Summer,4.5,No,No,7,Credit Card,Annually
3662,63,Female,39,Kansas,S,White,Winter,3.5,No,No,5,Credit Card,Fortnightly
4263,51,Female,,Houston,S,Red,Spring,4,No,No,17,Debit Card,Quarterly
4754,37,Male,,Chicago,,Black,Winter,,No,Yes,,Cash,Quarterly
2387,19,Male,33,Illinois,L,Blue,Summer,2.9,No,No,14,Venmo,Monthly
4224,46,Male,356.1,New York,M,Black,Autumn,,No,Yes,32,Debit Card,Monthly
270,68,Male,44,Georgia,M,Charcoal,Winter,3.3,Yes,Yes,9,Cash,Bi-Weekly
891,52,Male,51,New York,S,Purple,Spring,4.3,Yes,Yes,47,Credit Card,Monthly
1996,67,Male,80,Missouri,S,Teal,Spring,3,No,No,29,Debit Card,Quarterly
2126,57,Male,87,New Hampshire,M,Beige,Fall,4.8,No,No,31,PayPal,Quarterly
1714,49,Male,22,Missouri,M,Pink,Winter,4.6,No,No,37,PayPal,Quarterly
4500,22,Female,,Phoenix,,Black,Winter,,No,Yes,39,Credit Card,Weekly
4332,31,Female,,Los Angeles,M,White,Autumn,4,Yes,No,,Credit Card,Quarterly
4165,53,Other,684.07,Chicago,L,Blue,Spring,5,Yes,Yes,,Cash,Quarterly
509,27,Male,20,Illinois,S,Yellow,Winter,3.7,Yes,Yes,31,PayPal,Quarterly
2053,45,Male,48,New Hampshire,M,Gray,Winter,3.7,No,No,30,Bank Transfer,Annually
3536,68,Female,51,Mississippi,M,Red,Summer,5,No,No,20,Debit Card,Monthly
3037,50,Female,58,Vermont,S,Violet,Spring,4.3,No,No,7,Venmo,Fortnightly
4711,63,Male,722.83,Houston,M,Black,Winter,,No,Yes,,PayPal,Quarterly
4700,61,Other,1282.12,Chicago,M,Black,Autumn,,No,Yes,,Debit Card,Quarterly
4164,41,Female,,New York,,Red,Spring,,No,No,,PayPal,Monthly
3095,22,Female,59,Georgia,M,Gray,Summer,2.7,No,No,9,Cash,Weekly
4704,39,Female,,Phoenix,S,Black,Summer,,Yes,Yes,,Cash,Monthly
1560,43,Male,94,Oregon,L,Beige,Fall,4.5,No,Yes,23,PayPal,Fortnightly
3697,63,Female,48,Connecticut,L,Turquoise,Fall,3.4,No,No,26,Bank Transfer,Annually
1494,70,Male,44,North Dakota,S,Gold,Fall,2.7,No,Yes,44,Credit Card,Quarterly
860,47,Male,73,Wisconsin,M,Teal,Winter,4,Yes,Yes,7,Debit Card,Monthly
2220,33,Male,91,Minnesota,S,Purple,Fall,2.8,No,No,16,Bank Transfer,Fortnightly
845,59,Male,48,Missouri,L,Purple,Winter,4.4,Yes,Yes,44,Venmo,Bi-Weekly
1160,66,Male,55,New Hampshire,L,Blue,Fall,3.6,No,Yes,46,Venmo,Every 3 Months
3230,54,Female,67,Connecticut,M,Teal,Fall,2.7,No,No,24,Cash,Monthly
25,18,Male,22,Florida,M,Green,Fall,2.9,Yes,Yes,16,Debit Card,Weekly
3726,18,Female,100,Oklahoma,S,Turquoise,Winter,4.4,No,No,2,PayPal,Annually
939,36,Male,97,Wisconsin,S,Teal,Fall,4.8,Yes,Yes,21,Debit Card,Fortnightly
1248,65,Male,99,Virginia,M,Charcoal,Spring,,No,Yes,18,Venmo,Bi-Weekly
3898,46,Female,33,New Jersey,L,Green,Spring,2.9,No,No,24,Venmo,Quarterly
562,65,Male,65,Alabama,M,Blue,Fall,2.6,Yes,Yes,25,PayPal,Fortnightly
183,38,Male,96,Alabama,XL,Purple,Summer,2.8,Yes,Yes,10,Debit Card,Annually
2677,43,Female,77,Kentucky,M,Maroon,Spring,3.6,No,No,3,Cash,Fortnightly
3376,51,Female,98,Connecticut,XL,Yellow,Fall,4.9,No,No,8,Credit Card,Annually
3761,65,Female,80,Connecticut,M,Peach,Fall,3.1,No,No,36,PayPal,Weekly
1973,54,Male,31,Louisiana,M,Silver,Summer,3.3,No,No,48,PayPal,Every 3 Months
420,53,Male,91,Utah,S,Teal,Winter,,Yes,Yes,14,Credit Card,Every 3 Months
2457,59,Male,83,Nebraska,M,Green,Winter,3.3,No,No,5,PayPal,Monthly
3543,62,Female,28,Idaho,S,Olive,Spring,4.2,No,No,5,Venmo,Weekly
4955,20,Other,,Los Angeles,,Red,Winter,,No,No,3,Cash,Quarterly
2873,63,Female,48,Connecticut,L,Olive,Fall,2.6,No,No,5,Cash,Annually
631,41,Male,94,Mississippi,S,Silver,Fall,4.3,Yes,Yes,33,Debit Card,Annually
462,18,Male,93,Ohio,M,Yellow,Winter,3.9,Yes,Yes,20,Venmo,Weekly
669,49,Male,85,Hawaii,S,Turquoise,Fall,2.9,Yes,Yes,35,Bank Transfer,Monthly
3575,29,Female,70,New York,M,Cyan,Fall,4.9,No,No,39,Bank Transfer,Quarterly
3154,56,Female,88,Alabama,L,Red,Fall,3.1,No,No,46,Venmo,Fortnightly
3630,52,Female,43,Kansas,L,Lavender,Summer,4.5,No,No,44,Debit Card,Fortnightly
4709,63,Female,,Phoenix,XL,Green,Summer,2,Yes,Yes,,Credit Card,Monthly
2448,59,Male,47,South Dakota,L,Peach,Fall,3.2,No,No,10,Venmo,Fortnightly
1166,51,Male,64,Wisconsin,M,Silver,Winter,2.9,No,Yes,21,Venmo,Every 3 Months
1855,25,Male,61,Kentucky,M,Teal,Spring,3.8,No,No,49,Credit Card,Annually
1825,58,Male,47,Illinois,XL,Magenta,Winter,3.8,No,No,31,Cash,Monthly
1620,57,Male,78,Hawaii,L,Beige,Winter,3.5,No,Yes,50,Venmo,Bi-Weekly
2515,42,Male,37,Alaska,L,Teal,Spring,4.8,No,No,45,PayPal,Bi-Weekly
1368,60,Male,63,Iowa,S,Black,Fall,3.8,No,Yes,25,Cash,Quarterly
5026,66,Other,1311.16,Los Angeles,S,White,Autumn,5,No,Yes,22,Debit Card,Weekly
3106,48,Female,33,Oregon,M,Olive,Fall,2.7,No,No,17,Debit Card,Monthly
1220,19,Male,23,Vermont,M,Gold,Winter,2.5,No,Yes,35,Credit Card,Bi-Weekly
2685,46,Female,45,Washington,M,Gray,Summer,4.7,No,No,42,Credit Card,Bi-Weekly
537,44,Male,84,Illinois,S,Maroon,Fall,4.4,Yes,Yes,16,Debit Card,Every 3 Months
4055,21,Other,1493.56,New York,S,Green,Autumn,,No,Yes,9,Credit Card,Quarterly
2083,41,Male,89,Arkansas,M,Yellow,Summer,2.9,No,No,28,Venmo,Every 3 Months
369,24,Male,39,Oklahoma,M,Charcoal,Spring,4.5,Yes,Yes,29,Cash,Monthly
4616,51,Female,336.09,New York,,White,Autumn,,No,Yes,,PayPal,Monthly
1067,49,Male,96,Mississippi,M,Red,Winter,4,No,Yes,11,PayPal,Bi-Weekly
1209,20,Male,100,Wisconsin,S,Red,Winter,,No,Yes,8,Debit Card,Annually
4716,70,Other,1352.6,New York,M,Black,Autumn,4,No,Yes,,Debit Card,Weekly
3279,59,Female,70,Montana,M,Black,Summer,3.3,No,No,18,Bank Transfer,Weekly
4391,20,Male,732.58,New York,M,Red,Autumn,,Yes,Yes,,Cash,Monthly
2222,25,Male,88,Kansas,XL,White,Fall,3,No,No,34,Credit Card,Annually
1901,65,Male,85,Iowa,S,Blue,Summer,3.3,No,No,34,Cash,Quarterly
3409,48,Female,72,Montana,L,Purple,Summer,4.4,No,No,11,Bank Transfer,Annually
456,54,Male,100,Utah,XL,Gold,Fall,3.6,Yes,Yes,50,Debit Card,Fortnightly
2545,46,Male,70,Delaware,M,Red,Spring,2.5,No,No,39,Venmo,Quarterly
4193,46,Male,991.93,New York,S,Red,Winter,,No,Yes,8,Debit Card,Monthly
2345,34,Male,92,Rhode Island,XL,Lavender,Fall,3.5,No,No,14,Venmo,Bi-Weekly
2614,58,Male,88,South Dakota,M,Gold,Fall,2.9,No,No,14,Bank Transfer,Monthly
573,56,Male,97,South Carolina,XL,Cyan,Summer,4.6,Yes,Yes,26,Bank Transfer,Annually
1883,44,Male,54,Tennessee,L,Blue,Winter,5,No,No,25,Bank Transfer,Quarterly
4337,31,Other,183.76,New York,M,Red,Autumn,2,No,No,26,Credit Card,Weekly
1743,51,Male,80,Kansas,XL,White,Spring,4.3,No,No,18,Venmo,Every 3 Months
3618,48,Female,47,Kentucky,M,Lavender,Fall,4.3,No,No,29,Debit Card,Monthly
1023,61,Male,41,Nebraska,M,Lavender,Winter,4.9,Yes,Yes,7,Cash,Annually
4662,25,Other,1459.59,Houston,L,Black,Spring,,Yes,Yes,,Debit Card,Monthly
678,60,Male,62,Washington,S,Turquoise,Summer,2.7,Yes,Yes,41,PayPal,Annually
3477,68,Female,99,South Carolina,XL,Orange,Summer,3.2,No,No,11,Cash,Weekly
4641,30,Female,822.03,Los Angeles,,Red,Summer,,No,Yes,,Debit Card,Weekly
1351,31,Male,71,Delaware,M,Orange,Fall,4.3,No,Yes,1,Cash,Every 3 Months
1044,28,Male,76,Hawaii,M,Green,Spring,3.3,Yes,Yes,28,Debit Card,Fortnightly
1786,47,Male,29,Iowa,S,Peach,Fall,4.1,No,No,22,Venmo,Monthly
287,27,Male,51,Nebraska,L,Gray,Summer,2.6,Yes,Yes,6,Debit Card,Annually
2456,20,Male,98,Alaska,L,Lavender,Spring,3.4,No,No,25,Cash,Every 3 Months
3587,33,Female,28,Idaho,M,Yellow,Winter,4.6,No,No,12,PayPal,Bi-Weekly
5049,43,Male,,Chicago,S,White,Summer,,No,No,13,Cash,Monthly
2790,28,Female,85,North Carolina,L,Orange,Fall,5,No,No,28,Credit Card,Bi-Weekly
3313,55,Female,75,Louisiana,L,Black,Summer,3.9,No,No,45,Cash,Quarterly
4931,59,Other,,Phoenix,L,Red,Spring,,Yes,No,,PayPal,Quarterly
2864,37,Female,56,Connecticut,M,Yellow,Fall,3.9,No,No,18,Venmo,Monthly
2645,25,Male,83,New Mexico,M,Turquoise,Spring,3.3,No,No,4,Bank Transfer,Every 3 Months
2783,41,Female,34,Idaho,S,Cyan,Spring,3.8,No,No,30,PayPal,Annually
2716,25,Female,92,Mississippi,XL,Pink,Winter,4.1,No,No,29,PayPal,Fortnightly
1943,63,Male,28,Alabama,M,Cyan,Fall,3.4,No,No,22,PayPal,Monthly
2484,32,Male,96,Arizona,S,Teal,Fall,2.9,No,No,8,Debit Card,Monthly
2707,24,Female,40,Alabama,S,Blue,Spring,3.1,No,No,48,Debit Card,Quarterly
2394,58,Male,97,Louisiana,M,Brown,Winter,5,No,No,38,PayPal,Every 3 Months
4296,59,Female,591.76,New York,,White,Winter,3,No,No,4,Credit Card,Quarterly
1577,56,Male,75,Michigan,M,White,Spring,3.7,No,Yes,36,PayPal,Monthly
2305,26,Male,73,Louisiana,L,Silver,Winter,4.7,No,No,9,Debit Card,Fortnightly
1365,68,Male,75,Delaware,L,Yellow,Fall,4.7,No,Yes,5,Cash,Every 3 Months
1643,18,Male,70,Mississippi,M,Beige,Spring,4.2,No,Yes,16,PayPal,Fortnightly
3519,50,Female,97,Colorado,M,Black,Spring,4.2,No,No,30,PayPal,Quarterly
5016,45,Other,992.57,Phoenix,L,Black,Spring,,No,No,,PayPal,Weekly
2760,68,Female,59,Washington,M,Turquoise,Summer,3.9,No,No,42,Cash,Every 3 Months
2770,32,Female,89,Oklahoma,L,Lavender,Fall,3,No,No,13,Cash,Weekly
4080,28,Female,551.22,Los Angeles,,Blue,Winter,,Yes,Yes,32,Cash,Monthly
4041,66,Male,,Phoenix,M,Red,Autumn,3,No,No,,PayPal,Monthly
3338,23,Female,23,Arizona,L,Blue,Winter,4.4,No,No,45,Bank Transfer,Bi-Weekly
920,41,Male,82,Massachusetts,L,Green,Winter,2.6,Yes,Yes,17,Debit Card,Bi-Weekly
5053,36,Male,949.74,Houston,L,White,Spring,4,Yes,No,,Cash,Quarterly
734,45,Male,36,Rhode Island,L,Cyan,Fall,2.7,Yes,Yes,20,Debit Card,Bi-Weekly
700,50,Male,46,Connecticut,M,Charcoal,Fall,2.6,Yes,Yes,5,PayPal,Weekly
1352,30,Male,31,Vermont,L,Maroon,Summer,2.8,No,Yes,28,Bank Transfer,Quarterly
4476,56,Male,,Phoenix,,White,Autumn,1,No,Yes,,Debit Card,Monthly
1987,62,Male,48,Arkansas,L,Green,Summer,3.4,No,No,14,Venmo,Quarterly
923,63,Male,60,Georgia,M,Cyan,Fall,4.2,Yes,Yes,13,Credit Card,Monthly
2921,33,Female,72,Texas,XL,Brown,Spring,4.9,No,No,3,Debit Card,Bi-Weekly
2007,58,Male,97,New Mexico,S,Pink,Fall,4.4,No,No,2,Credit Card,Annually
3201,67,Female,24,Missouri,L,Black,Spring,4.8,No,No,32,Credit Card,Monthly
1000,50,Male,28,New Mexico,L,Brown,Spring,2.9,Yes,Yes,23,Debit Card,Monthly
2433,59,Male,66,Hawaii,M,Peach,Winter,2.8,No,No,43,Venmo,Monthly
3597,28,Female,83,South Carolina,M,Charcoal,Spring,4.3,No,No,44,Cash,Fortnightly
2872,46,Female,43,Idaho,S,Black,Summer,2.7,No,No,40,Venmo,Bi-Weekly
4116,52,Male,,Los Angeles,L,Black,Winter,4,Yes,No,,Credit Card,Quarterly
330,70,Male,31,Nevada,S,White,Summer,2.9,Yes,Yes,34,Bank Transfer,Monthly
2150,38,Male,21,Hawaii,L,Orange,Winter,4,No,No,1,Bank Transfer,Weekly
2822,35,Female,72,Georgia,L,Olive,Summer,4.5,No,No,37,Venmo,Monthly
2343,20,Male,89,Tennessee,M,Olive,Fall,4.9,No,No,16,Debit Card,Fortnightly
2723,23,Female,83,Maine,M,Green,Spring,2.8,No,No,22,PayPal,Fortnightly
2153,38,Male,48,New Jersey,L,Magenta,Summer,4.5,No,No,43,Bank Transfer,Bi-Weekly
1621,25,Male,47,Virginia,M,Charcoal,Winter,3.1,No,Yes,27,PayPal,Every 3 Months
1914,49,Male,48,Kentucky,M,Peach,Winter,3.6,No,No,29,Cash,Annually
4174,50,Male,,New York,L,Black,Winter,5,No,No,13,Cash,Monthly
563,53,Male,62,Missouri,M,Blue,Summer,3.5,Yes,Yes,40,Debit Card,Annually
2374,37,Male,20,Michigan,M,Gray,Spring,4.9,No,No,21,Debit Card,Every 3 Months
104,54,Male,89,West Virginia,L,Red,Winter,4,Yes,Yes,22,Venmo,Bi-Weekly
2054,19,Male,60,Wyoming,S,Purple,Spring,4.5,No,No,16,Credit Card,Fortnightly
1099,49,Male,98,Idaho,S,Turquoise,Spring,3.6,No,Yes,27,Credit Card,Weekly
3148,45,Female,99,North Dakota,M,Pink,Winter,4.3,No,No,21,Credit Card,Weekly
2725,52,Female,91,Missouri,M,Brown,Spring,2.5,No,No,11,Debit Card,Fortnightly
1681,61,Male,37,Louisiana,M,Olive,Summer,3.4,No,No,6,Credit Card,Annually
4042,21,Other,1006.01,Los Angeles,S,Green,Winter,,No,Yes,50,Debit Card,Monthly
351,42,Male,68,Kentucky,M,Violet,Spring,2.6,Yes,Yes,47,Bank Transfer,Fortnightly
1163,47,Male,92,North Carolina,M,Blue,Winter,4.2,No,Yes,13,PayPal,Weekly
4606,33,Female,,Phoenix,L,White,Autumn,1,Yes,No,,Debit Card,Weekly
1947,59,Male,49,Louisiana,M,White,Summer,4.5,No,No,41,Credit Card,Quarterly
4470,60,Female,,Phoenix,,Red,Autumn,3,No,Yes,,Cash,Weekly
2653,23,Female,20,Maryland,L,Cyan,Summer,3.3,No,No,46,Credit Card,Monthly
5039,61,Male,835.52,Los Angeles,,Blue,Autumn,5,No,No,5,Debit Card,Monthly
518,61,Male,49,North Dakota,L,Silver,Fall,2.7,Yes,Yes,44,Cash,Every 3 Months
425,66,Male,23,Illinois,M,Gold,Winter,4.3,Yes,Yes,42,PayPal,Fortnightly
1190,64,Male,97,Arkansas,XL,Teal,Summer,,No,Yes,28,Debit Card,Annually
2906,58,Female,53,New York,L,Black,Winter,4.8,No,No,14,Debit Card,Fortnightly
2240,42,Male,96,Alabama,L,Indigo,Summer,3.8,No,No,41,Credit Card,Every 3 Months
2031,66,Male,67,New Mexico,S,Green,Summer,2.8,No,No,38,Credit Card,Monthly
478,42,Male,56,North Dakota,M,Green,Summer,3.7,Yes,Yes,49,Debit Card,Weekly
807,56,Male,56,Florida,L,Charcoal,Summer,2.7,Yes,Yes,46,PayPal,Quarterly
1949,54,Male,37,Connecticut,L,Brown,Winter,3.1,No,No,39,PayPal,Bi-Weekly
3456,49,Female,89,Ohio,M,Orange,Fall,4.7,No,No,13,Venmo,Annually
634,66,Male,33,Minnesota,M,Orange,Spring,2.9,Yes,Yes,50,Debit Card,Quarterly
2606,41,Male,93,Nevada,M,White,Spring,3.7,No,No,32,Venmo,Fortnightly
3490,48,Female,26,Idaho,L,Black,Summer,4.6,No,No,32,PayPal,Every 3 Months
4436,59,Female,,Los Angeles,,Red,Summer,,Yes,Yes,39,PayPal,Monthly
2437,52,Male,24,Connecticut,M,Yellow,Fall,2.7,No,No,38,Credit Card,Quarterly
1523,38,Male,72,Tennessee,L,Yellow,Spring,4.8,No,Yes,5,Debit Card,Monthly
3689,52,Female,91,West Virginia,L,White,Spring,3,No,No,8,Cash,Monthly
4994,45,Female,728.44,New York,L,Blue,Spring,,Yes,Yes,42,Cash,Monthly
3627,69,Female,98,Mississippi,L,Teal,Fall,3.5,No,No,32,Venmo,Quarterly
1611,20,Male,31,Tennessee,L,Purple,Spring,3.4,No,Yes,1,PayPal,Annually
528,21,Male,23,South Carolina,L,Yellow,Winter,4.3,Yes,Yes,47,Bank Transfer,Every 3 Months
239,64,Male,34,Ohio,M,Peach,Fall,4.2,Yes,Yes,5,Cash,Annually
2587,20,Male,28,Maine,L,Yellow,Winter,4.6,No,No,1,Credit Card,Every 3 Months
4438,37,Other,1025.56,Phoenix,S,Black,Spring,5,No,No,,Cash,Weekly
1048,31,Male,36,Utah,S,Olive,Fall,4.2,Yes,Yes,7,Credit Card,Fortnightly
4817,65,Male,598.48,Chicago,S,Black,Autumn,,No,No,38,Cash,Monthly
2951,22,Female,91,Iowa,S,Maroon,Winter,4.1,No,No,44,Debit Card,Every 3 Months
2216,25,Male,96,West Virginia,M,Indigo,Winter,2.7,No,No,28,Credit Card,Fortnightly
162,65,Male,49,North Dakota,M,Olive,Fall,3,Yes,Yes,29,Venmo,Fortnightly
220,32,Male,88,Nevada,M,Cyan,Spring,3,Yes,Yes,12,Cash,Fortnightly
5015,54,Male,1436.38,New York,S,Green,Autumn,,No,Yes,18,Cash,Quarterly
1686,33,Male,48,Minnesota,M,Pink,Winter,4.6,No,No,43,PayPal,Bi-Weekly
32,33,Male,79,West Virginia,L,Brown,Winter,4.7,Yes,Yes,45,Venmo,Monthly
2461,58,Male,36,Maine,S,Lavender,Winter,4,No,No,28,Credit Card,Annually
1593,56,Male,83,Iowa,M,Cyan,Summer,3.3,No,Yes,10,Bank Transfer,Every 3 Months
2492,63,Male,47,North Carolina,M,Magenta,Spring,2.5,No,No,15,Bank Transfer,Monthly
2876,24,Female,81,Kentucky,M,Pink,Fall,2.6,No,No,14,Debit Card,Weekly
779,29,Male,50,Massachusetts,M,Yellow,Summer,2.9,Yes,Yes,23,Debit Card,Annually
763,45,Male,46,New Mexico,M,Pink,Fall,3.9,Yes,Yes,43,Debit Card,Fortnightly
2613,55,Male,22,Louisiana,M,Turquoise,Winter,3.8,No,No,27,Venmo,Quarterly
615,68,Male,85,Idaho,M,Lavender,Winter,4,Yes,Yes,21,Credit Card,Bi-Weekly
3515,25,Female,50,Georgia,XL,Gray,Winter,4.7,No,No,32,Cash,Monthly
2953,50,Female,24,Alabama,M,Peach,Spring,4.9,No,No,5,Debit Card,Monthly
2869,45,Female,49,Colorado,M,Black,Winter,2.6,No,No,42,PayPal,Every 3 Months
419,18,Male,73,Illinois,L,Purple,Spring,3,Yes,Yes,27,Venmo,Bi-Weekly
803,38,Male,41,Delaware,M,Teal,Winter,3.5,Yes,Yes,2,Bank Transfer,Weekly
934,70,Male,84,Colorado,M,Magenta,Spring,2.7,Yes,Yes,33,Debit Card,Monthly
3859,30,Female,77,Missouri,M,Olive,Winter,3.5,No,No,26,Credit Card,Quarterly
4445,59,Male,,Houston,,Red,Summer,,Yes,No,46,Credit Card,Monthly
882,52,Male,61,South Carolina,M,Silver,Summer,2.7,Yes,Yes,18,Venmo,Annually
2687,40,Female,72,Georgia,M,Black,Winter,3.8,No,No,33,Cash,Fortnightly
519,24,Male,100,Oregon,M,Beige,Fall,2.9,Yes,Yes,16,Venmo,Every 3 Months
2599,64,Male,86,Nevada,XL,Olive,Fall,3.3,No,No,31,Debit Card,Annually
2972,30,Female,100,Utah,L,Yellow,Fall,3.9,No,No,9,PayPal,Every 3 Months
4598,37,Female,187.51,Phoenix,,Blue,Summer,,Yes,Yes,20,Credit Card,Weekly
3640,26,Female,44,Illinois,M,Brown,Summer,3.6,No,No,39,Venmo,Annually
3634,39,Female,51,Montana,M,Orange,Spring,2.8,No,No,1,Bank Transfer,Bi-Weekly
951,54,Male,37,New Mexico,XL,Turquoise,Winter,4.1,Yes,Yes,30,PayPal,Quarterly
4838,54,Male,,Phoenix,XL,Black,Spring,5,No,No,,Cash,Quarterly
3852,50,Female,83,Montana,M,Pink,Summer,3.9,No,No,24,Debit Card,Annually
929,67,Male,37,Arkansas,XL,Yellow,Winter,3.4,Yes,Yes,31,Cash,Every 3 Months
592,47,Male,37,Kentucky,L,Olive,Fall,4.2,Yes,Yes,6,Debit Card,Bi-Weekly
3418,54,Female,35,Massachusetts,M,Blue,Summer,2.9,No,No,22,Debit Card,Fortnightly
2970,36,Female,62,Vermont,S,Blue,Fall,4.3,No,No,20,Cash,Every 3 Months
795,69,Male,50,Kentucky,XL,Yellow,Winter,4.2,Yes,Yes,10,Debit Card,Fortnightly
4088,49,Female,,Chicago,,Blue,Spring,,No,No,37,Debit Card,Weekly
856,70,Male,76,Oregon,L,Gold,Spring,3,Yes,Yes,14,Credit Card,Quarterly
2096,36,Male,63,New Mexico,M,Gray,Fall,4,No,No,1,Bank Transfer,Fortnightly
4304,35,Female,469.48,Houston,,Red,Winter,,Yes,Yes,,Cash,Monthly
4510,56,Other,1403.73,Phoenix,M,Black,Spring,,No,Yes,,PayPal,Quarterly
5032,24,Male,,Los Angeles,XL,Black,Autumn,2,No,No,31,Cash,Monthly
3639,40,Female,20,Kansas,M,Olive,Spring,4.6,No,No,50,PayPal,Bi-Weekly
3266,40,Female,100,Alabama,M,White,Winter,3.2,No,No,28,Credit Card,Fortnightly
2298,60,Male,83,California,M,Orange,Summer,4.7,No,No,1,Bank Transfer,Quarterly
4311,19,Female,873.21,Chicago,S,Red,Winter,5,Yes,No,33,Credit Card,Monthly
485,68,Male,73,Missouri,L,Lavender,Summer,4.7,Yes,Yes,28,Bank Transfer,Quarterly
736,61,Male,48,Montana,M,Orange,Fall,3.6,Yes,Yes,48,Cash,Bi-Weekly
2505,56,Male,94,Rhode Island,M,Turquoise,Winter,4,No,No,31,Cash,Bi-Weekly
323,41,Male,95,Tennessee,S,Cyan,Winter,3,Yes,Yes,47,Credit Card,Monthly
195,51,Male,94,Missouri,M,Olive,Spring,3.1,Yes,Yes,15,Debit Card,Quarterly
2135,55,Male,41,Virginia,XL,Maroon,Winter,2.9,No,No,35,Credit Card,Fortnightly
2474,57,Male,98,Arkansas,M,Red,Winter,2.6,No,No,28,Cash,Quarterly
3767,62,Female,59,Texas,M,Black,Fall,4.9,No,No,43,Debit Card,Annually
345,24,Male,71,Virginia,M,Charcoal,Winter,4,Yes,Yes,46,Debit Card,Monthly
1027,49,Male,95,Virginia,L,Turquoise,Winter,3,Yes,Yes,39,PayPal,Bi-Weekly
468,19,Male,51,Nebraska,S,Orange,Spring,4.5,Yes,Yes,37,Debit Card,Every 3 Months
3693,59,Female,34,Alabama,L,Turquoise,Spring,4.8,No,No,29,Cash,Fortnightly
1618,43,Male,64,Wisconsin,M,Peach,Winter,4.3,No,Yes,50,Credit Card,Fortnightly
974,60,Male,75,Colorado,M,Teal,Fall,3.5,Yes,Yes,30,Bank Transfer,Quarterly
1990,35,Male,42,Maryland,S,Charcoal,Spring,4,No,No,39,PayPal,Bi-Weekly
352,28,Male,90,New York,M,Teal,Winter,3.9,Yes,Yes,24,Debit Card,Bi-Weekly
2616,49,Male,62,Arizona,M,Maroon,Fall,3.1,No,No,6,Debit Card,Quarterly
1486,22,Male,56,Nebraska,L,Red,Spring,3.4,No,Yes,3,Cash,Fortnightly
3563,47,Female,36,Maryland,M,Cyan,Winter,3.4,No,No,7,Bank Transfer,Weekly
3318,21,Female,67,North Carolina,XL,Pink,Summer,4.7,No,No,30,Cash,Quarterly
151,35,Male,96,California,L,Cyan,Fall,4.9,Yes,Yes,17,Debit Card,Every 3 Months
1059,29,Male,33,New Mexico,L,Violet,Summer,3.1,No,Yes,49,Bank Transfer,Every 3 Months
2868,21,Female,55,Colorado,L,White,Summer,4.9,No,No,33,Cash,Fortnightly
2145,47,Male,23,Maryland,L,Orange,Winter,3.7,No,No,25,PayPal,Quarterly
1008,58,Male,62,Georgia,XL,Turquoise,Spring,4.8,Yes,Yes,2,Credit Card,Annually
4670,41,Male,,Chicago,,Blue,Autumn,,No,Yes,,PayPal,Quarterly
2351,57,Male,26,Hawaii,M,Turquoise,Winter,4.2,No,No,21,Cash,Annually
3590,31,Female,73,New Hampshire,M,Blue,Spring,4.8,No,No,38,Cash,Every 3 Months
506,61,Male,63,Maine,L,Gray,Spring,4.3,Yes,Yes,9,Cash,Bi-Weekly
11,53,Male,34,Arkansas,L,Purple,Fall,4.1,Yes,Yes,26,Bank Transfer,Bi-Weekly
783,28,Male,57,Hawaii,M,Green,Summer,4.5,Yes,Yes,15,Cash,Weekly
2236,40,Male,82,Illinois,M,Gray,Spring,4.5,No,No,44,Credit Card,Annually
2724,54,Female,49,Texas,XL,Brown,Summer,2.9,No,No,3,PayPal,Every 3 Months
5099,59,Female,736.01,Chicago,,White,Spring,1,No,Yes,,Cash,Weekly
3843,35,Female,84,Colorado,L,Lavender,Winter,4.2,No,No,42,Debit Card,Monthly
3,50,Male,73,Massachusetts,S,Maroon,Spring,3.1,Yes,Yes,23,Credit Card,Weekly
1208,62,Male,90,Washington,M,White,Summer,4.1,No,Yes,48,Credit Card,Every 3 Months
2759,32,Female,98,Illinois,M,Purple,Summer,3.2,No,No,8,Bank Transfer,Bi-Weekly
384,50,Male,77,West Virginia,S,Magenta,Fall,,Yes,Yes,6,PayPal,Quarterly
1866,56,Male,62,Missouri,S,Silver,Summer,3.8,No,No,12,Bank Transfer,Monthly
4739,29,Male,,New York,S,Green,Autumn,1,Yes,No,9,Cash,Weekly
2497,67,Male,79,Illinois,S,Yellow,Summer,3.2,No,No,37,Credit Card,Weekly
2573,54,Male,42,Washington,M,Silver,Fall,3.9,No,No,40,Bank Transfer,Quarterly
1284,69,Male,94,Oregon,M,Violet,Winter,3.9,No,Yes,23,Debit Card,Every 3 Months
171,52,Male,25,Wyoming,M,Maroon,Fall,2.6,Yes,Yes,46,Venmo,Bi-Weekly
2980,31,Female,91,Louisiana,L,Olive,Fall,2.6,No,No,14,PayPal,Weekly
4803,70,Other,,Phoenix,L,Black,Summer,5,Yes,Yes,,Debit Card,Monthly
3077,66,Female,46,New Hampshire,M,Blue,Summer,3.6,No,No,13,Venmo,Bi-Weekly
609,41,Male,25,Delaware,S,Gold,Fall,3.3,Yes,Yes,21,Venmo,Every 3 Months
3668,51,Female,45,Washington,L,Cyan,Fall,2.6,No,No,20,Venmo,Monthly
3123,23,Female,45,Georgia,M,Pink,Fall,3,No,No,34,Credit Card,Fortnightly
3098,48,Female,33,Delaware,M,Silver,Fall,3.7,No,No,39,Bank Transfer,Quarterly
2227,22,Male,72,Missouri,L,Blue,Spring,4.8,No,No,28,Cash,Annually
2383,39,Male,60,California,M,Turquoise,Spring,3.9,No,No,44,Debit Card,Weekly
4377,34,Female,,Chicago,,Green,Autumn,,No,No,3,Debit Card,Weekly
4512,42,Male,,Los Angeles,M,Red,Winter,,No,Yes,5,PayPal,Monthly
3839,47,Female,25,Rhode Island,L,Green,Summer,4.2,No,No,24,Venmo,Every 3 Months
4938,47,Female,914.23,Chicago,M,Green,Summer,,No,No,,Debit Card,Weekly
1056,70,Male,27,Massachusetts,M,Orange,Spring,3.3,No,Yes,24,Debit Card,Annually
2284,44,Male,45,Ohio,S,Black,Winter,4.1,No,No,34,Credit Card,Fortnightly
4594,46,Male,,Phoenix,L,White,Summer,,Yes,No,,Cash,Monthly
1113,69,Male,67,Washington,XL,Pink,Spring,4.6,No,Yes,32,PayPal,Quarterly
4205,45,Other,,Los Angeles,L,Red,Summer,5,No,No,26,Debit Card,Quarterly
4124,46,Other,,Houston,,Red,Winter,,No,Yes,,Credit Card,Monthly
3380,61,Female,51,Tennessee,L,Turquoise,Summer,5,No,No,40,Cash,Weekly
4347,65,Male,,Chicago,S,Black,Summer,4,Yes,Yes,,PayPal,Weekly
2091,51,Male,71,Massachusetts,S,Teal,Winter,3.4,No,No,21,Debit Card,Monthly
3010,62,Female,73,Louisiana,M,Silver,Winter,4.6,No,No,8,Venmo,Fortnightly
3845,30,Female,87,Montana,S,Cyan,Fall,5,No,No,40,Venmo,Quarterly
153,30,Male,85,South Carolina,S,Brown,Summer,4.3,Yes,Yes,42,Venmo,Annually
4269,56,Female,118.61,Los Angeles,,Green,Autumn,1,Yes,Yes,,PayPal,Quarterly
837,23,Male,90,West Virginia,L,Violet,Winter,3.9,Yes,Yes,22,Cash,Bi-Weekly
1971,28,Male,94,Maryland,M,Indigo,Spring,2.9,No,No,4,Credit Card,Bi-Weekly
227,29,Male,74,Texas,L,Violet,Spring,3.3,Yes,Yes,5,PayPal,Monthly
4989,61,Male,,Los Angeles,S,Red,Autumn,5,Yes,Yes,43,Cash,Weekly
1702,69,Male,41,Mississippi,XL,Blue,Winter,3.8,No,No,44,Debit Card,Every 3 Months
200,54,Male,73,Idaho,XL,Green,Summer,3.8,Yes,Yes,32,Cash,Weekly
2717,47,Female,40,Colorado,L,Black,Spring,2.7,No,No,21,Debit Card,Weekly
1506,46,Male,20,North Dakota,M,Teal,Summer,3,No,Yes,39,Cash,Monthly
2419,22,Male,69,Michigan,S,Indigo,Fall,4,No,No,47,Cash,Every 3 Months
321,66,Male,72,Kansas,L,White,Summer,4.9,Yes,Yes,28,Debit Card,Quarterly
4163,28,Other,789.72,Los Angeles,S,White,Autumn,4,Yes,Yes,33,Credit Card,Quarterly
4900,41,Male,510.59,New York,L,White,Autumn,,No,No,36,Credit Card,Monthly
5088,57,Other,,Los Angeles,L,Red,Summer,,No,Yes,11,PayPal,Monthly
2102,49,Male,23,Oregon,M,Blue,Winter,3.6,No,No,12,Bank Transfer,Bi-Weekly
1836,65,Male,75,Kentucky,M,Lavender,Fall,3.2,No,No,45,Credit Card,Quarterly
3702,46,Female,66,New Mexico,M,Charcoal,Spring,4.5,No,No,36,Cash,Annually
241,47,Male,45,Montana,XL,Turquoise,Winter,3.5,Yes,Yes,29,Bank Transfer,Fortnightly
2983,33,Female,45,Wisconsin,M,Orange,Summer,3.6,No,No,4,Credit Card,Weekly
897,69,Male,29,Arkansas,M,Lavender,Spring,4.7,Yes,Yes,38,Cash,Fortnightly
4663,29,Male,627.73,Houston,XL,Red,Summer,,Yes,No,,Cash,Quarterly
3667,67,Female,50,Alabama,M,Olive,Winter,3,No,No,47,Cash,Every 3 Months
817,26,Male,24,Illinois,L,Cyan,Summer,3.9,Yes,Yes,24,Debit Card,Monthly
16,64,Male,81,Rhode Island,M,Teal,Winter,2.8,Yes,Yes,8,PayPal,Monthly
2537,51,Male,39,Oklahoma,L,Gray,Spring,4.9,No,No,45,PayPal,Every 3 Months
3694,66,Female,46,South Dakota,M,Violet,Summer,4.7,No,No,10,Venmo,Weekly
2823,61,Female,37,New Jersey,S,Brown,Fall,4.1,No,No,33,PayPal,Quarterly
2896,56,Female,86,Montana,L,Green,Summer,4.6,No,No,29,Bank Transfer,Monthly
4945,59,Female,1343.37,Phoenix,,Red,Summer,2,No,Yes,,Credit Card,Weekly
2409,23,Male,55,Hawaii,XL,Black,Fall,4.2,No,No,44,Debit Card,Every 3 Months
1126,27,Male,90,North Dakota,M,Lavender,Summer,2.7,No,Yes,10,Bank Transfer,Weekly
2798,63,Female,42,Oklahoma,M,Green,Winter,3.5,No,No,10,Venmo,Every 3 Months
304,20,Male,60,Oregon,M,Turquoise,Summer,3.3,Yes,Yes,49,Venmo,Weekly
2450,26,Male,56,Alabama,S,Violet,Fall,4.1,No,No,31,Venmo,Fortnightly
2135,55,Male,41,Virginia,XL,Maroon,Winter,2.9,No,No,35,Credit Card,Fortnightly
2572,45,Male,27,Mississippi,L,Black,Winter,3.5,No,No,48,Cash,Fortnightly
4390,59,Female,,Los Angeles,S,White,Winter,1,Yes,No,,Credit Card,Quarterly
1601,20,Male,26,Montana,S,Yellow,Spring,4.7,No,Yes,24,PayPal,Weekly
774,29,Male,84,California,L,Indigo,Winter,2.6,Yes,Yes,14,Debit Card,Bi-Weekly
1025,28,Male,66,Pennsylvania,M,Purple,Summer,3.5,Yes,Yes,18,Venmo,Quarterly
2943,54,Female,63,Hawaii,M,Brown,Summer,2.6,No,No,37,Bank Transfer,Weekly
3658,58,Female,82,Alabama,L,Gold,Winter,3.7,No,No,1,Debit Card,Every 3 Months
766,54,Male,99,Alaska,M,Pink,Summer,3,Yes,Yes,13,Cash,Quarterly
554,63,Male,59,Florida,M,White,Winter,3.2,Yes,Yes,15,Credit Card,Quarterly
4007,33,Male,,New York,S,Blue,Spring,1,No,Yes,,PayPal,Monthly
3294,19,Female,91,West Virginia,M,Gold,Spring,3.5,No,No,47,Credit Card,Fortnightly
4631,44,Female,749.08,New York,L,Green,Spring,,No,Yes,25,PayPal,Monthly
2508,58,Male,36,Louisiana,M,Cyan,Fall,2.9,No,No,32,Credit Card,Every 3 Months
3339,29,Female,94,Minnesota,L,White,Winter,2.9,No,No,46,Credit Card,Monthly
2843,28,Female,100,Arizona,L,Green,Fall,4.3,No,No,48,Debit Card,Quarterly
796,39,Male,26,New York,M,Beige,Summer,4.6,Yes,Yes,34,Venmo,Annually
1934,48,Male,67,Montana,L,Violet,Summer,4.1,No,No,28,Venmo,Annually
3220,57,Female,40,Kansas,L,White,Summer,3.5,No,No,39,Credit Card,Weekly
2067,64,Male,92,Illinois,M,Olive,Fall,4.7,No,No,44,Debit Card,Fortnightly
2245,35,Male,37,South Carolina,M,Gold,Summer,4.8,No,No,22,PayPal,Annually
632,55,Male,68,Washington,S,Violet,Summer,4.1,Yes,Yes,27,Cash,Fortnightly
1874,64,Male,44,Wisconsin,XL,Red,Fall,2.9,No,No,49,Bank Transfer,Weekly
4677,41,Female,,Los Angeles,L,White,Autumn,,No,No,9,Credit Card,Monthly
4437,28,Male,412.8,Phoenix,,Green,Autumn,,Yes,Yes,,Credit Card,Quarterly
4161,54,Other,,New York,XL,Blue,Spring,,No,No,,Debit Card,Weekly
1458,58,Male,57,Pennsylvania,S,Gray,Spring,4.7,No,Yes,47,Venmo,Fortnightly
4634,49,Female,,Chicago,,Red,Summer,,No,Yes,,Cash,Quarterly
4032,23,Female,213.14,Phoenix,L,White,Winter,,Yes,Yes,,Credit Card,Monthly
1939,46,Male,23,Kentucky,L,Blue,Spring,3.8,No,No,39,Debit Card,Bi-Weekly
2692,43,Female,25,Nebraska,L,Blue,Winter,3.3,No,No,48,Cash,Monthly
4384,22,Female,632.95,Houston,M,White,Summer,4,No,Yes,35,Cash,Quarterly
33,36,Male,67,Kansas,M,Silver,Summer,4.9,Yes,Yes,37,Venmo,Annually
4751,26,Female,,Houston,L,Black,Spring,4,Yes,Yes,14,Cash,Monthly
2192,26,Male,69,Pennsylvania,S,Maroon,Summer,3.8,No,No,46,Cash,Bi-Weekly
3692,63,Female,21,Michigan,XL,Orange,Summer,4.8,No,No,24,PayPal,Weekly
2502,49,Male,94,West Virginia,M,Violet,Fall,4.6,No,No,30,Venmo,Bi-Weekly
2235,35,Male,66,New Hampshire,S,Yellow,Winter,4,No,No,26,Cash,Weekly
3373,56,Female,25,Pennsylvania,M,Maroon,Winter,4.6,No,No,14,Credit Card,Every 3 Months
1976,53,Male,77,Illinois,L,Turquoise,Fall,2.9,No,No,4,Cash,Quarterly
2318,47,Male,34,New Jersey,M,Purple,Summer,4.7,No,No,28,Bank Transfer,Monthly
4484,70,Other,1104.47,Phoenix,L,Green,Spring,1,No,Yes,10,PayPal,Monthly
3014,41,Female,55,Arizona,L,Peach,Summer,4.2,No,No,13,Cash,Monthly
1760,68,Male,58,Louisiana,L,Green,Spring,4,No,No,1,PayPal,Weekly
946,38,Male,38,Minnesota,M,Violet,Summer,4.1,Yes,Yes,8,Venmo,Every 3 Months
1858,51,Male,85,Colorado,L,Maroon,Summer,4,No,No,33,Cash,Monthly
877,41,Male,51,Nebraska,L,Gray,Summer,3.8,Yes,Yes,1,Debit Card,Weekly
1784,42,Male,49,Ohio,L,Lavender,Winter,3.3,No,No,30,Credit Card,Monthly
3175,45,Female,52,Oklahoma,L,Orange,Winter,3.8,No,No,35,PayPal,Monthly
3004,51,Female,53,Oregon,M,Brown,Fall,2.8,No,No,13,Credit Card,Every 3 Months
4582,68,Female,784.97,Los Angeles,M,White,Summer,,Yes,No,7,PayPal,Weekly
3287,45,Female,67,Illinois,L,Pink,Winter,5,No,No,4,Venmo,Fortnightly
4808,30,Male,478.64,Houston,L,White,Summer,,No,Yes,,Cash,Weekly
4486,50,Female,,Houston,M,Blue,Winter,,No,No,21,Credit Card,Monthly
4586,23,Female,,Los Angeles,L,Red,Autumn,,No,No,,Credit Card,Monthly
1768,69,Male,89,Minnesota,L,Lavender,Fall,3.8,No,No,46,Debit Card,Fortnightly
4245,42,Female,454,New York,L,Red,Autumn,5,No,No,40,Debit Card,Monthly
2619,70,Male,77,Louisiana,L,Brown,Fall,4.1,No,No,12,Venmo,Monthly
2671,30,Female,44,Pennsylvania,M,Yellow,Fall,4.7,No,No,26,Bank Transfer,Bi-Weekly
3377,22,Female,46,Ohio,M,Green,Winter,4.1,No,No,24,Cash,Quarterly
4397,47,Other,,Chicago,L,White,Spring,,Yes,No,,Credit Card,Weekly
3329,42,Female,35,Wisconsin,M,Violet,Spring,3.2,No,No,11,Cash,Bi-Weekly
4276,53,Other,,Houston,M,Red,Spring,,Yes,No,28,Credit Card,Monthly
809,46,Male,96,Wisconsin,L,Lavender,Fall,4.6,Yes,Yes,38,Cash,Every 3 Months
4842,30,Female,,Phoenix,L,White,Summer,4,Yes,No,,Debit Card,Monthly
1846,51,Male,78,Delaware,M,Orange,Winter,2.8,No,No,39,Bank Transfer,Quarterly
3879,60,Female,42,South Carolina,M,Pink,Summer,3.4,No,No,24,Credit Card,Annually
3836,58,Female,58,Pennsylvania,L,Silver,Winter,2.6,No,No,28,PayPal,Bi-Weekly
1906,47,Male,35,Idaho,M,Teal,Summer,4.9,No,No,14,Bank Transfer,Fortnightly
225,63,Male,83,South Dakota,S,Beige,Summer,2.9,Yes,Yes,12,Cash,Every 3 Months
1482,64,Male,33,Maryland,S,Gray,Spring,3.3,No,Yes,31,PayPal,Quarterly
4323,31,Male,,Phoenix,L,White,Winter,4,No,No,,Debit Card,Weekly
203,57,Male,38,Nebraska,L,Magenta,Spring,2.7,Yes,Yes,33,Venmo,Annually
259,61,Male,74,Alabama,S,Lavender,Spring,2.8,Yes,Yes,16,Cash,Quarterly
5075,69,Male,377.18,New York,M,Black,Spring,3,No,No,35,Credit Card,Monthly
3118,43,Female,50,Florida,M,Olive,Fall,3,No,No,4,PayPal,Bi-Weekly
2473,24,Male,73,Utah,M,Peach,Summer,4.1,No,No,31,Credit Card,Annually
2277,31,Male,82,Wyoming,L,Red,Summer,4.1,No,No,25,Debit Card,Weekly
2238,45,Male,34,Alabama,S,Black,Summer,3.8,No,No,31,Venmo,Every 3 Months
374,23,Male,27,North Dakota,L,White,Summer,4.6,Yes,Yes,11,Venmo,Bi-Weekly
3567,28,Female,88,Alaska,S,Orange,Spring,3.1,No,No,14,Venmo,Monthly
4455,46,Female,,New York,,Blue,Spring,,No,No,23,Debit Card,Quarterly
1408,56,Male,61,Nevada,XL,Charcoal,Spring,4.5,No,Yes,11,Credit Card,Annually
1356,59,Male,91,Florida,M,Blue,Summer,3,No,Yes,50,PayPal,Bi-Weekly
2186,40,Male,32,North Carolina,M,Violet,Winter,2.5,No,No,50,Debit Card,Every 3 Months
290,49,Male,85,New York,M,Yellow,Fall,4.5,Yes,Yes,26,Credit Card,Monthly
1843,61,Male,78,Alabama,M,Black,Summer,4.4,No,No,1,Debit Card,Annually
84,36,Male,40,Texas,M,Turquoise,Summer,4.1,Yes,Yes,34,Bank Transfer,Weekly
231,66,Male,88,Utah,L,Olive,Fall,4.1,Yes,Yes,43,Credit Card,Annually
754,47,Male,54,Massachusetts,M,Teal,Fall,3.4,Yes,Yes,27,Venmo,Quarterly
1993,33,Male,98,New Jersey,L,Gold,Winter,4.9,No,No,28,Venmo,Monthly
4183,69,Female,,Phoenix,S,Black,Autumn,4,No,No,,PayPal,Weekly
1222,18,Male,69,Iowa,M,Red,Winter,4.5,No,Yes,3,Cash,Quarterly
4469,22,Female,639.97,Chicago,,Blue,Spring,1,No,Yes,,Cash,Monthly
2992,66,Female,71,Utah,L,Green,Summer,3.9,No,No,7,PayPal,Bi-Weekly
3231,49,Female,49,Kansas,M,Olive,Summer,2.5,No,No,38,Debit Card,Annually
2641,30,Male,75,Indiana,L,Olive,Summer,4,No,No,45,Venmo,Bi-Weekly
978,20,Male,20,Washington,M,Black,Spring,4.6,Yes,Yes,34,Cash,Bi-Weekly
962,62,Male,72,Pennsylvania,L,Olive,Fall,3.7,Yes,Yes,37,Debit Card,Quarterly
1185,63,Male,73,South Carolina,S,Indigo,Fall,3.4,No,Yes,19,Credit Card,Annually
1449,64,Male,95,West Virginia,M,Black,Summer,3.6,No,Yes,11,Credit Card,Every 3 Months
1470,28,Male,98,Mississippi,M,Purple,Winter,4.4,No,Yes,31,PayPal,Every 3 Months
473,20,Male,39,Georgia,L,Gray,Winter,3.9,Yes,Yes,3,Bank Transfer,Quarterly
3614,58,Female,27,Minnesota,M,Magenta,Fall,3.5,No,No,40,Venmo,Annually
3544,58,Female,83,Colorado,M,Blue,Winter,4.1,No,No,18,PayPal,Every 3 Months
2452,41,Male,60,Oklahoma,M,Purple,Fall,3.4,No,No,27,Venmo,Monthly
4273,64,Female,938.96,New York,XL,Red,Summer,5,No,No,42,Cash,Monthly
4025,68,Female,,Phoenix,XL,Red,Summer,,No,Yes,33,Debit Card,Quarterly
1817,26,Male,79,Virginia,M,Purple,Summer,4,No,No,4,Cash,Weekly
2487,61,Male,58,Texas,L,Magenta,Spring,4.4,No,No,6,Credit Card,Fortnightly
690,19,Male,91,Pennsylvania,M,Orange,Summer,4.7,Yes,Yes,35,Credit Card,Every 3 Months
2533,55,Male,86,Nebraska,S,Charcoal,Summer,2.6,No,No,4,Debit Card,Weekly
1292,69,Male,68,South Dakota,S,Beige,Spring,3.2,No,Yes,23,Debit Card,Fortnightly
3239,25,Female,84,Wyoming,XL,Teal,Fall,3.4,No,No,37,Cash,Quarterly
582,32,Male,100,Iowa,XL,Charcoal,Winter,2.7,Yes,Yes,12,Bank Transfer,Every 3 Months
2557,24,Male,88,Montana,XL,Magenta,Fall,3.1,No,No,4,Bank Transfer,Quarterly
1873,43,Male,64,Alaska,M,Lavender,Summer,4.6,No,No,24,Credit Card,Monthly
2893,22,Female,39,Nevada,M,Teal,Spring,3.2,No,No,47,Credit Card,Monthly
3458,64,Female,87,Maryland,M,Gray,Summer,3,No,No,29,Cash,Fortnightly
1960,46,Male,90,Colorado,M,White,Fall,3.1,No,No,7,Credit Card,Every 3 Months
4219,44,Male,1495.94,Houston,L,Green,Spring,5,No,No,,Credit Card,Weekly
3235,49,Female,96,Washington,M,Black,Winter,2.5,No,No,16,Debit Card,Quarterly
5081,37,Other,1103.56,Phoenix,,Green,Autumn,3,No,No,17,Debit Card,Weekly
1955,26,Male,77,Colorado,M,Pink,Winter,4.2,No,No,3,Venmo,Quarterly
848,53,Male,44,New Jersey,L,Blue,Fall,4.1,Yes,Yes,30,PayPal,Monthly
3278,59,Female,86,Texas,M,Blue,Spring,4.9,No,No,3,Credit Card,Monthly
1101,50,Male,28,Nevada,L,Gold,Spring,4.4,No,Yes,2,Credit Card,Weekly
2331,60,Male,63,Arizona,L,Orange,Summer,2.9,No,No,47,PayPal,Every 3 Months
553,24,Male,94,Missouri,M,Peach,Fall,3.5,Yes,Yes,18,Bank Transfer,Weekly
5005,60,Male,,Chicago,,Black,Spring,,No,No,,Cash,Weekly
3325,37,Female,32,Missouri,S,Red,Fall,3.3,No,No,41,Venmo,Weekly
1756,56,Male,20,Delaware,XL,Charcoal,Spring,4.6,No,No,45,Cash,Monthly
4737,61,Other,,New York,XL,Red,Winter,5,Yes,Yes,33,Debit Card,Quarterly
168,33,Male,27,Arkansas,M,Green,Fall,4,Yes,Yes,14,Credit Card,Every 3 Months
692,60,Male,21,Massachusetts,L,Silver,Summer,2.9,Yes,Yes,37,PayPal,Bi-Weekly
511,21,Male,87,West Virginia,M,Teal,Fall,3.9,Yes,Yes,22,Venmo,Annually
2376,60,Male,63,Virginia,L,Peach,Fall,2.9,No,No,18,Credit Card,Quarterly
4322,54,Other,,Los Angeles,,Green,Spring,5,No,Yes,43,Debit Card,Weekly
3069,32,Female,40,California,M,Indigo,Winter,4.2,No,No,4,Debit Card,Weekly
2988,63,Female,36,Louisiana,L,Black,Winter,2.5,No,No,42,Cash,Monthly
3331,38,Female,96,Missouri,M,Black,Spring,3.2,No,No,41,Bank Transfer,Quarterly
4974,49,Other,1080.39,New York,L,Blue,Autumn,2,Yes,No,,Credit Card,Monthly
599,21,Male,66,California,L,Green,Winter,3.2,Yes,Yes,30,Cash,Every 3 Months
4923,67,Male,,Phoenix,,Blue,Summer,,Yes,No,,Cash,Weekly
2266,36,Male,94,Montana,XL,Yellow,Fall,3.9,No,No,10,PayPal,Quarterly
295,70,Male,20,New Jersey,M,Gold,Spring,4.6,Yes,Yes,19,Credit Card,Every 3 Months
4721,54,Male,726.15,Chicago,,Green,Summer,,Yes,Yes,,Cash,Quarterly
5067,18,Male,1310.4,Phoenix,S,Black,Spring,,Yes,No,41,Cash,Monthly
4760,41,Other,,Chicago,,White,Summer,5,Yes,Yes,,Debit Card,Weekly
1334,29,Male,69,Idaho,M,Lavender,Winter,2.7,No,Yes,9,Bank Transfer,Quarterly
3321,66,Female,44,Illinois,XL,Silver,Fall,4.2,No,No,45,Cash,Every 3 Months
1321,56,Male,31,California,XL,Teal,Fall,3.1,No,Yes,19,Debit Card,Annually
180,64,Male,31,Illinois,M,Violet,Fall,4.9,Yes,Yes,9,Bank Transfer,Fortnightly
1710,45,Male,83,Indiana,M,Pink,Winter,3.8,No,No,19,Bank Transfer,Annually
3023,58,Female,26,Georgia,M,Lavender,Fall,4,No,No,23,PayPal,Weekly
385,70,Male,33,California,M,Beige,Fall,4.5,Yes,Yes,6,Venmo,Annually
2316,69,Male,79,Vermont,M,Indigo,Winter,3.5,No,No,49,Debit Card,Quarterly
13,61,Male,72,Delaware,M,Gold,Winter,4.5,Yes,Yes,37,Venmo,Fortnightly
668,34,Male,76,Arizona,S,Blue,Winter,2.6,Yes,Yes,32,Bank Transfer,Quarterly
4123,26,Female,1131.2,New York,XL,White,Summer,2,No,Yes,,Credit Card,Quarterly
1879,34,Male,29,Oklahoma,L,Magenta,Summer,3.4,No,No,5,Credit Card,Monthly
2048,58,Male,82,Connecticut,M,Silver,Summer,3.1,No,No,32,Cash,Annually
935,45,Male,47,Oregon,S,Yellow,Spring,3.7,Yes,Yes,21,Bank Transfer,Monthly
2018,70,Male,32,Massachusetts,S,Green,Winter,4.1,No,No,42,Bank Transfer,Every 3 Months
3647,69,Female,68,Nevada,M,Maroon,Spring,5,No,No,39,Debit Card,Fortnightly
5071,66,Other,,Chicago,S,Red,Winter,3,Yes,Yes,29,Debit Card,Monthly
2997,70,Female,91,Utah,M,White,Spring,2.9,No,No,6,Venmo,Every 3 Months
969,57,Male,67,North Carolina,L,Gray,Summer,3.1,Yes,Yes,48,Bank Transfer,Quarterly
4998,69,Other,,Chicago,S,Red,Summer,3,Yes,Yes,,Cash,Weekly
3151,55,Female,25,Georgia,M,Peach,Spring,2.6,No,No,7,Bank Transfer,Bi-Weekly
3269,22,Female,97,Arkansas,M,Cyan,Fall,2.8,No,No,5,Bank Transfer,Every 3 Months
164,54,Male,67,Virginia,M,Purple,Summer,3.4,Yes,Yes,8,Debit Card,Weekly
5054,42,Male,1106.69,Los Angeles,S,Green,Spring,3,No,Yes,,Cash,Weekly
448,60,Male,82,Washington,S,Turquoise,Spring,3.6,Yes,Yes,7,Bank Transfer,Every 3 Months
1471,43,Male,27,California,M,Silver,Spring,3.9,No,Yes,15,Cash,Every 3 Months
4024,55,Female,,Chicago,S,Green,Autumn,,No,No,,PayPal,Quarterly
2032,21,Male,51,North Carolina,L,Charcoal,Spring,4,No,No,2,Credit Card,Monthly
776,49,Male,53,Kentucky,S,Gold,Winter,3,Yes,Yes,8,PayPal,Monthly
2856,29,Female,95,Mississippi,S,Maroon,Winter,3.8,No,No,33,PayPal,Quarterly
757,62,Male,99,Montana,S,Orange,Summer,4.8,Yes,Yes,24,Cash,Fortnightly
1796,68,Male,20,Wisconsin,S,Violet,Fall,4,No,No,9,Debit Card,Fortnightly
2629,25,Male,51,Wyoming,M,Silver,Summer,3.8,No,No,42,Credit Card,Bi-Weekly
4969,57,Female,1384.26,Phoenix,L,Blue,Winter,,Yes,No,42,Credit Card,Weekly
2661,24,Female,85,South Carolina,L,Yellow,Spring,4.9,No,No,44,Venmo,Annually
2774,39,Female,98,Arizona,S,Maroon,Spring,4.6,No,No,45,Bank Transfer,Quarterly
1777,56,Male,64,Arizona,L,Cyan,Summer,3.4,No,No,10,Venmo,Every 3 Months
466,54,Male,88,Oklahoma,M,Pink,Summer,2.8,Yes,Yes,25,Cash,Quarterly
2377,21,Male,94,Tennessee,XL,Cyan,Spring,4.1,No,No,5,Cash,Weekly
2292,28,Male,30,Ohio,M,Indigo,Spring,5,No,No,13,Credit Card,Quarterly
3040,59,Female,48,Alabama,L,Blue,Spring,3.2,No,No,31,PayPal,Bi-Weekly
2565,42,Male,90,Kentucky,L,Indigo,Winter,3,No,No,27,Bank Transfer,Weekly
1780,29,Male,62,Virginia,M,Charcoal,Winter,4.3,No,No,41,Venmo,Weekly
1074,22,Male,96,California,XL,Purple,Spring,4,No,Yes,33,Credit Card,Monthly
2678,45,Female,43,Connecticut,L,Olive,Spring,3.8,No,No,6,PayPal,Every 3 Months
4431,25,Male,716.34,New York,,Blue,Summer,5,No,Yes,33,PayPal,Weekly
2923,45,Female,68,Kentucky,L,Beige,Winter,3.5,No,No,16,PayPal,Quarterly
407,52,Male,55,Maryland,M,Peach,Spring,4.6,Yes,Yes,13,Cash,Monthly
3639,40,Female,20,Kansas,M,Olive,Spring,4.6,No,No,50,PayPal,Bi-Weekly
4466,33,Female,,Phoenix,S,Green,Winter,,Yes,Yes,,PayPal,Weekly
3271,59,Female,25,Illinois,M,Indigo,Winter,4.7,No,No,48,PayPal,Annually
2001,26,Male,27,California,M,Lavender,Winter,3.6,No,No,25,Cash,Bi-Weekly
253,32,Male,41,Delaware,M,Violet,Summer,3.9,Yes,Yes,33,Venmo,Fortnightly
1407,32,Male,46,Washington,L,Turquoise,Spring,3.6,No,Yes,15,Debit Card,Monthly
3224,68,Female,65,Montana,S,Gray,Spring,3.9,No,No,36,Venmo,Bi-Weekly
4288,39,Other,993.53,Chicago,M,Black,Summer,4,Yes,No,19,Credit Card,Monthly
1935,34,Male,43,Michigan,L,Gold,Winter,2.7,No,No,23,Bank Transfer,Annually
3512,69,Female,81,Mississippi,M,Blue,Summer,3.9,No,No,21,Credit Card,Every 3 Months
3297,20,Female,23,Alaska,M,Green,Spring,4.2,No,No,47,Venmo,Quarterly
2055,65,Male,56,New Jersey,XL,Gold,Spring,2.9,No,No,14,PayPal,Annually
1367,45,Male,40,Iowa,M,Magenta,Fall,3.1,No,Yes,10,Credit Card,Fortnightly
2059,29,Male,98,Washington,M,Brown,Winter,3.3,No,No,17,Bank Transfer,Quarterly
3701,28,Female,84,North Dakota,XL,Charcoal,Summer,3.4,No,No,2,Bank Transfer,Every 3 Months
85,52,Male,32,Arizona,S,Peach,Spring,4.4,Yes,Yes,42,Bank Transfer,Every 3 Months
57,41,Male,73,Mississippi,XL,Brown,Summer,4.7,Yes,Yes,46,Credit Card,Weekly
2649,51,Male,84,Illinois,M,Gray,Spring,3.9,No,No,14,PayPal,Bi-Weekly
2021,41,Male,23,Pennsylvania,M,Beige,Winter,4.8,No,No,26,Cash,Quarterly
1139,18,Male,36,Iowa,M,Purple,Summer,4.7,No,Yes,32,Venmo,Fortnightly
1019,50,Male,70,Georgia,XL,Charcoal,Spring,4.9,Yes,Yes,46,Cash,Weekly
3595,19,Female,87,Alabama,L,Charcoal,Summer,2.6,No,No,29,Venmo,Quarterly
5028,51,Female,,Chicago,S,Black,Summer,,No,Yes,11,PayPal,Monthly
606,40,Male,32,California,XL,Charcoal,Winter,4.2,Yes,Yes,17,Bank Transfer,Weekly
1614,26,Male,31,Illinois,S,Black,Summer,4,No,Yes,6,Credit Card,Fortnightly
658,48,Male,80,Arizona,M,White,Winter,4.3,Yes,Yes,6,PayPal,Quarterly
2155,46,Male,74,Wyoming,M,Violet,Spring,3.4,No,No,33,Cash,Every 3 Months
1559,35,Male,75,New Mexico,XL,Teal,Fall,3.5,No,Yes,24,Credit Card,Every 3 Months
2485,60,Male,97,New Hampshire,M,Green,Summer,4.8,No,No,50,Cash,Every 3 Months
1175,42,Male,31,Michigan,M,Black,Winter,4.3,No,Yes,19,Bank Transfer,Bi-Weekly
3388,53,Female,78,New Jersey,S,Pink,Spring,3.4,No,No,2,Credit Card,Bi-Weekly
30,31,Male,48,Wyoming,S,Black,Fall,4.1,Yes,Yes,14,Credit Card,Weekly
924,55,Male,24,Arkansas,M,Silver,Spring,4.2,Yes,Yes,7,PayPal,Weekly
5085,36,Other,,New York,S,Blue,Summer,,Yes,Yes,,PayPal,Monthly
2859,34,Female,87,Maryland,L,Teal,Summer,3.8,No,No,46,Bank Transfer,Monthly
1210,41,Male,62,Pennsylvania,M,Blue,Winter,3.8,No,Yes,16,Bank Transfer,Monthly
3147,21,Female,83,Virginia,S,Yellow,Winter,4.9,No,No,19,PayPal,Annually
198,59,Male,78,South Carolina,M,Black,Fall,3.2,Yes,Yes,41,Credit Card,Monthly
1638,35,Male,21,Massachusetts,M,Peach,Spring,3.5,No,Yes,32,Venmo,Fortnightly
2146,38,Male,73,Connecticut,S,White,Winter,4.8,No,No,32,PayPal,Annually
68,45,Male,33,Connecticut,L,Gray,Winter,4.4,Yes,Yes,49,Debit Card,Monthly
966,43,Male,55,Delaware,L,Black,Spring,5,Yes,Yes,10,Credit Card,Annually
2261,38,Male,82,Missouri,M,Blue,Fall,4.9,No,No,16,PayPal,Quarterly
2445,47,Male,65,West Virginia,S,Gold,Fall,3.7,No,No,15,Debit Card,Bi-Weekly
2913,48,Female,37,Oregon,M,Yellow,Winter,4,No,No,27,Cash,Bi-Weekly
1456,60,Male,79,Alabama,L,Silver,Fall,4.9,No,Yes,1,PayPal,Every 3 Months
4198,42,Female,,Phoenix,M,Red,Summer,,Yes,Yes,31,Cash,Weekly
3319,45,Female,46,North Dakota,M,Olive,Summer,3.9,No,No,15,PayPal,Monthly
5070,37,Other,,Los Angeles,,Black,Autumn,2,No,No,5,Debit Card,Quarterly
944,32,Male,63,Oklahoma,L,Cyan,Winter,3.8,Yes,Yes,13,Venmo,Fortnightly
3476,48,Female,88,South Carolina,M,Orange,Spring,4.4,No,No,9,Cash,Quarterly
2968,34,Female,36,Indiana,L,Silver,Summer,3.4,No,No,40,Venmo,Annually
2004,68,Male,72,Maine,S,Blue,Spring,3.1,No,No,32,Cash,Quarterly
644,18,Male,57,Oregon,XL,Green,Winter,3.2,Yes,Yes,10,Bank Transfer,Every 3 Months
4781,62,Male,,New York,S,Black,Winter,5,No,Yes,,Cash,Quarterly
3581,51,Female,83,New Hampshire,M,Magenta,Summer,3.2,No,No,3,Cash,Bi-Weekly
3789,43,Female,65,Kansas,XL,Teal,Spring,3.2,No,No,27,Debit Card,Monthly
1911,29,Male,38,New York,S,Yellow,Fall,3.8,No,No,13,Debit Card,Quarterly
4666,35,Female,,Chicago,M,Red,Autumn,5,No,No,41,Debit Card,Monthly
2340,25,Male,65,Illinois,L,Maroon,Spring,3.4,No,No,24,Bank Transfer,Quarterly
2481,61,Male,91,Ohio,XL,Maroon,Summer,2.9,No,No,7,Credit Card,Fortnightly
5048,23,Female,1200.24,Chicago,S,White,Spring,,No,Yes,16,Debit Card,Quarterly
871,66,Male,66,West Virginia,M,Blue,Fall,2.5,Yes,Yes,6,Bank Transfer,Bi-Weekly
328,61,Male,42,Iowa,M,Teal,Summer,3.1,Yes,Yes,36,PayPal,Weekly
1219,55,Male,79,Pennsylvania,M,Cyan,Spring,3.1,No,Yes,43,Cash,Every 3 Months
4133,54,Other,,Los Angeles,S,Red,Spring,2,Yes,Yes,,Debit Card,Monthly
4683,46,Female,,Los Angeles,M,Green,Spring,,No,Yes,,Debit Card,Weekly
2676,24,Female,38,Virginia,M,Peach,Winter,3.4,No,No,38,Cash,Bi-Weekly
2278,25,Male,56,Alabama,M,Beige,Summer,4.6,No,No,18,Credit Card,Quarterly
2365,62,Male,60,Mississippi,L,Maroon,Winter,4.2,No,No,4,PayPal,Quarterly
986,32,Male,80,West Virginia,M,Gray,Fall,5,Yes,Yes,12,Bank Transfer,Annually
2283,18,Male,97,Idaho,S,Red,Fall,4.2,No,No,8,Credit Card,Annually
1757,49,Male,55,New Hampshire,S,Cyan,Fall,2.8,No,No,14,Bank Transfer,Weekly
3456,49,Female,89,Ohio,M,Orange,Fall,4.7,No,No,13,Venmo,Annually
5007,56,Male,705.99,Houston,L,Red,Autumn,3,Yes,No,34,Debit Card,Quarterly
4359,32,Female,,Houston,S,Green,Spring,5,Yes,No,29,PayPal,Monthly
3085,46,Female,37,Idaho,S,Indigo,Spring,3.2,No,No,43,PayPal,Monthly
4985,25,Other,,Houston,S,Black,Winter,,Yes,No,,Debit Card,Monthly
2389,21,Male,68,Alabama,M,Peach,Fall,4.1,No,No,10,Debit Card,Annually
3227,57,Female,71,Minnesota,XL,Beige,Spring,3.3,No,No,38,Bank Transfer,Fortnightly
531,48,Male,37,Montana,XL,Magenta,Winter,3.2,Yes,Yes,25,Credit Card,Bi-Weekly
2739,50,Female,81,Ohio,M,Charcoal,Summer,4.3,No,No,39,Venmo,Every 3 Months
4757,51,Other,337.04,Chicago,L,Blue,Summer,,Yes,Yes,,Credit Card,Quarterly
4543,22,Female,,Phoenix,L,Red,Winter,5,No,Yes,,PayPal,Weekly
3382,57,Female,66,Minnesota,L,Turquoise,Winter,4.7,No,No,27,Credit Card,Quarterly
1294,23,Male,74,Florida,XL,Yellow,Fall,4.1,No,Yes,30,Debit Card,Annually
88,52,Male,53,Ohio,M,Green,Fall,3.7,Yes,Yes,44,Debit Card,Fortnightly
4714,55,Female,,Houston,,Black,Autumn,,No,No,,Credit Card,Monthly
1235,38,Male,99,New Jersey,M,Indigo,Fall,4.1,No,Yes,2,Bank Transfer,Bi-Weekly
996,44,Male,80,Idaho,M,Magenta,Spring,3,Yes,Yes,10,Venmo,Weekly
1108,69,Male,62,Texas,M,Peach,Fall,2.8,No,Yes,26,Bank Transfer,Weekly
4535,26,Male,,Chicago,S,Blue,Winter,,Yes,No,,Cash,Weekly
1579,62,Male,97,California,S,Maroon,Winter,4.9,No,Yes,2,PayPal,Quarterly
2403,45,Male,89,Utah,M,Brown,Winter,3.8,No,No,31,Cash,Weekly
1215,30,Male,81,Vermont,M,Blue,Fall,3.8,No,Yes,5,Cash,Every 3 Months
3818,66,Female,91,Missouri,M,Magenta,Fall,2.6,No,No,40,PayPal,Annually
3542,59,Female,66,Virginia,M,Olive,Winter,4,No,No,22,PayPal,Annually
3109,50,Female,69,Oregon,M,Purple,Fall,3.2,No,No,7,PayPal,Monthly
105,55,Male,24,New Hampshire,L,Pink,Spring,4.4,Yes,Yes,1,PayPal,Monthly
3752,36,Female,97,Alabama,S,Silver,Fall,4.2,No,No,8,Credit Card,Every 3 Months
4400,58,Other,418.38,Houston,S,Blue,Winter,,Yes,Yes,25,Debit Card,Weekly
1262,20,Male,29,Connecticut,L,Maroon,Summer,2.8,No,Yes,2,Credit Card,Fortnightly
1538,68,Male,89,Alaska,L,Black,Spring,3.2,No,Yes,50,Venmo,Annually
1404,26,Male,20,Georgia,M,Peach,Spring,3.6,No,Yes,20,Credit Card,Bi-Weekly
5077,34,Other,1352.9,Houston,L,Green,Autumn,,Yes,Yes,39,Debit Card,Quarterly
915,43,Male,67,Washington,L,Purple,Summer,4.1,Yes,Yes,27,Venmo,Every 3 Months
2301,18,Male,88,Pennsylvania,XL,Lavender,Summer,4.4,No,No,38,Credit Card,Monthly
2051,35,Male,96,Mississippi,M,Teal,Summer,3.4,No,No,10,Debit Card,Annually
142,56,Male,46,Virginia,M,Turquoise,Fall,4.9,Yes,Yes,45,PayPal,Weekly
3427,47,Female,35,Oregon,XL,Magenta,Fall,4.8,No,No,31,Credit Card,Annually
2562,32,Male,20,New York,L,Magenta,Spring,2.7,No,No,22,Debit Card,Quarterly
3592,48,Female,89,South Dakota,M,Gold,Winter,3.2,No,No,38,Bank Transfer,Quarterly
4546,64,Other,1200.04,Los Angeles,L,Blue,Winter,3,Yes,Yes,,Cash,Quarterly
2636,59,Male,80,Colorado,XL,Peach,Spring,2.9,No,No,34,PayPal,Fortnightly
2079,49,Male,42,Hawaii,M,Blue,Spring,3.2,No,No,40,Debit Card,Weekly
916,31,Male,22,Rhode Island,L,Purple,Winter,2.9,Yes,Yes,33,Credit Card,Fortnightly
3420,23,Female,26,West Virginia,L,Indigo,Winter,3.1,No,No,5,Venmo,Bi-Weekly
1518,57,Male,41,New Hampshire,M,Violet,Spring,3.4,No,Yes,12,Cash,Quarterly
1918,38,Male,71,Hawaii,L,Black,Winter,3.4,No,No,35,PayPal,Bi-Weekly
491,57,Male,42,Colorado,M,Silver,Winter,4.2,Yes,Yes,47,Cash,Monthly
4155,22,Male,,Chicago,XL,Blue,Summer,3,No,Yes,,Credit Card,Weekly
1324,58,Male,62,New York,M,Yellow,Spring,4.6,No,Yes,15,Debit Card,Every 3 Months
1659,32,Male,66,Alaska,S,Pink,Spring,4.1,No,Yes,47,Cash,Weekly
3051,31,Female,76,Kentucky,S,Green,Spring,3.6,No,No,28,Venmo,Every 3 Months
4420,43,Male,,Chicago,S,Blue,Autumn,3,Yes,No,19,Credit Card,Quarterly
3259,31,Female,51,New Jersey,M,Magenta,Spring,4.3,No,No,11,Credit Card,Bi-Weekly
1041,68,Male,22,North Carolina,S,Magenta,Fall,4,Yes,Yes,7,Cash,Fortnightly
2525,60,Male,59,Kansas,M,Purple,Spring,3.7,No,No,23,Credit Card,Quarterly
653,64,Male,27,Minnesota,M,Beige,Winter,3.1,Yes,Yes,27,Venmo,Weekly
2264,44,Male,40,Indiana,XL,Green,Winter,3.5,No,No,42,Cash,Quarterly
2590,52,Male,53,North Dakota,M,Silver,Winter,4.9,No,No,31,PayPal,Annually
2914,43,Female,83,Wyoming,L,Cyan,Winter,3.5,No,No,12,Cash,Every 3 Months
1224,69,Male,24,Kansas,L,Red,Winter,3.9,No,Yes,21,Bank Transfer,Weekly
4619,28,Other,,Los Angeles,,Black,Autumn,,No,No,,Debit Card,Monthly
2304,51,Male,71,New Jersey,S,Beige,Spring,4.8,No,No,31,Credit Card,Fortnightly
1265,52,Male,92,Vermont,S,Blue,Winter,2.5,No,Yes,1,Venmo,Bi-Weekly
1478,24,Male,32,Oregon,XL,Silver,Summer,4.3,No,Yes,1,PayPal,Every 3 Months
1912,65,Male,81,Arizona,M,Gray,Spring,4.9,No,No,32,Debit Card,Bi-Weekly
953,36,Male,71,Idaho,S,Red,Fall,3.1,Yes,Yes,28,PayPal,Monthly
3190,25,Female,87,Kansas,M,Beige,Summer,4.2,No,No,30,PayPal,Bi-Weekly
1848,46,Male,100,Arizona,XL,Cyan,Summer,4.4,No,No,49,Credit Card,Weekly
2848,68,Female,21,Connecticut,L,Charcoal,Winter,2.8,No,No,3,PayPal,Every 3 Months
1664,43,Male,22,Maine,XL,Gold,Summer,3.5,No,Yes,1,Cash,Bi-Weekly
4027,68,Other,1416.19,Los Angeles,XL,Blue,Summer,5,No,No,34,Debit Card,Weekly
3624,39,Female,89,Arkansas,M,Violet,Winter,2.7,No,No,4,PayPal,Weekly
1807,58,Male,67,Rhode Island,M,Green,Fall,3.9,No,No,24,Venmo,Annually
2838,65,Female,88,Alabama,M,Brown,Summer,4.5,No,No,44,PayPal,Weekly
2549,42,Male,63,Texas,L,Pink,Winter,3.8,No,No,34,Credit Card,Monthly
3144,68,Female,22,Arizona,M,Purple,Summer,2.9,No,No,26,Cash,Quarterly
1831,50,Male,80,Kansas,M,Blue,Winter,4.8,No,No,7,Venmo,Annually
4867,23,Female,1391.62,New York,,Red,Winter,,Yes,No,4,Credit Card,Quarterly
4687,44,Other,,Chicago,,Blue,Autumn,,Yes,No,9,Debit Card,Monthly
4599,31,Male,,New York,,Black,Winter,,Yes,No,,Debit Card,Quarterly
1805,30,Male,42,Louisiana,L,Peach,Winter,4.4,No,No,39,Credit Card,Weekly
3149,37,Female,35,West Virginia,L,Purple,Fall,4.3,No,No,15,Venmo,Weekly
4801,62,Other,907.87,Houston,S,White,Winter,2,No,No,,Debit Card,Weekly
1787,45,Male,34,Maryland,M,Brown,Spring,4.6,No,No,22,Venmo,Monthly
3177,36,Female,37,Arkansas,XL,Turquoise,Spring,4.6,No,No,39,Credit Card,Monthly
3799,63,Female,72,Rhode Island,S,Brown,Winter,3.2,No,No,23,Credit Card,Annually
2348,37,Male,64,California,S,Gray,Fall,4.2,No,No,46,Cash,Every 3 Months
3856,40,Female,61,Illinois,XL,Lavender,Summer,4.4,No,No,36,Cash,Quarterly
4329,31,Other,1380.81,Phoenix,,White,Autumn,,No,Yes,37,Credit Card,Monthly
2342,56,Male,31,Connecticut,L,Teal,Summer,4.5,No,No,22,Venmo,Every 3 Months
5043,38,Other,,Houston,XL,Black,Winter,,No,No,,Debit Card,Quarterly
2440,55,Male,44,Arkansas,M,Maroon,Summer,2.8,No,No,45,Bank Transfer,Annually
1881,34,Male,33,New Jersey,L,Yellow,Fall,3.1,No,No,8,Debit Card,Monthly
3405,69,Female,34,South Carolina,L,Olive,Fall,3.9,No,No,34,Credit Card,Annually
601,22,Male,63,South Carolina,M,Charcoal,Spring,5,Yes,Yes,25,Venmo,Monthly
4208,36,Female,178.86,Houston,,White,Winter,3,Yes,No,,Credit Card,Monthly
3716,63,Female,34,Nebraska,S,Orange,Fall,3.4,No,No,2,Bank Transfer,Monthly
1464,54,Male,49,Oklahoma,M,Beige,Summer,4.9,No,Yes,1,Bank Transfer,Monthly
4880,47,Female,990.54,New York,S,White,Autumn,,Yes,Yes,,Debit Card,Monthly
1184,23,Male,39,Louisiana,M,Yellow,Spring,4.5,No,Yes,4,Credit Card,Weekly
4703,21,Other,784.8,Los Angeles,,White,Winter,,No,Yes,,Debit Card,Quarterly
4026,58,Other,,Houston,,White,Spring,,No,No,,Debit Card,Weekly
5068,68,Female,,Los Angeles,,Black,Winter,,Yes,Yes,,Debit Card,Quarterly
2651,20,Male,35,Oregon,L,Maroon,Summer,4.2,No,No,46,Credit Card,Every 3 Months
1624,64,Male,58,Indiana,M,Cyan,Summer,3.5,No,Yes,50,Debit Card,Annually
1769,25,Male,45,Nebraska,M,Indigo,Summer,3.9,No,No,2,PayPal,Every 3 Months
816,30,Male,84,West Virginia,L,Teal,Spring,3,Yes,Yes,27,Venmo,Bi-Weekly
4895,26,Female,1090.76,New York,L,Black,Spring,4,No,Yes,,PayPal,Weekly
279,57,Male,95,Hawaii,M,Orange,Spring,3.7,Yes,Yes,23,Debit Card,Annually
4911,48,Female,1171.81,Houston,S,White,Spring,1,Yes,Yes,12,Cash,Quarterly
3138,34,Female,44,Louisiana,M,Turquoise,Spring,2.7,No,No,14,Bank Transfer,Monthly
2831,63,Female,90,Oregon,L,Cyan,Spring,2.9,No,No,13,Venmo,Every 3 Months
1701,62,Male,70,West Virginia,L,Black,Fall,4.1,No,No,36,Bank Transfer,Monthly
2883,59,Female,51,Oklahoma,L,Gold,Winter,2.6,No,No,23,Credit Card,Bi-Weekly
2024,46,Male,68,Idaho,S,Teal,Winter,4.1,No,No,28,Cash,Bi-Weekly
4097,29,Female,,Los Angeles,S,Black,Summer,3,Yes,Yes,18,Debit Card,Monthly
1584,37,Male,92,Maryland,XL,Yellow,Summer,4.3,No,Yes,8,Venmo,Annually
4832,19,Female,322.81,Houston,,Green,Winter,1,Yes,No,11,PayPal,Quarterly
566,59,Male,43,Idaho,L,Lavender,Fall,4.2,Yes,Yes,10,Venmo,Weekly
4240,39,Male,,Phoenix,M,Green,Winter,,Yes,Yes,20,Credit Card,Weekly
515,64,Male,62,Indiana,S,Olive,Winter,4.3,Yes,Yes,47,PayPal,Quarterly
1569,51,Male,76,Washington,L,Yellow,Spring,4.6,No,Yes,8,Debit Card,Monthly
159,25,Male,73,Connecticut,XL,Teal,Fall,4.1,Yes,Yes,50,Bank Transfer,Monthly
4632,39,Male,71.87,Chicago,,White,Spring,4,Yes,No,10,Cash,Quarterly
4997,64,Other,349.89,Houston,S,Black,Winter,,No,No,,Debit Card,Quarterly
1827,45,Male,60,Indiana,M,Turquoise,Winter,4.2,No,No,44,Debit Card,Annually
2257,31,Male,22,California,M,Turquoise,Fall,5,No,No,33,Credit Card,Quarterly
867,67,Male,69,New Mexico,M,Lavender,Summer,2.7,Yes,Yes,11,PayPal,Bi-Weekly
150,38,Male,76,Delaware,M,White,Summer,3.2,Yes,Yes,14,PayPal,Monthly
2309,49,Male,81,North Dakota,M,Teal,Winter,3.4,No,No,22,Bank Transfer,Quarterly
4882,35,Other,1183.94,New York,,Blue,Autumn,,Yes,Yes,13,Credit Card,Quarterly
3623,46,Female,41,Wisconsin,M,Purple,Fall,4.3,No,No,12,Credit Card,Annually
4004,22,Female,,Houston,XL,Black,Spring,5,Yes,No,,Debit Card,Monthly
5023,63,Female,511.14,Phoenix,M,Blue,Autumn,5,No,No,14,Debit Card,Weekly
4767,34,Male,,Los Angeles,M,White,Autumn,5,Yes,Yes,,Credit Card,Monthly
967,58,Male,55,Kentucky,M,Brown,Spring,4.9,Yes,Yes,19,Cash,Annually
4180,50,Male,,New York,,Green,Winter,,No,No,42,PayPal,Quarterly
713,42,Male,81,New Hampshire,XL,Black,Summer,3.8,Yes,Yes,36,Bank Transfer,Quarterly
1942,55,Male,99,Vermont,XL,Peach,Winter,3.3,No,No,46,Credit Card,Quarterly
455,37,Male,97,New Jersey,S,Gold,Summer,3.2,Yes,Yes,14,Cash,Bi-Weekly
2787,54,Female,51,Colorado,M,Violet,Spring,3.8,No,No,41,Debit Card,Every 3 Months
3474,63,Female,40,Kansas,M,Cyan,Spring,2.5,No,No,11,Cash,Weekly
4603,38,Other,1068.26,Los Angeles,M,Blue,Summer,,Yes,Yes,23,Cash,Weekly
2911,32,Female,32,Mississippi,M,Blue,Summer,2.9,No,No,41,Credit Card,Monthly
3580,34,Female,66,Arizona,L,Olive,Fall,4.8,No,No,19,Credit Card,Every 3 Months
3362,47,Female,26,Florida,M,Silver,Spring,4.1,No,No,47,Credit Card,Bi-Weekly
4821,54,Other,,New York,,White,Autumn,1,Yes,Yes,,Cash,Quarterly
301,29,Male,98,Iowa,M,Teal,Spring,4.4,Yes,Yes,24,PayPal,Weekly
4917,58,Female,120.83,Houston,L,Black,Autumn,3,Yes,No,3,Debit Card,Weekly
4753,48,Other,136.29,New York,,White,Autumn,,Yes,No,,Credit Card,Quarterly
3169,31,Female,24,Montana,M,Orange,Spring,2.9,No,No,14,PayPal,Fortnightly
2807,45,Female,39,South Carolina,L,Purple,Spring,2.7,No,No,50,Credit Card,Annually
1674,21,Male,62,Hawaii,M,Violet,Fall,3.4,No,Yes,49,Venmo,Bi-Weekly
4414,65,Male,,New York,M,Blue,Summer,,No,No,,Cash,Quarterly
130,24,Male,67,Pennsylvania,XL,Olive,Summer,4.2,Yes,Yes,49,PayPal,Bi-Weekly
2233,65,Male,64,North Carolina,L,Lavender,Spring,4,No,No,14,Cash,Fortnightly
709,37,Male,50,Kentucky,L,Beige,Summer,3.4,Yes,Yes,19,Cash,Fortnightly
1338,37,Male,86,Tennessee,L,Silver,Spring,3.4,No,Yes,19,Credit Card,Bi-Weekly
141,63,Male,28,North Carolina,L,Yellow,Fall,3.9,Yes,Yes,50,Credit Card,Weekly
4872,56,Female,,Chicago,,Red,Autumn,3,No,No,46,Credit Card,Monthly
1274,41,Male,29,Mississippi,L,Silver,Spring,4.1,No,Yes,32,Credit Card,Every 3 Months
526,51,Male,37,Iowa,M,Cyan,Spring,3.2,Yes,Yes,41,Debit Card,Monthly
697,44,Male,42,Utah,L,Green,Fall,2.8,Yes,Yes,49,Cash,Monthly
1812,42,Male,77,Wisconsin,L,Blue,Summer,3.6,No,No,33,Bank Transfer,Annually
3768,59,Female,51,New York,XL,Black,Summer,3.1,No,No,10,Bank Transfer,Fortnightly
4782,61,Female,651.6,Chicago,XL,Black,Spring,,No,Yes,50,Cash,Quarterly
4142,22,Other,,Los Angeles,S,Green,Autumn,,Yes,No,,Credit Card,Monthly
2285,32,Male,63,Iowa,XL,Black,Fall,4.1,No,No,20,Venmo,Annually
3126,33,Female,26,Oregon,L,Lavender,Spring,4,No,No,3,Cash,Quarterly
4695,61,Other,,New York,S,Red,Summer,,No,Yes,45,PayPal,Weekly
1269,23,Male,88,Idaho,XL,Charcoal,Winter,2.9,No,Yes,25,Debit Card,Bi-Weekly
5073,34,Female,,New York,,Blue,Autumn,,Yes,No,,PayPal,Monthly
277,25,Male,30,South Dakota,XL,Turquoise,Fall,3.5,Yes,Yes,11,Bank Transfer,Fortnightly
529,34,Male,88,Maryland,S,Beige,Winter,3.2,Yes,Yes,40,Cash,Annually
72,36,Male,48,Virginia,L,Gold,Summer,2.9,Yes,Yes,34,Bank Transfer,Annually
2840,70,Female,80,South Dakota,L,Teal,Summer,2.8,No,No,30,Bank Transfer,Monthly
1317,28,Male,32,Arkansas,S,Lavender,Spring,4.6,No,Yes,14,Debit Card,Bi-Weekly
4628,46,Female,31.37,Phoenix,M,Black,Autumn,,Yes,No,32,Credit Card,Monthly
2521,64,Male,56,Illinois,L,Magenta,Summer,3.1,No,No,16,Cash,Every 3 Months
3003,70,Female,29,Louisiana,M,Maroon,Fall,3.6,No,No,19,Bank Transfer,Quarterly
1723,46,Male,51,Massachusetts,L,Violet,Summer,3.3,No,No,14,Cash,Fortnightly
3099,66,Female,64,New Mexico,L,Cyan,Summer,3.3,No,No,50,Bank Transfer,Quarterly
65,65,Male,83,Alabama,S,Green,Fall,4.8,Yes,Yes,18,Debit Card,Fortnightly
737,18,Male,58,Colorado,L,Maroon,Spring,2.9,Yes,Yes,32,Credit Card,Every 3 Months
3347,30,Female,99,Oklahoma,M,Black,Summer,3.4,No,No,30,Venmo,Quarterly
1011,54,Male,24,South Dakota,XL,Gray,Spring,4.7,Yes,Yes,37,Credit Card,Fortnightly
23,56,Male,37,California,M,Peach,Summer,3.2,Yes,Yes,32,Debit Card,Annually
2037,37,Male,63,Minnesota,S,Lavender,Winter,3.1,No,No,46,Cash,Weekly
4730,70,Male,,Chicago,,Green,Winter,,Yes,No,,Cash,Quarterly
1738,42,Male,98,Ohio,L,Gray,Summer,4.2,No,No,50,Venmo,Bi-Weekly
1355,64,Male,42,Maryland,M,Gray,Spring,3.6,No,Yes,21,Bank Transfer,Quarterly
4106,40,Other,,Phoenix,M,Green,Autumn,2,No,Yes,16,PayPal,Weekly
4014,21,Female,1336.18,Phoenix,L,Blue,Spring,,Yes,Yes,,Credit Card,Monthly
1531,59,Male,21,New Mexico,M,Teal,Spring,3.9,No,Yes,22,Bank Transfer,Quarterly
3506,48,Female,42,Indiana,L,Red,Winter,3.7,No,No,40,Bank Transfer,Every 3 Months
3393,53,Female,74,New Jersey,XL,Blue,Winter,4.4,No,No,6,Venmo,Bi-Weekly
1792,62,Male,98,Montana,S,Purple,Winter,4,No,No,38,Cash,Annually
992,20,Male,97,Wisconsin,XL,White,Spring,2.7,Yes,Yes,40,Bank Transfer,Bi-Weekly
823,35,Male,59,Mississippi,L,Magenta,Winter,3.4,Yes,Yes,23,Bank Transfer,Annually
217,43,Male,61,Massachusetts,L,Yellow,Spring,3.7,Yes,Yes,21,Venmo,Weekly
2574,54,Male,90,New Mexico,M,Red,Summer,4.4,No,No,1,Bank Transfer,Annually
135,43,Male,94,Texas,L,Gray,Fall,4.9,Yes,Yes,25,Cash,Monthly
614,61,Male,51,Pennsylvania,L,Lavender,Fall,2.6,Yes,Yes,46,Cash,Bi-Weekly
1585,41,Male,95,Hawaii,S,Silver,Spring,3.1,No,Yes,46,Credit Card,Quarterly
4618,19,Female,,New York,L,Green,Summer,,Yes,Yes,30,PayPal,Quarterly
4964,43,Other,,Phoenix,XL,Blue,Winter,,No,Yes,,Debit Card,Weekly
4368,37,Other,,Phoenix,M,Red,Spring,,Yes,Yes,,PayPal,Weekly
1410,34,Male,50,Idaho,M,Blue,Spring,4.2,No,Yes,41,Cash,Fortnightly
3092,68,Female,81,Nevada,L,Orange,Winter,3.4,No,No,46,Credit Card,Annually
4806,70,Male,830.82,Houston,M,Green,Summer,5,Yes,Yes,43,Cash,Weekly
4850,18,Female,1078.85,New York,XL,Green,Summer,2,Yes,No,,Credit Card,Weekly
1381,51,Male,35,Massachusetts,S,Beige,Winter,4.6,No,Yes,41,Cash,Fortnightly
1409,58,Male,58,Maine,M,Yellow,Winter,4.1,No,Yes,38,Venmo,Weekly
3434,62,Female,93,Alaska,M,Yellow,Spring,4.5,No,No,28,PayPal,Annually
3002,29,Female,29,Montana,L,Charcoal,Summer,4.7,No,No,28,Credit Card,Quarterly
4415,20,Female,347.82,Phoenix,,Black,Winter,,Yes,Yes,39,Debit Card,Monthly
2875,36,Female,29,Colorado,L,Silver,Summer,3.1,No,No,2,Debit Card,Annually
50,68,Male,30,New Jersey,S,Indigo,Spring,4.6,Yes,Yes,34,Debit Card,Bi-Weekly
3046,42,Female,37,Florida,L,Black,Winter,4.6,No,No,4,PayPal,Bi-Weekly
4501,69,Other,,New York,M,Black,Autumn,4,Yes,No,25,Cash,Quarterly
813,64,Male,56,Alaska,M,Olive,Summer,3.2,Yes,Yes,32,Credit Card,Weekly
4186,54,Other,,New York,,Black,Autumn,5,No,Yes,23,PayPal,Monthly
3773,44,Female,26,New Hampshire,L,Yellow,Fall,3.1,No,No,35,Cash,Annually
2756,59,Female,97,Nevada,M,Indigo,Winter,3.3,No,No,18,Credit Card,Annually
744,21,Male,84,North Carolina,L,Gray,Fall,4.9,Yes,Yes,36,Cash,Weekly
2103,23,Male,25,Idaho,M,Brown,Spring,4.5,No,No,23,Cash,Monthly
245,53,Male,42,Oregon,S,Indigo,Spring,4.9,Yes,Yes,39,PayPal,Weekly
1092,44,Male,80,North Carolina,L,Lavender,Spring,4.7,No,Yes,6,Credit Card,Fortnightly
1925,30,Male,63,Michigan,M,Gray,Fall,4.8,No,No,42,PayPal,Quarterly
4013,60,Female,,Phoenix,L,Black,Autumn,2,No,No,12,Cash,Quarterly
3298,67,Female,82,West Virginia,M,Violet,Fall,4.1,No,No,47,PayPal,Monthly
3422,57,Female,30,New Jersey,M,Maroon,Summer,2.9,No,No,27,PayPal,Weekly
1868,45,Male,52,Delaware,M,Brown,Fall,3.4,No,No,20,Venmo,Quarterly
54,29,Male,24,Mississippi,S,Peach,Winter,3.9,Yes,Yes,35,Credit Card,Weekly
2090,37,Male,57,Maryland,L,Gold,Spring,3.6,No,No,41,Credit Card,Every 3 Months
1257,45,Male,48,West Virginia,S,Olive,Winter,3.6,No,Yes,4,Cash,Fortnightly
952,47,Male,51,Alaska,M,Cyan,Summer,2.9,Yes,Yes,34,Bank Transfer,Monthly
3537,55,Female,21,Minnesota,L,Peach,Spring,4.5,No,No,10,Venmo,Monthly
4464,52,Female,,Chicago,,Blue,Summer,,No,Yes,1,Debit Card,Weekly
3484,19,Female,37,Texas,L,White,Winter,3.9,No,No,21,Credit Card,Every 3 Months
3038,51,Female,44,Iowa,L,Charcoal,Summer,4.8,No,No,2,Cash,Annually
903,43,Male,44,Kentucky,M,Beige,Summer,2.8,Yes,Yes,5,Cash,Monthly
4940,27,Other,1439.75,Phoenix,L,Red,Autumn,4,Yes,Yes,38,PayPal,Weekly
3040,59,Female,48,Alabama,L,Blue,Spring,3.2,No,No,31,PayPal,Bi-Weekly
4835,49,Female,813.93,Houston,S,White,Autumn,5,No,No,49,Credit Card,Monthly
3562,63,Female,29,North Carolina,L,Black,Spring,3.4,No,No,39,Credit Card,Fortnightly
4148,65,Female,371.47,Chicago,XL,Red,Spring,4,Yes,No,23,Credit Card,Monthly
344,27,Male,39,Nebraska,M,Purple,Summer,4.4,Yes,Yes,26,Venmo,Monthly
4044,40,Other,,Phoenix,XL,White,Summer,,No,Yes,,Cash,Quarterly
302,46,Male,95,Pennsylvania,M,Green,Spring,3.8,Yes,Yes,25,Credit Card,Every 3 Months
767,57,Male,48,Nevada,M,Cyan,Winter,3.6,Yes,Yes,13,PayPal,Monthly
886,41,Male,99,Ohio,L,Purple,Fall,4.4,Yes,Yes,49,Debit Card,Every 3 Months
1134,36,Male,36,Connecticut,XL,Magenta,Winter,4.1,No,Yes,29,Cash,Weekly
3464,27,Female,27,Maine,M,Yellow,Fall,2.8,No,No,45,PayPal,Fortnightly
507,28,Male,40,Georgia,M,Olive,Fall,2.7,Yes,Yes,48,Debit Card,Annually
1256,30,Male,68,Indiana,M,Peach,Fall,4.1,No,Yes,38,Cash,Fortnightly
4094,36,Female,630.4,Houston,,White,Spring,5,No,No,34,PayPal,Weekly
3185,61,Female,53,Hawaii,L,Green,Spring,4.2,No,No,30,Venmo,Quarterly
2890,64,Female,43,Minnesota,M,Charcoal,Fall,3.3,No,No,21,Venmo,Annually
4353,60,Male,,Los Angeles,L,Black,Autumn,,Yes,Yes,,PayPal,Quarterly
4344,31,Female,23.3,Los Angeles,,Red,Spring,,Yes,No,39,PayPal,Quarterly
1867,31,Male,44,Alaska,XL,Gold,Winter,4.2,No,No,9,Credit Card,Fortnightly
3826,49,Female,35,Hawaii,L,Green,Fall,4.1,No,No,47,Debit Card,Fortnightly
4272,67,Female,,Chicago,XL,Green,Autumn,2,No,Yes,,Credit Card,Quarterly
872,47,Male,42,Hawaii,M,Charcoal,Spring,2.6,Yes,Yes,45,Debit Card,Quarterly
3353,55,Female,96,Washington,M,Teal,Summer,2.9,No,No,7,Bank Transfer,Bi-Weekly
3263,42,Female,35,Indiana,M,Violet,Spring,2.7,No,No,21,Cash,Every 3 Months
1140,58,Male,53,Alabama,L,Purple,Spring,3.9,No,Yes,42,Debit Card,Bi-Weekly
4441,65,Female,707.83,Los Angeles,S,Red,Summer,3,No,Yes,30,Debit Card,Weekly
3636,52,Female,32,Colorado,L,Cyan,Fall,3.3,No,No,17,Credit Card,Fortnightly
359,48,Male,25,Minnesota,XL,Magenta,Summer,3.6,Yes,Yes,36,Credit Card,Every 3 Months
4889,60,Male,,Phoenix,M,Blue,Summer,,No,No,3,Debit Card,Monthly
1735,31,Male,98,Missouri,L,Brown,Spring,3.1,No,No,16,PayPal,Quarterly
2393,40,Male,62,Missouri,L,Silver,Spring,2.6,No,No,36,Cash,Annually
83,19,Male,28,Georgia,S,Olive,Spring,4,Yes,Yes,21,Credit Card,Every 3 Months
928,28,Male,78,New Mexico,L,Black,Summer,4.4,Yes,Yes,8,Venmo,Bi-Weekly
1576,52,Male,28,California,M,Turquoise,Spring,3.6,No,Yes,28,Cash,Fortnightly
4777,41,Male,,Chicago,,White,Winter,,Yes,Yes,,Credit Card,Monthly
4789,20,Female,,Chicago,XL,White,Winter,2,No,Yes,,PayPal,Weekly
1666,40,Male,41,New Mexico,L,Pink,Fall,3.4,No,Yes,49,Venmo,Monthly
443,29,Male,69,Michigan,M,Olive,Fall,,Yes,Yes,31,Credit Card,Quarterly
1578,68,Male,34,Delaware,S,Olive,Spring,4,No,Yes,7,Venmo,Fortnightly
4825,66,Other,526.52,Houston,L,Black,Summer,,No,No,,Debit Card,Weekly
211,45,Male,22,Vermont,L,Teal,Fall,3,Yes,Yes,6,PayPal,Fortnightly
3579,46,Female,22,Georgia,L,Olive,Winter,2.6,No,No,22,Bank Transfer,Quarterly
4303,23,Male,443.37,Chicago,L,Red,Spring,3,No,No,28,PayPal,Quarterly
280,23,Male,69,Arkansas,L,Turquoise,Summer,4,Yes,Yes,37,Bank Transfer,Monthly
4921,26,Male,1072.05,Los Angeles,M,White,Winter,,Yes,No,,PayPal,Monthly
2320,56,Male,38,Maine,XL,Turquoise,Winter,5,No,No,29,PayPal,Monthly
4912,60,Male,948.69,Phoenix,S,Black,Autumn,,Yes,No,23,Debit Card,Weekly
476,21,Male,66,Ohio,L,Magenta,Summer,2.7,Yes,Yes,18,Debit Card,Annually
348,36,Male,41,Oregon,L,Red,Fall,3.9,Yes,Yes,43,PayPal,Fortnightly
2189,41,Male,54,California,M,Brown,Winter,4.7,No,No,9,Credit Card,Weekly
4968,27,Male,897.39,New York,,Black,Summer,1,No,No,,PayPal,Monthly
4246,57,Male,,Houston,,Blue,Winter,5,No,Yes,,Debit Card,Quarterly
4314,42,Female,866.03,Los Angeles,,Black,Autumn,3,Yes,No,,Debit Card,Weekly
2060,56,Male,50,California,XL,Beige,Spring,3.7,No,No,50,PayPal,Weekly
3255,21,Female,31,Indiana,S,Magenta,Winter,4.9,No,No,11,Bank Transfer,Every 3 Months
416,67,Male,31,Connecticut,M,Lavender,Winter,2.6,Yes,Yes,40,Bank Transfer,Monthly
3459,68,Female,37,West Virginia,L,Violet,Spring,3.4,No,No,24,Venmo,Quarterly
3197,24,Female,59,Wisconsin,L,Maroon,Winter,2.8,No,No,21,Debit Card,Fortnightly
3721,21,Female,56,South Carolina,M,Peach,Fall,3.6,No,No,13,Credit Card,Quarterly
1400,19,Male,81,Nebraska,M,Olive,Winter,3.1,No,Yes,48,Venmo,Annually
558,18,Male,60,Alaska,M,White,Spring,2.9,Yes,Yes,31,Debit Card,Weekly
2965,44,Female,25,Ohio,S,White,Fall,3.8,No,No,13,Venmo,Fortnightly
2173,28,Male,89,Rhode Island,S,Lavender,Fall,2.8,No,No,6,PayPal,Fortnightly
4608,67,Female,,New York,L,Red,Autumn,,Yes,Yes,32,Debit Card,Monthly
4252,67,Female,1009.61,Los Angeles,S,Green,Winter,3,Yes,No,1,PayPal,Quarterly
1133,50,Male,98,North Carolina,S,Teal,Spring,4.3,No,Yes,25,Cash,Fortnightly
4761,63,Female,,New York,S,Black,Spring,1,No,No,,Cash,Quarterly
3342,55,Female,50,Connecticut,XL,Olive,Summer,4.5,No,No,35,Credit Card,Monthly
4698,42,Other,643,New York,,White,Autumn,2,Yes,Yes,,PayPal,Weekly
2575,27,Male,63,Florida,M,Brown,Summer,4.6,No,No,26,Credit Card,Fortnightly
4813,66,Other,,New York,,White,Autumn,,No,Yes,47,Debit Card,Quarterly
2179,21,Male,98,Florida,M,Gold,Summer,4.7,No,No,32,Venmo,Annually
4602,34,Other,,Los Angeles,L,White,Autumn,,Yes,No,35,Debit Card,Weekly
1103,52,Male,83,Texas,M,Peach,Fall,2.9,No,Yes,24,Cash,Fortnightly
2280,53,Male,67,West Virginia,L,Indigo,Spring,2.9,No,No,35,Bank Transfer,Quarterly
3893,35,Female,86,Michigan,L,Indigo,Summer,3.5,No,No,5,PayPal,Fortnightly
172,29,Male,35,Virginia,M,Blue,Summer,3.6,Yes,Yes,4,Credit Card,Weekly
957,29,Male,99,Mississippi,XL,Cyan,Spring,2.9,Yes,Yes,42,Debit Card,Quarterly
175,41,Male,35,Vermont,L,Brown,Winter,3.5,Yes,Yes,37,Venmo,Annually
4173,53,Other,257.44,Chicago,L,Green,Summer,5,No,No,,Cash,Quarterly
2706,65,Female,81,Washington,S,Turquoise,Spring,5,No,No,1,Credit Card,Bi-Weekly
4334,29,Female,837.03,Houston,M,Black,Winter,,No,Yes,,Debit Card,Weekly
2494,21,Male,23,Maine,S,Beige,Fall,4.8,No,No,6,Venmo,Every 3 Months
499,43,Male,78,Iowa,M,Lavender,Spring,3.6,Yes,Yes,27,Bank Transfer,Monthly
2683,59,Female,65,North Carolina,L,Maroon,Winter,3.9,No,No,5,Venmo,Every 3 Months
1917,26,Male,50,Connecticut,S,Beige,Winter,3,No,No,3,Debit Card,Bi-Weekly
4114,58,Other,1264.53,Los Angeles,S,Red,Winter,,Yes,Yes,,Cash,Quarterly
1441,27,Male,76,Arizona,M,Pink,Spring,4.4,No,Yes,13,Venmo,Monthly
4600,60,Other,1460.51,Chicago,,White,Summer,2,No,Yes,20,Cash,Quarterly
3364,58,Female,23,California,M,Turquoise,Winter,3,No,No,46,Bank Transfer,Bi-Weekly
3133,33,Female,97,Michigan,M,Yellow,Summer,4.2,No,No,26,Cash,Quarterly
4864,25,Female,,Houston,,Red,Autumn,,Yes,Yes,37,Debit Card,Quarterly
2962,33,Female,43,New Hampshire,S,Gold,Fall,2.8,No,No,21,Debit Card,Bi-Weekly
2185,38,Male,34,Nevada,S,Gold,Spring,3.2,No,No,16,PayPal,Every 3 Months
4525,60,Female,967.77,Phoenix,M,White,Autumn,,Yes,No,3,Debit Card,Quarterly
3775,57,Female,83,Alaska,S,Cyan,Winter,3.9,No,No,48,PayPal,Fortnightly
758,41,Male,32,Minnesota,M,Red,Fall,3.8,Yes,Yes,18,Debit Card,Quarterly
800,55,Male,55,Nevada,L,Brown,Summer,,Yes,Yes,31,PayPal,Annually
725,37,Male,79,New Hampshire,XL,Green,Fall,4.7,Yes,Yes,36,Venmo,Every 3 Months
4471,35,Other,,Los Angeles,,Blue,Autumn,3,No,Yes,,Cash,Quarterly
2551,53,Male,52,New Hampshire,XL,Peach,Fall,3,No,No,30,Debit Card,Fortnightly
1635,28,Male,23,South Carolina,S,Orange,Summer,3.6,No,Yes,30,Cash,Every 3 Months
1886,26,Male,53,Nevada,S,Maroon,Winter,4.4,No,No,35,Cash,Monthly
3872,55,Female,97,Minnesota,M,Black,Fall,4.1,No,No,20,Bank Transfer,Every 3 Months
2517,46,Male,73,Utah,XL,Brown,Spring,4.6,No,No,36,Debit Card,Quarterly
3176,35,Female,42,Connecticut,M,Maroon,Fall,3.4,No,No,26,Debit Card,Every 3 Months
4852,33,Female,464.15,Los Angeles,L,Blue,Autumn,2,No,Yes,34,Credit Card,Monthly
4833,46,Female,,Chicago,,Black,Spring,,Yes,No,31,Debit Card,Weekly
3498,35,Female,48,Colorado,M,Red,Spring,4.3,No,No,16,Venmo,Every 3 Months
2335,49,Male,79,Kansas,L,Green,Summer,4.2,No,No,7,Credit Card,Monthly
559,50,Male,77,Iowa,L,Teal,Fall,3.2,Yes,Yes,43,Debit Card,Every 3 Months
3006,18,Female,65,Alaska,XL,Brown,Spring,3.5,No,No,5,Venmo,Weekly
3207,36,Female,52,California,M,Brown,Winter,3,No,No,49,PayPal,Monthly
1371,27,Male,67,Montana,L,Peach,Summer,,No,Yes,41,Bank Transfer,Every 3 Months
4083,31,Other,,New York,S,Blue,Winter,,Yes,No,23,PayPal,Quarterly
3159,30,Female,77,Mississippi,M,Gray,Winter,4.9,No,No,44,Credit Card,Monthly
446,42,Male,29,Iowa,M,Olive,Fall,4.9,Yes,Yes,18,Venmo,Annually
2213,59,Male,77,Nebraska,M,Brown,Winter,3.3,No,No,22,Bank Transfer,Quarterly
4939,65,Other,585.59,Chicago,L,White,Spring,3,No,Yes,5,Debit Card,Monthly
1214,68,Male,52,Kentucky,XL,Black,Spring,3.7,No,Yes,14,Debit Card,Every 3 Months
1740,21,Male,98,Minnesota,L,Silver,Winter,4.2,No,No,23,Cash,Weekly
1322,59,Male,84,Missouri,L,Orange,Winter,3.7,No,Yes,45,Bank Transfer,Every 3 Months
1394,46,Male,58,Idaho,L,Yellow,Spring,3.9,No,Yes,14,PayPal,Fortnightly
1499,59,Male,32,Illinois,M,Teal,Summer,3.1,No,Yes,46,Venmo,Fortnightly
4522,51,Male,750.93,Houston,,Red,Autumn,,No,No,35,Debit Card,Monthly
4862,37,Other,,New York,M,Black,Summer,3,Yes,Yes,,Credit Card,Monthly
2267,20,Male,44,Missouri,M,Yellow,Fall,4.3,No,No,32,Debit Card,Weekly
3862,64,Female,57,Wyoming,M,Yellow,Spring,4.9,No,No,49,Credit Card,Monthly
1389,62,Male,23,Arkansas,M,Lavender,Spring,3.9,No,Yes,40,Cash,Quarterly
3763,65,Female,94,New York,L,Green,Fall,2.9,No,No,13,PayPal,Annually
3802,26,Female,84,Kentucky,M,Peach,Spring,5,No,No,36,PayPal,Fortnightly
1450,18,Male,41,New York,L,Lavender,Winter,2.5,No,Yes,20,Cash,Every 3 Months
571,65,Male,99,Iowa,XL,Purple,Fall,4.1,Yes,Yes,20,Cash,Annually
1406,33,Male,100,New Hampshire,M,Peach,Winter,2.7,No,Yes,39,Credit Card,Monthly
381,39,Male,69,New Hampshire,XL,Beige,Fall,3,Yes,Yes,19,Bank Transfer,Weekly
1766,68,Male,88,New Mexico,M,Orange,Spring,4.1,No,No,41,Venmo,Quarterly
4037,23,Female,109.58,Houston,,Black,Summer,,Yes,No,,PayPal,Weekly
4039,35,Female,,Los Angeles,,Green,Spring,3,Yes,Yes,24,Cash,Monthly
2816,33,Female,67,Idaho,L,Black,Fall,3.9,No,No,40,Venmo,Every 3 Months
2937,31,Female,34,Washington,M,White,Spring,3.6,No,No,46,PayPal,Weekly
3110,60,Female,92,Illinois,M,Gray,Winter,4.3,No,No,47,Bank Transfer,Fortnightly
4068,42,Male,357.92,Phoenix,,Green,Winter,,No,Yes,0,Cash,Monthly
3240,33,Female,32,Colorado,M,Charcoal,Fall,2.7,No,No,30,Cash,Monthly
1854,29,Male,67,North Dakota,XL,Olive,Spring,2.9,No,No,11,PayPal,Fortnightly
516,28,Male,67,Kentucky,L,Charcoal,Spring,4.5,Yes,Yes,7,Cash,Monthly
282,38,Male,61,Oklahoma,XL,Charcoal,Spring,2.5,Yes,Yes,22,Debit Card,Bi-Weekly
1667,51,Male,64,Arkansas,M,Blue,Summer,3.1,No,Yes,47,PayPal,Annually
2749,24,Female,98,Virginia,L,Turquoise,Spring,3,No,No,16,Venmo,Annually
2446,63,Male,96,Tennessee,M,Brown,Summer,4.1,No,No,50,Cash,Weekly
2129,62,Male,47,New Mexico,L,Cyan,Fall,2.7,No,No,21,PayPal,Weekly
1424,51,Male,60,Michigan,S,Black,Fall,3.5,No,Yes,12,Venmo,Every 3 Months
4147,56,Other,752.44,Phoenix,,Black,Summer,1,No,Yes,14,Cash,Quarterly
3828,62,Female,73,Montana,M,Red,Summer,4.1,No,No,47,Cash,Fortnightly
3840,66,Female,29,Connecticut,M,Peach,Spring,3.9,No,No,14,Venmo,Quarterly
3122,63,Female,38,Louisiana,L,Black,Fall,2.6,No,No,16,Venmo,Weekly
2127,63,Male,38,Alabama,XL,Magenta,Winter,4.1,No,No,28,Credit Card,Monthly
3367,38,Female,65,North Carolina,M,Red,Spring,3.6,No,No,47,Debit Card,Quarterly
3312,29,Female,52,Florida,L,Blue,Summer,4,No,No,18,Bank Transfer,Annually
137,39,Male,86,South Carolina,M,White,Winter,3.3,Yes,Yes,4,Debit Card,Quarterly
3628,39,Female,54,Delaware,M,Silver,Winter,3.3,No,No,48,Cash,Every 3 Months
4378,22,Other,,Chicago,L,Green,Spring,,No,Yes,7,Cash,Monthly
4059,27,Male,,Chicago,,White,Autumn,,Yes,Yes,36,PayPal,Quarterly
2488,57,Male,21,Montana,L,Violet,Spring,3,No,No,16,PayPal,Bi-Weekly
201,25,Male,61,Pennsylvania,S,Teal,Summer,3.3,Yes,Yes,29,Venmo,Monthly
3804,48,Female,55,Connecticut,M,Violet,Spring,3.6,No,No,14,Debit Card,Weekly
4491,38,Other,,Houston,S,Red,Autumn,2,Yes,Yes,11,PayPal,Weekly
427,43,Male,71,Louisiana,M,Violet,Winter,4.7,Yes,Yes,19,Credit Card,Quarterly
3672,62,Female,66,Illinois,L,Pink,Summer,4.8,No,No,20,Venmo,Quarterly
3529,38,Female,67,Maine,L,Gray,Summer,4.5,No,No,33,PayPal,Annually
3198,27,Female,71,Maine,M,Teal,Spring,3.2,No,No,29,Credit Card,Every 3 Months
4651,47,Male,,New York,XL,Blue,Winter,3,No,Yes,,Cash,Quarterly
4121,38,Other,917.62,Houston,L,White,Summer,4,Yes,Yes,,Cash,Monthly
2137,47,Male,93,New York,M,Red,Summer,2.8,No,No,25,Bank Transfer,Fortnightly
4765,67,Male,,Houston,XL,Blue,Autumn,1,No,No,50,Cash,Monthly
3228,28,Female,69,Alaska,XL,White,Fall,2.7,No,No,42,Debit Card,Quarterly
2936,58,Female,27,North Carolina,XL,Gray,Spring,4.6,No,No,11,Venmo,Weekly
2255,24,Male,79,North Dakota,M,Gold,Winter,4.2,No,No,44,PayPal,Every 3 Months
1297,48,Male,29,South Dakota,S,Teal,Spring,2.8,No,Yes,16,Cash,Bi-Weekly
4866,23,Other,,Houston,S,Black,Winter,3,No,Yes,,Cash,Quarterly
479,35,Male,43,Kansas,XL,Turquoise,Winter,3.2,Yes,Yes,48,Venmo,Annually
76,64,Male,85,Utah,M,Blue,Summer,2.7,Yes,Yes,21,Credit Card,Annually
117,55,Male,86,Virginia,S,Blue,Spring,3.4,Yes,Yes,12,Venmo,Annually
1566,58,Male,93,Idaho,L,Peach,Fall,4.2,No,Yes,48,PayPal,Annually
706,25,Male,90,Arkansas,XL,Indigo,Summer,4.5,Yes,Yes,49,Cash,Quarterly
2014,39,Male,70,Virginia,M,Peach,Winter,4.9,No,No,25,Debit Card,Quarterly
3487,51,Female,89,North Carolina,L,Charcoal,Winter,4.9,No,No,6,PayPal,Weekly
1753,34,Male,29,South Dakota,L,Blue,Winter,3.3,No,No,14,Venmo,Quarterly
3660,27,Female,77,Illinois,S,Gray,Fall,4.9,No,No,46,Bank Transfer,Annually
2591,57,Male,66,California,M,Turquoise,Summer,5,No,No,35,Venmo,Annually
5045,60,Male,476.36,Houston,M,Black,Spring,4,No,No,2,Cash,Monthly
1435,59,Male,64,New York,L,Maroon,Summer,4.6,No,Yes,21,Debit Card,Bi-Weekly
4158,24,Female,,Chicago,L,Red,Autumn,,No,Yes,,Debit Card,Monthly
2563,57,Male,62,Arizona,XL,Yellow,Spring,4.7,No,No,27,Cash,Fortnightly
2307,27,Male,78,Florida,L,Silver,Winter,3.4,No,No,8,Cash,Bi-Weekly
1707,37,Male,87,North Dakota,M,Brown,Spring,3,No,No,25,Venmo,Fortnightly
2688,61,Female,75,Delaware,M,White,Fall,3.6,No,No,12,Debit Card,Bi-Weekly
1428,31,Male,90,South Dakota,S,Orange,Summer,4.9,No,Yes,8,Credit Card,Annually
2503,46,Male,47,Idaho,L,Pink,Spring,4.1,No,No,17,PayPal,Every 3 Months
1821,19,Male,94,Washington,XL,Gold,Fall,5,No,No,31,PayPal,Monthly
724,35,Male,53,Missouri,L,Cyan,Fall,3.5,Yes,Yes,43,PayPal,Monthly
1111,28,Male,61,Texas,L,Cyan,Fall,3,No,Yes,31,Cash,Bi-Weekly
1286,64,Male,99,North Carolina,M,Charcoal,Fall,3.5,No,Yes,45,Bank Transfer,Fortnightly
3722,62,Female,60,Connecticut,L,Pink,Fall,4,No,No,10,Cash,Annually
2111,52,Male,93,Montana,L,Cyan,Spring,3.9,No,No,36,Debit Card,Every 3 Months
4958,28,Female,,New York,L,Red,Winter,2,No,Yes,,PayPal,Monthly
4345,43,Male,95.29,New York,M,Blue,Summer,,Yes,Yes,50,Credit Card,Monthly
3059,41,Female,74,West Virginia,S,Orange,Winter,3.8,No,No,3,Bank Transfer,Fortnightly
1672,31,Male,22,Utah,M,Olive,Winter,4,No,Yes,25,Bank Transfer,Weekly
2247,49,Male,96,Hawaii,M,Cyan,Fall,4.3,No,No,39,PayPal,Every 3 Months
1382,30,Male,86,Illinois,L,Green,Winter,2.9,No,Yes,48,Venmo,Quarterly
3604,45,Female,51,Louisiana,M,Gold,Spring,2.7,No,No,5,Cash,Weekly
3188,67,Female,72,Texas,L,Indigo,Winter,3.2,No,No,28,Debit Card,Weekly
1640,41,Male,65,Missouri,L,Blue,Summer,3.3,No,Yes,50,PayPal,Annually
1255,54,Male,56,California,XL,Black,Spring,3.3,No,Yes,2,Credit Card,Bi-Weekly
2550,41,Male,60,Virginia,M,Red,Fall,2.7,No,No,11,Debit Card,Every 3 Months
3571,23,Female,97,Louisiana,XL,Teal,Winter,4.7,No,No,32,Debit Card,Annually
500,36,Male,99,Rhode Island,L,Silver,Winter,4.8,Yes,Yes,24,PayPal,Monthly
561,25,Male,48,Louisiana,L,Red,Fall,,Yes,Yes,12,Debit Card,Annually
4770,65,Male,1273.35,Chicago,L,White,Spring,,No,Yes,,Debit Card,Monthly
3039,56,Female,39,Georgia,M,Brown,Summer,4.2,No,No,36,Debit Card,Annually
4615,29,Female,,Los Angeles,,Black,Spring,4,No,No,,Debit Card,Weekly
4212,45,Other,,Chicago,L,Black,Winter,,Yes,No,30,PayPal,Weekly
430,42,Male,94,Washington,M,Gold,Winter,4.1,Yes,Yes,21,Cash,Fortnightly
899,54,Male,70,Nevada,L,Red,Spring,3.5,Yes,Yes,19,Bank Transfer,Every 3 Months
4327,68,Other,,Phoenix,L,Green,Autumn,5,No,Yes,,PayPal,Quarterly
1308,23,Male,32,Missouri,L,Black,Summer,3.1,No,Yes,43,PayPal,Annually
2624,49,Male,76,Massachusetts,M,Gold,Fall,4.8,No,No,38,Cash,Annually
256,43,Male,20,Maryland,M,Charcoal,Spring,4.2,Yes,Yes,25,Debit Card,Annually
4172,55,Male,187.11,Phoenix,M,Red,Summer,1,No,Yes,,Credit Card,Monthly
2395,40,Male,47,Connecticut,L,Peach,Fall,2.9,No,No,23,Debit Card,Fortnightly
2509,23,Male,90,California,XL,Indigo,Spring,3.1,No,No,5,Debit Card,Bi-Weekly
4175,46,Other,1233.29,Houston,S,Blue,Spring,,No,Yes,8,Credit Card,Monthly
4692,57,Other,,Houston,,White,Summer,5,Yes,No,18,Debit Card,Weekly
242,36,Male,88,Delaware,M,Peach,Winter,4.1,Yes,Yes,43,Venmo,Bi-Weekly
2169,23,Male,74,Connecticut,M,Beige,Spring,4.1,No,No,32,Cash,Quarterly
3729,62,Female,31,Vermont,L,Red,Winter,3,No,No,1,Debit Card,Annually
3863,56,Female,49,Idaho,L,Turquoise,Winter,2.8,No,No,9,Venmo,Monthly
4452,28,Female,765.68,Los Angeles,,Red,Autumn,,Yes,Yes,,Credit Card,Monthly
3470,36,Female,85,North Dakota,L,Magenta,Fall,3.3,No,No,12,Cash,Annually
4819,41,Male,,Chicago,,Red,Autumn,4,No,Yes,,Debit Card,Monthly
3337,39,Female,45,Montana,M,Brown,Fall,4,No,No,24,Debit Card,Annually
1162,63,Male,52,Oklahoma,S,Orange,Fall,3.1,No,Yes,37,PayPal,Monthly
71,22,Male,29,Alabama,M,Magenta,Fall,4.2,Yes,Yes,32,Debit Card,Every 3 Months
4816,70,Other,,Los Angeles,S,Black,Winter,3,Yes,No,10,Credit Card,Quarterly
662,57,Male,68,Iowa,XL,Green,Fall,4.1,Yes,Yes,39,Credit Card,Quarterly
2977,30,Female,97,Nebraska,M,Silver,Summer,2.8,No,No,28,Cash,Fortnightly
1343,57,Male,43,Arizona,XL,Yellow,Summer,3.4,No,Yes,11,Bank Transfer,Monthly
4807,39,Female,614.56,Los Angeles,M,Black,Autumn,,Yes,Yes,,Debit Card,Quarterly
4159,59,Male,,Los Angeles,XL,White,Autumn,,Yes,No,,Cash,Monthly
649,22,Male,31,Michigan,M,Brown,Winter,4.1,Yes,Yes,35,Credit Card,Weekly
1231,25,Male,80,Illinois,L,Brown,Spring,,No,Yes,49,Venmo,Monthly
4371,67,Other,617.37,Houston,L,Black,Winter,3,No,Yes,0,Debit Card,Quarterly
3308,18,Female,36,Pennsylvania,S,Green,Winter,4,No,No,1,Cash,Monthly
212,69,Male,92,South Dakota,L,Maroon,Fall,4.2,Yes,Yes,45,Debit Card,Fortnightly
58,21,Male,64,West Virginia,M,White,Summer,4.4,Yes,Yes,17,Debit Card,Fortnightly
2888,23,Female,28,Kentucky,L,Blue,Winter,2.8,No,No,12,Cash,Bi-Weekly
3117,50,Female,66,Montana,L,Gray,Spring,3.7,No,No,1,Venmo,Weekly
3114,46,Female,93,Nebraska,L,Green,Summer,2.6,No,No,2,Debit Card,Weekly
138,68,Male,43,Colorado,M,Turquoise,Spring,4.7,Yes,Yes,38,PayPal,Weekly
424,46,Male,26,New York,L,Teal,Spring,3,Yes,Yes,21,Credit Card,Bi-Weekly
1829,33,Male,80,New Hampshire,L,Gray,Spring,3.9,No,No,45,Cash,Every 3 Months
4548,66,Female,1342.17,New York,L,Black,Summer,,No,Yes,11,Credit Card,Monthly
3643,47,Female,71,Arizona,L,Maroon,Summer,4.4,No,No,5,PayPal,Annually
2942,38,Female,86,Pennsylvania,L,Purple,Spring,3.7,No,No,27,PayPal,Monthly
48,55,Male,54,Montana,M,Charcoal,Winter,4.5,Yes,Yes,36,Cash,Weekly
2265,51,Male,92,North Dakota,M,Turquoise,Summer,3.9,No,No,50,PayPal,Monthly
4976,32,Female,1171.49,New York,L,Black,Autumn,,No,Yes,49,Debit Card,Weekly
1741,69,Male,21,Wisconsin,L,Charcoal,Fall,3.3,No,No,10,Bank Transfer,Every 3 Months
3020,19,Female,44,Utah,M,Yellow,Winter,3.9,No,No,15,PayPal,Annually
1945,30,Male,45,Arkansas,M,Gold,Winter,2.7,No,No,49,Cash,Every 3 Months
661,50,Male,79,Montana,M,Olive,Fall,5,Yes,Yes,39,Credit Card,Quarterly
2561,58,Male,62,California,M,Violet,Spring,2.7,No,No,17,Debit Card,Bi-Weekly
1929,25,Male,92,Mississippi,S,Lavender,Summer,3.7,No,No,10,PayPal,Weekly
4416,32,Male,540.78,New York,,Black,Spring,1,No,No,,Credit Card,Monthly
1340,36,Male,56,Indiana,L,Olive,Winter,5,No,Yes,5,Bank Transfer,Every 3 Months
972,47,Male,67,Indiana,M,Cyan,Summer,4.3,Yes,Yes,15,Credit Card,Weekly
3510,50,Female,22,Ohio,L,Brown,Winter,4.3,No,No,43,Venmo,Bi-Weekly
3324,54,Female,78,North Dakota,M,Yellow,Winter,3.8,No,No,4,Credit Card,Monthly
3397,29,Female,37,Tennessee,XL,Black,Winter,5,No,No,5,PayPal,Quarterly
1904,59,Male,63,North Carolina,M,Gold,Summer,3.3,No,No,37,Bank Transfer,Weekly
1583,28,Male,41,Hawaii,L,Red,Spring,2.5,No,Yes,39,Cash,Monthly
1717,69,Male,47,Connecticut,,Cyan,Winter,4.7,No,No,30,Cash,Every 3 Months
4907,67,Female,1258.57,Chicago,L,White,Winter,4,No,No,,Credit Card,Quarterly
339,69,Male,79,Massachusetts,M,Silver,Winter,3.5,Yes,Yes,16,Cash,Weekly
604,31,Male,46,Massachusetts,L,Green,Winter,3.4,Yes,Yes,26,PayPal,Every 3 Months
556,63,Male,,Maine,M,White,Fall,4.8,Yes,Yes,37,Venmo,Annually
1555,64,Male,48,Utah,S,Lavender,Winter,2.7,No,Yes,18,Cash,Bi-Weekly
4952,27,Male,139.43,Phoenix,L,Black,Autumn,,Yes,No,4,PayPal,Weekly
2542,33,Male,58,Washington,M,Silver,Spring,2.7,No,No,13,Venmo,Every 3 Months
1206,52,Male,99,California,M,Olive,Spring,3.5,No,Yes,38,Bank Transfer,Fortnightly
3472,43,Female,66,North Carolina,S,Blue,Spring,3.1,No,No,31,Cash,Bi-Weekly
2459,66,Male,85,Texas,L,Turquoise,Fall,4.6,No,No,17,Bank Transfer,Weekly
1117,67,Male,96,Hawaii,M,Charcoal,Winter,4.2,No,Yes,39,PayPal,Fortnightly
3300,45,Female,32,South Dakota,L,Teal,Spring,4,No,No,18,Venmo,Monthly
1830,30,Male,96,Oregon,M,White,Spring,4.9,No,No,50,Credit Card,Quarterly
759,66,Male,71,Massachusetts,L,Peach,Summer,4.6,Yes,Yes,39,Bank Transfer,Every 3 Months
1963,40,Male,45,Iowa,M,Silver,Fall,4.4,No,No,20,PayPal,Fortnightly
376,59,Male,32,Oklahoma,M,Olive,Summer,4.4,Yes,Yes,6,Debit Card,Quarterly
1770,32,Male,75,Alaska,L,Brown,Winter,4.3,No,No,45,Cash,Monthly
2268,32,Male,49,Kentucky,S,Blue,Spring,3.8,No,No,37,Venmo,Weekly
1090,40,Male,61,Arizona,M,Silver,Spring,3.8,No,Yes,33,PayPal,Bi-Weekly
265,36,Male,78,Colorado,S,Charcoal,Fall,3.9,Yes,Yes,15,Cash,Annually
3718,45,Female,85,Maryland,XL,White,Summer,4.2,No,No,47,Bank Transfer,Every 3 Months
4987,67,Female,,Chicago,S,Green,Summer,4,No,Yes,,Cash,Weekly
4255,68,Male,,Phoenix,S,Blue,Summer,1,Yes,No,49,PayPal,Quarterly
4020,60,Female,1247.31,Houston,S,White,Winter,,No,Yes,20,PayPal,Quarterly
2170,31,Male,42,Florida,M,Brown,Fall,2.9,No,No,32,Bank Transfer,Bi-Weekly
3406,28,Female,87,Washington,M,White,Summer,4.2,No,No,47,Bank Transfer,Bi-Weekly
3659,28,Female,72,Mississippi,M,Magenta,Fall,4.6,No,No,18,PayPal,Fortnightly
3460,68,Female,37,Ohio,L,Green,Fall,3.8,No,No,21,PayPal,Annually
2215,50,Male,100,Idaho,L,Gold,Fall,4.1,No,No,20,Debit Card,Weekly
408,45,Male,76,North Carolina,XL,Teal,Spring,3.1,Yes,Yes,5,Credit Card,Bi-Weekly
2076,46,Male,28,South Carolina,S,Turquoise,Fall,4.7,No,No,49,Debit Card,Monthly
469,34,Male,38,Georgia,S,Peach,Fall,5,Yes,Yes,16,Cash,Quarterly
4321,70,Female,384.3,Chicago,,Blue,Winter,5,Yes,Yes,8,Debit Card,Monthly
2034,57,Male,55,Illinois,L,Olive,Summer,3.6,No,No,33,Venmo,Annually
2172,39,Male,98,Missouri,M,Yellow,Summer,4.6,No,No,9,Cash,Fortnightly
1668,51,Male,40,Oklahoma,L,Brown,Winter,3.4,No,Yes,24,Bank Transfer,Every 3 Months
673,59,Male,53,Washington,M,Peach,Winter,3.3,Yes,Yes,29,Cash,Quarterly
2144,53,Male,66,Arkansas,L,Red,Fall,3.8,No,No,48,Venmo,Bi-Weekly
4538,42,Female,763,Phoenix,L,Black,Autumn,,No,No,,Credit Card,Monthly
4818,23,Male,,Chicago,,White,Spring,1,Yes,No,,Debit Card,Weekly
2322,50,Male,31,Colorado,M,Beige,Winter,3,No,No,27,Debit Card,Fortnightly
2121,53,Male,98,Missouri,S,Red,Fall,3.1,No,No,38,PayPal,Quarterly
3160,62,Female,89,Louisiana,L,Pink,Winter,2.9,No,No,4,Bank Transfer,Quarterly
3350,35,Female,79,Georgia,M,Red,Fall,2.8,No,No,29,PayPal,Quarterly
2738,57,Female,76,North Carolina,S,Indigo,Spring,4.4,No,No,35,Cash,Every 3 Months
1755,66,Male,93,Massachusetts,S,Beige,Fall,3.8,No,No,18,Credit Card,Fortnightly
4325,56,Male,1396.89,New York,M,White,Summer,,Yes,Yes,,Credit Card,Weekly
4505,67,Female,,Chicago,M,Green,Summer,3,No,No,24,Debit Card,Weekly
271,33,Male,52,North Dakota,XL,Orange,Fall,4.6,Yes,Yes,16,Bank Transfer,Annually
3749,34,Female,25,Delaware,M,Violet,Fall,3.9,No,No,3,Venmo,Annually
2711,69,Female,51,Wisconsin,L,Purple,Summer,4.7,No,No,3,Bank Transfer,Fortnightly
2259,24,Male,71,Ohio,L,Cyan,Winter,4.3,No,No,44,Credit Card,Every 3 Months
2678,45,Female,43,Connecticut,L,Olive,Spring,3.8,No,No,6,PayPal,Every 3 Months
1778,18,Male,44,Minnesota,L,Purple,Winter,4.7,No,No,4,Cash,Fortnightly
3241,56,Female,37,West Virginia,M,Violet,Fall,3.8,No,No,37,Bank Transfer,Monthly
4856,65,Female,,Los Angeles,M,Blue,Spring,,Yes,Yes,46,Debit Card,Weekly
613,67,Male,43,New Hampshire,L,Lavender,Fall,4.6,Yes,Yes,33,Credit Card,Quarterly
4710,39,Other,1298.66,Phoenix,L,Black,Autumn,4,Yes,No,19,Debit Card,Monthly
4673,19,Other,,Houston,,White,Winter,,Yes,No,38,Cash,Quarterly
4488,48,Other,1375.93,Chicago,L,Green,Spring,,Yes,No,,Cash,Monthly
3428,39,Female,38,Michigan,XL,Turquoise,Winter,2.5,No,No,44,Cash,Annually
576,58,Male,86,Nebraska,M,Peach,Fall,4.8,Yes,Yes,38,PayPal,Monthly
1690,32,Male,73,North Carolina,L,Turquoise,Winter,4.6,No,No,32,Bank Transfer,Monthly
4035,67,Male,163.69,Houston,M,Red,Summer,,Yes,No,,Cash,Monthly
4280,54,Male,,Houston,,Black,Winter,4,No,No,2,PayPal,Weekly
4259,69,Male,,New York,M,Black,Spring,,Yes,No,,PayPal,Weekly
4293,27,Other,,Houston,M,White,Summer,4,Yes,Yes,,PayPal,Quarterly
19,52,Male,48,Montana,S,Black,Summer,4.6,Yes,Yes,17,Cash,Weekly
731,48,Male,25,Massachusetts,M,Indigo,Summer,3.9,Yes,Yes,28,Venmo,Fortnightly
786,46,Male,62,Louisiana,S,Purple,Spring,4,Yes,Yes,37,PayPal,Fortnightly
1742,41,Male,51,Delaware,XL,Teal,Winter,3.6,No,No,20,Bank Transfer,Monthly
4672,53,Other,620,Chicago,XL,Green,Autumn,1,Yes,Yes,11,Cash,Monthly
3029,62,Female,100,California,L,Charcoal,Summer,3,No,No,7,PayPal,Every 3 Months
3314,55,Female,30,Kansas,XL,Black,Fall,3.9,No,No,45,Credit Card,Monthly
4769,28,Male,,Houston,L,Black,Summer,,No,No,,Cash,Quarterly
2108,46,Male,75,Delaware,M,Black,Winter,3.3,No,No,35,PayPal,Quarterly
1031,58,Male,89,Kentucky,L,Blue,Winter,3.3,Yes,Yes,37,Debit Card,Quarterly
689,25,Male,59,Michigan,S,Peach,Summer,4.7,Yes,Yes,44,Venmo,Monthly
311,56,Male,85,Montana,M,Charcoal,Winter,4.6,Yes,Yes,50,Cash,Fortnightly
2359,53,Male,93,Texas,L,Pink,Spring,3.8,No,No,38,Credit Card,Quarterly
15,64,Male,53,New York,L,Teal,Winter,4.7,Yes,Yes,34,Debit Card,Weekly
1709,35,Male,58,Florida,L,Cyan,Spring,3.2,No,No,1,Credit Card,Quarterly
1299,29,Male,81,Indiana,S,Indigo,Summer,3,No,Yes,14,Bank Transfer,Fortnightly
388,45,Male,93,Georgia,L,Silver,Summer,4.6,Yes,Yes,38,PayPal,Fortnightly
4629,57,Male,1370.64,Chicago,,Green,Autumn,,Yes,Yes,,Cash,Weekly
4678,70,Female,1250.57,Houston,L,Red,Summer,,No,Yes,,Cash,Weekly
3558,52,Female,26,Nevada,M,Peach,Summer,4.9,No,No,1,PayPal,Every 3 Months
2404,64,Male,22,Missouri,M,Magenta,Fall,4.4,No,No,40,Debit Card,Weekly
3613,47,Female,29,Michigan,M,Teal,Summer,3.6,No,No,26,Cash,Every 3 Months
334,39,Male,64,Alaska,M,Teal,Winter,4.5,Yes,Yes,15,Bank Transfer,Bi-Weekly
4326,44,Other,,Houston,,Green,Summer,1,No,Yes,31,Credit Card,Weekly
2926,54,Female,91,Illinois,M,Maroon,Spring,2.8,No,No,43,Credit Card,Every 3 Months
465,23,Male,52,Alabama,M,Silver,Winter,4.7,Yes,Yes,45,PayPal,Monthly
2370,24,Male,23,Vermont,M,Cyan,Winter,4.6,No,No,24,PayPal,Monthly
2406,69,Male,97,California,XL,Silver,Fall,5,No,No,5,Debit Card,Quarterly
3651,51,Female,60,Ohio,M,Silver,Summer,3.5,No,No,3,PayPal,Annually
233,54,Male,27,Hawaii,L,Purple,Winter,4.2,Yes,Yes,32,Bank Transfer,Bi-Weekly
2601,21,Male,83,New York,M,Gray,Fall,3.9,No,No,6,Bank Transfer,Bi-Weekly
735,65,Male,69,New Jersey,S,Violet,Winter,3.1,Yes,Yes,39,Bank Transfer,Every 3 Months
4194,46,Female,707.33,Houston,L,Blue,Spring,5,No,No,49,Debit Card,Weekly
3334,55,Female,35,Minnesota,M,Violet,Spring,4.2,No,No,3,PayPal,Monthly
3421,19,Female,60,Kentucky,M,Purple,Winter,3.4,No,No,35,PayPal,Bi-Weekly
5086,22,Male,1156.06,New York,L,Blue,Winter,3,No,No,18,Cash,Weekly
3452,32,Female,73,Nevada,XL,Silver,Fall,3,No,No,13,Credit Card,Annually
2421,41,Male,87,North Carolina,S,Green,Winter,4.2,No,No,28,PayPal,Annually
2621,27,Male,23,Ohio,S,Lavender,Winter,3,No,No,28,Debit Card,Annually
2555,51,Male,68,Kansas,M,Gray,Summer,4.3,No,No,49,Debit Card,Bi-Weekly
4497,63,Female,1127.02,New York,L,Black,Winter,4,No,Yes,,Credit Card,Quarterly
4385,59,Female,,Houston,L,White,Spring,,Yes,Yes,18,Cash,Quarterly
1736,58,Male,34,Texas,M,Purple,Winter,3.6,No,No,31,Venmo,Annually
1495,43,Male,76,Montana,M,Gray,Spring,3,No,Yes,23,Bank Transfer,Fortnightly
1545,30,Male,24,Arkansas,M,Maroon,Spring,3.9,No,Yes,17,Debit Card,Bi-Weekly
4477,40,Male,,Phoenix,S,Blue,Autumn,3,Yes,Yes,7,PayPal,Monthly
2792,43,Female,60,Iowa,M,Yellow,Fall,2.8,No,No,14,Venmo,Fortnightly
4897,51,Male,,Houston,S,White,Spring,,Yes,No,,Cash,Monthly
1123,70,Male,62,North Carolina,S,Charcoal,Spring,4.3,No,Yes,12,Credit Card,Annually
4398,62,Other,722.19,Chicago,M,Black,Winter,2,Yes,No,,Credit Card,Monthly
5094,19,Male,1009.06,Los Angeles,,White,Winter,1,No,No,,Cash,Weekly
4551,64,Other,,New York,,Red,Autumn,,Yes,No,37,Debit Card,Quarterly
637,41,Male,30,Wisconsin,M,Indigo,Summer,2.8,Yes,Yes,14,Bank Transfer,Every 3 Months
2991,69,Female,91,Illinois,M,Teal,Fall,4.2,No,No,24,Venmo,Monthly
1026,60,Male,84,Nebraska,M,Olive,Winter,4.9,Yes,Yes,15,Credit Card,Annually
437,40,Male,46,Tennessee,L,Cyan,Summer,4.6,Yes,Yes,41,Bank Transfer,Weekly
1680,60,Male,52,Massachusetts,S,Black,Fall,4.5,No,No,24,Debit Card,Bi-Weekly
4823,40,Male,147.41,Houston,L,White,Spring,3,No,No,,PayPal,Weekly
4922,27,Male,,Houston,,Black,Winter,,Yes,Yes,,Credit Card,Monthly
4519,39,Female,294.87,New York,L,Black,Summer,1,No,Yes,,Credit Card,Quarterly
4758,45,Female,,Houston,M,Green,Summer,3,No,No,,Cash,Weekly
3280,59,Female,50,Wyoming,S,Red,Fall,3,No,No,1,Debit Card,Fortnightly
3527,20,Female,99,Massachusetts,M,Olive,Spring,3.8,No,No,1,PayPal,Every 3 Months
4010,49,Female,371.9,New York,S,White,Autumn,,No,No,7,Credit Card,Quarterly
4307,57,Male,,Los Angeles,M,Red,Summer,,Yes,No,36,PayPal,Weekly
2269,66,Male,26,Georgia,L,Charcoal,Spring,2.7,No,No,15,Bank Transfer,Monthly
4836,66,Male,,Houston,L,Red,Winter,5,Yes,Yes,,Credit Card,Monthly
326,70,Male,70,Vermont,M,Charcoal,Winter,4.3,Yes,Yes,38,Debit Card,Annually
4001,28,Other,484.3,Los Angeles,,Green,Spring,,No,Yes,,PayPal,Monthly
1985,26,Male,58,West Virginia,M,Black,Summer,3.4,No,No,26,PayPal,Fortnightly
4954,18,Male,1445.84,Houston,,Green,Autumn,1,No,No,41,Credit Card,Monthly
3449,18,Female,28,Kentucky,S,Yellow,Winter,4.1,No,No,32,Bank Transfer,Fortnightly
1795,60,Male,40,Ohio,L,Indigo,Spring,3.7,No,No,21,Debit Card,Fortnightly
4362,64,Male,,Chicago,,Red,Winter,1,Yes,Yes,,Cash,Quarterly
1467,58,Male,71,Alabama,M,Green,Summer,4.5,No,Yes,3,PayPal,Annually
3186,52,Female,71,Ohio,L,Gold,Fall,4.7,No,No,6,PayPal,Annually
4453,24,Female,,Houston,M,Green,Summer,,Yes,Yes,47,Cash,Monthly
69,57,Male,46,Utah,L,Silver,Summer,3.9,Yes,Yes,21,Cash,Every 3 Months
863,19,Male,84,Arkansas,M,Charcoal,Winter,4.9,Yes,Yes,13,PayPal,Fortnightly
2887,42,Female,33,Utah,L,Blue,Spring,4.2,No,No,29,PayPal,Weekly
1197,30,Male,88,North Dakota,M,Maroon,Winter,3.2,No,Yes,13,Bank Transfer,Bi-Weekly
56,40,Male,28,South Carolina,M,Lavender,Winter,3,Yes,Yes,49,Credit Card,Annually
618,50,Male,57,Colorado,M,Maroon,Fall,2.6,Yes,Yes,2,Bank Transfer,Quarterly
4451,20,Female,,Chicago,L,Red,Summer,3,No,No,,Debit Card,Monthly
4802,58,Female,178.72,Phoenix,S,White,Summer,3,No,No,,PayPal,Quarterly
1142,39,Male,33,Ohio,S,Silver,Winter,4.7,No,Yes,23,PayPal,Fortnightly
1237,42,Male,68,New Mexico,M,White,Summer,4.4,No,Yes,35,Debit Card,Every 3 Months
2987,62,Female,85,Arizona,S,Silver,Summer,3.3,No,No,16,Credit Card,Monthly
2341,63,Male,24,Delaware,M,Cyan,Summer,2.6,No,No,37,Credit Card,Fortnightly
480,39,Male,84,Iowa,L,Yellow,Winter,3.3,Yes,Yes,43,Venmo,Monthly
1088,45,Male,71,West Virginia,S,White,Winter,3.4,No,Yes,7,Bank Transfer,Monthly
120,38,Male,76,Wyoming,M,Orange,Fall,4.3,Yes,Yes,44,Cash,Annually
398,22,Male,46,Mississippi,M,Indigo,Fall,3,Yes,Yes,26,Cash,Annually
2101,68,Male,31,Michigan,M,Silver,Spring,4.4,No,No,36,Cash,Fortnightly
1336,56,Male,49,Nevada,M,Lavender,Fall,4.8,No,Yes,26,Credit Card,Weekly
4154,54,Male,956.35,Los Angeles,,Red,Spring,1,Yes,Yes,,Credit Card,Monthly
2522,29,Male,33,Minnesota,M,Magenta,Fall,4.4,No,No,18,PayPal,Every 3 Months
4736,46,Other,1163.75,Phoenix,,Red,Autumn,1,Yes,Yes,,Credit Card,Monthly
2779,70,Female,57,Pennsylvania,L,Yellow,Spring,3.2,No,No,24,Credit Card,Bi-Weekly
132,28,Male,29,Maine,L,Indigo,Summer,3.9,Yes,Yes,46,Credit Card,Weekly
361,51,Male,30,Rhode Island,M,Teal,Summer,3,Yes,Yes,18,Debit Card,Fortnightly
4423,66,Female,,Los Angeles,XL,Blue,Spring,2,Yes,No,6,PayPal,Monthly
4963,27,Female,,Phoenix,M,Red,Autumn,,No,Yes,,Credit Card,Quarterly
297,25,Male,74,Indiana,S,Lavender,Spring,4.8,Yes,Yes,19,Credit Card,Weekly
2199,57,Male,80,New York,L,Turquoise,Summer,3.5,No,No,35,Venmo,Monthly
2426,58,Male,49,North Dakota,S,Olive,Summer,3,No,No,34,Bank Transfer,Quarterly
970,40,Male,31,California,S,Pink,Fall,3.2,Yes,Yes,37,PayPal,Monthly
4413,26,Other,,Phoenix,M,Black,Spring,,Yes,No,24,Debit Card,Weekly
1173,59,Male,68,Oregon,L,Peach,Spring,4.6,No,Yes,42,Bank Transfer,Bi-Weekly
417,36,Male,55,Oregon,L,Olive,Spring,3.8,Yes,Yes,24,Bank Transfer,Fortnightly
4043,65,Male,196.43,Los Angeles,,Blue,Summer,,No,Yes,,Debit Card,Quarterly
4595,47,Male,,Houston,S,White,Summer,,No,Yes,32,Cash,Quarterly
1361,56,Male,43,Alabama,L,Black,Fall,2.8,No,Yes,4,Bank Transfer,Annually
596,30,Male,77,Delaware,M,Silver,Summer,3.6,Yes,Yes,47,PayPal,Quarterly
3204,63,Female,29,New Jersey,L,Teal,Spring,4.1,No,No,14,Venmo,Annually
3104,27,Female,37,Illinois,S,Peach,Winter,3,No,No,42,Bank Transfer,Weekly
1700,20,Male,67,North Dakota,L,Teal,Spring,4,No,No,34,Debit Card,Annually
1937,70,Male,60,Minnesota,S,Teal,Summer,4.3,No,No,44,PayPal,Every 3 Months
3276,43,Female,88,Alabama,XL,Green,Summer,2.6,No,No,2,Debit Card,Weekly
4,21,Male,90,Rhode Island,M,Maroon,Spring,3.5,Yes,Yes,49,PayPal,Weekly
2847,50,Female,36,Oklahoma,XL,Black,Fall,2.8,No,No,15,PayPal,Bi-Weekly
2598,60,Male,25,Alabama,XL,Teal,Summer,4.4,No,No,13,Venmo,Bi-Weekly
61,50,Male,37,Idaho,L,Brown,Summer,4,Yes,Yes,17,Cash,Weekly
3042,48,Female,79,Rhode Island,M,Orange,Winter,4,No,No,27,PayPal,Monthly
5003,47,Other,,Phoenix,M,Green,Summer,4,No,No,,Credit Card,Monthly
2496,40,Male,37,Nebraska,XL,Orange,Spring,3.1,No,No,34,Credit Card,Every 3 Months
544,53,Male,98,Alabama,S,Red,Spring,4.3,Yes,Yes,11,Credit Card,Monthly
1722,34,Male,28,Delaware,S,Magenta,Spring,4.3,No,No,24,Credit Card,Monthly
884,28,Male,37,Pennsylvania,S,Gold,Fall,4.3,Yes,Yes,30,Bank Transfer,Monthly
3837,62,Female,84,Alaska,M,Violet,Spring,2.5,No,No,38,PayPal,Fortnightly
3875,70,Female,54,Nevada,XL,Beige,Summer,3.9,No,No,33,Credit Card,Bi-Weekly
1554,27,Male,45,Delaware,M,Indigo,Spring,4.8,No,Yes,21,Debit Card,Quarterly
4456,66,Male,,New York,M,Red,Winter,4,Yes,No,6,Debit Card,Monthly
2052,65,Male,94,Massachusetts,L,Black,Spring,3.8,No,No,14,Credit Card,Monthly
2630,61,Male,44,New Hampshire,M,Peach,Winter,3.8,No,No,25,Venmo,Annually
244,25,Male,100,Kentucky,M,Olive,Winter,2.8,Yes,Yes,4,Debit Card,Monthly
1542,24,Male,77,Illinois,S,Indigo,Winter,2.9,No,Yes,35,Cash,Bi-Weekly
3637,50,Female,38,California,L,Lavender,Summer,4.2,No,No,36,Cash,Weekly
2994,32,Female,21,Kansas,L,Indigo,Spring,4.2,No,No,18,Cash,Bi-Weekly
4516,18,Female,,New York,,White,Summer,,No,No,,Debit Card,Quarterly
2447,38,Male,65,Alaska,L,Peach,Spring,2.9,No,No,7,Credit Card,Monthly
1521,21,Male,66,Iowa,M,Brown,Summer,4.4,No,Yes,39,Cash,Quarterly
96,37,Male,100,Missouri,L,Pink,Fall,3.8,Yes,Yes,48,PayPal,Monthly
2978,38,Female,47,Washington,L,Gold,Winter,3.4,No,No,20,Venmo,Annually
4136,70,Other,,New York,,Red,Summer,,Yes,No,,Debit Card,Monthly
862,46,Male,100,Virginia,XL,Green,Spring,,Yes,Yes,35,Credit Card,Every 3 Months
3079,32,Female,95,Alaska,M,Blue,Spring,2.5,No,No,24,Bank Transfer,Bi-Weekly
4908,21,Other,954.21,New York,S,Green,Winter,,No,Yes,,Credit Card,Weekly
100,26,Male,40,Missouri,XL,Indigo,Summer,3.7,Yes,Yes,33,Debit Card,Quarterly
3825,54,Female,26,Georgia,M,Olive,Summer,4,No,No,31,Credit Card,Quarterly
2410,26,Male,37,Washington,L,Yellow,Spring,3,No,No,47,Cash,Every 3 Months
440,62,Male,50,Idaho,M,Turquoise,Summer,3.4,Yes,Yes,31,Cash,Monthly
2548,47,Male,97,Mississippi,M,Beige,Summer,3.2,No,No,16,Cash,Weekly
1420,43,Male,75,Montana,M,Orange,Summer,2.6,No,Yes,4,Debit Card,Quarterly
829,24,Male,62,Nevada,M,Peach,Fall,3.7,Yes,Yes,27,PayPal,Bi-Weekly
4793,33,Other,,New York,M,Green,Spring,,No,Yes,28,Credit Card,Weekly
3174,69,Female,46,Washington,L,Teal,Summer,4.9,No,No,32,PayPal,Fortnightly
2908,19,Female,82,Maryland,XL,Lavender,Summer,3.7,No,No,50,PayPal,Bi-Weekly
4679,31,Male,,Los Angeles,,Green,Spring,,Yes,Yes,,PayPal,Monthly
4646,34,Female,1404.43,New York,,White,Spring,,No,Yes,,Credit Card,Weekly
176,53,Male,86,Oklahoma,L,Violet,Fall,2.8,Yes,Yes,2,Bank Transfer,Annually
3652,20,Female,32,Arizona,M,Yellow,Spring,3.8,No,No,5,Venmo,Every 3 Months
4734,52,Female,582.79,Phoenix,,Black,Autumn,,Yes,No,,Cash,Weekly
4935,62,Male,,New York,XL,Black,Winter,4,Yes,Yes,20,Credit Card,Quarterly
772,22,Male,68,Hawaii,L,Cyan,Fall,2.6,Yes,Yes,34,Bank Transfer,Fortnightly
3180,57,Female,88,Idaho,M,Olive,Spring,4.3,No,No,12,Debit Card,Bi-Weekly
2821,26,Female,89,Vermont,L,Yellow,Summer,3.9,No,No,5,Cash,Bi-Weekly
4942,62,Female,1177.36,Los Angeles,S,Black,Autumn,4,No,No,,Cash,Monthly
992,20,Male,97,Wisconsin,XL,White,Spring,2.7,Yes,Yes,40,Bank Transfer,Bi-Weekly
2899,23,Female,33,New Jersey,XL,Peach,Summer,4.6,No,No,29,Credit Card,Annually
4652,70,Female,,Los Angeles,,Green,Winter,2,Yes,No,,Credit Card,Weekly
66,65,Male,36,New Jersey,M,Purple,Spring,4.8,Yes,Yes,44,Venmo,Every 3 Months
4266,23,Female,,Phoenix,,Red,Spring,1,Yes,Yes,22,Cash,Weekly
3103,51,Female,85,South Dakota,M,Green,Summer,4.3,No,No,29,Cash,Bi-Weekly
4468,64,Male,663.87,New York,,Blue,Summer,,No,Yes,19,Debit Card,Weekly
2704,56,Female,42,Tennessee,XL,Olive,Winter,4.4,No,No,34,PayPal,Weekly
3410,24,Female,93,Minnesota,M,Teal,Summer,3.2,No,No,3,Credit Card,Every 3 Months
4550,65,Male,,Chicago,L,Blue,Winter,5,No,No,17,Credit Card,Quarterly
2559,49,Male,32,California,M,Silver,Fall,2.7,No,No,24,PayPal,Fortnightly
4132,62,Male,33.92,Los Angeles,,Green,Autumn,,No,Yes,,PayPal,Weekly
1566,58,Male,93,Idaho,L,Peach,Fall,4.2,No,Yes,48,PayPal,Annually
1595,40,Male,41,Colorado,XL,Charcoal,Summer,3.7,No,Yes,3,Cash,Fortnightly
4664,38,Female,864.33,Los Angeles,S,Red,Autumn,,Yes,No,,PayPal,Quarterly
1331,30,Male,65,Vermont,M,Charcoal,Fall,2.9,No,Yes,20,PayPal,Bi-Weekly
1613,18,Male,68,Wisconsin,M,Indigo,Summer,4.4,No,Yes,26,Venmo,Monthly
121,64,Male,84,West Virginia,L,Red,Summer,4,Yes,Yes,32,Bank Transfer,Annually
4439,55,Other,294.04,New York,,Red,Autumn,,Yes,No,,PayPal,Weekly
2504,69,Male,77,Ohio,M,Violet,Summer,2.5,No,No,5,Debit Card,Bi-Weekly
4553,70,Female,,Chicago,M,Red,Spring,,Yes,No,,Credit Card,Monthly
1129,56,Male,30,New York,L,Charcoal,Winter,4.7,No,Yes,35,Debit Card,Monthly
2187,55,Male,23,New Mexico,XL,Teal,Winter,4.3,No,No,6,PayPal,Every 3 Months
4151,64,Male,1384.25,New York,M,Red,Autumn,1,No,Yes,,Credit Card,Weekly
2008,26,Male,25,Virginia,M,Silver,Summer,3.2,No,No,8,PayPal,Quarterly
4706,52,Male,,Houston,L,White,Autumn,4,No,Yes,,Debit Card,Monthly
627,31,Male,79,New Hampshire,M,Indigo,Spring,3.9,Yes,Yes,10,Venmo,Annually
2912,28,Female,38,Ohio,XL,Orange,Fall,2.9,No,No,34,Venmo,Quarterly
3181,18,Female,88,Montana,L,Turquoise,Fall,3.8,No,No,46,PayPal,Weekly
340,40,Male,33,Pennsylvania,M,Teal,Spring,3.8,Yes,Yes,21,Credit Card,Every 3 Months
3219,37,Female,34,Florida,M,Teal,Fall,3.9,No,No,49,PayPal,Monthly
2086,69,Male,49,New York,M,Teal,Fall,4.6,No,No,38,Debit Card,Weekly
3780,60,Female,75,California,XL,Lavender,Spring,4,No,No,45,PayPal,Annually
367,64,Male,36,Nebraska,M,Turquoise,Spring,3.5,Yes,Yes,37,Venmo,Fortnightly
4775,57,Female,,New York,,Black,Spring,,Yes,Yes,,PayPal,Weekly
4239,59,Female,,Chicago,M,Black,Winter,3,Yes,Yes,14,Credit Card,Monthly
2665,22,Female,84,Illinois,L,Silver,Winter,3.2,No,No,37,PayPal,Weekly
1519,68,Male,73,New York,M,Yellow,Winter,4.1,No,Yes,14,Venmo,Fortnightly
108,28,Male,67,Maryland,L,Olive,Winter,3.1,Yes,Yes,46,PayPal,Fortnightly
1100,19,Male,73,North Carolina,M,Peach,Fall,2.6,No,Yes,45,Bank Transfer,Fortnightly
990,70,Male,31,Texas,M,Beige,Spring,3.1,Yes,Yes,2,Bank Transfer,Monthly
3356,40,Female,28,Delaware,M,Peach,Spring,2.6,No,No,3,Bank Transfer,Bi-Weekly
4932,57,Other,,Phoenix,S,Green,Autumn,1,Yes,Yes,,Debit Card,Quarterly
2686,56,Female,25,Virginia,M,Gray,Winter,2.7,No,No,49,Credit Card,Quarterly
4127,38,Other,1132.97,Chicago,,Blue,Spring,3,No,No,10,Debit Card,Monthly
808,27,Male,89,New York,S,Brown,Winter,3.3,Yes,Yes,15,Credit Card,Weekly
3400,40,Female,55,Montana,XL,Yellow,Winter,3.3,No,No,36,Debit Card,Annually
5051,34,Female,,Houston,L,Blue,Winter,3,Yes,No,11,Cash,Quarterly
1158,37,Male,66,Maryland,M,Charcoal,Fall,4.4,No,Yes,11,Cash,Quarterly
914,37,Male,47,Utah,M,Yellow,Fall,2.6,Yes,Yes,29,Cash,Every 3 Months
1078,58,Male,28,West Virginia,M,Pink,Winter,3.7,No,Yes,5,PayPal,Quarterly
1488,40,Male,44,Arizona,L,Black,Summer,4.6,No,Yes,26,PayPal,Annually
3189,42,Female,59,Vermont,M,Lavender,Winter,3.5,No,No,39,Bank Transfer,Monthly
1087,53,Male,62,Alaska,M,Olive,Winter,3,No,Yes,27,PayPal,Bi-Weekly
1609,26,Male,58,Nebraska,XL,Cyan,Fall,4.6,No,Yes,12,Bank Transfer,Bi-Weekly
1303,23,Male,25,Idaho,M,Gold,Fall,2.9,No,Yes,37,Credit Card,Monthly
3664,65,Female,59,Florida,M,Green,Summer,4.4,No,No,49,Credit Card,Weekly
751,25,Male,95,Maryland,L,Violet,Fall,3.4,Yes,Yes,5,Venmo,Annually
3816,32,Female,44,Maine,M,Brown,Fall,4.3,No,No,12,Venmo,Fortnightly
726,61,Male,61,Texas,L,Silver,Winter,3.1,Yes,Yes,33,Debit Card,Fortnightly
3520,31,Female,66,Wisconsin,M,White,Winter,3.7,No,No,14,Bank Transfer,Fortnightly
2489,56,Male,82,New Hampshire,XL,Charcoal,Summer,4.4,No,No,30,PayPal,Monthly
4045,52,Female,1421.74,Houston,L,White,Autumn,,No,Yes,,Cash,Weekly
3289,67,Female,61,South Carolina,XL,White,Spring,4.9,No,No,19,Credit Card,Bi-Weekly
4653,50,Female,876.13,Los Angeles,,Blue,Autumn,,Yes,Yes,3,PayPal,Quarterly
1395,26,Male,43,Iowa,L,Magenta,Fall,4.7,No,Yes,39,Cash,Weekly
1989,46,Male,79,Virginia,M,Gold,Winter,3.9,No,No,26,Bank Transfer,Weekly
3048,21,Female,74,Vermont,M,Violet,Fall,4.1,No,No,3,PayPal,Bi-Weekly
226,25,Male,22,Arkansas,M,Olive,Spring,3.2,Yes,Yes,11,Bank Transfer,Annually
3676,70,Female,80,Virginia,M,White,Winter,4.5,No,No,3,Bank Transfer,Monthly
191,65,Male,70,Indiana,XL,Beige,Fall,3,Yes,Yes,48,Venmo,Quarterly
4876,67,Other,,Los Angeles,,White,Spring,,No,No,18,Cash,Weekly
1183,37,Male,21,New Mexico,M,Maroon,Spring,3.8,No,Yes,45,PayPal,Quarterly
3143,23,Female,21,Kansas,L,Magenta,Winter,4,No,No,1,Venmo,Quarterly
3202,46,Female,38,Vermont,S,Indigo,Fall,2.8,No,No,34,Cash,Monthly
4532,25,Male,720.43,Los Angeles,S,Red,Spring,,No,Yes,,Credit Card,Quarterly
1006,43,Male,94,New York,M,Gold,Winter,3.9,Yes,Yes,5,Debit Card,Bi-Weekly
3247,70,Female,98,Michigan,M,Magenta,Summer,2.9,No,No,37,Cash,Monthly
251,33,Male,25,Mississippi,L,Black,Fall,4,Yes,Yes,9,Bank Transfer,Weekly
3517,34,Female,56,South Carolina,S,White,Summer,4,No,No,38,PayPal,Bi-Weekly
4860,69,Other,,Phoenix,L,Green,Summer,5,No,No,23,Cash,Monthly
98,21,Male,92,Virginia,M,Teal,Winter,4.8,Yes,Yes,37,Cash,Annually
1641,65,Male,51,Tennessee,S,Magenta,Spring,4,No,Yes,13,PayPal,Weekly
3899,44,Female,77,Minnesota,S,Brown,Summer,3.8,No,No,24,Venmo,Weekly
4277,38,Female,,Phoenix,XL,Red,Spring,,No,No,,Credit Card,Weekly
595,35,Male,83,Oklahoma,S,Brown,Winter,2.5,Yes,Yes,6,Debit Card,Monthly
949,49,Male,90,Alabama,L,Olive,Summer,4.9,Yes,Yes,11,Venmo,Every 3 Months
2643,39,Male,87,Iowa,L,Peach,Summer,4,No,No,48,Bank Transfer,Annually
2499,18,Male,39,Massachusetts,S,Green,Fall,2.6,No,No,38,Cash,Fortnightly
453,45,Male,45,Missouri,M,Violet,Summer,,Yes,Yes,39,PayPal,Fortnightly
3753,24,Female,81,Washington,L,Pink,Winter,4.1,No,No,43,Venmo,Weekly
3887,37,Female,92,Iowa,S,Brown,Summer,3.9,No,No,40,Debit Card,Quarterly
403,31,Male,78,California,L,Cyan,Fall,3,Yes,Yes,26,PayPal,Monthly
34,54,Male,38,Colorado,L,Green,Summer,3.3,Yes,Yes,45,Cash,Quarterly
2814,45,Female,50,Vermont,S,Maroon,Summer,3.3,No,No,39,Debit Card,Quarterly
918,69,Male,64,Missouri,M,Maroon,Spring,3.7,Yes,Yes,11,Bank Transfer,Quarterly
2151,57,Male,40,Illinois,M,Orange,Spring,2.6,No,No,12,Cash,Weekly
3041,18,Female,32,Nebraska,M,Gold,Fall,4.1,No,No,10,Cash,Fortnightly
1839,37,Male,24,Vermont,L,Blue,Fall,4.1,No,No,11,Credit Card,Quarterly
4102,32,Male,129.57,Los Angeles,,Green,Summer,3,No,Yes,2,Debit Card,Quarterly
881,39,Male,75,Nevada,L,Red,Spring,3.1,Yes,Yes,25,Debit Card,Monthly
4099,66,Other,843.15,Los Angeles,S,Black,Spring,5,No,Yes,8,PayPal,Weekly
4620,53,Female,,New York,,White,Summer,,No,No,,PayPal,Weekly
3381,41,Female,52,North Dakota,L,Blue,Summer,3.8,No,No,6,PayPal,Every 3 Months
1626,34,Male,45,Minnesota,L,Beige,Winter,3,No,Yes,3,PayPal,Bi-Weekly
4624,23,Other,1204.42,Houston,L,Green,Autumn,5,No,No,26,Credit Card,Weekly
540,49,Male,48,Wyoming,M,Violet,Winter,4,Yes,Yes,49,Debit Card,Weekly
3191,41,Female,78,California,S,Purple,Fall,3.4,No,No,5,Credit Card,Fortnightly
3817,29,Female,86,Maryland,S,Silver,Summer,4.3,No,No,45,Credit Card,Fortnightly
2227,22,Male,72,Missouri,L,Blue,Spring,4.8,No,No,28,Cash,Annually
3487,51,Female,89,North Carolina,L,Charcoal,Winter,4.9,No,No,6,PayPal,Weekly
1820,51,Male,86,Nevada,S,Peach,Spring,4.5,No,No,50,Cash,Quarterly
3320,23,Female,31,North Dakota,M,Indigo,Summer,4.3,No,No,17,Credit Card,Every 3 Months
24,31,Male,88,Oklahoma,XL,White,Winter,4.4,Yes,Yes,40,Credit Card,Weekly
3857,39,Female,78,Virginia,S,Brown,Summer,2.5,No,No,8,Debit Card,Quarterly
3430,27,Female,96,Alaska,S,Purple,Winter,4.6,No,No,34,Debit Card,Weekly
3545,64,Female,55,Wisconsin,XL,Charcoal,Fall,3.6,No,No,42,Cash,Every 3 Months
1972,54,Male,29,Pennsylvania,XL,Indigo,Spring,3.4,No,No,1,Venmo,Monthly
1896,31,Male,61,Washington,L,Indigo,Fall,4.5,No,No,3,Debit Card,Monthly
2420,26,Male,40,North Carolina,M,Blue,Fall,2.7,No,No,11,Credit Card,Every 3 Months
4655,43,Male,,Phoenix,L,Red,Spring,,Yes,No,,Debit Card,Weekly
2281,22,Male,21,Kentucky,M,Red,Summer,2.8,No,No,31,Credit Card,Fortnightly
2999,31,Female,53,Alaska,M,Red,Summer,4.7,No,No,30,Debit Card,Quarterly
291,58,Male,33,Colorado,M,Indigo,Winter,3.7,Yes,Yes,50,PayPal,Weekly
3361,22,Female,81,Minnesota,M,Maroon,Spring,3.3,No,No,47,Cash,Every 3 Months
2754,69,Female,59,Rhode Island,M,Beige,Spring,3.6,No,No,48,PayPal,Quarterly
4645,19,Male,1371.19,Los Angeles,,Green,Autumn,,No,No,,Debit Card,Weekly
701,57,Male,79,Wisconsin,L,Olive,Winter,4.1,Yes,Yes,5,PayPal,Monthly
1127,23,Male,58,Iowa,L,Beige,Winter,3.4,No,Yes,47,Venmo,Fortnightly
2802,64,Female,56,New Mexico,M,Indigo,Winter,2.6,No,No,30,PayPal,Annually
5010,68,Other,1064.28,New York,,Green,Winter,3,No,Yes,46,Cash,Quarterly
3860,65,Female,88,Mississippi,S,Blue,Fall,3,No,No,47,Bank Transfer,Bi-Weekly
35,36,Male,91,North Dakota,L,Violet,Spring,4.6,Yes,Yes,38,PayPal,Quarterly
3107,62,Female,57,Alabama,M,Yellow,Winter,4.7,No,No,20,PayPal,Annually
3469,36,Female,89,Ohio,S,Indigo,Winter,3.5,No,No,36,Debit Card,Quarterly
131,44,Male,39,Kentucky,L,Violet,Fall,3.7,Yes,Yes,13,PayPal,Fortnightly
3888,40,Female,34,Kansas,M,Charcoal,Spring,2.7,No,No,1,Credit Card,Quarterly
4253,59,Female,,Chicago,M,Green,Autumn,,Yes,Yes,49,Cash,Weekly
1720,45,Male,39,Maryland,M,White,Winter,3.2,No,No,8,Venmo,Quarterly
3500,22,Female,29,New Jersey,L,Indigo,Fall,3,No,No,13,PayPal,Every 3 Months
122,19,Male,72,Virginia,M,Olive,Winter,4.2,Yes,Yes,11,Cash,Fortnightly
2667,49,Female,95,Ohio,S,Brown,Winter,4.1,No,No,14,Venmo,Fortnightly
586,69,Male,23,South Carolina,M,Gray,Fall,2.8,Yes,Yes,5,Cash,Every 3 Months
4278,57,Male,,Houston,,White,Summer,4,Yes,Yes,5,Debit Card,Weekly
3710,31,Female,43,Utah,M,Silver,Fall,3.6,No,No,27,PayPal,Quarterly
2938,28,Female,39,West Virginia,M,White,Spring,4.3,No,No,15,Credit Card,Weekly
2512,54,Male,33,Idaho,M,Cyan,Summer,2.7,No,No,1,PayPal,Quarterly
136,43,Male,81,Kansas,M,Purple,Fall,4.1,Yes,Yes,12,PayPal,Quarterly
1434,70,Male,60,Minnesota,L,Yellow,Winter,3.2,No,Yes,45,Debit Card,Weekly
4887,64,Other,169.1,Chicago,M,Black,Autumn,5,Yes,Yes,,Credit Card,Weekly
2490,66,Male,34,South Dakota,M,Green,Winter,3.9,No,No,50,Venmo,Quarterly
73,18,Male,26,Georgia,M,Olive,Winter,2.9,Yes,Yes,21,Bank Transfer,Every 3 Months
451,25,Male,21,Connecticut,L,Beige,Summer,2.7,Yes,Yes,19,Credit Card,Monthly
1818,32,Male,27,Delaware,M,White,Summer,4.7,No,No,20,Cash,Weekly
1266,32,Male,79,Louisiana,M,Lavender,Spring,2.7,No,Yes,27,Bank Transfer,Weekly
4830,34,Other,61.63,Houston,,Green,Winter,2,Yes,No,22,Cash,Quarterly
4583,20,Other,,New York,M,Blue,Summer,,Yes,Yes,32,PayPal,Quarterly
2088,54,Male,91,Wisconsin,M,Blue,Summer,4.7,No,No,1,Credit Card,Weekly
2197,25,Male,58,Vermont,M,Gray,Spring,4.8,No,No,31,PayPal,Weekly
4693,60,Male,915.2,Chicago,,Green,Winter,,Yes,No,,PayPal,Monthly
3835,43,Female,59,Tennessee,M,Magenta,Winter,4.1,No,No,17,Cash,Quarterly
2182,22,Male,63,Hawaii,M,Black,Fall,3.2,No,No,32,Bank Transfer,Bi-Weekly
3423,19,Female,91,New York,L,Beige,Winter,3.2,No,No,9,Venmo,Monthly
569,44,Male,88,Utah,L,Red,Summer,4,Yes,Yes,36,PayPal,Monthly
2482,41,Male,92,New Jersey,XL,Cyan,Fall,2.9,No,No,35,Debit Card,Weekly
663,24,Male,98,Illinois,L,Magenta,Fall,2.8,Yes,Yes,39,Venmo,Bi-Weekly
1782,31,Male,33,Iowa,M,Pink,Fall,3.7,No,No,49,Bank Transfer,Quarterly
1028,33,Male,90,Ohio,L,Teal,Summer,2.8,Yes,Yes,11,Cash,Monthly
3277,39,Female,99,South Dakota,M,White,Summer,4,No,No,41,PayPal,Every 3 Months
4990,32,Female,76.8,Phoenix,S,Blue,Autumn,5,No,No,44,Debit Card,Monthly
2069,70,Male,81,Vermont,XL,Black,Summer,3.9,No,No,44,Venmo,Monthly
496,33,Male,36,Michigan,XL,Cyan,Fall,3.3,Yes,Yes,6,Debit Card,Fortnightly
3026,40,Female,60,Montana,XL,Green,Summer,3.4,No,No,7,PayPal,Monthly
3539,56,Female,63,Iowa,S,White,Spring,4.5,No,No,21,Venmo,Monthly
3524,49,Female,59,Nevada,M,Cyan,Summer,2.8,No,No,30,Cash,Fortnightly
1500,19,Male,85,Georgia,S,Olive,Fall,3.4,No,Yes,24,Credit Card,Every 3 Months
1439,58,Male,38,Washington,M,Cyan,Spring,2.9,No,Yes,24,Debit Card,Monthly
552,29,Male,78,Idaho,XL,Green,Fall,3.1,Yes,Yes,27,Cash,Bi-Weekly
3408,46,Female,46,Alabama,S,Purple,Spring,2.6,No,No,20,Cash,Quarterly
745,67,Male,66,Illinois,S,Charcoal,Spring,4.1,Yes,Yes,42,Debit Card,Bi-Weekly
3894,21,Female,64,Massachusetts,L,White,Fall,3.3,No,No,29,Bank Transfer,Bi-Weekly
2655,23,Female,70,Idaho,S,Pink,Fall,4.1,No,No,4,PayPal,Annually
2093,42,Male,45,Minnesota,M,Silver,Fall,2.6,No,No,27,Bank Transfer,Weekly
1737,57,Male,61,Tennessee,M,Purple,Summer,2.6,No,No,43,Cash,Quarterly
1344,68,Male,56,Florida,M,Indigo,Spring,3.4,No,Yes,34,Bank Transfer,Monthly
4772,50,Female,,Los Angeles,L,Black,Spring,,Yes,No,18,Credit Card,Weekly
5040,27,Male,,Chicago,,Green,Winter,,No,No,36,Credit Card,Quarterly
2884,22,Female,48,Rhode Island,XL,Silver,Spring,3.2,No,No,10,PayPal,Weekly
3480,46,Female,56,New York,S,Orange,Summer,4.9,No,No,41,Cash,Monthly
3713,51,Female,72,Oregon,M,Turquoise,Spring,3.7,No,No,24,PayPal,Quarterly
4131,44,Male,418.13,Los Angeles,,Red,Spring,4,No,Yes,,Credit Card,Weekly
4140,70,Female,1281.96,New York,,White,Spring,1,No,No,,Cash,Weekly
2605,47,Male,54,Colorado,M,Beige,Spring,3.4,No,No,6,Debit Card,Weekly
1923,18,Male,63,Kentucky,S,Peach,Summer,4.6,No,No,9,PayPal,Monthly
2703,70,Female,37,Texas,L,Gray,Fall,4,No,No,39,Debit Card,Fortnightly
522,36,Male,41,Vermont,L,Gold,Winter,3.5,Yes,Yes,50,Bank Transfer,Annually
1196,25,Male,95,Texas,M,White,Winter,4,No,Yes,33,Venmo,Monthly
342,20,Male,20,Utah,S,Blue,Summer,4.6,Yes,Yes,40,Debit Card,Bi-Weekly
3100,42,Female,98,Michigan,S,Maroon,Fall,2.9,No,No,21,Bank Transfer,Bi-Weekly
1535,55,Male,66,Wyoming,M,Green,Summer,3.4,No,Yes,26,Venmo,Fortnightly
3821,34,Female,65,New Hampshire,M,Purple,Winter,5,No,No,34,Debit Card,Quarterly
1461,70,Male,85,Pennsylvania,L,Violet,Fall,4.6,No,Yes,33,Venmo,Bi-Weekly
2558,70,Male,23,Oklahoma,L,Cyan,Spring,3.9,No,No,17,PayPal,Fortnightly
4065,23,Male,,Phoenix,L,Blue,Autumn,,Yes,Yes,,Debit Card,Quarterly
2082,24,Male,78,Alabama,S,Cyan,Spring,4.3,No,No,48,Bank Transfer,Bi-Weekly
1871,43,Male,99,Wyoming,L,Violet,Spring,4.3,No,No,27,Debit Card,Fortnightly
1301,67,Male,100,West Virginia,M,Charcoal,Spring,4.5,No,Yes,47,Credit Card,Every 3 Months
873,56,Male,33,North Dakota,M,Pink,Spring,2.9,Yes,Yes,25,Cash,Quarterly
4031,44,Other,,New York,L,White,Spring,5,Yes,No,0,Credit Card,Monthly
1036,61,Male,89,Georgia,M,Brown,Fall,2.8,Yes,Yes,32,Venmo,Annually
3260,57,Female,95,Oklahoma,XL,Indigo,Fall,3.7,No,No,5,Debit Card,Every 3 Months
240,49,Male,51,Vermont,L,Yellow,Summer,2.9,Yes,Yes,47,Credit Card,Bi-Weekly
194,36,Male,100,North Dakota,S,Silver,Fall,3,Yes,Yes,29,Venmo,Annually
2122,43,Male,68,Alaska,M,Olive,Winter,3.5,No,No,32,Bank Transfer,Monthly
2652,51,Male,43,Tennessee,M,Cyan,Summer,4.6,No,No,27,PayPal,Quarterly
1205,67,Male,94,Florida,M,Pink,Spring,3.2,No,Yes,20,Credit Card,Every 3 Months
1431,48,Male,30,Michigan,S,Orange,Summer,4.9,No,Yes,3,Credit Card,Fortnightly
2113,43,Male,68,Tennessee,M,Lavender,Fall,4.5,No,No,7,Cash,Fortnightly
1983,41,Male,77,Kansas,M,Turquoise,Summer,2.7,No,No,32,PayPal,Monthly
5074,24,Other,275.67,Chicago,L,White,Winter,,Yes,No,,Cash,Weekly
1513,60,Male,23,Wisconsin,L,Silver,Winter,3.9,No,Yes,18,PayPal,Bi-Weekly
31,57,Male,31,North Carolina,L,Black,Winter,4.7,Yes,Yes,16,Credit Card,Monthly
1712,21,Male,93,North Carolina,M,Lavender,Spring,4.7,No,No,19,Credit Card,Monthly
948,57,Male,32,Indiana,M,Charcoal,Winter,3.9,Yes,Yes,6,Cash,Every 3 Months
3488,25,Female,24,West Virginia,L,Beige,Fall,2.9,No,No,39,Bank Transfer,Annually
4573,23,Male,1441.51,Phoenix,L,Black,Winter,,No,Yes,3,Credit Card,Quarterly
4211,58,Other,39.28,Chicago,L,Green,Summer,,Yes,No,,Credit Card,Weekly
1316,56,Male,75,Mississippi,L,Green,Spring,4.2,No,Yes,29,Debit Card,Quarterly
1924,64,Male,36,Nebraska,XL,Blue,Summer,4.3,No,No,7,Cash,Annually
2373,50,Male,39,Alabama,XL,Silver,Spring,3.1,No,No,9,PayPal,Fortnightly
4407,33,Male,,New York,L,White,Autumn,,Yes,Yes,,Credit Card,Monthly
4839,43,Male,1063.29,Houston,,White,Autumn,3,Yes,Yes,30,PayPal,Quarterly
1281,30,Male,78,Georgia,L,White,Winter,4.4,No,Yes,39,Venmo,Every 3 Months
4727,28,Other,1108.88,New York,,White,Winter,4,Yes,No,9,Credit Card,Weekly
943,26,Male,91,Arizona,M,Cyan,Winter,3.2,Yes,Yes,38,PayPal,Bi-Weekly
3237,63,Female,84,South Carolina,L,Olive,Fall,4.1,No,No,8,Cash,Monthly
1320,65,Male,24,Oklahoma,M,Magenta,Spring,4,No,Yes,48,Bank Transfer,Weekly
4749,59,Female,576.66,Los Angeles,XL,White,Summer,,Yes,No,14,Credit Card,Weekly
495,38,Male,68,Indiana,M,Indigo,Winter,4.5,Yes,Yes,42,Debit Card,Weekly
5093,28,Other,,Los Angeles,,Black,Spring,,No,Yes,0,Credit Card,Monthly
857,55,Male,33,Alaska,M,Gold,Summer,3.5,Yes,Yes,47,Debit Card,Fortnightly
2611,66,Male,93,West Virginia,M,Violet,Spring,3.1,No,No,25,Cash,Quarterly
1013,28,Male,37,New Mexico,L,Teal,Summer,3.8,Yes,Yes,27,Credit Card,Annually
3196,68,Female,58,Missouri,S,Red,Spring,4.9,No,No,36,Credit Card,Quarterly
1603,54,Male,48,West Virginia,S,Charcoal,Winter,2.8,No,Yes,13,Venmo,Fortnightly
2782,65,Female,39,Mississippi,M,Blue,Spring,4.6,No,No,33,PayPal,Weekly
1660,53,Male,37,Utah,M,Black,Fall,3.9,No,Yes,44,Venmo,Annually
2143,47,Male,39,North Dakota,M,Maroon,Winter,4.3,No,No,21,Venmo,Quarterly
4187,44,Male,,Los Angeles,XL,Green,Summer,,Yes,Yes,16,Credit Card,Monthly
1053,60,Male,36,Virginia,XL,Pink,Fall,3,Yes,Yes,1,Credit Card,Fortnightly
2720,69,Female,82,Louisiana,S,Peach,Fall,4.2,No,No,4,Bank Transfer,Monthly
4735,56,Other,,Houston,M,Blue,Summer,4,Yes,No,31,Debit Card,Weekly
2589,44,Male,49,Delaware,M,Peach,Summer,3.2,No,No,38,Venmo,Bi-Weekly
4858,20,Other,808.22,Chicago,,Black,Winter,5,No,Yes,40,Cash,Weekly
4536,41,Male,202.12,New York,L,Blue,Summer,2,No,No,,Cash,Weekly
5076,53,Male,12.41,Los Angeles,M,White,Summer,5,No,Yes,50,Credit Card,Monthly
590,28,Male,70,Minnesota,M,Orange,Fall,3.4,Yes,Yes,40,PayPal,Annually
4429,42,Other,,Phoenix,,Blue,Spring,1,Yes,Yes,,Debit Card,Weekly
128,24,Male,89,Mississippi,M,Gray,Winter,4.8,Yes,Yes,26,Credit Card,Weekly
1870,18,Male,77,West Virginia,S,Beige,Spring,3.9,No,No,16,Debit Card,Every 3 Months
1948,59,Male,32,New York,M,Gray,Summer,2.6,No,No,2,PayPal,Monthly
932,24,Male,36,Nebraska,M,Silver,Winter,4.1,Yes,Yes,24,Bank Transfer,Fortnightly
3299,65,Female,73,New Mexico,M,Brown,Fall,3.5,No,No,6,Bank Transfer,Every 3 Months
2819,46,Female,73,California,M,Turquoise,Fall,4.7,No,No,12,Debit Card,Annually
2715,53,Female,45,Iowa,S,Olive,Winter,3.6,No,No,16,Credit Card,Bi-Weekly
208,62,Male,91,Rhode Island,M,Silver,Summer,2.9,Yes,Yes,17,Bank Transfer,Bi-Weekly
2234,38,Male,31,Florida,XL,Gray,Summer,4.5,No,No,48,Credit Card,Monthly
3055,42,Female,70,New Hampshire,S,Magenta,Summer,4.9,No,No,34,Venmo,Monthly
1457,59,Male,100,Montana,S,Olive,Spring,2.7,No,Yes,30,PayPal,Every 3 Months
2467,32,Male,84,South Dakota,S,Pink,Summer,3.7,No,No,37,Cash,Annually
2833,29,Female,37,Maryland,M,Magenta,Summer,4.6,No,No,40,PayPal,Quarterly
2006,18,Male,82,Tennessee,M,Cyan,Winter,3.4,No,No,30,PayPal,Fortnightly
1597,42,Male,30,Mississippi,S,Pink,Fall,4.7,No,Yes,15,Debit Card,Monthly
1803,57,Male,96,Rhode Island,L,Turquoise,Winter,2.6,No,No,31,Venmo,Bi-Weekly
2012,57,Male,94,West Virginia,M,Beige,Spring,3.7,No,No,4,Bank Transfer,Monthly
2158,41,Male,68,Mississippi,L,Turquoise,Winter,4,No,No,41,Venmo,Fortnightly
4826,66,Other,525.18,Houston,M,White,Autumn,5,No,Yes,50,PayPal,Quarterly
3736,38,Female,44,Massachusetts,L,Orange,Spring,3.1,No,No,29,PayPal,Annually
1549,69,Male,32,Maryland,M,Silver,Summer,3.7,No,Yes,43,Bank Transfer,Weekly
87,24,Male,41,Nevada,L,Pink,Spring,3.7,Yes,Yes,47,Cash,Bi-Weekly
4547,66,Female,,Phoenix,,Green,Spring,4,Yes,Yes,30,Credit Card,Quarterly
4580,53,Other,492.76,Houston,L,Green,Summer,3,No,No,22,Credit Card,Quarterly
646,62,Male,42,Oklahoma,S,Purple,Summer,4.2,Yes,Yes,15,Venmo,Bi-Weekly
2527,47,Male,28,Rhode Island,S,Peach,Spring,3.4,No,No,30,PayPal,Bi-Weekly
2714,19,Female,57,Mississippi,M,Magenta,Fall,3.8,No,No,20,Debit Card,Annually
4403,70,Other,583.34,New York,L,Green,Winter,,Yes,No,20,PayPal,Weekly
2080,32,Male,24,Montana,L,Violet,Summer,3.1,No,No,16,PayPal,Quarterly
2107,60,Male,34,Vermont,M,Gray,Fall,4.4,No,No,40,Credit Card,Every 3 Months
3796,45,Female,92,Arkansas,M,Charcoal,Spring,2.5,No,No,3,Cash,Weekly
1675,35,Male,56,Alaska,M,Peach,Winter,3.2,No,Yes,10,Debit Card,Fortnightly
3071,52,Female,26,Alabama,XL,Red,Fall,2.6,No,No,43,PayPal,Bi-Weekly
4181,34,Female,10.12,Los Angeles,,Blue,Spring,1,No,Yes,7,Credit Card,Monthly
3334,55,Female,35,Minnesota,M,Violet,Spring,4.2,No,No,3,PayPal,Monthly
1082,62,Male,30,Idaho,XL,Brown,Spring,4.5,No,Yes,45,Credit Card,Annually
262,21,Male,77,California,L,Magenta,Winter,4.9,Yes,Yes,21,Credit Card,Annually
2528,19,Male,36,Illinois,M,Gold,Fall,3.6,No,No,33,Bank Transfer,Every 3 Months
2763,58,Female,41,Georgia,M,Charcoal,Fall,3.8,No,No,10,Debit Card,Every 3 Months
1131,67,Male,41,Kentucky,M,Lavender,Summer,3.9,No,Yes,30,PayPal,Bi-Weekly
4376,64,Female,875.62,Phoenix,M,Red,Autumn,,No,No,,Credit Card,Monthly
2380,40,Male,77,South Dakota,M,Peach,Spring,4,No,No,22,Debit Card,Monthly
1242,58,Male,51,Hawaii,XL,Pink,Winter,3.1,No,Yes,34,Credit Card,Weekly
4702,26,Female,,Houston,L,Black,Spring,5,Yes,No,30,PayPal,Monthly
3091,29,Female,36,Texas,M,Peach,Summer,4.9,No,No,15,Bank Transfer,Quarterly
1957,70,Male,37,Oklahoma,M,Pink,Winter,4.9,No,No,20,Credit Card,Fortnightly
921,37,Male,81,Arkansas,XL,Gold,Summer,4.3,Yes,Yes,37,Cash,Weekly
2924,28,Female,70,Pennsylvania,M,Magenta,Spring,4.2,No,No,12,Cash,Quarterly
4521,31,Other,,Houston,,Black,Spring,5,No,No,7,PayPal,Weekly
3131,52,Female,20,Vermont,M,Yellow,Summer,4.5,No,No,34,Venmo,Every 3 Months
2231,52,Male,36,Colorado,S,Teal,Spring,3.8,No,No,33,Venmo,Fortnightly
460,63,Male,30,Maryland,L,Black,Winter,3.8,Yes,Yes,27,PayPal,Fortnightly
2246,49,Male,90,Delaware,L,Gray,Fall,4.9,No,No,45,PayPal,Fortnightly
276,48,Male,85,Virginia,XL,Lavender,Winter,4,Yes,Yes,13,Credit Card,Weekly
866,64,Male,26,Colorado,L,Charcoal,Winter,4.8,Yes,Yes,23,Venmo,Annually
86,53,Male,95,New Mexico,M,Charcoal,Winter,4.5,Yes,Yes,2,Debit Card,Bi-Weekly
3094,29,Female,63,Pennsylvania,L,Red,Summer,4.8,No,No,17,Cash,Every 3 Months
2593,23,Male,23,Iowa,XL,Peach,Summer,4.4,No,No,13,Venmo,Quarterly
3757,64,Female,69,South Carolina,L,Teal,Spring,4.8,No,No,42,Debit Card,Bi-Weekly
3431,67,Female,73,Montana,M,Lavender,Winter,4.2,No,No,17,Bank Transfer,Every 3 Months
971,45,Male,66,California,S,Maroon,Winter,4.4,Yes,Yes,4,Cash,Monthly
2531,25,Male,98,Massachusetts,S,Cyan,Spring,3.6,No,No,28,Debit Card,Weekly
3462,51,Female,23,Wyoming,S,Maroon,Spring,4.4,No,No,47,Cash,Quarterly
4779,36,Other,1340.78,New York,,Black,Winter,,Yes,No,50,Cash,Quarterly
1591,54,Male,80,Wisconsin,S,Pink,Winter,3,No,Yes,8,PayPal,Annually
2066,27,Male,40,Oregon,M,Blue,Spring,2.9,No,No,6,Bank Transfer,Bi-Weekly
2455,32,Male,72,Alaska,M,Magenta,Winter,4.6,No,No,33,Venmo,Annually
1188,56,Male,89,Iowa,L,Maroon,Fall,3,No,Yes,37,Credit Card,Every 3 Months
3503,31,Female,62,Massachusetts,M,Green,Fall,4.7,No,No,26,Bank Transfer,Quarterly
973,61,Male,61,Colorado,L,Gold,Winter,3,Yes,Yes,33,Credit Card,Weekly
1763,36,Male,42,Idaho,M,Brown,Summer,3.1,No,No,41,Bank Transfer,Fortnightly
901,54,Male,98,West Virginia,L,Gray,Fall,3.3,Yes,Yes,42,Bank Transfer,Quarterly
4206,57,Female,,Houston,,Blue,Spring,,No,No,,Cash,Quarterly
1177,36,Male,83,Oregon,M,Red,Winter,,No,Yes,39,PayPal,Quarterly
2423,30,Male,82,Georgia,M,Peach,Winter,4.8,No,No,45,Credit Card,Weekly
4265,63,Other,708.58,Houston,S,Green,Spring,2,Yes,Yes,,Debit Card,Monthly
372,27,Male,83,North Carolina,S,Pink,Winter,3.2,Yes,Yes,47,PayPal,Monthly
3399,54,Female,60,Montana,L,Pink,Winter,3.8,No,No,44,Cash,Fortnightly
1372,40,Male,64,Mississippi,M,Charcoal,Spring,2.8,No,Yes,42,Credit Card,Monthly
189,50,Male,53,Arkansas,M,Pink,Spring,3.1,Yes,Yes,5,Bank Transfer,Bi-Weekly
3084,22,Female,20,Illinois,S,Purple,Summer,3.5,No,No,28,PayPal,Quarterly
650,53,Male,93,Delaware,L,Orange,Spring,4.2,Yes,Yes,33,PayPal,Every 3 Months
4294,25,Other,,Houston,,Red,Spring,,No,Yes,20,Cash,Quarterly
1888,64,Male,44,North Dakota,XL,Gold,Fall,3.5,No,No,3,PayPal,Monthly
4393,48,Male,,Houston,,White,Autumn,,No,Yes,43,Debit Card,Weekly
1146,31,Male,89,Nevada,L,Pink,Summer,3,No,Yes,30,Cash,Every 3 Months
3236,27,Female,68,Kansas,M,Green,Summer,4,No,No,18,Venmo,Monthly
4982,66,Female,,Los Angeles,M,White,Spring,,Yes,Yes,,Credit Card,Weekly
2672,37,Female,64,Alabama,XL,Gray,Winter,4.8,No,No,41,PayPal,Every 3 Months
3344,24,Female,31,Kentucky,XL,Green,Winter,3.6,No,No,6,Cash,Bi-Weekly
2824,26,Female,63,Utah,M,Olive,Summer,4.5,No,No,47,Debit Card,Bi-Weekly
4216,56,Female,713.42,Los Angeles,M,Red,Summer,,Yes,No,8,PayPal,Monthly
2371,51,Male,71,Alaska,M,Black,Spring,3.9,No,No,38,Venmo,Weekly
4112,51,Female,1232,Phoenix,,Blue,Winter,,Yes,No,,Debit Card,Monthly
4490,34,Female,,New York,,White,Summer,5,Yes,No,10,PayPal,Monthly
308,29,Male,32,Florida,M,Orange,Winter,3.2,Yes,Yes,3,Credit Card,Every 3 Months
3152,52,Female,64,New Mexico,L,Orange,Fall,3.1,No,No,47,Bank Transfer,Quarterly
543,27,Male,79,Illinois,XL,Teal,Spring,4.6,Yes,Yes,35,Cash,Bi-Weekly
2920,64,Female,67,Minnesota,L,Charcoal,Winter,3.8,No,No,31,Debit Card,Monthly
3663,69,Female,80,Rhode Island,M,Indigo,Spring,4.9,No,No,11,Debit Card,Weekly
859,19,Male,26,Oklahoma,L,Olive,Fall,3.1,Yes,Yes,33,PayPal,Weekly
1422,68,Male,100,Pennsylvania,S,Gold,Spring,3,No,Yes,24,Bank Transfer,Fortnightly
1085,34,Male,36,Arkansas,S,Purple,Fall,4.1,No,Yes,48,Cash,Quarterly
1121,22,Male,84,Pennsylvania,M,Magenta,Winter,4,No,Yes,40,Debit Card,Monthly
2984,60,Female,44,West Virginia,M,Charcoal,Winter,2.8,No,No,1,Credit Card,Quarterly
2657,52,Female,76,Indiana,L,Yellow,Winter,3.6,No,No,29,Bank Transfer,Fortnightly
2288,66,Male,45,Nebraska,L,Green,Summer,3,No,No,6,Debit Card,Annually
647,51,Male,54,Indiana,XL,Pink,Spring,4.9,Yes,Yes,19,Venmo,Bi-Weekly
839,33,Male,29,Kentucky,M,Gray,Spring,4.3,Yes,Yes,49,Credit Card,Annually
2180,49,Male,82,Delaware,L,Lavender,Fall,2.9,No,No,14,PayPal,Monthly
868,37,Male,20,Colorado,M,Turquoise,Spring,3.1,Yes,Yes,23,Bank Transfer,Fortnightly
1653,65,Male,35,New Mexico,M,Orange,Summer,4,No,Yes,1,Bank Transfer,Fortnightly
17,25,Male,36,Alabama,S,Gray,Spring,4.1,Yes,Yes,44,Debit Card,Bi-Weekly
2493,50,Male,96,South Dakota,S,Silver,Summer,4.1,No,No,34,Bank Transfer,Bi-Weekly
292,57,Male,26,Delaware,XL,Violet,Fall,3.3,Yes,Yes,40,Bank Transfer,Monthly
4008,33,Other,,New York,XL,Black,Autumn,4,No,No,41,PayPal,Weekly
3315,55,Female,94,Kansas,M,Violet,Spring,3.3,No,No,8,Credit Card,Quarterly
4379,70,Female,,Los Angeles,,Green,Summer,4,Yes,Yes,38,PayPal,Monthly
4098,60,Male,575.16,Phoenix,,Black,Spring,,No,No,,Debit Card,Quarterly
3374,70,Female,52,Minnesota,M,Purple,Spring,3.5,No,No,12,Debit Card,Every 3 Months
1697,31,Male,69,West Virginia,S,Turquoise,Spring,4,No,No,7,Credit Card,Bi-Weekly
4831,66,Female,,Phoenix,L,Black,Spring,,No,Yes,,Credit Card,Monthly
2198,33,Male,88,Pennsylvania,M,Indigo,Summer,3.7,No,No,40,Venmo,Monthly
704,63,Male,87,Connecticut,L,Pink,Summer,3,Yes,Yes,21,Venmo,Weekly
2771,50,Female,44,Nebraska,S,Blue,Fall,3.3,No,No,22,Bank Transfer,Quarterly
1629,45,Male,64,Massachusetts,S,Teal,Winter,3.1,No,Yes,7,Cash,Monthly
2210,42,Male,20,Utah,XL,Beige,Summer,4.5,No,No,44,Bank Transfer,Quarterly
2825,39,Female,90,Utah,M,Purple,Fall,4,No,No,49,Debit Card,Quarterly
3748,26,Female,53,Rhode Island,L,Olive,Spring,4.3,No,No,32,Bank Transfer,Bi-Weekly
980,64,Male,33,New Hampshire,S,Brown,Fall,3.5,Yes,Yes,34,Debit Card,Monthly
4733,26,Female,,New York,XL,Red,Spring,,No,No,29,Credit Card,Monthly
1182,61,Male,96,New York,L,Teal,Summer,3.5,No,Yes,43,Bank Transfer,Quarterly
355,58,Male,76,Pennsylvania,S,Olive,Fall,3,Yes,Yes,42,Venmo,Weekly
3068,70,Female,22,Missouri,S,Gray,Spring,3.5,No,No,2,Cash,Weekly
1136,65,Male,90,Massachusetts,L,Peach,Winter,3.6,No,Yes,32,Bank Transfer,Quarterly
5006,52,Male,1397.54,New York,L,Black,Winter,,No,No,,Credit Card,Quarterly
193,46,Male,29,Nebraska,L,Turquoise,Summer,2.9,Yes,Yes,12,PayPal,Bi-Weekly
3161,28,Female,87,Nebraska,XL,Turquoise,Fall,3.8,No,No,37,Cash,Fortnightly
1751,31,Male,85,Missouri,M,White,Fall,3.1,No,No,38,Venmo,Every 3 Months
484,23,Male,73,Oklahoma,M,White,Fall,3.9,Yes,Yes,12,Debit Card,Weekly
1203,48,Male,29,Maryland,S,Olive,Spring,2.9,No,Yes,14,Venmo,Every 3 Months
2042,66,Male,32,New York,S,Lavender,Winter,3.2,No,No,14,PayPal,Bi-Weekly
4408,19,Male,1456.31,Los Angeles,,Green,Summer,5,Yes,Yes,,Cash,Weekly
4508,50,Male,,Los Angeles,,White,Winter,,No,No,21,Debit Card,Monthly
490,49,Male,85,South Dakota,M,Green,Summer,3.2,Yes,Yes,40,PayPal,Annually
2358,53,Male,67,Michigan,L,Cyan,Fall,4.2,No,No,40,Credit Card,Bi-Weekly
4986,42,Male,561.64,New York,S,Black,Winter,2,No,Yes,,PayPal,Monthly
2571,36,Male,27,New Mexico,XL,Olive,Spring,4,No,No,12,PayPal,Fortnightly
258,20,Male,53,West Virginia,M,Red,Summer,4.5,Yes,Yes,5,Credit Card,Quarterly
3087,47,Female,73,Utah,M,Lavender,Summer,3.5,No,No,26,Venmo,Every 3 Months
1779,49,Male,94,Texas,M,Red,Winter,4.9,No,No,8,Debit Card,Bi-Weekly
1212,23,Male,94,Oklahoma,M,Green,Spring,4.6,No,Yes,14,Venmo,Every 3 Months
2057,55,Male,46,Minnesota,L,Blue,Spring,4.4,No,No,29,PayPal,Monthly
3302,36,Female,58,Oklahoma,XL,Charcoal,Summer,2.5,No,No,31,Credit Card,Fortnightly
2089,39,Male,89,California,L,Orange,Spring,4,No,No,49,Debit Card,Annually
1227,53,Male,91,Ohio,S,Cyan,Fall,3.4,No,Yes,18,Venmo,Bi-Weekly
4771,51,Female,124.66,New York,,White,Autumn,,No,No,3,Cash,Weekly
2272,29,Male,99,Alaska,M,Green,Summer,3.4,No,No,49,PayPal,Quarterly
3869,18,Female,29,Maryland,XL,Magenta,Winter,3.3,No,No,9,Cash,Annually
4978,62,Other,,Phoenix,M,White,Spring,4,Yes,No,,Cash,Weekly
4965,41,Female,,Los Angeles,S,Green,Autumn,4,Yes,Yes,,Credit Card,Monthly
950,33,Male,36,Montana,M,Olive,Summer,3.4,Yes,Yes,49,Venmo,Monthly
581,49,Male,80,Iowa,M,Orange,Spring,4.1,Yes,Yes,10,PayPal,Weekly
1956,50,Male,56,Maine,M,Pink,Winter,4.9,No,No,37,Cash,Monthly
4755,36,Female,,New York,M,Green,Spring,,Yes,No,50,Credit Card,Quarterly
268,64,Male,54,Maryland,M,Olive,Spring,3.9,Yes,Yes,42,Venmo,Annually
4527,66,Male,1074.63,Chicago,,White,Winter,3,Yes,No,,Cash,Monthly
3533,61,Female,68,Connecticut,L,Indigo,Fall,4.6,No,No,12,Credit Card,Annually
257,58,Male,30,South Dakota,XL,Violet,Spring,4.7,Yes,Yes,20,Credit Card,Every 3 Months
695,41,Male,21,Kentucky,S,Charcoal,Fall,3.5,Yes,Yes,38,Venmo,Every 3 Months
1814,40,Male,62,Illinois,M,Olive,Spring,3.5,No,No,24,PayPal,Weekly
3352,43,Female,49,New Hampshire,L,Cyan,Spring,4.2,No,No,18,Bank Transfer,Fortnightly
4286,54,Other,,Houston,M,White,Spring,5,No,Yes,,PayPal,Monthly
3683,42,Female,60,Wyoming,M,Maroon,Fall,4.6,No,No,46,Venmo,Bi-Weekly
4056,39,Other,,New York,,Green,Winter,,Yes,Yes,,Cash,Quarterly
4168,35,Female,,Houston,S,Red,Winter,,No,No,,Credit Card,Weekly
3884,34,Female,38,North Dakota,XL,Purple,Fall,4,No,No,22,Cash,Fortnightly
3887,37,Female,92,Iowa,S,Brown,Summer,3.9,No,No,40,Debit Card,Quarterly
1764,37,Male,93,Vermont,M,Lavender,Winter,3.9,No,No,28,PayPal,Annually
1119,49,Male,65,Indiana,M,Purple,Summer,4.9,No,Yes,11,PayPal,Every 3 Months
2680,53,Female,68,Montana,S,Yellow,Spring,3.8,No,No,7,Debit Card,Quarterly
3541,24,Female,95,Nevada,M,Magenta,Spring,4.6,No,No,5,Bank Transfer,Weekly
2332,61,Male,77,Illinois,S,Olive,Spring,4.3,No,No,10,Credit Card,Bi-Weekly
5020,25,Male,,Phoenix,M,Blue,Summer,4,Yes,No,,Debit Card,Monthly
814,54,Male,45,Montana,S,Olive,Summer,2.9,Yes,Yes,14,Debit Card,Annually
3407,57,Female,79,Nebraska,M,Red,Spring,4,No,No,24,Venmo,Quarterly
20,66,Male,90,Rhode Island,M,Green,Summer,3.3,Yes,Yes,46,Debit Card,Bi-Weekly
4944,52,Female,1124.29,Houston,M,Red,Summer,2,Yes,Yes,0,PayPal,Monthly
3351,45,Female,33,Mississippi,S,Olive,Fall,4.9,No,No,15,Cash,Bi-Weekly
1491,66,Male,52,Louisiana,L,Olive,Spring,4.9,No,Yes,15,Venmo,Bi-Weekly
1772,46,Male,82,Indiana,XL,Turquoise,Fall,4.7,No,No,9,Credit Card,Annually
5097,37,Male,150.47,Houston,,Green,Summer,,Yes,No,10,Debit Card,Monthly
2907,58,Female,27,Virginia,M,Indigo,Spring,3.9,No,No,7,Venmo,Annually
3626,44,Female,99,Illinois,L,Green,Winter,4.4,No,No,32,PayPal,Weekly
545,34,Male,64,Washington,S,Yellow,Summer,3.3,Yes,Yes,30,Bank Transfer,Every 3 Months
4549,51,Male,,Los Angeles,S,White,Winter,,Yes,Yes,,Debit Card,Weekly
683,23,Male,29,Missouri,M,Brown,Summer,4,Yes,Yes,49,Credit Card,Bi-Weekly
2063,54,Male,63,South Carolina,L,Silver,Fall,2.8,No,No,15,Cash,Quarterly
3375,22,Female,47,Nevada,S,Lavender,Spring,3.7,No,No,41,Debit Card,Annually
1155,49,Male,82,Georgia,L,Cyan,Spring,2.9,No,Yes,44,Credit Card,Bi-Weekly
4913,67,Other,,Phoenix,,Black,Spring,1,Yes,No,35,PayPal,Monthly
4340,40,Female,,Chicago,XL,Red,Spring,,Yes,Yes,,Credit Card,Weekly
2125,47,Male,60,Rhode Island,M,Teal,Fall,4.2,No,No,22,Venmo,Quarterly
4166,35,Male,251.11,Chicago,S,Black,Winter,,Yes,No,,PayPal,Weekly
1571,30,Male,41,Missouri,L,Brown,Winter,4.8,No,Yes,3,Bank Transfer,Every 3 Months
4283,66,Male,,New York,L,Green,Autumn,3,Yes,Yes,,PayPal,Monthly
4274,34,Female,996.93,New York,,White,Winter,,No,No,42,Debit Card,Weekly
4640,62,Male,,New York,M,Black,Summer,,No,Yes,9,Debit Card,Monthly
4203,35,Male,,Los Angeles,L,Green,Summer,3,Yes,No,,Debit Card,Quarterly
1009,41,Male,85,New Mexico,M,Pink,Spring,2.6,Yes,Yes,29,PayPal,Annually
3392,47,Female,57,Montana,M,Silver,Fall,3.7,No,No,6,Debit Card,Every 3 Months
3250,26,Female,83,Virginia,M,Pink,Summer,3.4,No,No,32,Credit Card,Quarterly
4515,60,Male,,Houston,,Blue,Summer,,Yes,No,22,Debit Card,Quarterly
2682,23,Female,23,Massachusetts,L,Olive,Summer,4.8,No,No,17,Debit Card,Monthly
1517,20,Male,68,Nevada,L,Indigo,Winter,4.5,No,Yes,5,Bank Transfer,Bi-Weekly
2422,37,Male,46,Minnesota,L,Pink,Spring,4.6,No,No,2,Debit Card,Every 3 Months
2734,31,Female,83,North Carolina,M,Magenta,Summer,4.7,No,No,46,PayPal,Annually
3401,39,Female,51,Nevada,M,Lavender,Fall,4.8,No,No,18,Venmo,Fortnightly
1530,20,Male,63,Georgia,M,Lavender,Winter,3.1,No,Yes,48,Credit Card,Bi-Weekly
2767,66,Female,91,Tennessee,M,Cyan,Winter,2.8,No,No,47,Credit Card,Monthly
4918,42,Female,1326.78,New York,S,Black,Autumn,5,Yes,No,38,Cash,Monthly
4778,24,Female,,Phoenix,L,Blue,Spring,,No,Yes,,PayPal,Monthly
14,65,Male,51,New Hampshire,M,Violet,Spring,4.7,Yes,Yes,31,PayPal,Weekly
1333,66,Male,60,Alaska,S,Gold,Spring,4.3,No,Yes,16,Bank Transfer,Quarterly
3565,60,Female,38,Illinois,S,Brown,Summer,4.4,No,No,40,Venmo,Annually
1806,41,Male,62,Arizona,L,Gold,Spring,4.9,No,No,46,Debit Card,Weekly
3786,64,Female,94,New Hampshire,L,Lavender,Winter,3.8,No,No,6,Cash,Monthly
910,61,Male,56,Louisiana,L,Silver,Fall,2.7,Yes,Yes,36,PayPal,Weekly
3671,31,Female,50,Vermont,S,White,Winter,3.8,No,No,4,PayPal,Every 3 Months
3411,50,Female,76,Ohio,L,Teal,Summer,4.3,No,No,38,Bank Transfer,Bi-Weekly
371,59,Male,34,Oregon,M,Olive,Winter,3.4,Yes,Yes,13,PayPal,Weekly
983,35,Male,62,Texas,S,Red,Summer,3.2,Yes,Yes,37,PayPal,Monthly
3806,48,Female,57,New Jersey,M,Green,Fall,3.1,No,No,31,Credit Card,Quarterly
2580,65,Male,20,Minnesota,M,Purple,Summer,3.7,No,No,40,Venmo,Weekly
2668,48,Female,47,Maryland,M,Orange,Summer,4.1,No,No,31,Cash,Fortnightly
4475,31,Other,849.62,Los Angeles,,Black,Winter,5,Yes,Yes,,Cash,Monthly
4022,39,Female,,Phoenix,,Green,Summer,4,No,Yes,34,Debit Card,Weekly
5056,38,Female,210.55,Phoenix,,White,Autumn,3,No,No,,PayPal,Quarterly
3673,51,Female,81,New York,S,Pink,Fall,4.5,No,No,7,PayPal,Monthly
805,43,Male,47,Mississippi,M,Maroon,Summer,2.6,Yes,Yes,28,Venmo,Quarterly
1703,54,Male,83,Alabama,XL,Yellow,Summer,5,No,No,48,Bank Transfer,Weekly
126,49,Male,54,California,M,Indigo,Winter,3.6,Yes,Yes,45,Venmo,Every 3 Months
2391,65,Male,64,Arizona,XL,Yellow,Winter,4.6,No,No,24,Debit Card,Fortnightly
4392,54,Female,546.56,Houston,S,Blue,Summer,1,No,No,46,PayPal,Weekly
1959,39,Male,67,Nevada,M,Gray,Winter,2.7,No,No,47,Cash,Quarterly
1034,19,Male,52,Montana,S,Silver,Spring,4.6,Yes,Yes,41,Bank Transfer,Quarterly
1480,48,Male,100,Washington,L,Black,Spring,4,No,Yes,2,Bank Transfer,Weekly
3829,42,Female,82,Mississippi,M,Charcoal,Spring,3.4,No,No,8,Cash,Weekly
4331,66,Female,,Phoenix,L,Black,Autumn,3,Yes,No,,Cash,Weekly
3743,56,Female,80,Maryland,M,Gray,Fall,4.4,No,No,50,Credit Card,Bi-Weekly
362,65,Male,96,Nevada,M,White,Spring,2.6,Yes,Yes,45,Cash,Annually
3253,69,Female,21,Montana,L,Brown,Spring,2.7,No,No,48,Credit Card,Fortnightly
5064,20,Other,133.72,Los Angeles,S,Blue,Spring,,No,Yes,,Cash,Quarterly
3022,65,Female,77,Pennsylvania,S,Blue,Summer,4.5,No,No,47,Cash,Quarterly
1383,68,Male,55,Michigan,L,Brown,Winter,4.8,No,Yes,16,Bank Transfer,Quarterly
789,50,Male,51,Rhode Island,XL,Yellow,Summer,3.8,Yes,Yes,18,Bank Transfer,Quarterly
679,27,Male,74,Maine,M,Teal,Fall,3.3,Yes,Yes,25,Debit Card,Every 3 Months
589,47,Male,60,South Dakota,M,Violet,Fall,3,Yes,Yes,9,Debit Card,Quarterly
412,59,Male,29,Michigan,M,Indigo,Summer,2.8,Yes,Yes,15,PayPal,Annually
1310,32,Male,21,Hawaii,L,Lavender,Summer,4.7,No,Yes,41,Cash,Quarterly
642,47,Male,78,Alaska,M,Red,Winter,3.9,Yes,Yes,23,Credit Card,Every 3 Months
2183,42,Male,99,New Mexico,M,Maroon,Winter,2.7,No,No,26,Venmo,Bi-Weekly
865,51,Male,59,Kentucky,S,Charcoal,Winter,3.9,Yes,Yes,5,PayPal,Annually
2584,69,Male,93,Oklahoma,M,Lavender,Fall,2.5,No,No,9,Cash,Weekly
2778,52,Female,24,Idaho,M,Magenta,Fall,4.8,No,No,28,Credit Card,Every 3 Months
781,34,Male,26,New York,M,Turquoise,Spring,3.6,Yes,Yes,38,Cash,Quarterly
4639,63,Other,242.07,New York,M,Blue,Summer,,No,Yes,,Cash,Quarterly
2044,47,Male,33,New York,M,Charcoal,Summer,2.7,No,No,49,PayPal,Weekly
4201,18,Female,628.28,Phoenix,,Black,Spring,4,Yes,No,15,Cash,Quarterly
831,41,Male,76,Wyoming,M,Maroon,Fall,4.2,Yes,Yes,5,Credit Card,Annually
3873,41,Female,94,New Hampshire,M,Green,Spring,4.3,No,No,3,Cash,Monthly
2360,19,Male,81,Pennsylvania,S,Gold,Spring,3.3,No,No,44,Bank Transfer,Every 3 Months
1217,62,Male,32,Utah,XL,Lavender,Summer,3.7,No,Yes,3,Venmo,Every 3 Months
4185,29,Female,1025.93,Houston,L,Blue,Summer,1,Yes,No,20,Cash,Monthly
1627,32,Male,35,Nevada,L,Orange,Summer,2.6,No,Yes,45,Credit Card,Bi-Weekly
4971,37,Male,,Phoenix,,Green,Summer,,Yes,Yes,22,Cash,Monthly
4518,23,Other,100.13,New York,S,White,Autumn,,Yes,No,,Debit Card,Quarterly
2071,56,Male,88,Nebraska,XL,Red,Spring,3.1,No,No,14,Cash,Monthly
4883,44,Male,1459.62,Los Angeles,M,White,Autumn,,Yes,No,15,PayPal,Monthly
4447,36,Female,,Houston,S,Green,Winter,,Yes,Yes,,Cash,Quarterly
4597,50,Female,,New York,M,White,Winter,,Yes,Yes,,Debit Card,Quarterly
210,55,Male,97,Minnesota,S,Olive,Winter,3.2,Yes,Yes,44,Cash,Every 3 Months
4191,62,Male,,New York,M,Black,Summer,1,No,Yes,,Credit Card,Monthly
4660,44,Other,471.28,Phoenix,XL,Red,Summer,1,No,No,,PayPal,Monthly
3742,58,Female,96,Arizona,M,Purple,Spring,3.2,No,No,26,Debit Card,Bi-Weekly
4744,69,Other,884.69,Los Angeles,L,Red,Summer,,No,No,24,PayPal,Monthly
3602,34,Female,47,North Carolina,M,Indigo,Summer,3,No,No,3,PayPal,Monthly
2092,26,Male,97,Washington,XL,Beige,Fall,3,No,No,24,Bank Transfer,Quarterly
2256,48,Male,39,Michigan,L,Teal,Spring,4.6,No,No,42,Bank Transfer,Quarterly
5030,23,Other,1387.77,Houston,M,Blue,Spring,2,Yes,Yes,5,Cash,Monthly
4244,44,Other,191.27,Chicago,,White,Spring,,Yes,Yes,,PayPal,Weekly
4555,18,Other,392.98,Phoenix,M,Black,Winter,2,No,Yes,44,Cash,Quarterly
4671,43,Other,183.48,Phoenix,S,Black,Summer,,Yes,Yes,,Debit Card,Monthly
1729,23,Male,48,Wyoming,L,Black,Fall,4.3,No,No,1,Debit Card,Every 3 Months
2207,46,Male,51,Illinois,L,Green,Spring,2.6,No,No,25,Bank Transfer,Fortnightly
1750,43,Male,70,Wyoming,L,Pink,Fall,3.2,No,No,36,Debit Card,Every 3 Months
4367,23,Other,235.67,Phoenix,,Green,Autumn,,No,No,,PayPal,Quarterly
1609,26,Male,58,Nebraska,XL,Cyan,Fall,4.6,No,Yes,12,Bank Transfer,Bi-Weekly
3791,27,Female,45,Alaska,XL,Beige,Summer,4.4,No,No,31,Credit Card,Weekly
1345,56,Male,37,New York,S,Violet,Fall,4.9,No,Yes,14,Cash,Annually
3306,34,Female,41,Nebraska,L,Cyan,Summer,4.9,No,No,31,PayPal,Bi-Weekly
3747,53,Female,99,Idaho,XL,Cyan,Summer,2.6,No,No,49,PayPal,Monthly
2757,42,Female,23,Minnesota,L,Violet,Winter,4.1,No,No,41,PayPal,Monthly
434,49,Male,92,Alabama,M,Orange,Fall,3.2,Yes,Yes,23,Credit Card,Fortnightly
578,19,Male,52,Alabama,M,Black,Fall,3.7,Yes,Yes,41,Venmo,Annually
1433,34,Male,33,Florida,L,Black,Winter,4.4,No,Yes,32,Debit Card,Quarterly
3737,42,Female,56,Idaho,M,Red,Spring,4.6,No,No,2,PayPal,Every 3 Months
2800,23,Female,89,Maine,L,Pink,Spring,3.9,No,No,9,Bank Transfer,Every 3 Months
4961,24,Other,,Houston,L,Red,Winter,,No,No,45,Cash,Quarterly
1083,54,Male,85,South Carolina,XL,Cyan,Winter,2.6,No,Yes,30,Venmo,Quarterly
263,37,Male,40,Hawaii,M,Teal,Summer,,Yes,Yes,6,Debit Card,Annually
4388,62,Other,,New York,L,Green,Summer,3,No,Yes,,Debit Card,Weekly
1844,36,Male,76,Kentucky,M,Charcoal,Fall,4.7,No,No,32,Credit Card,Monthly
3187,38,Female,93,Virginia,S,Cyan,Winter,4.8,No,No,43,Venmo,Annually
2586,57,Male,37,Wisconsin,L,Maroon,Fall,4.4,No,No,19,Debit Card,Weekly
933,62,Male,24,Indiana,L,Blue,Winter,3.2,Yes,Yes,45,Debit Card,Bi-Weekly
4223,59,Male,227,New York,M,Green,Winter,4,No,No,,PayPal,Quarterly
360,31,Male,74,Georgia,M,Olive,Winter,3,Yes,Yes,30,Credit Card,Every 3 Months
2015,51,Male,26,Wisconsin,L,Black,Summer,3.9,No,No,47,PayPal,Bi-Weekly
4981,33,Male,1216.95,New York,L,Green,Autumn,2,Yes,No,35,Cash,Quarterly
1251,52,Male,26,New Hampshire,XL,Purple,Winter,4.1,No,Yes,24,Cash,Monthly
4875,37,Male,,Los Angeles,XL,Blue,Spring,4,No,No,21,Credit Card,Weekly
423,47,Male,59,Minnesota,M,Purple,Fall,3.1,Yes,Yes,32,Debit Card,Annually
1051,48,Male,64,Florida,M,Beige,Winter,3.8,Yes,Yes,19,Venmo,Monthly
1366,28,Male,69,Indiana,M,Magenta,Winter,4.5,No,Yes,18,Bank Transfer,Fortnightly
2310,70,Male,95,Connecticut,S,Gold,Fall,5,No,No,3,Bank Transfer,Quarterly
4811,22,Female,,Houston,M,White,Autumn,,Yes,Yes,,PayPal,Quarterly
4783,50,Female,,Houston,S,White,Autumn,2,Yes,Yes,,PayPal,Weekly
1981,51,Male,94,Iowa,M,Green,Winter,4.4,No,No,25,PayPal,Fortnightly
2147,48,Male,23,Utah,XL,White,Summer,4.6,No,No,45,PayPal,Every 3 Months
787,70,Male,21,Indiana,S,Teal,Winter,4.8,Yes,Yes,16,Bank Transfer,Every 3 Months
564,61,Male,99,Idaho,M,Black,Fall,4.4,Yes,Yes,16,Debit Card,Quarterly
3900,52,Female,81,California,M,Beige,Spring,3.1,No,No,33,Venmo,Quarterly
312,69,Male,52,Rhode Island,L,Silver,Winter,4.1,Yes,Yes,19,Bank Transfer,Monthly
4980,29,Female,,New York,M,Red,Summer,4,Yes,No,33,Credit Card,Weekly
49,42,Male,55,Nevada,M,Orange,Summer,2.7,Yes,Yes,38,Cash,Monthly
788,53,Male,85,Michigan,S,Green,Spring,3.7,Yes,Yes,25,Venmo,Weekly
2035,61,Male,30,Alabama,M,Peach,Spring,2.9,No,No,27,PayPal,Monthly
4389,52,Other,,New York,,Green,Winter,,No,Yes,49,Credit Card,Weekly
2696,50,Female,92,Tennessee,M,Orange,Fall,3.6,No,No,10,PayPal,Bi-Weekly
1451,25,Male,44,Illinois,S,Teal,Winter,3.4,No,Yes,25,Cash,Quarterly
696,30,Male,67,Nevada,XL,Peach,Summer,3.7,Yes,Yes,15,Debit Card,Every 3 Months
4633,48,Female,1020.16,New York,S,Blue,Summer,4,No,No,16,Debit Card,Monthly
254,52,Male,73,Oklahoma,L,Cyan,Winter,4.9,Yes,Yes,15,Bank Transfer,Bi-Weekly
2141,53,Male,90,New Mexico,M,Brown,Fall,3.7,No,No,36,Cash,Fortnightly
399,20,Male,67,Montana,S,Silver,Winter,4.6,Yes,Yes,25,Debit Card,Every 3 Months
5041,23,Other,,Chicago,XL,Black,Autumn,5,Yes,No,,Credit Card,Quarterly
2768,31,Female,95,Iowa,M,Green,Spring,4.5,No,No,31,Cash,Monthly
1418,62,Male,25,Montana,S,Brown,Spring,4.6,No,Yes,21,Debit Card,Fortnightly
812,18,Male,35,Illinois,M,Green,Winter,2.7,Yes,Yes,36,Venmo,Quarterly
2506,27,Male,75,Illinois,M,Cyan,Summer,3.5,No,No,43,PayPal,Quarterly
2219,67,Male,67,Idaho,M,Magenta,Winter,3.5,No,No,20,Debit Card,Quarterly
3221,38,Female,29,North Dakota,M,Blue,Fall,4.1,No,No,16,Cash,Monthly
1932,54,Male,42,Illinois,S,Olive,Spring,2.7,No,No,6,Debit Card,Every 3 Months
3690,47,Female,30,South Carolina,L,Red,Fall,4.5,No,No,8,Bank Transfer,Quarterly
400,60,Male,35,Idaho,L,Blue,Fall,3.5,Yes,Yes,10,Debit Card,Monthly
1734,67,Male,85,New York,L,Black,Summer,3.4,No,No,22,Credit Card,Annually
4073,47,Male,,Los Angeles,L,Black,Winter,4,Yes,No,,Cash,Weekly
4636,59,Other,16.88,Chicago,S,White,Summer,,Yes,No,,Debit Card,Weekly
1412,48,Male,24,Louisiana,L,Green,Summer,2.8,No,Yes,13,Venmo,Quarterly
2903,27,Female,32,North Carolina,S,Orange,Spring,4.6,No,No,19,PayPal,Bi-Weekly
354,63,Male,64,Missouri,L,Yellow,Fall,4.1,Yes,Yes,35,Debit Card,Monthly
3896,40,Female,28,Virginia,L,Turquoise,Summer,4.2,No,No,32,Venmo,Weekly
2902,41,Female,43,Alabama,L,Olive,Winter,2.6,No,No,46,Credit Card,Quarterly
3251,23,Female,90,Minnesota,M,Teal,Spring,2.9,No,No,15,Venmo,Weekly
2297,46,Male,88,Washington,M,Green,Fall,2.5,No,No,50,Venmo,Every 3 Months
919,65,Male,42,North Carolina,M,Orange,Spring,4.3,Yes,Yes,11,Cash,Fortnightly
3797,40,Female,81,Utah,M,Lavender,Fall,3.2,No,No,47,Bank Transfer,Quarterly
4018,36,Male,,Los Angeles,L,Green,Winter,5,Yes,Yes,,Cash,Weekly
1172,41,Male,55,Louisiana,M,Lavender,Spring,3.9,No,Yes,15,Debit Card,Annually
2442,45,Male,36,California,M,Black,Fall,4.7,No,No,5,Credit Card,Monthly
1405,36,Male,28,New Mexico,M,Charcoal,Winter,3.5,No,Yes,10,Debit Card,Weekly
1962,47,Male,59,Nevada,L,Black,Summer,2.6,No,No,45,Debit Card,Quarterly
482,46,Male,88,Wisconsin,L,Peach,Fall,3.2,Yes,Yes,10,PayPal,Fortnightly
4973,61,Female,,Phoenix,S,Black,Summer,4,No,No,42,PayPal,Weekly
2744,61,Female,94,New Jersey,S,Beige,Fall,4.1,No,No,17,Venmo,Quarterly
1128,50,Male,53,Delaware,XL,Maroon,Spring,4.8,No,Yes,22,Debit Card,Monthly
2664,46,Female,52,Wisconsin,L,Silver,Fall,2.9,No,No,23,Bank Transfer,Annually
1359,19,Male,22,Nebraska,XL,Pink,Spring,2.5,No,Yes,25,Venmo,Every 3 Months
917,49,Male,34,Illinois,S,Blue,Spring,2.7,Yes,Yes,16,Venmo,Monthly
3238,61,Female,57,Vermont,M,Gray,Summer,2.8,No,No,4,Cash,Weekly
409,34,Male,66,Alabama,L,White,Spring,3.4,Yes,Yes,36,Cash,Fortnightly
4728,27,Other,,Phoenix,,Black,Autumn,4,No,Yes,,PayPal,Monthly
3591,27,Female,87,South Dakota,M,Gray,Fall,2.9,No,No,19,Venmo,Every 3 Months
3383,34,Female,35,Nebraska,M,Maroon,Spring,2.8,No,No,2,Bank Transfer,Weekly
4122,44,Other,307.64,Phoenix,S,Blue,Winter,,Yes,No,32,PayPal,Monthly
3559,68,Female,94,Alaska,L,Magenta,Summer,4.8,No,No,9,Venmo,Quarterly
603,37,Male,58,Oregon,L,Lavender,Summer,4.2,Yes,Yes,10,Cash,Every 3 Months
3090,50,Female,21,North Carolina,L,Blue,Fall,4.6,No,No,23,Cash,Bi-Weekly
1842,31,Male,57,Vermont,L,Blue,Winter,3,No,No,7,PayPal,Every 3 Months
269,68,Male,42,Georgia,M,Charcoal,Spring,2.6,Yes,Yes,21,Cash,Monthly
4090,54,Female,,Phoenix,XL,Black,Summer,,Yes,Yes,,Credit Card,Monthly
885,67,Male,91,Hawaii,L,Yellow,Winter,4.1,Yes,Yes,34,Bank Transfer,Weekly
4230,61,Other,123.39,New York,,Blue,Spring,2,No,Yes,5,Debit Card,Weekly
1938,43,Male,53,Delaware,M,Olive,Summer,4.5,No,No,11,Bank Transfer,Monthly
2592,40,Male,61,New Mexico,S,Olive,Spring,3.3,No,No,40,Cash,Quarterly
1501,63,Male,69,Alabama,L,Maroon,Summer,4.8,No,Yes,22,Debit Card,Monthly
4129,40,Other,70.06,Chicago,,Black,Winter,,No,No,,Cash,Quarterly
1992,46,Male,29,Missouri,M,Brown,Summer,3.7,No,No,1,Venmo,Every 3 Months
2375,69,Male,73,Washington,L,Peach,Winter,4.7,No,No,31,Debit Card,Monthly
3264,56,Female,68,Vermont,S,Black,Fall,4.4,No,No,31,Debit Card,Fortnightly
293,60,Male,99,Utah,M,Green,Spring,4.7,Yes,Yes,24,Cash,Quarterly
2036,53,Male,70,Oklahoma,S,Yellow,Summer,4.1,No,No,43,Bank Transfer,Weekly
4509,59,Female,949.9,Phoenix,S,Red,Autumn,,No,No,36,Credit Card,Quarterly
243,55,Male,85,New York,L,Gray,Summer,4.3,Yes,Yes,40,Debit Card,Every 3 Months
4195,53,Male,877.02,Houston,,Green,Spring,,No,Yes,,Debit Card,Monthly
37,35,Male,69,Illinois,M,Maroon,Winter,4.6,Yes,Yes,44,PayPal,Fortnightly
619,61,Male,94,Indiana,L,Cyan,Spring,4,Yes,Yes,21,Debit Card,Bi-Weekly
4837,41,Female,131.56,Los Angeles,,Blue,Spring,,No,No,36,Debit Card,Monthly
2892,47,Female,73,Ohio,XL,Black,Winter,2.5,No,No,10,PayPal,Monthly
4394,21,Other,1425.9,Phoenix,,Blue,Summer,,Yes,No,,Cash,Weekly
1657,21,Male,42,Indiana,L,Brown,Spring,2.6,No,Yes,41,PayPal,Every 3 Months
4454,65,Female,,Phoenix,XL,Blue,Winter,,Yes,Yes,17,Cash,Weekly
3880,26,Female,63,Florida,L,Maroon,Winter,4.1,No,No,6,Debit Card,Quarterly
4762,39,Other,,Houston,M,White,Summer,,Yes,No,,Debit Card,Quarterly
791,22,Male,37,Louisiana,M,Indigo,Summer,4.9,Yes,Yes,12,Bank Transfer,Quarterly
2964,52,Female,97,Maine,M,Brown,Spring,3.6,No,No,28,Credit Card,Weekly
1726,45,Male,33,Massachusetts,M,Indigo,Spring,3,No,No,32,Venmo,Quarterly
4959,27,Male,180.8,New York,S,Blue,Spring,5,No,Yes,26,Credit Card,Weekly
199,57,Male,45,Utah,M,Turquoise,Winter,4.8,Yes,Yes,39,Credit Card,Fortnightly
1342,26,Male,27,Rhode Island,XL,Yellow,Fall,,No,Yes,31,Bank Transfer,Quarterly
4792,50,Female,832.98,Phoenix,,Blue,Winter,3,Yes,Yes,33,Credit Card,Monthly
4545,39,Female,474.11,Phoenix,M,Blue,Winter,4,Yes,Yes,22,Cash,Monthly
110,58,Male,85,Alabama,M,Violet,Spring,2.6,Yes,Yes,43,Bank Transfer,Fortnightly
1476,44,Male,61,Rhode Island,M,Teal,Spring,4,No,Yes,24,Cash,Monthly
145,19,Male,43,New Jersey,M,Silver,Fall,3.2,Yes,Yes,25,Cash,Monthly
1393,31,Male,46,Arkansas,M,Yellow,Spring,4.2,No,Yes,34,Venmo,Every 3 Months
1249,62,Male,37,Wisconsin,XL,Red,Winter,3,No,Yes,8,Credit Card,Annually
2993,41,Female,64,North Dakota,M,Charcoal,Spring,3.9,No,No,25,Venmo,Weekly
1207,22,Male,59,Mississippi,S,Cyan,Fall,3,No,Yes,16,Venmo,Every 3 Months
2160,18,Male,58,Louisiana,M,Peach,Fall,3,No,No,34,Cash,Annually
2184,30,Male,37,Kansas,M,Maroon,Spring,4.7,No,No,2,Cash,Monthly
3769,50,Female,35,Vermont,M,Yellow,Winter,4,No,No,34,Bank Transfer,Quarterly
580,58,Male,41,California,M,Violet,Winter,3.7,Yes,Yes,48,Credit Card,Annually
3846,58,Female,52,California,M,Green,Winter,4.9,No,No,46,Venmo,Annually
4682,56,Male,320.91,Phoenix,M,Blue,Autumn,,Yes,Yes,,PayPal,Monthly
630,26,Male,90,Vermont,L,Beige,Spring,4.7,Yes,Yes,11,Debit Card,Annually
741,26,Male,69,South Dakota,M,Orange,Summer,2.8,Yes,Yes,22,Credit Card,Fortnightly
2338,39,Male,76,North Dakota,S,Violet,Fall,3.6,No,No,5,Cash,Annually
3497,39,Female,38,Idaho,M,Pink,Summer,4,No,No,22,PayPal,Monthly
2569,52,Male,98,Texas,XL,Green,Winter,4.3,No,No,29,PayPal,Fortnightly
1615,30,Male,41,Kansas,S,Gray,Summer,3.4,No,Yes,22,Cash,Bi-Weekly
2062,32,Male,70,Michigan,S,Magenta,Summer,2.6,No,No,22,Debit Card,Annually
2174,23,Male,97,Delaware,S,Cyan,Summer,5,No,No,36,Venmo,Quarterly
760,51,Male,49,Rhode Island,XL,Green,Winter,2.6,Yes,Yes,25,Credit Card,Fortnightly
140,49,Male,95,Florida,M,White,Fall,3.8,Yes,Yes,30,Venmo,Annually
2866,28,Female,97,California,M,Silver,Fall,3.7,No,No,27,Cash,Fortnightly
4559,69,Female,1004.05,Chicago,M,Red,Summer,,Yes,Yes,44,Credit Card,Quarterly
4601,65,Other,405.11,Phoenix,,Blue,Summer,5,Yes,No,,PayPal,Quarterly
2810,66,Female,98,Arkansas,XL,Teal,Summer,3,No,No,27,Debit Card,Quarterly
3140,35,Female,85,Georgia,M,Olive,Winter,4.4,No,No,4,Venmo,Weekly
5063,31,Male,,Houston,,Blue,Winter,,Yes,Yes,1,Debit Card,Monthly
3303,36,Female,82,Alabama,XL,Beige,Winter,4.2,No,No,31,Venmo,Bi-Weekly
755,36,Male,41,North Carolina,L,Pink,Spring,2.9,Yes,Yes,3,Debit Card,Quarterly
1447,63,Male,35,Wyoming,XL,Red,Summer,3.2,No,Yes,6,Credit Card,Quarterly
655,24,Male,59,California,L,Gray,Summer,4.4,Yes,Yes,23,Venmo,Annually
2275,57,Male,27,New York,L,Turquoise,Spring,4.5,No,No,38,PayPal,Fortnightly
3354,31,Female,66,Ohio,L,Teal,Fall,4.6,No,No,19,Credit Card,Every 3 Months
2540,33,Male,73,Massachusetts,M,Purple,Fall,4.1,No,No,24,Cash,Bi-Weekly
3550,44,Female,34,Oregon,M,Cyan,Summer,3.4,No,No,11,Bank Transfer,Fortnightly
716,33,Male,63,Delaware,L,Green,Spring,2.6,Yes,Yes,37,Debit Card,Quarterly
3724,26,Female,30,Rhode Island,M,Beige,Spring,3.6,No,No,1,Debit Card,Monthly
4220,54,Male,,Phoenix,S,Blue,Autumn,,No,No,5,Debit Card,Quarterly
1649,36,Male,69,Oklahoma,M,Gray,Summer,2.6,No,Yes,22,Credit Card,Monthly
2464,60,Male,21,Mississippi,XL,Indigo,Summer,3.3,No,No,25,Cash,Bi-Weekly
1851,51,Male,76,Wyoming,S,Black,Winter,2.8,No,No,50,Debit Card,Weekly
2609,42,Male,68,Mississippi,L,Orange,Fall,4.2,No,No,48,Credit Card,Fortnightly
2296,50,Male,22,Connecticut,L,Beige,Spring,2.9,No,No,45,PayPal,Quarterly
2206,46,Male,68,North Dakota,XL,Red,Fall,2.7,No,No,27,PayPal,Weekly
3091,29,Female,36,Texas,M,Peach,Summer,4.9,No,No,15,Bank Transfer,Quarterly
1039,41,Male,74,Nebraska,XL,Cyan,Fall,3,Yes,Yes,3,Bank Transfer,Weekly
4588,18,Male,,Chicago,S,Black,Spring,4,Yes,Yes,,Credit Card,Weekly
4167,67,Male,1300.15,Chicago,L,Blue,Autumn,,Yes,Yes,29,Cash,Quarterly
620,19,Male,34,Nebraska,M,Charcoal,Summer,4.6,Yes,Yes,1,Debit Card,Every 3 Months
1426,59,Male,40,Wyoming,S,White,Winter,3.7,No,Yes,39,Credit Card,Annually
4096,66,Male,756.85,Chicago,,Black,Autumn,,Yes,Yes,40,Cash,Weekly
1706,39,Male,29,South Dakota,L,Cyan,Summer,3.4,No,No,49,Venmo,Bi-Weekly
670,43,Male,89,Illinois,M,Gray,Spring,3.3,Yes,Yes,45,Venmo,Bi-Weekly
3326,29,Female,97,Alaska,M,Maroon,Fall,3.7,No,No,16,Venmo,Monthly
2133,25,Male,87,Vermont,M,Magenta,Fall,4.7,No,No,15,Debit Card,Weekly
2989,69,Female,55,Nevada,S,Pink,Spring,5,No,No,31,Debit Card,Monthly
4006,28,Other,1091.01,Chicago,S,Green,Spring,,No,Yes,15,Cash,Monthly
806,41,Male,30,Connecticut,L,White,Summer,3.7,Yes,Yes,40,Debit Card,Monthly
2105,53,Male,88,New Mexico,M,Gold,Spring,2.8,No,No,47,Venmo,Weekly
4514,61,Female,1161.52,Houston,,Red,Autumn,,No,Yes,,Cash,Monthly
4649,55,Female,751.82,New York,,Blue,Autumn,,No,Yes,,Credit Card,Monthly
4934,52,Female,,New York,XL,Black,Winter,,Yes,No,40,Credit Card,Quarterly
4236,65,Male,,Chicago,L,White,Summer,2,No,Yes,49,Debit Card,Quarterly
278,29,Male,29,Georgia,M,Green,Winter,3,Yes,Yes,36,Bank Transfer,Bi-Weekly
1040,29,Male,46,Michigan,M,Magenta,Fall,4.8,Yes,Yes,39,Venmo,Monthly
1050,45,Male,33,Virginia,S,Purple,Fall,2.8,Yes,Yes,24,Cash,Quarterly
445,48,Male,20,California,M,Red,Summer,4.3,Yes,Yes,31,Debit Card,Annually
4526,53,Male,852.39,New York,L,Blue,Spring,,No,No,6,Credit Card,Quarterly
486,48,Male,44,Tennessee,S,Blue,Spring,2.6,Yes,Yes,36,Debit Card,Fortnightly
1347,44,Male,91,Mississippi,L,White,Winter,3,No,Yes,15,Venmo,Bi-Weekly
794,24,Male,35,Alabama,L,Maroon,Summer,3.8,Yes,Yes,16,Credit Card,Monthly
3811,46,Female,79,Wisconsin,L,Peach,Fall,3.9,No,No,29,Venmo,Monthly
4066,42,Other,,Phoenix,S,Red,Summer,2,No,Yes,19,Credit Card,Monthly
2161,45,Male,92,West Virginia,L,Charcoal,Winter,3.3,No,No,21,PayPal,Annually
4656,25,Male,,Los Angeles,,White,Winter,1,No,Yes,0,Cash,Quarterly
2519,20,Male,51,Maine,XL,Blue,Fall,4,No,No,31,Venmo,Annually
4541,60,Male,,Phoenix,,Red,Summer,,No,Yes,45,Credit Card,Weekly
603,37,Male,58,Oregon,L,Lavender,Summer,4.2,Yes,Yes,10,Cash,Every 3 Months
3120,63,Female,79,Louisiana,XL,Silver,Winter,4.7,No,No,21,Credit Card,Every 3 Months
3508,46,Female,65,Colorado,S,Purple,Spring,4.2,No,No,33,Credit Card,Every 3 Months
3717,57,Female,53,Vermont,M,Charcoal,Fall,3.4,No,No,42,Debit Card,Every 3 Months
3850,46,Female,68,Florida,S,Cyan,Winter,2.6,No,No,36,PayPal,Fortnightly
1552,64,Male,29,Minnesota,M,Olive,Summer,3.7,No,Yes,13,Credit Card,Monthly
1875,67,Male,33,Indiana,L,Purple,Fall,3.6,No,No,14,Cash,Weekly
114,44,Male,54,New Jersey,L,Maroon,Winter,3.1,Yes,Yes,20,PayPal,Quarterly
5060,52,Other,63.86,Chicago,,Black,Summer,5,Yes,No,35,Credit Card,Quarterly
452,66,Male,31,Virginia,M,Pink,Summer,4.3,Yes,Yes,26,Credit Card,Fortnightly
1840,32,Male,78,Mississippi,XL,Purple,Winter,3.7,No,No,32,Cash,Annually
255,67,Male,42,Indiana,M,White,Winter,3.5,Yes,Yes,4,PayPal,Bi-Weekly
4152,32,Male,,Houston,S,Green,Autumn,1,No,No,21,Debit Card,Quarterly
732,43,Male,28,Arkansas,M,Red,Spring,3.5,Yes,Yes,30,PayPal,Fortnightly
1377,57,Male,65,New Jersey,L,Pink,Spring,5,No,Yes,24,PayPal,Annually
2434,54,Male,73,Oregon,M,Blue,Spring,3.4,No,No,16,Cash,Bi-Weekly
4562,29,Male,,Phoenix,,Red,Winter,4,No,Yes,1,Debit Card,Quarterly
4188,18,Other,,Chicago,M,Black,Winter,,No,No,2,PayPal,Quarterly
454,54,Male,56,Nebraska,XL,Peach,Winter,2.8,Yes,Yes,22,Credit Card,Weekly
2694,55,Female,70,Hawaii,L,Lavender,Summer,2.6,No,No,46,Cash,Quarterly
3439,26,Female,71,Kentucky,M,Violet,Fall,3,No,No,33,Credit Card,Monthly
4435,18,Male,1092.28,Los Angeles,L,Red,Winter,,Yes,Yes,11,Cash,Weekly
2128,70,Male,45,North Carolina,M,Indigo,Spring,4.5,No,No,40,Debit Card,Weekly
3072,23,Female,41,New Hampshire,L,Turquoise,Spring,3.4,No,No,6,PayPal,Monthly
2647,33,Male,56,New Mexico,S,Lavender,Summer,3.9,No,No,4,Debit Card,Every 3 Months
1834,34,Male,53,Louisiana,M,Yellow,Spring,4.5,No,No,19,PayPal,Fortnightly
4871,37,Male,,Phoenix,,Green,Autumn,5,Yes,Yes,,PayPal,Quarterly
1516,39,Male,93,Indiana,S,Turquoise,Fall,3.9,No,Yes,34,Cash,Weekly
1510,20,Male,54,New Hampshire,XL,White,Summer,4.6,No,Yes,44,Debit Card,Annually
1849,19,Male,73,Maine,XL,Yellow,Winter,2.7,No,No,34,Cash,Every 3 Months
1288,24,Male,28,Utah,XL,Blue,Winter,3.4,No,Yes,20,PayPal,Monthly
654,20,Male,68,North Dakota,M,Olive,Winter,3.6,Yes,Yes,45,Cash,Fortnightly
2939,28,Female,53,Maine,M,Violet,Fall,3,No,No,15,Cash,Monthly
2817,43,Female,28,Maryland,M,Black,Spring,3.5,No,No,45,Venmo,Weekly
2862,66,Female,54,Maryland,M,Teal,Fall,3.4,No,No,27,Credit Card,Monthly
3585,39,Female,52,Florida,L,Indigo,Fall,4.8,No,No,48,Debit Card,Monthly
4364,35,Other,1319.13,New York,XL,White,Summer,4,No,No,,Debit Card,Monthly
3162,66,Female,77,Massachusetts,S,Charcoal,Winter,4.2,No,No,43,Cash,Monthly
2378,44,Male,94,South Dakota,L,Magenta,Fall,4,No,No,22,Cash,Annually
927,54,Male,63,Massachusetts,XL,Green,Spring,4.4,Yes,Yes,11,Cash,Bi-Weekly
1145,41,Male,54,South Carolina,S,Indigo,Fall,4.4,No,Yes,25,Bank Transfer,Fortnightly
461,64,Male,65,South Carolina,L,Teal,Summer,,Yes,Yes,27,Bank Transfer,Weekly
2712,30,Female,22,Nebraska,L,Red,Spring,4,No,No,50,Venmo,Monthly
4909,59,Female,,New York,,Red,Spring,2,Yes,Yes,40,Cash,Monthly
2844,51,Female,26,Ohio,M,White,Summer,3.6,No,No,41,Venmo,Weekly
3516,19,Female,80,South Dakota,XL,Charcoal,Winter,4,No,No,16,Debit Card,Bi-Weekly
2328,20,Male,94,Alabama,M,Red,Winter,4.2,No,No,22,Venmo,Bi-Weekly
3546,48,Female,28,Connecticut,M,Yellow,Spring,3.7,No,No,22,Debit Card,Annually
1455,66,Male,50,Georgia,L,Maroon,Winter,2.9,No,Yes,17,Credit Card,Annually
2758,39,Female,98,Delaware,XL,Brown,Fall,4.3,No,No,11,Venmo,Monthly
3560,18,Female,25,Utah,M,Beige,Fall,3,No,No,13,Venmo,Every 3 Months
3858,42,Female,21,Texas,S,Yellow,Summer,3.1,No,No,29,Credit Card,Every 3 Months
1187,63,Male,68,Indiana,M,Beige,Summer,4.1,No,Yes,27,Credit Card,Annually
1580,35,Male,80,Oklahoma,M,Violet,Summer,3.1,No,Yes,6,Bank Transfer,Monthly
2325,59,Male,28,Oregon,L,Brown,Winter,3.5,No,No,19,Debit Card,Annually
95,58,Male,76,Nevada,S,Silver,Spring,4.6,Yes,Yes,28,Credit Card,Weekly
1104,35,Male,23,Tennessee,S,Charcoal,Spring,4.3,No,Yes,8,Debit Card,Bi-Weekly
2065,31,Male,99,Arkansas,M,Green,Summer,4,No,No,5,Bank Transfer,Monthly
1758,19,Male,94,Michigan,L,Yellow,Fall,3.6,No,No,48,Debit Card,Annually
3874,42,Female,43,Louisiana,L,Silver,Summer,4,No,No,22,Credit Card,Weekly
523,65,Male,88,Minnesota,M,Blue,Spring,2.5,Yes,Yes,37,Cash,Quarterly
97,32,Male,73,Delaware,S,Gold,Spring,,Yes,Yes,43,Venmo,Every 3 Months
3440,43,Female,93,Idaho,M,Gray,Summer,4.5,No,No,25,Venmo,Quarterly
1277,51,Male,68,Wyoming,L,Turquoise,Spring,4.8,No,Yes,37,Bank Transfer,Weekly
1239,55,Male,77,Wyoming,M,Violet,Winter,3.7,No,Yes,3,Venmo,Fortnightly
4747,44,Male,,New York,S,Green,Winter,1,No,No,,Cash,Monthly
5050,44,Male,1337.8,Los Angeles,,Blue,Summer,,Yes,No,28,Credit Card,Weekly
3735,38,Female,88,California,M,Beige,Spring,3.4,No,No,33,Debit Card,Every 3 Months
1293,26,Male,61,Kentucky,M,Maroon,Summer,,No,Yes,42,Bank Transfer,Annually
3200,59,Female,40,Maine,XL,Pink,Winter,4.2,No,No,16,PayPal,Monthly
1159,69,Male,89,Nevada,L,Orange,Summer,4,No,Yes,41,Bank Transfer,Annually
3700,51,Female,55,Oklahoma,M,Olive,Fall,2.6,No,No,24,Bank Transfer,Weekly
274,69,Male,33,North Dakota,S,Silver,Spring,4.2,Yes,Yes,32,Debit Card,Quarterly
3794,62,Female,20,Delaware,M,Pink,Fall,4,No,No,46,Bank Transfer,Annually
2595,59,Male,81,Montana,L,Indigo,Fall,3.6,No,No,25,Cash,Every 3 Months
542,52,Male,27,Connecticut,L,Gray,Fall,2.8,Yes,Yes,45,Cash,Bi-Weekly
4953,30,Male,207.05,Phoenix,XL,White,Spring,3,No,No,,Credit Card,Monthly
2737,44,Female,25,Montana,M,Pink,Spring,4.8,No,No,45,Credit Card,Annually
4993,54,Male,,Los Angeles,XL,Green,Autumn,5,Yes,Yes,,Debit Card,Weekly
4696,60,Female,,New York,M,Blue,Summer,1,No,No,,PayPal,Monthly
158,36,Male,68,Vermont,S,Yellow,Fall,3,Yes,Yes,1,Bank Transfer,Fortnightly
2945,50,Female,95,New York,XL,Cyan,Summer,3.9,No,No,4,Venmo,Every 3 Months
3443,28,Female,78,Michigan,M,Violet,Spring,4.3,No,No,12,PayPal,Weekly
2005,44,Male,70,Georgia,L,Blue,Fall,3.2,No,No,13,Cash,Bi-Weekly
602,32,Male,38,West Virginia,M,Maroon,Summer,4.7,Yes,Yes,5,Cash,Fortnightly
2729,26,Female,28,Florida,M,Pink,Winter,4,No,No,17,Debit Card,Weekly
1970,64,Male,32,Louisiana,S,Cyan,Winter,3.5,No,No,11,Bank Transfer,Fortnightly
1290,35,Male,24,New Hampshire,M,Red,Fall,2.9,No,Yes,10,PayPal,Weekly
4315,32,Female,1310.13,Chicago,L,Red,Summer,,Yes,Yes,37,Credit Card,Quarterly
4113,60,Male,1448.13,Phoenix,S,Blue,Autumn,5,No,No,,Cash,Monthly
2846,26,Female,77,South Dakota,L,Lavender,Summer,4.1,No,No,39,Debit Card,Every 3 Months
2974,25,Female,65,Indiana,M,Blue,Summer,2.7,No,No,3,Bank Transfer,Fortnightly
5029,40,Male,1170.72,Chicago,,Black,Spring,4,Yes,No,3,Credit Card,Weekly
3210,64,Female,31,Arkansas,L,Peach,Fall,4.3,No,No,39,Debit Card,Annually
4694,38,Male,,Chicago,,Blue,Spring,,No,Yes,35,Debit Card,Weekly
3723,23,Female,34,Kentucky,XL,Yellow,Fall,4,No,No,1,Credit Card,Fortnightly
213,67,Male,84,Virginia,L,Blue,Fall,4.2,Yes,Yes,7,Debit Card,Annually
1655,43,Male,25,Indiana,L,Gray,Spring,2.6,No,Yes,14,Credit Card,Quarterly
727,32,Male,78,North Dakota,L,Yellow,Summer,3.6,Yes,Yes,20,Bank Transfer,Every 3 Months
3017,30,Female,26,Indiana,L,Lavender,Summer,4.9,No,No,31,Bank Transfer,Quarterly
4238,55,Female,,Chicago,,Green,Autumn,,No,Yes,,PayPal,Quarterly
3437,57,Female,83,Nebraska,L,Peach,Winter,2.8,No,No,41,Bank Transfer,Monthly
879,23,Male,89,Tennessee,S,Black,Summer,4.9,Yes,Yes,37,Debit Card,Weekly
733,34,Male,57,New Hampshire,L,Blue,Spring,2.8,Yes,Yes,28,Cash,Bi-Weekly
961,18,Male,48,Louisiana,XL,Indigo,Spring,4.4,Yes,Yes,20,Venmo,Quarterly
1835,49,Male,35,Indiana,M,Charcoal,Summer,4.1,No,No,39,Venmo,Fortnightly
223,47,Male,94,New York,XL,Gray,Spring,4.5,Yes,Yes,14,PayPal,Fortnightly
1936,19,Male,68,North Carolina,XL,Violet,Spring,4.8,No,No,45,Cash,Fortnightly
1604,23,Male,98,Iowa,L,Black,Summer,4.3,No,Yes,17,Debit Card,Bi-Weekly
4966,48,Male,287.01,Phoenix,M,Blue,Winter,3,Yes,Yes,45,Credit Card,Quarterly
718,21,Male,90,Alaska,L,Green,Spring,4.2,Yes,Yes,7,Venmo,Every 3 Months
1273,35,Male,80,Wisconsin,M,Orange,Winter,4.4,No,Yes,16,Bank Transfer,Monthly
2960,38,Female,28,Texas,L,Maroon,Summer,4.7,No,No,9,PayPal,Quarterly
156,63,Male,77,Maine,S,Olive,Spring,4.3,Yes,Yes,21,Bank Transfer,Quarterly
214,30,Male,93,Nevada,L,Peach,Fall,4.4,Yes,Yes,11,Debit Card,Every 3 Months
2230,70,Male,97,Minnesota,M,Silver,Fall,3.9,No,No,50,Venmo,Monthly
3785,54,Female,53,Virginia,M,Violet,Winter,4.5,No,No,4,Venmo,Annually
329,48,Male,50,Florida,M,Yellow,Fall,2.8,Yes,Yes,9,Credit Card,Weekly
2777,46,Female,62,Wyoming,L,Green,Fall,2.9,No,No,6,Bank Transfer,Annually
672,38,Male,30,Iowa,L,Black,Winter,4.7,Yes,Yes,45,Cash,Weekly
1910,50,Male,84,Kentucky,S,Black,Spring,4.3,No,No,12,Credit Card,Monthly
1632,65,Male,36,Indiana,L,Violet,Summer,3.9,No,Yes,7,Bank Transfer,Fortnightly
4686,53,Other,379.38,Houston,M,White,Winter,3,Yes,Yes,,Debit Card,Monthly
1161,37,Male,42,North Dakota,S,Blue,Summer,3.2,No,Yes,9,Venmo,Bi-Weekly
2633,24,Male,27,Alaska,M,Black,Fall,5,No,No,14,Cash,Annually
3438,22,Female,62,Oklahoma,S,Green,Winter,3.5,No,No,50,PayPal,Annually
2432,34,Male,73,Alabama,S,Olive,Fall,3.4,No,No,27,Bank Transfer,Every 3 Months
2411,48,Male,43,Wisconsin,M,Maroon,Summer,3.7,No,No,46,PayPal,Monthly
2132,19,Male,52,Montana,M,Red,Fall,3.6,No,No,9,Bank Transfer,Fortnightly
890,59,Male,84,Arizona,S,Olive,Fall,2.8,Yes,Yes,50,Venmo,Weekly
1716,23,Male,69,Idaho,XL,Gray,Spring,3.4,No,No,30,PayPal,Bi-Weekly
421,32,Male,54,North Carolina,S,Peach,Spring,3.8,Yes,Yes,18,Debit Card,Bi-Weekly
4448,67,Female,800.47,Los Angeles,M,Red,Autumn,4,Yes,No,16,Debit Card,Quarterly
560,66,Male,41,Arizona,M,Indigo,Fall,2.9,Yes,Yes,22,Bank Transfer,Monthly
2996,29,Female,96,Virginia,M,Orange,Summer,2.5,No,No,42,Debit Card,Bi-Weekly
4258,27,Other,321.96,Houston,M,Blue,Summer,3,Yes,No,21,Debit Card,Monthly
4977,56,Female,1499.76,New York,XL,Red,Winter,4,Yes,Yes,,Debit Card,Weekly
3265,28,Female,50,Maine,S,Charcoal,Winter,4,No,No,39,Cash,Bi-Weekly
5061,49,Female,1138.19,Los Angeles,L,Blue,Spring,,No,Yes,16,Debit Card,Weekly
940,25,Male,89,New York,L,Indigo,Winter,4.8,Yes,Yes,24,Credit Card,Monthly
4243,18,Male,,Los Angeles,XL,Red,Winter,,No,No,,Cash,Quarterly
1081,65,Male,59,Pennsylvania,L,Blue,Fall,3.8,No,Yes,22,Cash,Every 3 Months
1049,30,Male,77,Maine,L,Yellow,Fall,2.7,Yes,Yes,19,Venmo,Fortnightly
2607,68,Male,98,Nevada,L,Turquoise,Spring,4.7,No,No,46,Bank Transfer,Bi-Weekly
785,31,Male,72,Alabama,M,Peach,Winter,3.2,Yes,Yes,41,Bank Transfer,Every 3 Months
2588,55,Male,29,Connecticut,M,Purple,Winter,3.7,No,No,29,PayPal,Every 3 Months
1061,27,Male,35,Iowa,S,Gray,Summer,2.6,No,Yes,21,Debit Card,Every 3 Months
2845,32,Female,79,New Mexico,M,Indigo,Summer,4.4,No,No,42,Venmo,Annually
1698,36,Male,87,South Carolina,L,Lavender,Fall,3.5,No,No,48,Credit Card,Every 3 Months
364,55,Male,88,Florida,L,Yellow,Winter,3.1,Yes,Yes,42,Bank Transfer,Fortnightly
314,42,Male,77,Vermont,M,Pink,Spring,3.7,Yes,Yes,50,Credit Card,Every 3 Months
177,53,Male,81,New Hampshire,L,Black,Spring,2.7,Yes,Yes,30,Credit Card,Quarterly
1619,63,Male,72,Michigan,L,Purple,Summer,5,No,Yes,39,Debit Card,Quarterly
1789,66,Male,41,Illinois,L,Pink,Summer,3.1,No,No,23,Cash,Bi-Weekly
2475,23,Male,76,North Carolina,M,Olive,Fall,3.2,No,No,19,Bank Transfer,Quarterly
4162,54,Other,,Phoenix,S,Green,Winter,1,No,Yes,,Debit Card,Weekly
802,25,Male,29,New Mexico,L,Blue,Fall,4.9,Yes,Yes,12,Credit Card,Fortnightly
1998,42,Male,25,Connecticut,M,Purple,Fall,4.7,No,No,10,Debit Card,Bi-Weekly
3282,27,Female,69,Oregon,L,Gold,Winter,3.1,No,No,41,Bank Transfer,Annually
3481,21,Female,79,New Hampshire,L,Peach,Winter,3.5,No,No,45,PayPal,Monthly
2209,28,Male,46,Colorado,XL,Violet,Summer,2.7,No,No,23,PayPal,Monthly
413,24,Male,74,Maine,M,Yellow,Summer,3.1,Yes,Yes,3,Bank Transfer,Weekly
4824,46,Male,555.57,Houston,M,Black,Autumn,,No,No,,Debit Card,Weekly
869,40,Male,83,North Carolina,M,Green,Summer,3.2,Yes,Yes,2,Credit Card,Every 3 Months
4049,35,Female,288.11,Chicago,M,Black,Spring,1,No,No,1,PayPal,Quarterly
2950,25,Female,93,Iowa,M,Peach,Spring,3.8,No,No,15,PayPal,Annually
3027,55,Female,70,Tennessee,L,Magenta,Fall,2.5,No,No,6,Credit Card,Annually
2967,52,Female,49,Oklahoma,L,Orange,Fall,2.8,No,No,38,Debit Card,Every 3 Months
792,50,Male,44,North Carolina,S,Magenta,Summer,3.1,Yes,Yes,35,PayPal,Fortnightly
858,43,Male,60,Missouri,L,Cyan,Fall,3,Yes,Yes,50,Debit Card,Every 3 Months
4002,63,Female,856.97,Los Angeles,M,Blue,Summer,2,Yes,Yes,28,Credit Card,Quarterly
3656,20,Female,27,Wyoming,M,Yellow,Fall,2.9,No,No,4,Credit Card,Bi-Weekly
3132,34,Female,59,North Dakota,M,Peach,Fall,2.9,No,No,11,Bank Transfer,Every 3 Months
2666,70,Female,71,Louisiana,L,Red,Winter,3.5,No,No,4,Venmo,Weekly
2156,32,Male,51,Hawaii,L,Yellow,Fall,3.7,No,No,46,PayPal,Monthly
4654,22,Other,520.92,Houston,L,White,Spring,,No,No,17,Cash,Quarterly
1086,25,Male,85,Utah,M,Turquoise,Winter,3,No,Yes,23,Venmo,Fortnightly
1417,48,Male,56,Idaho,L,Silver,Summer,3.4,No,Yes,46,Cash,Quarterly
1313,66,Male,79,Missouri,M,Violet,Winter,3,No,Yes,19,Bank Transfer,Monthly
2732,52,Female,33,Wisconsin,M,Red,Summer,2.5,No,No,44,Bank Transfer,Quarterly
1902,56,Male,76,Arizona,S,Beige,Winter,3.9,No,No,50,Cash,Quarterly
4459,64,Female,1010.82,Los Angeles,M,Green,Summer,1,No,No,,Debit Card,Monthly
2791,34,Female,63,Maine,M,Black,Spring,4.5,No,No,24,Debit Card,Annually
1401,36,Male,23,Nevada,M,Red,Fall,3.6,No,Yes,22,Credit Card,Every 3 Months
2523,20,Male,53,Massachusetts,S,Olive,Winter,2.5,No,No,20,Debit Card,Weekly
1236,23,Male,22,Idaho,M,Red,Spring,3,No,Yes,46,PayPal,Every 3 Months
2204,53,Male,79,Rhode Island,M,Indigo,Winter,3.1,No,No,32,Cash,Quarterly
4815,48,Male,339.37,Los Angeles,M,White,Winter,3,Yes,No,1,PayPal,Monthly
4222,53,Other,,Los Angeles,,Green,Summer,,Yes,Yes,19,Cash,Weekly
1813,50,Male,63,Nevada,S,Blue,Summer,4.9,No,No,18,PayPal,Bi-Weekly
4528,18,Other,50.7,Los Angeles,S,White,Autumn,,No,Yes,,PayPal,Monthly
4221,49,Other,1372.93,Los Angeles,,Green,Autumn,,Yes,Yes,,Credit Card,Monthly
517,34,Male,41,West Virginia,L,Indigo,Fall,2.8,Yes,Yes,19,Debit Card,Bi-Weekly
2308,28,Male,96,Missouri,L,Green,Fall,3.5,No,No,30,Debit Card,Annually
3870,26,Female,64,Arizona,L,Cyan,Spring,3.8,No,No,28,Bank Transfer,Annually
1468,30,Male,27,Ohio,XL,Olive,Winter,4.7,No,Yes,16,Debit Card,Fortnightly
1046,54,Male,79,New Mexico,L,Black,Fall,3.5,Yes,Yes,11,PayPal,Bi-Weekly
1567,48,Male,99,Wyoming,S,Green,Winter,3,No,Yes,21,Cash,Bi-Weekly
4865,59,Male,,New York,,Red,Spring,1,Yes,Yes,,Debit Card,Weekly
981,56,Male,98,Maryland,S,Magenta,Spring,4,Yes,Yes,39,PayPal,Every 3 Months
4926,46,Male,,Chicago,XL,Blue,Summer,3,Yes,No,,PayPal,Weekly
1070,38,Male,81,Maryland,XL,White,Fall,4.3,No,Yes,33,Venmo,Every 3 Months
1503,37,Male,66,Massachusetts,M,Black,Summer,3.2,No,Yes,20,Cash,Fortnightly
883,50,Male,35,Virginia,M,Cyan,Fall,3.8,Yes,Yes,37,Cash,Every 3 Months
4309,24,Female,,Chicago,S,Red,Winter,,No,Yes,,Cash,Monthly
1271,67,Male,98,West Virginia,M,Green,Fall,3.3,No,Yes,20,Cash,Annually
4402,48,Female,,Houston,M,Green,Spring,4,Yes,Yes,,Cash,Monthly
1691,40,Male,30,Nevada,M,Black,Summer,3.2,No,No,1,Cash,Annually
415,29,Male,88,Wyoming,L,Violet,Winter,2.6,Yes,Yes,30,Debit Card,Weekly
1884,25,Male,58,Georgia,M,Cyan,Spring,4.9,No,No,39,Debit Card,Fortnightly
4375,22,Female,1224.49,Chicago,M,White,Spring,,No,Yes,,PayPal,Weekly
494,28,Male,48,Nevada,XL,Red,Summer,4.7,Yes,Yes,19,Cash,Bi-Weekly
341,40,Male,47,New Jersey,L,Blue,Summer,3.5,Yes,Yes,39,Venmo,Every 3 Months
1548,46,Male,46,South Carolina,L,Teal,Summer,3.5,No,Yes,40,Cash,Quarterly
3327,47,Female,95,North Dakota,M,Magenta,Summer,4.3,No,No,10,Debit Card,Annually
548,38,Male,50,Nevada,M,Blue,Winter,2.8,Yes,Yes,26,Venmo,Weekly
698,61,Male,63,North Dakota,XL,Brown,Summer,4.6,Yes,Yes,40,Debit Card,Quarterly
4919,25,Other,143.21,Los Angeles,S,Black,Summer,,No,No,,Credit Card,Monthly
1801,22,Male,58,Mississippi,XL,Indigo,Winter,2.7,No,No,30,Credit Card,Weekly
3108,65,Female,31,Hawaii,L,Gray,Winter,4.6,No,No,18,Credit Card,Bi-Weekly
1153,62,Male,49,Connecticut,M,Gold,Fall,4,No,Yes,8,PayPal,Every 3 Months
1586,37,Male,25,Alabama,M,Charcoal,Fall,3,No,Yes,40,Debit Card,Fortnightly
2344,58,Male,49,Maryland,M,Red,Summer,4.4,No,No,44,PayPal,Monthly
1532,63,Male,83,Mississippi,S,Violet,Spring,4.5,No,Yes,8,PayPal,Bi-Weekly
4564,38,Other,812.81,New York,M,Green,Spring,,Yes,No,20,Debit Card,Quarterly
390,27,Male,42,Virginia,L,Purple,Spring,4.2,Yes,Yes,28,Bank Transfer,Monthly
1075,48,Male,71,Tennessee,S,White,Fall,2.6,No,Yes,45,Bank Transfer,Fortnightly
3895,66,Female,78,Connecticut,L,White,Spring,3.9,No,No,44,Credit Card,Every 3 Months
1016,68,Male,24,North Carolina,M,Cyan,Summer,4.1,Yes,Yes,34,Cash,Weekly
4248,38,Other,1117.69,New York,L,Blue,Autumn,3,Yes,Yes,,PayPal,Quarterly
870,38,Male,54,New Hampshire,M,Silver,Spring,2.7,Yes,Yes,33,PayPal,Weekly
4103,63,Female,1264.71,Chicago,,Green,Summer,,Yes,Yes,,Credit Card,Quarterly
1596,34,Male,35,Wisconsin,S,Magenta,Spring,3.5,No,Yes,45,Debit Card,Fortnightly
1201,27,Male,22,Connecticut,XL,Black,Winter,4.4,No,Yes,7,PayPal,Weekly
591,64,Male,39,Alaska,S,Turquoise,Fall,4.6,Yes,Yes,30,Venmo,Fortnightly
3504,31,Female,96,Nebraska,M,Pink,Spring,3.9,No,No,39,Cash,Weekly
942,39,Male,35,Illinois,L,Black,Winter,4.5,Yes,Yes,38,PayPal,Every 3 Months
3008,23,Female,60,New York,L,Lavender,Winter,3,No,No,31,Venmo,Weekly
3788,37,Female,80,New York,M,Pink,Fall,3.6,No,No,46,PayPal,Every 3 Months
232,28,Male,26,Tennessee,M,Blue,Spring,3.1,Yes,Yes,18,Debit Card,Every 3 Months
3390,38,Female,57,North Carolina,L,Maroon,Fall,3.8,No,No,39,Venmo,Annually
622,51,Male,27,Kansas,S,Red,Fall,4.4,Yes,Yes,45,Credit Card,Weekly
2895,35,Female,32,Kentucky,S,Brown,Spring,3.5,No,No,41,Venmo,Annually
4560,42,Female,,Houston,M,Blue,Spring,,Yes,Yes,,Debit Card,Weekly
717,30,Male,29,Missouri,M,Olive,Spring,3.6,Yes,Yes,9,Venmo,Bi-Weekly
4357,21,Other,,Los Angeles,M,Black,Summer,,No,No,,Debit Card,Monthly
893,31,Male,64,New Mexico,L,Gray,Summer,2.7,Yes,Yes,43,Debit Card,Monthly
90,47,Male,83,California,XL,Pink,Fall,3.6,Yes,Yes,15,Cash,Quarterly
4924,55,Male,1485.92,Los Angeles,S,Blue,Summer,5,No,No,,Debit Card,Monthly
3564,43,Female,90,Maine,M,Green,Summer,4.9,No,No,8,Credit Card,Every 3 Months
3012,20,Female,70,Nevada,S,Brown,Summer,3,No,No,18,Credit Card,Every 3 Months
1916,51,Male,74,Alabama,M,Magenta,Fall,4.7,No,No,44,Cash,Weekly
4089,32,Male,191.75,Chicago,S,Blue,Spring,,No,Yes,25,Debit Card,Weekly
4868,61,Female,996.72,Chicago,,Black,Winter,,Yes,Yes,,PayPal,Monthly
666,41,Male,55,New Mexico,M,Peach,Spring,4.9,Yes,Yes,50,Credit Card,Annually
3594,63,Female,80,Wyoming,M,Black,Spring,4.6,No,No,24,PayPal,Monthly
2353,70,Male,46,Nebraska,M,Yellow,Fall,2.8,No,No,25,Bank Transfer,Quarterly
3596,21,Female,41,South Dakota,M,Violet,Spring,3.1,No,No,14,PayPal,Annually
3305,30,Female,79,Mississippi,XL,Orange,Fall,4.8,No,No,36,Bank Transfer,Every 3 Months
3270,27,Female,60,Ohio,M,Blue,Winter,4.9,No,No,25,Cash,Monthly
4119,57,Male,586.22,Chicago,S,White,Winter,1,No,No,46,Debit Card,Quarterly
4033,66,Female,,New York,,White,Summer,,No,No,,Debit Card,Weekly
1346,40,Male,21,Nebraska,M,White,Fall,3.6,No,Yes,42,Venmo,Weekly
4444,23,Female,,New York,L,Red,Autumn,2,No,No,,Cash,Weekly
5044,65,Female,,Los Angeles,L,Black,Autumn,4,Yes,No,42,Debit Card,Weekly
155,41,Male,98,Oklahoma,M,Charcoal,Fall,3.6,Yes,Yes,21,Venmo,Quarterly
4903,59,Male,624.48,Houston,,Green,Summer,5,Yes,No,26,Debit Card,Quarterly
4443,55,Female,,Los Angeles,,Green,Autumn,,No,Yes,,Credit Card,Quarterly
3163,66,Female,85,Wisconsin,L,Blue,Winter,3.9,No,No,28,Bank Transfer,Quarterly
3521,41,Female,70,Georgia,S,Brown,Spring,3.1,No,No,33,Bank Transfer,Monthly
2818,25,Female,65,South Carolina,XL,Yellow,Winter,3.4,No,No,6,Venmo,Weekly
2658,52,Female,81,Texas,M,Pink,Summer,2.7,No,No,7,Credit Card,Fortnightly
2524,43,Male,24,New Jersey,S,Cyan,Spring,3.4,No,No,21,Bank Transfer,Annually
4412,41,Male,1214.49,New York,M,Blue,Spring,2,No,Yes,1,PayPal,Quarterly
4999,53,Other,1173.99,New York,M,Green,Summer,,Yes,Yes,50,Cash,Monthly
1997,67,Male,27,South Dakota,L,Indigo,Summer,3.3,No,No,18,Cash,Every 3 Months
628,42,Male,44,Oregon,L,Black,Winter,4.1,Yes,Yes,24,PayPal,Monthly
2761,41,Female,82,Alaska,S,Violet,Fall,5,No,No,41,Credit Card,Bi-Weekly
4780,41,Female,864.54,Chicago,M,Blue,Autumn,,Yes,Yes,33,Cash,Monthly
3479,36,Female,57,Arizona,M,Magenta,Fall,4.6,No,No,42,PayPal,Quarterly
3644,53,Female,96,Tennessee,XL,Magenta,Fall,3.2,No,No,47,Debit Card,Annually
2097,21,Male,52,North Carolina,L,Blue,Summer,4.7,No,No,27,Debit Card,Annually
3223,45,Female,84,Texas,S,Maroon,Fall,4.6,No,No,22,PayPal,Quarterly
2769,55,Female,25,Kansas,M,Beige,Spring,3.8,No,No,28,PayPal,Bi-Weekly
610,51,Male,54,Ohio,L,Purple,Fall,4.6,Yes,Yes,49,Credit Card,Fortnightly
2407,54,Male,57,California,M,Indigo,Winter,4.7,No,No,26,PayPal,Weekly
1218,50,Male,63,Nebraska,XL,Cyan,Fall,2.6,No,Yes,12,Cash,Every 3 Months
2898,43,Female,59,Montana,L,Violet,Fall,2.5,No,No,2,Cash,Fortnightly
182,32,Male,61,Massachusetts,M,Beige,Summer,4.7,Yes,Yes,4,Bank Transfer,Weekly
740,64,Male,29,Minnesota,S,Purple,Summer,3.5,Yes,Yes,26,Venmo,Bi-Weekly
3246,63,Female,76,Kansas,M,Purple,Fall,3.2,No,No,20,Cash,Weekly
4910,59,Other,,Houston,M,Blue,Winter,,No,No,,Credit Card,Monthly
205,24,Male,100,Arizona,M,Yellow,Fall,4,Yes,Yes,35,Cash,Bi-Weekly
1209,20,Male,100,Wisconsin,S,Red,Winter,,No,Yes,8,Debit Card,Annually
3229,37,Female,95,Connecticut,M,Yellow,Spring,4.6,No,No,27,PayPal,Annually
3073,26,Female,98,New York,L,Peach,Spring,3.1,No,No,46,PayPal,Quarterly
237,38,Male,68,North Dakota,L,Green,Winter,3.4,Yes,Yes,39,PayPal,Fortnightly
4085,67,Female,70.87,Chicago,,Green,Autumn,2,No,No,,Credit Card,Weekly
2941,61,Female,85,Massachusetts,L,Beige,Summer,4.8,No,No,13,Cash,Monthly
2648,60,Male,58,South Carolina,M,Red,Summer,3.3,No,No,25,Debit Card,Annually
3083,56,Female,99,Utah,M,Maroon,Spring,4,No,No,20,Bank Transfer,Annually
234,19,Male,83,Arizona,XL,Yellow,Fall,4.5,Yes,Yes,27,Bank Transfer,Every 3 Months
2697,57,Female,20,South Dakota,M,White,Spring,4.7,No,No,12,Debit Card,Monthly
3130,60,Female,20,Maryland,S,Cyan,Summer,4.7,No,No,40,Venmo,Every 3 Months
1068,18,Male,43,Pennsylvania,S,Peach,Summer,2.7,No,Yes,22,PayPal,Quarterly
1095,25,Male,40,Connecticut,M,Black,Winter,4.8,No,Yes,25,Cash,Quarterly
284,32,Male,30,Montana,S,Maroon,Fall,3.2,Yes,Yes,16,Venmo,Annually
1413,25,Male,100,Michigan,M,Charcoal,Summer,2.6,No,Yes,43,Venmo,Annually
172,29,Male,35,Virginia,M,Blue,Summer,3.6,Yes,Yes,4,Credit Card,Weekly
4115,69,Other,,Los Angeles,M,Red,Winter,3,No,No,5,Credit Card,Weekly
6,46,Male,20,Wyoming,M,White,Summer,2.9,Yes,Yes,14,Venmo,Weekly
249,47,Male,100,Pennsylvania,M,Blue,Winter,4.8,Yes,Yes,33,PayPal,Weekly
854,62,Male,43,Delaware,L,Orange,Winter,4,Yes,Yes,35,Cash,Monthly
3615,46,Female,25,Delaware,L,Maroon,Spring,4.7,No,No,19,Bank Transfer,Annually
4268,62,Other,,New York,L,Blue,Spring,,Yes,Yes,12,PayPal,Quarterly
3097,69,Female,63,Kansas,L,White,Winter,3.5,No,No,20,Bank Transfer,Monthly
2260,60,Male,96,Florida,XL,Beige,Spring,3.3,No,No,24,Cash,Annually
1137,23,Male,83,Illinois,S,Cyan,Summer,4.8,No,Yes,37,Cash,Monthly
1035,68,Male,29,Maryland,M,Olive,Fall,4.2,Yes,Yes,44,Bank Transfer,Weekly
682,30,Male,59,Louisiana,XL,Purple,Winter,3.8,Yes,Yes,24,Credit Card,Every 3 Months
1057,20,Male,64,Idaho,L,Black,Winter,2.9,No,Yes,42,Venmo,Fortnightly
2681,44,Female,37,Nebraska,L,Indigo,Fall,3.3,No,No,21,Venmo,Annually
3819,70,Female,41,Oregon,XL,Indigo,Winter,3.8,No,No,42,Cash,Monthly
587,45,Male,20,Wisconsin,S,Blue,Winter,4.9,Yes,Yes,9,Venmo,Annually
1386,41,Male,64,Mississippi,M,Indigo,Fall,2.6,No,Yes,1,Bank Transfer,Bi-Weekly
4853,70,Other,1481.42,Chicago,L,Black,Winter,1,No,No,1,Cash,Weekly
2424,49,Male,81,West Virginia,M,Purple,Summer,2.8,No,No,7,Credit Card,Every 3 Months
768,27,Male,77,Pennsylvania,M,Brown,Fall,2.5,Yes,Yes,11,Cash,Annually
3058,67,Female,22,North Carolina,M,Blue,Spring,3.4,No,No,26,Bank Transfer,Weekly
435,50,Male,52,Oklahoma,L,Pink,Spring,4,Yes,Yes,39,PayPal,Every 3 Months
629,69,Male,85,Massachusetts,M,White,Fall,,Yes,Yes,29,Credit Card,Monthly
3851,27,Female,74,Mississippi,L,Indigo,Summer,4.4,No,No,25,Debit Card,Every 3 Months
3709,40,Female,96,South Carolina,M,Red,Fall,4.9,No,No,41,PayPal,Monthly
207,24,Male,55,Wisconsin,L,Silver,Summer,4.2,Yes,Yes,6,Venmo,Fortnightly
2366,52,Male,91,Wyoming,S,Peach,Winter,2.5,No,No,32,Venmo,Monthly
2820,67,Female,27,Georgia,L,Lavender,Spring,3,No,No,19,Cash,Monthly
3192,62,Female,68,Mississippi,XL,Maroon,Winter,4.7,No,No,42,Credit Card,Every 3 Months
1375,22,Male,97,New York,M,Red,Fall,2.7,No,Yes,5,Bank Transfer,Quarterly
2293,43,Male,34,Vermont,S,Beige,Spring,3.8,No,No,31,Debit Card,Monthly
3486,50,Female,21,Massachusetts,XL,Brown,Winter,3.4,No,No,23,Debit Card,Fortnightly
4170,55,Male,902.86,Chicago,,Blue,Spring,,No,No,,Debit Card,Quarterly
439,52,Male,23,Iowa,M,Turquoise,Winter,4.3,Yes,Yes,12,Credit Card,Fortnightly
991,48,Male,63,Washington,S,Yellow,Spring,4.8,Yes,Yes,24,Cash,Weekly
1944,32,Male,53,Wisconsin,L,Violet,Summer,3.8,No,No,45,Cash,Annually
1502,37,Male,55,Alaska,XL,Silver,Spring,2.7,No,Yes,13,Debit Card,Every 3 Months
42,67,Male,39,Alaska,M,Orange,Spring,4.5,Yes,Yes,40,Venmo,Annually
173,54,Male,67,Nebraska,M,Violet,Summer,3.9,Yes,Yes,42,Credit Card,Bi-Weekly
4369,45,Other,,Chicago,XL,Blue,Autumn,1,No,Yes,2,Debit Card,Monthly
5025,55,Female,650.7,New York,XL,White,Autumn,3,No,Yes,28,Cash,Monthly
4623,47,Male,,Chicago,,Green,Summer,,Yes,No,35,PayPal,Monthly
1097,57,Male,46,New Hampshire,S,Beige,Fall,2.6,No,Yes,48,Credit Card,Annually
4241,29,Male,,New York,,Green,Winter,,Yes,Yes,17,Debit Card,Quarterly
323,41,Male,95,Tennessee,S,Cyan,Winter,3,Yes,Yes,47,Credit Card,Monthly
1459,35,Male,28,Missouri,M,Peach,Spring,2.9,No,Yes,34,Venmo,Weekly
2849,33,Female,72,Wisconsin,L,Gray,Fall,4.9,No,No,28,Bank Transfer,Quarterly
1112,22,Male,66,New York,S,Olive,Summer,4.1,No,Yes,4,Credit Card,Bi-Weekly
3218,44,Female,58,Oregon,M,Silver,Fall,3.4,No,No,46,Venmo,Weekly
611,53,Male,72,Oklahoma,M,Charcoal,Summer,2.5,Yes,Yes,27,Bank Transfer,Every 3 Months
4604,66,Female,561.28,New York,,Red,Winter,5,No,No,,Credit Card,Weekly
3101,50,Female,85,Vermont,L,Purple,Winter,3.9,No,No,3,Bank Transfer,Weekly
3332,55,Female,58,California,M,Pink,Summer,3.5,No,No,39,PayPal,Quarterly
605,44,Male,92,West Virginia,S,Pink,Fall,4.4,Yes,Yes,11,Credit Card,Every 3 Months
81,19,Male,72,New York,XL,Blue,Summer,,Yes,Yes,24,Credit Card,Every 3 Months
5084,53,Male,,Houston,,Blue,Spring,,No,No,,Debit Card,Quarterly
958,38,Male,23,Indiana,XL,Violet,Spring,4.7,Yes,Yes,11,Cash,Quarterly
5090,65,Other,,Los Angeles,,Blue,Winter,2,No,Yes,21,Credit Card,Weekly
4578,44,Other,,Chicago,L,Black,Winter,,Yes,Yes,26,Cash,Weekly
2881,19,Female,61,Florida,L,Beige,Winter,4.8,No,No,43,PayPal,Quarterly
2860,31,Female,32,Utah,L,Yellow,Fall,3.4,No,No,29,Bank Transfer,Annually
2279,61,Male,25,Maryland,M,Maroon,Fall,3.8,No,No,6,Cash,Every 3 Months
4271,58,Female,,New York,,Blue,Spring,,No,Yes,15,Credit Card,Monthly
4960,52,Male,286.38,Chicago,L,Black,Autumn,1,Yes,Yes,,PayPal,Quarterly
584,25,Male,78,California,L,Yellow,Spring,4,Yes,Yes,38,PayPal,Monthly
3447,51,Female,55,Louisiana,S,Purple,Spring,5,No,No,20,Cash,Weekly
999,51,Male,90,Connecticut,M,White,Spring,3.8,Yes,Yes,48,Bank Transfer,Bi-Weekly
874,51,Male,77,Mississippi,M,Pink,Summer,4.2,Yes,Yes,24,Venmo,Quarterly
2543,61,Male,22,Arkansas,M,White,Winter,3.7,No,No,27,PayPal,Annually
1859,22,Male,69,Maine,S,Peach,Spring,4.9,No,No,8,Debit Card,Annually
2961,57,Female,48,Indiana,S,Olive,Spring,3.6,No,No,47,Credit Card,Weekly
4784,57,Male,1360.55,New York,L,Blue,Summer,,Yes,Yes,,Credit Card,Monthly
3807,18,Female,71,Missouri,M,Teal,Spring,3,No,No,41,PayPal,Weekly
5,45,Male,49,Oregon,M,Turquoise,Spring,2.7,Yes,Yes,31,PayPal,Annually
2702,49,Female,30,Idaho,L,Silver,Summer,2.8,No,No,18,Bank Transfer,Fortnightly
888,70,Male,47,Minnesota,L,Turquoise,Winter,3.3,Yes,Yes,33,PayPal,Fortnightly
1311,43,Male,59,South Carolina,L,Brown,Winter,3.1,No,Yes,38,Credit Card,Every 3 Months
3317,42,Female,45,New Mexico,M,Olive,Summer,3.1,No,No,5,Debit Card,Fortnightly
2930,31,Female,53,Maine,XL,White,Winter,4.5,No,No,42,Venmo,Fortnightly
2570,42,Male,75,New York,M,Charcoal,Spring,4.8,No,No,10,Bank Transfer,Bi-Weekly
3145,23,Female,70,Maine,L,Beige,Spring,2.6,No,No,12,Debit Card,Quarterly
911,49,Male,25,South Carolina,S,Pink,Spring,3.4,Yes,Yes,22,Credit Card,Monthly
349,56,Male,59,South Carolina,M,Beige,Fall,2.7,Yes,Yes,17,PayPal,Fortnightly
3877,60,Female,85,Wisconsin,S,Cyan,Fall,2.6,No,No,7,Cash,Annually
4251,20,Male,956.02,Chicago,XL,White,Spring,,Yes,Yes,6,Cash,Monthly
4287,29,Male,,New York,XL,Green,Autumn,,Yes,No,1,Cash,Monthly
5036,30,Female,,Los Angeles,M,Blue,Summer,4,No,Yes,30,Debit Card,Weekly
4988,46,Other,1164.11,Los Angeles,S,Green,Autumn,,Yes,No,,PayPal,Monthly
5001,24,Other,,Chicago,L,Green,Autumn,3,Yes,No,45,Cash,Weekly
1693,56,Male,75,Utah,M,Beige,Winter,2.6,No,No,33,Cash,Bi-Weekly
1376,42,Male,31,Maine,L,Brown,Spring,4.1,No,Yes,8,Credit Card,Annually
5079,60,Female,,New York,M,Black,Spring,,Yes,No,,Credit Card,Quarterly
147,52,Male,30,Colorado,S,Black,Fall,4,Yes,Yes,21,Venmo,Fortnightly
1694,63,Male,88,Tennessee,XL,Olive,Fall,4.9,No,No,45,Bank Transfer,Fortnightly
3547,60,Female,79,Kansas,M,Violet,Summer,3.6,No,No,37,Bank Transfer,Bi-Weekly
828,31,Male,51,Colorado,S,Green,Fall,4.1,Yes,Yes,33,Bank Transfer,Fortnightly
497,30,Male,63,California,S,Maroon,Fall,3.3,Yes,Yes,31,Venmo,Fortnightly
1931,66,Male,52,North Carolina,L,Turquoise,Spring,3.5,No,No,26,Cash,Weekly
1421,22,Male,53,California,XL,Gray,Summer,4.6,No,Yes,45,PayPal,Every 3 Months
4635,56,Male,1096.71,Phoenix,M,Blue,Spring,4,No,Yes,,Credit Card,Monthly
3494,48,Female,82,New Mexico,XL,Black,Winter,4.7,No,No,35,Credit Card,Weekly
2617,61,Male,55,Georgia,XL,Purple,Spring,3.6,No,No,46,Cash,Annually
2827,32,Female,43,Florida,L,Brown,Fall,3.6,No,No,23,Venmo,Annually
2271,27,Male,72,Georgia,L,Purple,Spring,3.5,No,No,7,Venmo,Weekly
3441,45,Female,63,Maryland,L,Magenta,Fall,4.3,No,No,2,PayPal,Weekly
2208,69,Male,38,New Mexico,M,Gray,Fall,2.9,No,No,11,Credit Card,Annually
3781,54,Female,57,Mississippi,L,Yellow,Fall,4.1,No,No,41,Venmo,Quarterly
154,69,Male,55,North Carolina,M,Maroon,Winter,3.2,Yes,Yes,22,Debit Card,Annually
1390,59,Male,72,Illinois,L,Orange,Fall,2.6,No,Yes,8,Debit Card,Fortnightly
2312,27,Male,28,Montana,L,Gold,Spring,4.8,No,No,10,Bank Transfer,Every 3 Months
2429,65,Male,38,Idaho,M,Violet,Spring,4.4,No,No,34,Debit Card,Annually
2608,41,Male,36,Oklahoma,XL,Teal,Spring,3.1,No,No,38,PayPal,Every 3 Months
2429,65,Male,38,Idaho,M,Violet,Spring,4.4,No,No,34,Debit Card,Annually
266,32,Male,59,Michigan,M,Gray,Spring,3.2,Yes,Yes,17,Bank Transfer,Bi-Weekly
2780,61,Female,66,Montana,L,Blue,Winter,4.3,No,No,14,Credit Card,Fortnightly
3868,46,Female,21,Maryland,L,Lavender,Summer,2.7,No,No,28,Credit Card,Monthly
4021,32,Female,,Houston,S,Black,Winter,4,Yes,No,,Credit Card,Quarterly
4399,40,Female,,Los Angeles,L,White,Winter,3,Yes,No,,Cash,Quarterly
2413,53,Male,51,Oregon,M,Pink,Winter,4.3,No,No,8,Bank Transfer,Bi-Weekly
1305,64,Male,63,Montana,S,Orange,Spring,4,No,Yes,18,PayPal,Every 3 Months
1378,33,Male,54,Maryland,L,Olive,Spring,3,No,Yes,42,Venmo,Monthly
3809,33,Female,28,Washington,M,Pink,Winter,4.7,No,No,6,Debit Card,Bi-Weekly
4339,31,Female,843.84,Phoenix,M,Green,Spring,5,No,Yes,,Debit Card,Quarterly
3205,57,Female,92,New Mexico,XL,Lavender,Fall,4.3,No,No,23,Debit Card,Bi-Weekly
4433,32,Male,,Houston,S,Red,Winter,,Yes,No,,Cash,Quarterly
1860,54,Male,26,New Jersey,L,Beige,Summer,3.7,No,No,29,Debit Card,Fortnightly
1869,23,Male,58,Indiana,M,Silver,Spring,4.7,No,No,44,Cash,Fortnightly
3495,62,Female,38,Washington,M,Silver,Winter,3.5,No,No,41,PayPal,Quarterly
3249,22,Female,79,Pennsylvania,S,Teal,Summer,4.2,No,No,41,Bank Transfer,Quarterly
1773,58,Male,34,Hawaii,M,Gold,Summer,3.1,No,No,1,Bank Transfer,Annually
729,29,Male,78,Nebraska,M,Pink,Winter,3.7,Yes,Yes,12,PayPal,Every 3 Months
4422,24,Male,680.04,Chicago,M,White,Winter,,Yes,Yes,12,Debit Card,Quarterly
2364,60,Male,79,Pennsylvania,XL,Pink,Winter,4.2,No,No,38,Cash,Bi-Weekly
3446,42,Female,58,Florida,M,Magenta,Fall,4.9,No,No,3,Debit Card,Annually
3213,27,Female,22,Wyoming,M,Indigo,Winter,3.6,No,No,21,Debit Card,Weekly
1315,42,Male,67,Missouri,S,Magenta,Summer,3.4,No,Yes,49,Debit Card,Annually
2808,56,Female,100,Maryland,M,Charcoal,Spring,4.4,No,No,10,Debit Card,Fortnightly
2463,68,Male,99,Missouri,XL,Orange,Spring,4.3,No,No,31,Bank Transfer,Bi-Weekly
2857,65,Female,48,Iowa,M,Indigo,Winter,3.5,No,No,31,Credit Card,Monthly
2620,68,Male,40,Connecticut,L,Indigo,Winter,3.9,No,No,47,Credit Card,Weekly
2663,25,Female,98,Nebraska,M,Cyan,Summer,2.8,No,No,44,PayPal,Fortnightly
5096,56,Female,,Chicago,,Blue,Summer,5,Yes,Yes,,Debit Card,Weekly
3379,49,Female,75,Minnesota,L,Gold,Fall,4.5,No,No,6,Cash,Quarterly
4829,66,Male,1311.96,New York,XL,Black,Autumn,2,Yes,Yes,,Debit Card,Monthly
1244,25,Male,23,New Hampshire,S,Pink,Spring,3,No,Yes,22,Debit Card,Annually
615,68,Male,85,Idaho,M,Lavender,Winter,4,Yes,Yes,21,Credit Card,Bi-Weekly
2642,25,Male,60,Vermont,XL,Olive,Winter,2.7,No,No,20,Bank Transfer,Every 3 Months
2061,21,Male,63,Wisconsin,M,Blue,Fall,3.2,No,No,23,Bank Transfer,Quarterly
2889,70,Female,42,Wisconsin,L,Green,Spring,5,No,No,25,Debit Card,Quarterly
567,55,Male,93,Alabama,M,Indigo,Spring,3.6,Yes,Yes,1,Debit Card,Fortnightly
864,49,Male,41,Vermont,M,Cyan,Summer,3.9,Yes,Yes,42,PayPal,Fortnightly
4374,37,Female,144.61,Chicago,,Blue,Summer,3,Yes,Yes,,Cash,Weekly
3285,70,Female,79,Kentucky,L,White,Spring,4.5,No,No,20,Venmo,Annually
2438,43,Male,59,Wyoming,XL,Magenta,Winter,3.4,No,No,34,Credit Card,Weekly
1296,30,Male,60,New Mexico,M,Olive,Fall,2.8,No,Yes,50,PayPal,Weekly
4105,44,Male,580.6,Houston,L,Green,Spring,,Yes,Yes,,PayPal,Weekly
1882,58,Male,41,New Jersey,M,Red,Winter,4.3,No,No,13,Cash,Bi-Weekly
4213,67,Male,444.17,New York,,Blue,Winter,,Yes,Yes,7,PayPal,Quarterly
1581,65,Male,71,North Dakota,L,Cyan,Summer,3.7,No,Yes,30,Cash,Annually
3865,55,Female,99,Wyoming,S,Blue,Winter,4.9,No,No,1,Debit Card,Fortnightly
1623,31,Male,43,Missouri,S,Brown,Winter,4,No,Yes,37,Bank Transfer,Every 3 Months
4267,25,Male,221.06,Houston,M,Black,Autumn,,Yes,No,,Cash,Weekly
4487,23,Female,,Phoenix,S,Green,Summer,5,No,Yes,,Credit Card,Quarterly
1561,57,Male,84,Oregon,M,Teal,Winter,3.8,No,Yes,3,Debit Card,Weekly
3534,50,Female,98,Texas,L,Yellow,Fall,4.7,No,No,30,Venmo,Fortnightly
4060,25,Female,,Houston,,White,Autumn,,No,No,,Credit Card,Quarterly
1544,56,Male,89,Wisconsin,M,Indigo,Fall,4,No,Yes,24,Venmo,Annually
3720,20,Female,91,Pennsylvania,M,Red,Summer,4.1,No,No,8,Bank Transfer,Every 3 Months
4434,47,Male,599.51,Houston,L,Blue,Summer,5,No,Yes,10,Cash,Weekly
3655,21,Female,98,Arkansas,M,Green,Winter,3.3,No,No,10,Credit Card,Annually
2239,40,Male,84,Florida,L,Beige,Winter,3.8,No,No,18,Debit Card,Weekly
3226,53,Female,98,New Hampshire,M,Pink,Fall,3,No,No,31,Credit Card,Weekly
181,51,Male,81,South Dakota,L,Green,Fall,3.3,Yes,Yes,12,Debit Card,Fortnightly
1980,49,Male,98,Tennessee,L,Blue,Spring,2.8,No,No,38,Debit Card,Fortnightly
1029,45,Male,36,Nebraska,S,Lavender,Summer,3.7,Yes,Yes,4,Cash,Fortnightly
2045,49,Male,68,Missouri,L,Orange,Spring,3,No,No,17,PayPal,Fortnightly
2119,60,Male,44,Georgia,M,Olive,Fall,4.2,No,No,28,Debit Card,Quarterly
1107,52,Male,96,Minnesota,L,Violet,Winter,3.6,No,Yes,12,Venmo,Fortnightly
1663,63,Male,24,New Mexico,M,Olive,Winter,4.6,No,Yes,46,Debit Card,Fortnightly
4650,28,Other,175.64,Houston,M,White,Summer,5,No,No,12,Credit Card,Weekly
433,47,Male,86,Indiana,S,Indigo,Fall,3.3,Yes,Yes,26,Venmo,Weekly
2117,67,Male,23,Kansas,M,Teal,Summer,2.9,No,No,50,Debit Card,Bi-Weekly
4810,53,Male,372.33,Los Angeles,,Red,Autumn,,Yes,No,,Cash,Quarterly
3402,44,Female,71,Nevada,L,Peach,Winter,3.4,No,No,39,Credit Card,Weekly
4380,61,Other,1487,Chicago,,Red,Spring,2,No,No,9,Debit Card,Quarterly
3610,21,Female,39,New Mexico,M,Cyan,Summer,3,No,No,31,Debit Card,Monthly
2020,31,Male,68,Idaho,S,Red,Winter,4.7,No,No,23,Cash,Fortnightly
3555,39,Female,55,Louisiana,M,Indigo,Spring,5,No,No,5,Credit Card,Fortnightly
765,55,Male,39,Virginia,XL,Silver,Fall,4.2,Yes,Yes,6,Debit Card,Quarterly
1845,60,Male,26,South Dakota,M,Purple,Spring,2.7,No,No,31,Credit Card,Annually
778,55,Male,32,Wyoming,XL,Silver,Spring,2.5,Yes,Yes,37,Venmo,Weekly
4699,45,Female,,Chicago,L,Blue,Spring,,No,No,,Debit Card,Weekly
91,25,Male,48,South Carolina,L,Violet,Summer,2.9,Yes,Yes,29,Credit Card,Monthly
3284,47,Female,24,North Carolina,L,Purple,Spring,2.9,No,No,10,Debit Card,Every 3 Months
588,29,Male,86,Washington,S,Maroon,Fall,4.2,Yes,Yes,48,Debit Card,Every 3 Months
2115,37,Male,51,Vermont,M,Magenta,Winter,2.9,No,No,12,Debit Card,Annually
1017,20,Male,30,Idaho,XL,Blue,Summer,3.4,Yes,Yes,15,Bank Transfer,Every 3 Months
2610,66,Male,95,Arkansas,M,Black,Summer,3,No,No,18,Debit Card,Bi-Weekly
4920,32,Male,,Houston,XL,Black,Autumn,5,Yes,Yes,41,PayPal,Weekly
442,43,Male,81,Florida,M,Maroon,Winter,4.2,Yes,Yes,32,Credit Card,Annually
1711,19,Male,59,Arkansas,XL,Orange,Fall,3.8,No,No,7,Credit Card,Quarterly
955,60,Male,74,Louisiana,S,Turquoise,Fall,3.5,Yes,Yes,18,Credit Card,Every 3 Months
4421,57,Female,,Phoenix,XL,White,Spring,,No,Yes,,PayPal,Weekly
3646,38,Female,90,Colorado,L,Silver,Summer,3.4,No,No,31,Credit Card,Every 3 Months
2841,40,Female,47,West Virginia,L,Pink,Spring,3.5,No,No,41,Cash,Annually
1551,66,Male,26,Arkansas,S,Black,Summer,2.8,No,Yes,40,Bank Transfer,Quarterly
1012,43,Male,25,Montana,L,Indigo,Spring,2.9,Yes,Yes,32,Debit Card,Fortnightly
680,56,Male,95,Michigan,M,Turquoise,Fall,3.4,Yes,Yes,37,Venmo,Fortnightly
3561,18,Female,96,Kansas,XL,Violet,Fall,3.5,No,No,5,Credit Card,Annually
1708,25,Male,81,Nevada,L,Maroon,Fall,4.9,No,No,25,Cash,Bi-Weekly
4196,19,Female,,Los Angeles,S,White,Autumn,,Yes,No,,Credit Card,Quarterly
124,57,Male,89,Louisiana,L,Brown,Fall,3.1,Yes,Yes,46,Cash,Weekly
1042,36,Male,25,Minnesota,M,Orange,Summer,4.9,Yes,Yes,11,Cash,Fortnightly
4117,34,Other,117.29,Los Angeles,L,Black,Spring,,Yes,No,,Cash,Weekly
3076,54,Female,90,Utah,XL,Beige,Winter,3.6,No,No,21,PayPal,Every 3 Months
1363,41,Male,46,Colorado,M,Gray,Fall,4.3,No,Yes,29,Cash,Weekly
36,54,Male,33,Massachusetts,M,Cyan,Summer,4,Yes,Yes,48,Credit Card,Bi-Weekly
118,50,Male,32,South Dakota,L,Yellow,Summer,4.6,Yes,Yes,29,Cash,Fortnightly
1524,54,Male,88,Georgia,M,White,Summer,3.3,No,Yes,35,Debit Card,Annually
4840,35,Male,1364.38,New York,,Red,Autumn,,Yes,No,,Credit Card,Monthly
1423,44,Male,27,Texas,L,Charcoal,Fall,3.4,No,Yes,3,PayPal,Bi-Weekly
4690,22,Female,1122.1,Houston,L,Black,Summer,,No,No,1,Debit Card,Quarterly
3745,24,Female,51,New Jersey,M,Gray,Summer,2.7,No,No,26,Bank Transfer,Fortnightly
4791,30,Other,,Houston,,White,Autumn,,Yes,Yes,,Credit Card,Monthly
1335,46,Male,52,West Virginia,S,White,Spring,,No,Yes,12,Venmo,Monthly
2874,44,Female,40,Montana,M,Teal,Spring,2.6,No,No,8,Bank Transfer,Monthly
4229,68,Other,882.19,New York,,Green,Winter,,No,Yes,,Debit Card,Weekly
2877,65,Female,84,New Mexico,M,Charcoal,Spring,3.4,No,No,5,Bank Transfer,Fortnightly
2002,51,Male,90,Wyoming,S,Purple,Winter,2.6,No,No,2,Debit Card,Fortnightly
3641,47,Female,31,Minnesota,L,Pink,Spring,4,No,No,17,PayPal,Monthly
1073,48,Male,92,Idaho,L,Gold,Fall,,No,Yes,34,Debit Card,Fortnightly
4157,40,Male,20.19,Phoenix,,Green,Autumn,1,Yes,Yes,,Debit Card,Quarterly
3273,58,Female,99,Texas,M,Lavender,Winter,3.1,No,No,34,PayPal,Quarterly
5013,54,Female,1436.4,Phoenix,M,White,Autumn,,No,Yes,8,PayPal,Quarterly
3669,59,Female,71,Michigan,XL,Magenta,Summer,3.2,No,No,18,Venmo,Annually
3540,29,Female,56,New York,S,Green,Spring,3.2,No,No,17,Credit Card,Bi-Weekly
4554,33,Female,,Los Angeles,L,Black,Winter,3,No,Yes,22,Debit Card,Monthly
1388,21,Male,85,Maryland,M,Gold,Winter,3.8,No,Yes,20,Credit Card,Monthly
4890,36,Female,,Phoenix,S,Blue,Autumn,5,Yes,No,,Credit Card,Weekly
2927,64,Female,82,Maryland,M,Gray,Winter,4.8,No,No,9,Cash,Weekly
2116,44,Male,85,Rhode Island,M,Violet,Winter,3.4,No,No,16,Bank Transfer,Bi-Weekly
1114,28,Male,80,Maryland,M,Purple,Summer,4.8,No,Yes,11,PayPal,Bi-Weekly
3832,36,Female,86,Nevada,L,Silver,Spring,4,No,No,16,Debit Card,Every 3 Months
1746,40,Male,27,West Virginia,L,Red,Winter,3.6,No,No,27,Cash,Weekly
3569,29,Female,71,Arkansas,M,Purple,Spring,4.8,No,No,14,PayPal,Quarterly
2762,31,Female,82,Michigan,M,Purple,Fall,3.4,No,No,3,Credit Card,Every 3 Months
2538,44,Male,49,Maine,M,Purple,Summer,4.1,No,No,30,PayPal,Fortnightly
3330,34,Female,54,New Jersey,M,Gray,Winter,3.8,No,No,1,Debit Card,Bi-Weekly
4495,21,Female,711.4,Los Angeles,,Black,Autumn,,No,No,35,PayPal,Monthly
3793,43,Female,58,Massachusetts,S,Turquoise,Summer,2.6,No,No,2,PayPal,Fortnightly
3391,32,Female,70,Oregon,S,Red,Summer,3,No,No,38,PayPal,Annually
676,64,Male,86,Arkansas,M,Yellow,Spring,2.6,Yes,Yes,9,Cash,Annually
894,33,Male,51,Nebraska,M,Red,Spring,4.7,Yes,Yes,14,Venmo,Monthly
1905,22,Male,71,Nevada,S,Silver,Spring,4.2,No,No,46,Cash,Monthly
2224,30,Male,65,Kansas,M,Gray,Fall,4.7,No,No,5,PayPal,Quarterly
4335,22,Other,,Los Angeles,M,Blue,Spring,5,No,No,1,Debit Card,Weekly
4177,51,Other,,Los Angeles,S,Black,Autumn,,No,No,,Cash,Monthly
1589,48,Male,24,Vermont,L,Cyan,Winter,3.2,No,Yes,3,Venmo,Monthly
3015,24,Female,65,Utah,M,Maroon,Spring,4.5,No,No,38,PayPal,Every 3 Months
2306,68,Male,63,Maine,M,Gold,Summer,2.6,No,No,47,Cash,Weekly
3288,24,Female,63,West Virginia,L,Black,Spring,4.3,No,No,38,Credit Card,Weekly
4178,63,Other,,Houston,,Blue,Summer,,Yes,No,15,PayPal,Quarterly
2010,37,Male,99,Alabama,M,Indigo,Summer,3.8,No,No,26,Venmo,Bi-Weekly
2558,70,Male,23,Oklahoma,L,Cyan,Spring,3.9,No,No,17,PayPal,Fortnightly
1508,66,Male,86,Pennsylvania,S,Maroon,Winter,3.7,No,Yes,7,Venmo,Annually
123,40,Male,40,Washington,L,Brown,Spring,4.8,Yes,Yes,44,Cash,Fortnightly
2955,33,Female,28,South Dakota,M,Indigo,Winter,3.9,No,No,15,Credit Card,Annually
1448,23,Male,57,New Mexico,S,Beige,Summer,3,No,Yes,25,PayPal,Monthly
4936,58,Female,,Houston,XL,Black,Autumn,2,No,No,,PayPal,Weekly
1822,57,Male,53,Maine,M,Teal,Spring,2.8,No,No,29,PayPal,Quarterly
2237,23,Male,88,Louisiana,M,Yellow,Winter,2.7,No,No,18,Debit Card,Fortnightly
4144,22,Female,,Chicago,,White,Autumn,,Yes,Yes,14,PayPal,Quarterly
7,63,Male,85,Montana,M,Gray,Fall,3.2,Yes,Yes,49,Cash,Quarterly
1682,24,Male,95,Virginia,L,Green,Winter,3.7,No,No,14,Credit Card,Bi-Weekly
1253,28,Male,41,Massachusetts,L,Magenta,Fall,4,No,Yes,8,Cash,Quarterly
4503,32,Male,,Chicago,S,Red,Winter,1,No,No,,Cash,Quarterly
4350,64,Other,247.51,Chicago,S,Green,Winter,4,No,No,14,Debit Card,Weekly
204,70,Male,38,Indiana,S,Yellow,Fall,3.2,Yes,Yes,18,Bank Transfer,Weekly
2976,61,Female,68,Georgia,XL,Lavender,Winter,4.5,No,No,48,Cash,Every 3 Months
288,56,Male,37,Delaware,L,Blue,Spring,3.4,Yes,Yes,18,Venmo,Fortnightly
2741,19,Female,70,Pennsylvania,M,Lavender,Summer,4.9,No,No,34,Bank Transfer,Fortnightly
4648,46,Male,90.6,Phoenix,,White,Spring,2,No,Yes,25,PayPal,Monthly
2781,33,Female,70,Ohio,M,Charcoal,Winter,4.1,No,No,29,PayPal,Fortnightly
4731,35,Male,,New York,XL,White,Winter,4,No,No,47,PayPal,Weekly
4507,20,Male,,Chicago,,Red,Summer,,Yes,Yes,9,Debit Card,Quarterly
1856,60,Male,76,Rhode Island,XL,Teal,Spring,4.7,No,No,9,Cash,Annually
464,37,Male,81,Georgia,S,Orange,Summer,2.7,Yes,Yes,29,Venmo,Weekly
4570,56,Other,1075.74,New York,,Red,Spring,,No,No,10,Cash,Monthly
3386,62,Female,83,Rhode Island,M,Olive,Winter,2.8,No,No,16,Credit Card,Every 3 Months
3507,18,Female,57,Illinois,L,Olive,Winter,3.7,No,No,12,Cash,Fortnightly
5019,26,Female,,Los Angeles,S,Blue,Winter,3,No,Yes,4,Cash,Quarterly
4366,66,Female,,New York,,Blue,Spring,,No,No,6,Credit Card,Quarterly
1794,65,Male,92,Iowa,S,White,Fall,3.8,No,No,45,Cash,Every 3 Months
4797,38,Male,,Houston,S,White,Spring,,No,Yes,15,Debit Card,Monthly
4930,25,Other,283.65,Los Angeles,M,Black,Autumn,5,No,Yes,,Credit Card,Quarterly
2931,38,Female,50,Mississippi,M,Orange,Spring,4,No,No,14,Venmo,Monthly
3366,43,Female,58,Tennessee,L,Teal,Fall,3.9,No,No,45,Credit Card,Every 3 Months
2251,41,Male,89,Colorado,L,Pink,Summer,4.6,No,No,19,Credit Card,Weekly
3568,32,Female,56,New Mexico,S,Silver,Summer,4,No,No,26,Credit Card,Monthly
3283,24,Female,94,California,M,Red,Fall,4.8,No,No,5,Credit Card,Monthly
2933,65,Female,88,Alaska,L,Black,Spring,3.9,No,No,3,PayPal,Quarterly
444,22,Male,67,Hawaii,M,Magenta,Summer,3.6,Yes,Yes,24,PayPal,Annually
1598,43,Male,21,Mississippi,XL,Maroon,Winter,2.6,No,Yes,34,Bank Transfer,Quarterly
4916,33,Other,1185.76,Phoenix,,Blue,Autumn,2,No,No,18,PayPal,Weekly
4904,20,Female,,New York,XL,Black,Summer,3,No,No,29,PayPal,Weekly
2356,22,Male,35,Tennessee,S,Purple,Winter,4.1,No,No,12,Cash,Monthly
1587,25,Male,77,Oklahoma,M,Purple,Fall,4,No,Yes,21,Bank Transfer,Weekly
2392,42,Male,74,Michigan,M,Black,Winter,4.6,No,No,31,Bank Transfer,Quarterly
3698,55,Female,66,Pennsylvania,L,Pink,Winter,3,No,No,39,Cash,Weekly
46,50,Male,21,Tennessee,XL,Indigo,Fall,2.9,Yes,Yes,25,PayPal,Annually
743,64,Male,39,Nevada,M,Charcoal,Summer,3.1,Yes,Yes,21,Debit Card,Quarterly
4613,36,Male,1186.54,Los Angeles,S,Blue,Summer,,No,No,39,Debit Card,Quarterly
4752,47,Male,1365.82,Chicago,,Red,Winter,2,Yes,No,,Debit Card,Weekly
1718,29,Male,50,Hawaii,L,Orange,Summer,2.9,No,No,16,Debit Card,Bi-Weekly
4657,27,Female,,New York,S,White,Summer,3,No,No,,PayPal,Weekly
1903,31,Male,22,New Mexico,S,Olive,Spring,5,No,No,21,Venmo,Monthly
1986,23,Male,97,Tennessee,M,Gold,Spring,3.9,No,No,6,Credit Card,Fortnightly
4308,69,Female,,Houston,,White,Winter,,No,Yes,,PayPal,Weekly
179,61,Male,43,Idaho,L,Lavender,Fall,4.3,Yes,Yes,21,PayPal,Quarterly
3608,50,Female,93,New Mexico,L,Charcoal,Fall,3.3,No,No,20,Venmo,Bi-Weekly
3065,22,Female,76,Idaho,S,Cyan,Winter,3.6,No,No,49,Bank Transfer,Quarterly
2049,45,Male,64,Michigan,XL,Pink,Winter,3.9,No,No,35,Bank Transfer,Quarterly
5000,50,Female,238.66,Los Angeles,L,Green,Summer,,No,Yes,,PayPal,Quarterly
260,32,Male,57,Louisiana,M,Gold,Fall,2.9,Yes,Yes,13,Debit Card,Annually
4063,54,Female,134.5,Chicago,S,Red,Autumn,1,No,Yes,0,Debit Card,Quarterly
1607,55,Male,21,Kansas,S,White,Spring,4.3,No,Yes,4,PayPal,Fortnightly
2747,39,Female,25,Ohio,M,Orange,Fall,3.7,No,No,21,PayPal,Every 3 Months
1223,58,Male,69,Indiana,L,Magenta,Fall,3.4,No,Yes,27,Bank Transfer,Annually
1665,19,Male,53,Minnesota,M,Purple,Spring,5,No,Yes,35,PayPal,Weekly
1096,19,Male,34,Tennessee,S,Peach,Summer,3,No,Yes,30,Bank Transfer,Quarterly
2944,29,Female,44,Virginia,M,Orange,Spring,3.4,No,No,37,Credit Card,Monthly
819,59,Male,91,Idaho,M,Peach,Winter,4.9,Yes,Yes,34,Debit Card,Monthly
3593,61,Female,82,New Jersey,L,Lavender,Spring,4.4,No,No,18,Venmo,Fortnightly
1514,22,Male,35,Texas,M,Red,Spring,4.1,No,Yes,27,Cash,Monthly
887,19,Male,54,Utah,S,Brown,Summer,3.6,Yes,Yes,48,Bank Transfer,Monthly
908,32,Male,43,Missouri,L,Cyan,Winter,4.4,Yes,Yes,34,Credit Card,Bi-Weekly
3871,61,Female,46,Ohio,L,Lavender,Fall,3.2,No,No,19,Cash,Every 3 Months
3211,30,Female,67,Nevada,M,Magenta,Summer,2.9,No,No,43,Venmo,Bi-Weekly
719,22,Male,22,Florida,M,Peach,Summer,4.6,Yes,Yes,25,Bank Transfer,Annually
4465,60,Female,39.78,Houston,,Green,Summer,,No,No,,PayPal,Quarterly
2784,19,Female,38,Virginia,M,Silver,Spring,4.5,No,No,26,Credit Card,Quarterly
4200,68,Other,1138.62,Chicago,XL,White,Winter,5,Yes,Yes,,Debit Card,Weekly
3612,63,Female,82,Washington,M,Silver,Spring,2.9,No,No,30,Credit Card,Annually
2975,57,Female,99,Tennessee,XL,Peach,Summer,4.1,No,No,34,Credit Card,Weekly
2072,69,Male,100,South Carolina,S,Yellow,Fall,4.8,No,No,37,PayPal,Quarterly
2743,27,Female,86,Texas,M,Black,Spring,3.9,No,No,47,Debit Card,Annually
4254,59,Other,888.11,New York,XL,White,Winter,3,Yes,No,13,Credit Card,Quarterly
1765,61,Male,56,Delaware,M,Charcoal,Summer,3,No,No,34,Venmo,Quarterly
273,48,Male,26,Oregon,M,Beige,Summer,4.4,Yes,Yes,37,Debit Card,Bi-Weekly
5018,39,Other,1384.92,New York,L,Blue,Winter,,Yes,Yes,,Debit Card,Monthly
1243,56,Male,27,Nevada,M,Lavender,Summer,4,No,Yes,15,Bank Transfer,Quarterly
4467,25,Female,130.8,Houston,S,Green,Winter,5,Yes,Yes,,Credit Card,Monthly
3287,45,Female,67,Illinois,L,Pink,Winter,5,No,No,4,Venmo,Fortnightly
3777,19,Female,25,Alaska,L,Olive,Spring,4.1,No,No,10,Credit Card,Fortnightly
832,66,Male,63,Washington,M,Red,Summer,4.3,Yes,Yes,47,Cash,Every 3 Months
2891,39,Female,55,North Dakota,M,Violet,Winter,3.7,No,No,23,Credit Card,Monthly
1003,55,Male,59,North Dakota,M,White,Spring,3.5,Yes,Yes,3,Bank Transfer,Bi-Weekly
4675,70,Female,,New York,XL,Black,Spring,,No,No,,Debit Card,Monthly
4750,38,Other,34.72,Los Angeles,,Green,Summer,2,Yes,Yes,41,Credit Card,Weekly
2330,49,Male,97,Nebraska,S,Teal,Spring,4.8,No,No,42,Bank Transfer,Annually
1699,25,Male,41,Iowa,XL,Turquoise,Winter,4.8,No,No,46,Bank Transfer,Quarterly
227,29,Male,74,Texas,L,Violet,Spring,3.3,Yes,Yes,5,PayPal,Monthly
1533,68,Male,46,Wisconsin,S,Silver,Winter,4.4,No,Yes,5,PayPal,Every 3 Months
2095,53,Male,25,South Carolina,M,Indigo,Spring,3.4,No,No,19,Venmo,Annually
2094,21,Male,91,Washington,M,Maroon,Spring,4.2,No,No,4,Debit Card,Annually
3741,42,Female,96,Virginia,M,Silver,Summer,2.6,No,No,26,Debit Card,Bi-Weekly
3304,20,Female,60,Mississippi,S,Turquoise,Summer,3.4,No,No,4,Credit Card,Fortnightly
534,57,Male,60,North Carolina,L,Pink,Spring,4.5,Yes,Yes,17,Debit Card,Weekly
2736,46,Female,29,California,M,Yellow,Spring,3,No,No,2,PayPal,Bi-Weekly
1037,68,Male,47,Hawaii,M,Yellow,Fall,3.7,Yes,Yes,13,Bank Transfer,Monthly
2660,35,Female,35,Kansas,L,Gray,Summer,4.4,No,No,46,Credit Card,Fortnightly
1325,39,Male,77,Indiana,S,Orange,Summer,3.8,No,Yes,11,Credit Card,Fortnightly
4446,50,Other,,Los Angeles,S,Black,Winter,,Yes,No,30,PayPal,Weekly
1234,46,Male,73,Utah,L,Beige,Winter,3.5,No,Yes,40,Venmo,Every 3 Months
477,21,Male,90,Connecticut,M,Magenta,Spring,3.5,Yes,Yes,2,Debit Card,Fortnightly
188,19,Male,94,Georgia,S,Purple,Spring,3.3,Yes,Yes,1,Bank Transfer,Bi-Weekly
3727,47,Female,85,Idaho,XL,Orange,Fall,4.3,No,No,36,Debit Card,Every 3 Months
471,50,Male,63,Minnesota,L,Teal,Summer,4.6,Yes,Yes,6,Cash,Every 3 Months
2867,54,Female,75,Connecticut,S,Violet,Summer,3.1,No,No,19,Cash,Annually
4592,57,Female,584.16,New York,M,Blue,Autumn,5,No,Yes,49,Debit Card,Quarterly
4902,29,Other,398.16,New York,XL,Red,Spring,,Yes,Yes,,Credit Card,Quarterly
51,49,Male,28,Maryland,M,Red,Spring,,Yes,Yes,39,Debit Card,Bi-Weekly
4458,66,Female,,Phoenix,M,Red,Spring,,Yes,Yes,,PayPal,Monthly
659,62,Male,37,Louisiana,S,White,Fall,4.9,Yes,Yes,20,Venmo,Weekly
2932,36,Female,31,Alabama,M,Magenta,Fall,4.5,No,No,49,Credit Card,Bi-Weekly
4848,48,Male,1238.3,Chicago,,Red,Summer,,Yes,Yes,,Credit Card,Weekly
4786,47,Female,532.19,Los Angeles,,White,Spring,5,No,Yes,,Debit Card,Quarterly
286,29,Male,39,Kentucky,XL,Yellow,Summer,4.8,Yes,Yes,3,Debit Card,Bi-Weekly
1865,19,Male,72,Wyoming,S,Cyan,Fall,3.2,No,No,21,Venmo,Quarterly
1254,39,Male,23,Montana,XL,Red,Winter,4.9,No,Yes,49,PayPal,Annually
2529,52,Male,47,Alabama,S,Peach,Fall,4.7,No,No,31,Debit Card,Monthly
4800,30,Male,1404.42,New York,,Red,Winter,,No,No,,Debit Card,Monthly
4787,23,Other,1380.02,Houston,M,Green,Spring,,Yes,No,,PayPal,Quarterly
2334,33,Male,77,Kansas,M,Beige,Spring,3.8,No,No,1,PayPal,Every 3 Months
4084,60,Other,1100.8,Chicago,XL,Blue,Autumn,3,Yes,No,,Cash,Quarterly
3281,45,Female,57,New York,L,Red,Winter,2.7,No,No,5,PayPal,Monthly
382,66,Male,25,Maine,L,Lavender,Winter,3.4,Yes,Yes,3,Credit Card,Every 3 Months
925,52,Male,78,Kansas,XL,Beige,Winter,3.1,Yes,Yes,37,Cash,Quarterly
4226,41,Female,1472.22,Chicago,L,Green,Spring,,No,Yes,,Debit Card,Monthly
2852,58,Female,73,Nevada,L,Teal,Summer,3,No,No,42,Debit Card,Monthly
3155,27,Female,55,Connecticut,M,Gold,Winter,4.4,No,No,32,Cash,Quarterly
764,61,Male,50,North Carolina,M,Brown,Spring,2.9,Yes,Yes,6,Credit Card,Monthly
1069,55,Male,94,Wyoming,M,Olive,Fall,2.5,No,Yes,47,Credit Card,Weekly
3471,19,Female,69,West Virginia,S,Olive,Summer,4.5,No,No,31,Cash,Bi-Weekly
2940,32,Female,46,Kentucky,M,Beige,Winter,4.3,No,No,34,Venmo,Weekly
3139,47,Female,95,Kentucky,L,Gray,Fall,4.6,No,No,40,Cash,Every 3 Months
852,35,Male,86,Massachusetts,M,Red,Summer,2.9,Yes,Yes,19,Debit Card,Monthly
1909,18,Male,71,Georgia,XL,Charcoal,Winter,2.7,No,No,19,Debit Card,Bi-Weekly
3784,39,Female,66,Maine,XL,Orange,Summer,3.2,No,No,17,Debit Card,Fortnightly
2753,48,Female,64,Colorado,S,Peach,Winter,4,No,No,30,Venmo,Bi-Weekly
1487,25,Male,73,Idaho,S,Yellow,Spring,5,No,Yes,23,Venmo,Every 3 Months
694,46,Male,52,Vermont,L,Turquoise,Spring,3.1,Yes,Yes,30,Cash,Every 3 Months
4740,31,Female,944.84,Phoenix,,Blue,Winter,,Yes,Yes,,Debit Card,Monthly
2949,61,Female,83,Vermont,M,Violet,Winter,3.1,No,No,38,Debit Card,Bi-Weekly
896,40,Male,69,Mississippi,XL,Olive,Spring,4.7,Yes,Yes,33,Debit Card,Quarterly
3679,56,Female,45,Texas,S,Beige,Fall,3.5,No,No,29,Bank Transfer,Fortnightly
2196,58,Male,62,New York,M,Brown,Fall,3.7,No,No,2,Cash,Monthly
3080,48,Female,31,Wyoming,M,Maroon,Fall,4,No,No,4,Bank Transfer,Annually
667,35,Male,26,Colorado,L,Turquoise,Winter,3.1,Yes,Yes,30,Debit Card,Quarterly
4210,44,Male,797.32,Phoenix,S,Black,Spring,,Yes,Yes,,PayPal,Weekly
3111,19,Female,46,Texas,L,Lavender,Fall,4.6,No,No,2,Bank Transfer,Bi-Weekly
4461,57,Female,681.68,Chicago,,Black,Winter,4,Yes,Yes,21,Debit Card,Monthly
209,57,Male,38,Wisconsin,M,Gold,Spring,4.1,Yes,Yes,17,Credit Card,Monthly
4139,55,Male,,Houston,L,Black,Spring,1,No,Yes,,Credit Card,Weekly
2200,39,Male,47,North Carolina,M,Maroon,Summer,4.9,No,No,40,Debit Card,Monthly
190,36,Male,82,West Virginia,M,Maroon,Fall,4.4,Yes,Yes,4,Credit Card,Weekly
4370,46,Other,1407.1,New York,,White,Winter,,Yes,No,12,Cash,Monthly
4569,61,Other,,Chicago,,Red,Spring,2,No,Yes,,PayPal,Quarterly
22,31,Male,62,North Carolina,M,Charcoal,Winter,4.1,Yes,Yes,22,Debit Card,Quarterly
3600,37,Female,34,Kansas,S,Peach,Spring,4.6,No,No,4,Cash,Weekly
1966,67,Male,90,Indiana,M,White,Fall,4.9,No,No,25,Debit Card,Quarterly
1091,38,Male,58,Connecticut,M,Violet,Spring,4.2,No,Yes,27,Cash,Fortnightly
4387,61,Other,58.31,Chicago,L,Green,Spring,4,Yes,No,,Credit Card,Quarterly
2642,25,Male,60,Vermont,XL,Olive,Winter,2.7,No,No,20,Bank Transfer,Every 3 Months
3414,34,Female,90,Delaware,XL,Black,Winter,2.5,No,No,16,PayPal,Bi-Weekly
2839,51,Female,50,Maine,M,Blue,Fall,3.7,No,No,2,Bank Transfer,Weekly
900,65,Male,58,Rhode Island,M,Peach,Summer,4,Yes,Yes,20,PayPal,Annually
2483,69,Male,87,Arizona,S,Peach,Winter,4.8,No,No,46,Credit Card,Every 3 Months
2454,21,Male,95,Iowa,XL,Cyan,Spring,4.6,No,No,13,Cash,Annually
4540,49,Female,446.02,Houston,M,Green,Spring,,No,Yes,15,Debit Card,Quarterly
703,18,Male,71,Montana,M,White,Winter,3.4,Yes,Yes,1,Cash,Weekly
4877,31,Female,,Phoenix,L,Black,Autumn,1,No,Yes,13,Credit Card,Quarterly
1988,69,Male,23,Vermont,XL,White,Summer,3.4,No,No,4,Cash,Quarterly
2615,18,Male,65,North Dakota,M,Turquoise,Spring,4.2,No,No,36,Bank Transfer,Fortnightly
1522,29,Male,59,Washington,M,White,Summer,2.7,No,Yes,50,Bank Transfer,Weekly
75,49,Male,58,Indiana,L,Violet,Spring,4.5,Yes,Yes,3,Cash,Monthly
3665,63,Female,68,Missouri,M,Turquoise,Fall,4.4,No,No,1,Debit Card,Fortnightly
4301,59,Male,862.98,Phoenix,S,Blue,Autumn,,No,Yes,12,Cash,Monthly
1683,65,Male,97,New York,M,Yellow,Fall,4.9,No,No,37,Credit Card,Bi-Weekly
2011,24,Male,21,Texas,M,Maroon,Summer,4.4,No,No,3,Debit Card,Bi-Weekly
3043,53,Female,27,South Dakota,L,Turquoise,Winter,2.9,No,No,14,PayPal,Every 3 Months
2282,28,Male,27,Kansas,XL,Maroon,Summer,3,No,No,41,Bank Transfer,Annually
4279,42,Other,,Houston,XL,Red,Spring,1,No,No,5,Credit Card,Weekly
3311,45,Female,27,Iowa,M,Pink,Winter,3.6,No,No,12,PayPal,Fortnightly
185,32,Male,33,Hawaii,L,Cyan,Spring,3,Yes,Yes,40,Cash,Fortnightly
4665,66,Female,,Los Angeles,,White,Winter,,Yes,Yes,,Credit Card,Monthly
1246,42,Male,31,New York,M,Violet,Fall,3.4,No,Yes,30,Bank Transfer,Weekly
4285,18,Female,,Houston,M,Red,Winter,4,Yes,No,6,PayPal,Monthly
1602,65,Male,59,Indiana,XL,Red,Spring,2.9,No,Yes,33,Credit Card,Monthly
333,19,Male,86,New York,M,Maroon,Winter,2.8,Yes,Yes,5,Credit Card,Monthly
3621,60,Female,82,Louisiana,M,Turquoise,Summer,2.9,No,No,28,Credit Card,Fortnightly
2064,61,Male,86,Indiana,M,Cyan,Fall,2.9,No,No,32,Cash,Monthly
4082,18,Male,61.43,Los Angeles,M,Black,Winter,,Yes,Yes,10,Credit Card,Weekly
963,29,Male,64,Michigan,L,Green,Spring,4.4,Yes,Yes,26,Debit Card,Fortnightly
4312,35,Other,436.94,Los Angeles,,Red,Summer,1,Yes,No,9,Cash,Weekly
3755,46,Female,41,Nebraska,M,Turquoise,Summer,4.4,No,No,10,Cash,Every 3 Months
4773,68,Other,,Phoenix,,White,Autumn,,Yes,No,28,Debit Card,Weekly
4605,20,Male,,New York,M,Red,Winter,3,No,No,36,Debit Card,Quarterly
3363,50,Female,61,Tennessee,M,Gray,Summer,3,No,No,48,Venmo,Fortnightly
3248,53,Female,91,Arkansas,M,Teal,Summer,3.7,No,No,12,PayPal,Fortnightly
1469,42,Male,39,Arkansas,S,Silver,Fall,3.9,No,Yes,46,Cash,Fortnightly
109,70,Male,79,Montana,L,Purple,Spring,3.4,Yes,Yes,32,Bank Transfer,Bi-Weekly
3070,62,Female,73,Delaware,L,Magenta,Spring,4.6,No,No,17,Debit Card,Quarterly
4861,30,Other,1095.05,Phoenix,XL,Black,Autumn,,Yes,Yes,16,Cash,Quarterly
2536,47,Male,80,Vermont,S,Purple,Winter,3.9,No,No,39,Bank Transfer,Fortnightly
4091,44,Other,517.7,Houston,S,Red,Spring,,Yes,No,,Credit Card,Quarterly
386,67,Male,93,West Virginia,S,Yellow,Fall,2.7,Yes,Yes,12,Credit Card,Bi-Weekly
4962,44,Other,,Los Angeles,L,Black,Winter,,No,Yes,28,PayPal,Quarterly
4745,66,Male,367.18,Houston,,Blue,Autumn,1,Yes,Yes,,Cash,Weekly
5008,63,Other,,Los Angeles,,Blue,Autumn,2,No,Yes,,Debit Card,Monthly
1267,20,Male,31,North Dakota,M,Peach,Fall,4,No,Yes,14,Debit Card,Every 3 Months
4202,65,Male,,Los Angeles,,White,Winter,,No,Yes,42,Cash,Monthly
790,33,Male,84,Idaho,S,Purple,Fall,2.7,Yes,Yes,4,Credit Card,Bi-Weekly
898,29,Male,91,Illinois,M,Gray,Spring,3.4,Yes,Yes,46,Venmo,Weekly
3577,29,Female,24,Maine,L,Yellow,Spring,3,No,No,12,Venmo,Bi-Weekly
1523,38,Male,72,Tennessee,L,Yellow,Spring,4.8,No,Yes,5,Debit Card,Monthly
1727,57,Male,28,Indiana,S,Olive,Summer,2.8,No,No,45,Debit Card,Weekly
2472,30,Male,83,Oklahoma,M,Gray,Spring,4.3,No,No,1,Cash,Annually
4746,60,Other,1223.07,New York,XL,White,Spring,5,No,Yes,,Credit Card,Weekly
2449,54,Male,25,Tennessee,S,Violet,Fall,3,No,No,38,PayPal,Bi-Weekly
645,68,Male,93,Louisiana,S,Blue,Summer,4.3,Yes,Yes,37,Cash,Weekly
4291,21,Female,351.36,Houston,,White,Winter,4,Yes,No,43,Credit Card,Quarterly
1440,25,Male,48,New Mexico,M,Magenta,Summer,4.8,No,Yes,25,Cash,Fortnightly
1022,55,Male,51,Massachusetts,S,Lavender,Winter,4.9,Yes,Yes,39,PayPal,Weekly
2785,33,Female,70,Idaho,M,Black,Winter,3.1,No,No,12,PayPal,Every 3 Months
2349,54,Male,84,Maine,M,Orange,Spring,4.9,No,No,16,PayPal,Every 3 Months
487,38,Male,63,New Mexico,M,Charcoal,Fall,2.8,Yes,Yes,37,Venmo,Every 3 Months
1928,40,Male,29,Florida,M,Pink,Summer,2.9,No,No,8,Cash,Every 3 Months
904,44,Male,45,Washington,M,Blue,Winter,3.3,Yes,Yes,3,PayPal,Quarterly
5031,69,Other,720.16,Los Angeles,S,Blue,Autumn,5,No,Yes,,Cash,Quarterly
1118,25,Male,77,California,L,Lavender,Spring,4.5,No,Yes,24,Credit Card,Monthly
1221,67,Male,64,Kentucky,M,Green,Winter,,No,Yes,36,Bank Transfer,Quarterly
366,55,Male,88,West Virginia,XL,Gray,Summer,3.7,Yes,Yes,50,PayPal,Quarterly
1767,60,Male,54,Alaska,S,Cyan,Winter,4.3,No,No,27,Cash,Bi-Weekly
3598,29,Female,71,New Mexico,M,Maroon,Summer,3.1,No,No,18,Bank Transfer,Quarterly
2250,42,Male,45,Wyoming,XL,Indigo,Spring,4.3,No,No,29,Debit Card,Weekly
769,64,Male,95,Illinois,XL,Red,Spring,2.6,Yes,Yes,45,Venmo,Weekly
3378,37,Female,32,Kentucky,M,Yellow,Winter,4.6,No,No,18,PayPal,Fortnightly
2765,63,Female,41,Arizona,XL,White,Spring,2.6,No,No,2,Debit Card,Weekly
626,49,Male,79,Delaware,M,Red,Fall,4,Yes,Yes,1,Venmo,Weekly
4596,42,Other,1085.96,Phoenix,L,White,Winter,4,Yes,No,,Debit Card,Weekly
4046,57,Female,216.55,Phoenix,XL,Black,Winter,4,Yes,Yes,21,Debit Card,Weekly
3885,47,Female,29,Maryland,M,Brown,Fall,4.9,No,No,3,PayPal,Weekly
4184,55,Male,1016.09,New York,,Green,Spring,4,No,No,,PayPal,Weekly
103,51,Male,67,Oklahoma,L,Violet,Winter,4.8,Yes,Yes,35,Credit Card,Quarterly
3078,60,Female,88,Illinois,S,Red,Spring,3,No,No,33,Debit Card,Bi-Weekly
3607,41,Female,90,Minnesota,XL,Purple,Fall,4.8,No,No,41,Venmo,Annually
3795,44,Female,82,South Dakota,M,Violet,Summer,3.6,No,No,27,Venmo,Weekly
2352,38,Male,50,New Hampshire,S,Cyan,Fall,4.9,No,No,25,PayPal,Bi-Weekly
3733,36,Female,92,Indiana,L,Pink,Spring,3.3,No,No,28,PayPal,Annually
636,27,Male,59,South Carolina,M,Brown,Fall,4.3,Yes,Yes,28,Cash,Quarterly
3435,31,Female,72,Ohio,S,Orange,Summer,3.3,No,No,6,Venmo,Fortnightly
3316,48,Female,68,Kentucky,S,Gold,Summer,2.9,No,No,4,PayPal,Every 3 Months
3233,45,Female,34,Massachusetts,M,White,Spring,4,No,No,19,Bank Transfer,Monthly
1790,52,Male,34,Arizona,L,Peach,Spring,3,No,No,43,Debit Card,Quarterly
4539,23,Other,,Los Angeles,S,Red,Winter,,Yes,No,46,Debit Card,Monthly
2029,29,Male,84,Ohio,XL,Purple,Fall,3.7,No,No,10,Venmo,Bi-Weekly
1808,34,Male,46,Vermont,L,Gold,Summer,3.5,No,No,37,Venmo,Fortnightly
4386,39,Other,,Phoenix,S,Black,Spring,,No,No,21,Credit Card,Quarterly
337,36,Male,81,Rhode Island,S,Orange,Fall,4.4,Yes,Yes,16,PayPal,Annually
625,55,Male,87,South Carolina,XL,Pink,Fall,3.4,Yes,Yes,21,PayPal,Annually
3372,49,Female,99,Colorado,S,Turquoise,Winter,4,No,No,28,PayPal,Annually
902,60,Male,68,Missouri,L,Violet,Summer,4.7,Yes,Yes,34,Cash,Monthly
327,62,Male,41,New Jersey,M,White,Fall,3.2,Yes,Yes,48,Bank Transfer,Weekly
216,62,Male,64,New Jersey,S,Orange,Spring,2.8,Yes,Yes,24,PayPal,Bi-Weekly
3744,62,Female,28,Idaho,L,Cyan,Fall,3.6,No,No,36,Debit Card,Quarterly
4610,44,Female,,Chicago,S,Blue,Autumn,,Yes,No,,PayPal,Quarterly
2030,25,Male,23,Montana,M,Pink,Spring,4.6,No,No,40,PayPal,Quarterly
3064,26,Female,43,Connecticut,L,Brown,Winter,3.9,No,No,24,Credit Card,Fortnightly
2597,63,Male,78,Louisiana,L,Black,Spring,3,No,No,35,Credit Card,Monthly
2369,29,Male,38,New Jersey,M,Lavender,Summer,3.3,No,No,6,Debit Card,Every 3 Months
1913,29,Male,56,Colorado,S,Charcoal,Winter,3.4,No,No,5,Credit Card,Bi-Weekly
3171,65,Female,41,Rhode Island,XL,Charcoal,Spring,4.4,No,No,10,Credit Card,Fortnightly
3209,61,Female,30,Indiana,L,Indigo,Winter,3.3,No,No,42,PayPal,Weekly
43,20,Male,100,Tennessee,M,Beige,Spring,4.1,Yes,Yes,15,PayPal,Annually
52,59,Male,59,Vermont,XL,Gray,Winter,4.7,Yes,Yes,7,Credit Card,Quarterly
2635,26,Male,58,North Carolina,S,Black,Summer,3.2,No,No,20,PayPal,Every 3 Months
3267,49,Female,74,Alabama,S,Gray,Winter,4.2,No,No,33,Bank Transfer,Weekly
1965,40,Male,51,West Virginia,S,Cyan,Summer,4.6,No,No,50,Debit Card,Monthly
1275,54,Male,73,Missouri,M,Olive,Spring,3.1,No,Yes,37,PayPal,Quarterly
2748,18,Female,62,West Virginia,M,Teal,Winter,3.1,No,No,21,Credit Card,Every 3 Months
710,49,Male,79,Massachusetts,L,Charcoal,Summer,4.6,Yes,Yes,23,Debit Card,Monthly
2577,20,Male,40,New Hampshire,M,Silver,Winter,4.2,No,No,19,Debit Card,Quarterly
4430,52,Female,1115.05,Los Angeles,S,Blue,Autumn,4,No,No,35,Credit Card,Monthly
1120,34,Male,36,Louisiana,M,Indigo,Spring,3.1,No,Yes,36,Credit Card,Weekly
1920,34,Male,56,Virginia,M,Olive,Summer,3.1,No,No,20,PayPal,Bi-Weekly
283,21,Male,94,Minnesota,M,Teal,Summer,3,Yes,Yes,9,Cash,Monthly
4262,23,Male,,New York,L,Green,Autumn,4,Yes,Yes,29,Debit Card,Monthly
498,43,Male,39,Oklahoma,S,Silver,Winter,4.6,Yes,Yes,31,Cash,Weekly
532,50,Male,51,Vermont,L,Purple,Fall,3.4,Yes,Yes,42,Cash,Weekly
1152,41,Male,86,Ohio,M,Gray,Spring,,No,Yes,24,Credit Card,Weekly
1360,27,Male,68,North Carolina,S,Cyan,Winter,4.3,No,Yes,26,Bank Transfer,Fortnightly
1156,67,Male,53,Tennessee,S,Red,Fall,2.6,No,Yes,47,PayPal,Quarterly
4946,66,Other,,Chicago,,Red,Autumn,,Yes,No,4,Debit Card,Weekly
2329,45,Male,36,North Dakota,M,Maroon,Fall,2.6,No,No,29,Venmo,Bi-Weekly
1662,64,Male,86,Iowa,S,Beige,Summer,2.7,No,Yes,21,Debit Card,Quarterly
2248,34,Male,37,Florida,L,Teal,Summer,4.4,No,No,18,Venmo,Annually
2812,69,Female,89,Ohio,M,Blue,Fall,3.7,No,No,19,Credit Card,Quarterly
1466,46,Male,72,Nebraska,XL,Violet,Winter,3.9,No,Yes,42,Cash,Bi-Weekly
621,33,Male,89,Rhode Island,M,Black,Fall,3.7,Yes,Yes,10,Venmo,Every 3 Months
1644,38,Male,77,Ohio,L,Pink,Summer,3.9,No,Yes,6,PayPal,Monthly
1823,66,Male,85,Connecticut,S,Cyan,Summer,4.4,No,No,4,Cash,Annually
1149,34,Male,66,Florida,M,Violet,Spring,2.6,No,Yes,10,PayPal,Fortnightly
579,69,Male,90,Maine,M,Purple,Fall,4.6,Yes,Yes,22,Credit Card,Fortnightly
1326,28,Male,73,Oregon,L,Gold,Summer,3.5,No,Yes,1,Cash,Monthly
1733,45,Male,50,Rhode Island,S,Charcoal,Winter,2.6,No,No,36,Cash,Every 3 Months
112,26,Male,75,Massachusetts,L,Purple,Summer,5,Yes,Yes,9,Credit Card,Annually
3734,25,Female,58,Illinois,M,Maroon,Fall,4.7,No,No,6,Debit Card,Every 3 Months
5059,62,Other,142.24,Phoenix,,Blue,Autumn,,Yes,Yes,28,Debit Card,Quarterly
4701,55,Male,,Houston,XL,Green,Autumn,,Yes,No,45,Credit Card,Monthly
1862,29,Male,60,South Dakota,S,Peach,Fall,3.6,No,No,19,Debit Card,Monthly
2139,67,Male,42,Mississippi,M,Teal,Fall,2.8,No,No,36,Venmo,Quarterly
593,60,Male,29,North Dakota,M,Brown,Fall,3.2,Yes,Yes,42,Venmo,Every 3 Months
4529,69,Female,,New York,,Red,Autumn,3,Yes,Yes,,Cash,Quarterly
1810,58,Male,99,Alaska,S,Blue,Fall,3.4,No,No,6,Debit Card,Fortnightly
3792,40,Female,51,Texas,M,Gray,Spring,3.7,No,No,1,Venmo,Weekly
2453,68,Male,67,New York,L,Purple,Winter,4.1,No,No,45,Bank Transfer,Every 3 Months
2104,30,Male,86,Indiana,S,Red,Summer,3.7,No,No,21,Venmo,Weekly
1930,59,Male,33,Hawaii,L,Brown,Fall,4.7,No,No,46,Venmo,Quarterly
2415,26,Male,26,Virginia,M,Lavender,Summer,3.7,No,No,14,Credit Card,Bi-Weekly
1138,46,Male,91,New Mexico,XL,Pink,Winter,2.8,No,Yes,16,Bank Transfer,Every 3 Months
1105,35,Male,28,Delaware,M,Beige,Fall,3.1,No,Yes,8,Bank Transfer,Quarterly
3864,40,Female,35,New Hampshire,M,Orange,Summer,3.3,No,No,28,Cash,Fortnightly
2193,41,Male,35,Virginia,L,Yellow,Winter,3.2,No,No,9,Credit Card,Monthly
3053,48,Female,38,Maine,XL,Olive,Spring,4.5,No,No,7,Bank Transfer,Fortnightly
1850,30,Male,40,New Mexico,M,Maroon,Winter,4.5,No,No,35,Bank Transfer,Monthly
2797,55,Female,73,Oklahoma,M,Red,Winter,3.8,No,No,21,Cash,Annually
756,66,Male,24,Florida,M,Violet,Spring,3.3,Yes,Yes,22,PayPal,Weekly
2470,68,Male,92,Maryland,M,Yellow,Fall,5,No,No,27,PayPal,Annually
1477,39,Male,56,Wyoming,M,Magenta,Fall,4.1,No,Yes,18,Credit Card,Monthly
4874,43,Female,615.29,New York,XL,Red,Autumn,3,Yes,No,,Debit Card,Quarterly
4556,20,Male,987.8,Phoenix,,White,Winter,3,Yes,No,12,Credit Card,Weekly
64,33,Male,79,Arizona,L,Lavender,Winter,2.7,Yes,Yes,43,Credit Card,Weekly
4038,45,Female,,Chicago,L,Black,Autumn,,No,No,14,PayPal,Monthly
1811,41,Male,28,Maryland,M,Magenta,Fall,2.7,No,No,16,Cash,Bi-Weekly
2495,42,Male,27,Oklahoma,S,Peach,Winter,2.6,No,No,26,Debit Card,Annually
4948,26,Female,1293.17,Los Angeles,M,Green,Summer,5,Yes,No,,Cash,Quarterly
2333,36,Male,53,South Carolina,XL,Olive,Fall,2.6,No,No,10,Venmo,Monthly
1926,59,Male,32,Utah,L,Black,Winter,2.9,No,No,44,Credit Card,Fortnightly
811,52,Male,83,South Dakota,S,Lavender,Fall,4.9,Yes,Yes,32,Debit Card,Bi-Weekly
428,58,Male,91,Illinois,L,Black,Winter,4.5,Yes,Yes,6,Credit Card,Quarterly
1705,56,Male,20,Idaho,M,Lavender,Summer,3.9,No,No,19,Cash,Every 3 Months
2390,25,Male,87,Kansas,M,Violet,Spring,3.1,No,No,17,Bank Transfer,Every 3 Months
2804,46,Female,44,Idaho,M,Violet,Winter,3.3,No,No,31,Bank Transfer,Monthly
4609,29,Other,124.45,Los Angeles,,Green,Autumn,4,No,Yes,44,Cash,Weekly
3465,36,Female,59,Utah,S,Peach,Winter,2.7,No,No,12,PayPal,Annually
5047,67,Other,,New York,XL,White,Summer,,No,Yes,,Cash,Monthly
4030,41,Male,,Phoenix,L,Blue,Winter,3,Yes,Yes,34,Cash,Quarterly
1289,66,Male,93,South Dakota,XL,Charcoal,Winter,4.1,No,Yes,34,PayPal,Bi-Weekly
4524,20,Male,800.37,Phoenix,S,Black,Autumn,3,No,No,,Debit Card,Weekly
3296,70,Female,34,West Virginia,S,Lavender,Summer,2.8,No,No,15,Cash,Weekly
4855,60,Male,1318.84,Phoenix,L,Blue,Winter,,Yes,No,,PayPal,Weekly
4667,53,Female,537.53,Los Angeles,L,Black,Winter,,No,Yes,,Cash,Monthly
1167,48,Male,48,Connecticut,S,Lavender,Winter,3.7,No,Yes,22,Venmo,Fortnightly
1479,28,Male,23,Washington,M,Blue,Summer,4.2,No,Yes,13,Venmo,Bi-Weekly
2966,48,Female,45,Delaware,M,Blue,Summer,4.4,No,No,25,PayPal,Fortnightly
1563,37,Male,75,Alabama,M,Purple,Winter,3.2,No,Yes,23,Venmo,Bi-Weekly
3675,35,Female,65,Washington,M,Blue,Winter,2.7,No,No,41,Venmo,Fortnightly
4483,57,Other,,Phoenix,,Green,Summer,5,Yes,No,,PayPal,Weekly
1654,31,Male,93,Colorado,L,Silver,Winter,3,No,Yes,29,Debit Card,Bi-Weekly
2851,57,Female,79,Nebraska,M,Silver,Spring,3,No,No,36,Debit Card,Annually
1991,32,Male,95,Connecticut,L,White,Spring,3.4,No,No,15,PayPal,Annually
3716,63,Female,34,Nebraska,S,Orange,Fall,3.4,No,No,2,Bank Transfer,Monthly
1534,50,Male,59,New Hampshire,M,Gold,Summer,3.6,No,Yes,16,Bank Transfer,Quarterly
1354,39,Male,83,Oregon,M,Teal,Winter,4.1,No,Yes,4,Cash,Every 3 Months
1063,59,Male,75,Ohio,M,Brown,Fall,2.6,No,Yes,21,Debit Card,Every 3 Months
1385,46,Male,96,Alaska,M,Beige,Fall,4.6,No,Yes,8,Bank Transfer,Weekly
2242,18,Male,77,Maryland,M,Purple,Summer,3.5,No,No,3,Bank Transfer,Bi-Weekly
945,54,Male,97,Indiana,S,Gray,Spring,4.8,Yes,Yes,39,Cash,Bi-Weekly
4873,32,Other,,New York,M,Blue,Autumn,1,Yes,Yes,,PayPal,Monthly
1148,59,Male,36,Tennessee,XL,Red,Winter,4.3,No,Yes,17,Debit Card,Annually
4474,28,Male,666.88,Los Angeles,,White,Winter,,No,No,10,PayPal,Monthly
2046,31,Male,20,Georgia,M,Red,Fall,4.4,No,No,26,PayPal,Quarterly
527,51,Male,52,New Jersey,S,Red,Winter,4.9,Yes,Yes,19,Cash,Monthly
1897,57,Male,51,Nevada,M,Gold,Fall,2.9,No,No,19,Venmo,Monthly
336,20,Male,85,Oregon,L,Maroon,Spring,3.7,Yes,Yes,44,Venmo,Every 3 Months
3605,63,Female,86,Louisiana,M,Orange,Fall,3.3,No,No,17,Debit Card,Annually
296,53,Male,42,West Virginia,M,Indigo,Winter,2.7,Yes,Yes,24,Credit Card,Quarterly
3286,58,Female,31,Hawaii,XL,Magenta,Fall,4.6,No,No,11,Cash,Weekly
3234,45,Female,74,Indiana,M,Lavender,Fall,3.8,No,No,11,Debit Card,Bi-Weekly
10,57,Male,31,Missouri,M,Pink,Spring,4.8,Yes,Yes,4,Cash,Quarterly
230,70,Male,28,Ohio,S,Silver,Spring,4.6,Yes,Yes,27,PayPal,Every 3 Months
2733,21,Female,75,Delaware,L,Orange,Winter,4.2,No,No,27,Debit Card,Every 3 Months
1379,37,Male,49,Kentucky,XL,Lavender,Fall,3.6,No,Yes,24,Venmo,Weekly
2405,28,Male,33,West Virginia,L,Cyan,Winter,3.1,No,No,23,Credit Card,Bi-Weekly
3105,43,Female,56,Georgia,S,Turquoise,Summer,5,No,No,41,Debit Card,Fortnightly
1969,67,Male,70,Minnesota,S,Blue,Spring,4.2,No,No,25,Credit Card,Weekly
4054,63,Female,,Phoenix,S,Red,Spring,4,Yes,Yes,,PayPal,Monthly
2476,69,Male,43,California,S,Lavender,Summer,3.5,No,No,36,Venmo,Monthly
4146,33,Male,,Houston,S,Blue,Summer,3,No,Yes,32,Debit Card,Quarterly
152,28,Male,47,North Dakota,L,Turquoise,Fall,4.5,Yes,Yes,3,Venmo,Annually
539,27,Male,22,Virginia,XL,Green,Spring,3.2,Yes,Yes,43,Cash,Weekly
3128,55,Female,94,Louisiana,M,Beige,Winter,3.4,No,No,43,Credit Card,Every 3 Months
3808,38,Female,39,Michigan,L,Peach,Spring,2.9,No,No,36,PayPal,Annually
3432,46,Female,49,New Mexico,S,Green,Summer,4.2,No,No,20,Venmo,Annually
4242,61,Female,60.79,Phoenix,,White,Summer,,Yes,No,,Cash,Monthly
300,25,Male,80,Pennsylvania,M,Maroon,Summer,3.2,Yes,Yes,28,PayPal,Fortnightly
1278,19,Male,97,Rhode Island,L,Green,Spring,5,No,Yes,5,Venmo,Quarterly
3252,25,Female,20,Nevada,M,Gold,Winter,3.7,No,No,39,Venmo,Quarterly
2554,69,Male,25,Vermont,M,Maroon,Summer,4.5,No,No,28,Venmo,Every 3 Months
1526,29,Male,31,Oregon,M,Indigo,Winter,4.6,No,Yes,22,Cash,Fortnightly
1151,29,Male,36,Kentucky,S,Red,Winter,2.7,No,Yes,50,Venmo,Bi-Weekly
3509,52,Female,54,Pennsylvania,M,Gray,Fall,4.7,No,No,49,Bank Transfer,Weekly
1745,57,Male,63,Michigan,L,Teal,Winter,3,No,No,23,PayPal,Weekly
4511,44,Female,,Houston,L,White,Winter,5,Yes,No,6,Debit Card,Weekly
2805,65,Female,76,South Carolina,M,Cyan,Spring,2.8,No,No,48,Bank Transfer,Every 3 Months
2043,19,Male,52,Alabama,M,Red,Spring,4,No,No,35,Venmo,Monthly
1678,65,Male,35,Oregon,L,Silver,Summer,3.3,No,No,41,Debit Card,Weekly
1731,23,Male,22,Alabama,S,Silver,Fall,4.2,No,No,26,Credit Card,Weekly
3448,62,Female,58,Arkansas,M,Blue,Fall,4.3,No,No,3,Bank Transfer,Bi-Weekly
2226,38,Male,64,Washington,S,Olive,Spring,4.8,No,No,18,Credit Card,Annually
1878,69,Male,62,Pennsylvania,L,Pink,Fall,3.6,No,No,3,Credit Card,Annually
721,33,Male,62,New Mexico,L,Orange,Fall,3.4,Yes,Yes,19,Debit Card,Weekly
4713,23,Male,,Los Angeles,XL,Green,Winter,,No,Yes,24,Debit Card,Weekly
4691,69,Female,757.7,Phoenix,S,Black,Winter,4,No,No,35,Cash,Quarterly
4232,57,Female,1268.73,New York,S,Black,Autumn,,No,Yes,33,PayPal,Monthly
3576,61,Female,95,Kentucky,M,Violet,Fall,3.7,No,No,49,Venmo,Bi-Weekly
3778,43,Female,65,Utah,M,Maroon,Fall,4.3,No,No,9,Cash,Weekly
1652,59,Male,80,Texas,M,Blue,Winter,3.9,No,Yes,42,Debit Card,Monthly
4859,28,Other,1419.5,Houston,,Black,Spring,3,No,Yes,,Credit Card,Quarterly
53,42,Male,20,Alaska,M,Green,Summer,2.6,Yes,Yes,26,Credit Card,Weekly
2878,32,Female,46,New Jersey,M,Silver,Summer,3.6,No,No,34,Venmo,Monthly
3846,58,Female,52,California,M,Green,Winter,4.9,No,No,46,Venmo,Annually
4075,63,Male,,Houston,,Blue,Spring,,No,Yes,30,Cash,Quarterly
3258,44,Female,98,Minnesota,M,Brown,Fall,3.3,No,No,39,Venmo,Every 3 Months
4005,39,Other,,Phoenix,XL,Blue,Winter,,No,Yes,37,Debit Card,Weekly
4647,60,Male,267.25,Chicago,XL,Black,Autumn,5,Yes,No,,Credit Card,Monthly
612,43,Male,33,California,M,Black,Winter,4.7,Yes,Yes,19,Cash,Monthly
2163,60,Male,48,Oregon,S,Black,Summer,2.7,No,No,32,PayPal,Weekly
4382,34,Female,549.5,Phoenix,,Black,Autumn,,Yes,Yes,,PayPal,Quarterly
3067,58,Female,48,Michigan,L,Teal,Summer,4.3,No,No,13,Venmo,Every 3 Months
3429,32,Female,69,Washington,M,Gray,Fall,2.5,No,No,20,Venmo,Monthly
1594,61,Male,95,Maryland,M,Black,Spring,4.9,No,Yes,25,Bank Transfer,Monthly
2217,41,Male,36,Vermont,XL,Silver,Winter,4,No,No,15,Venmo,Bi-Weekly
1547,60,Male,51,Oregon,XL,Purple,Summer,3.8,No,Yes,17,Bank Transfer,Annually
1515,26,Male,90,Utah,L,Brown,Winter,3.9,No,Yes,1,Venmo,Weekly
3033,26,Female,58,California,XL,Green,Summer,3.5,No,No,24,Credit Card,Quarterly
4617,45,Male,,Los Angeles,XL,Red,Summer,,Yes,No,18,Debit Card,Monthly
4092,55,Other,,Phoenix,S,Red,Autumn,4,No,Yes,33,Debit Card,Monthly
3257,60,Female,26,Wisconsin,L,Teal,Winter,4.7,No,No,50,Venmo,Every 3 Months
1211,34,Male,78,Missouri,M,Olive,Fall,4.1,No,Yes,5,Cash,Quarterly
711,22,Male,91,Virginia,L,Turquoise,Spring,4.1,Yes,Yes,26,PayPal,Fortnightly
2443,53,Male,95,Wyoming,L,Violet,Winter,4.7,No,No,50,Debit Card,Bi-Weekly
2553,61,Male,48,Maryland,XL,Purple,Spring,3.2,No,No,13,Credit Card,Annually
3603,58,Female,36,Wyoming,S,Magenta,Summer,3.3,No,No,40,Debit Card,Quarterly
2191,42,Male,75,Alaska,S,Maroon,Spring,4.6,No,No,33,Credit Card,Annually
1788,20,Male,38,Montana,L,Gold,Fall,4.9,No,No,10,Bank Transfer,Quarterly
2451,68,Male,76,North Carolina,M,Magenta,Fall,4.5,No,No,7,Venmo,Quarterly
4409,31,Male,,Phoenix,S,White,Winter,,Yes,No,,Cash,Quarterly
3728,41,Female,83,Maine,M,Gold,Summer,3.5,No,No,17,Debit Card,Bi-Weekly
1553,54,Male,49,New Mexico,L,Purple,Spring,3,No,Yes,20,Credit Card,Monthly
4689,69,Male,982.87,Houston,XL,Red,Spring,4,No,No,24,PayPal,Monthly
228,50,Male,90,Rhode Island,M,Turquoise,Winter,4.2,Yes,Yes,25,Venmo,Fortnightly
55,47,Male,94,New Mexico,M,Brown,Summer,4.2,Yes,Yes,35,Debit Card,Bi-Weekly
4504,29,Male,,Los Angeles,,Black,Summer,2,No,Yes,,PayPal,Monthly
3158,21,Female,34,Maine,L,Red,Fall,3.1,No,No,5,Debit Card,Fortnightly
2675,40,Female,41,Florida,S,Charcoal,Fall,3.3,No,No,15,Cash,Every 3 Months
2954,45,Female,82,Maryland,M,Silver,Summer,4.8,No,No,11,Credit Card,Annually
722,43,Male,57,California,L,Silver,Summer,4.4,Yes,Yes,41,Debit Card,Every 3 Months
4812,70,Male,,Los Angeles,,Green,Autumn,5,Yes,Yes,6,Credit Card,Quarterly
4878,54,Male,666.08,New York,,White,Spring,2,Yes,No,36,Debit Card,Weekly
2535,41,Male,42,Virginia,XL,Red,Fall,3.2,No,No,22,Cash,Weekly
157,35,Male,26,Missouri,M,Lavender,Fall,4,Yes,Yes,40,Debit Card,Annually
1863,59,Male,36,New Hampshire,M,Turquoise,Winter,4.6,No,No,10,PayPal,Fortnightly
3635,59,Female,22,Ohio,M,Pink,Winter,3.3,No,No,17,PayPal,Annually
3684,30,Female,77,Mississippi,M,Purple,Winter,3,No,No,17,Venmo,Fortnightly
3824,50,Female,42,California,M,Gold,Summer,3,No,No,27,Bank Transfer,Weekly
4179,46,Other,794.92,Phoenix,,Blue,Summer,3,No,Yes,14,Credit Card,Monthly
3754,39,Female,26,Louisiana,S,Turquoise,Winter,4.2,No,No,22,Bank Transfer,Fortnightly
4644,38,Female,,Los Angeles,L,Red,Winter,1,Yes,Yes,25,Debit Card,Weekly
1922,47,Male,36,Michigan,M,Green,Fall,3.5,No,No,13,Venmo,Annually
3762,60,Female,30,Nevada,M,Green,Summer,2.8,No,No,3,Venmo,Every 3 Months
1715,30,Male,71,South Dakota,S,Charcoal,Summer,4.4,No,No,15,Cash,Monthly
502,64,Male,45,Florida,M,Cyan,Spring,2.9,Yes,Yes,21,Venmo,Annually
2963,57,Female,40,California,L,Pink,Fall,4,No,No,42,Credit Card,Every 3 Months
4925,18,Other,577.19,Los Angeles,,Black,Spring,2,Yes,Yes,,Credit Card,Monthly
2689,53,Female,63,West Virginia,XL,Turquoise,Spring,2.9,No,No,18,Credit Card,Every 3 Months
3644,53,Female,96,Tennessee,XL,Magenta,Fall,3.2,No,No,47,Debit Card,Annually
1364,36,Male,90,Wisconsin,L,Red,Summer,4,No,Yes,47,PayPal,Quarterly
1575,18,Male,25,Minnesota,S,Magenta,Spring,4.2,No,Yes,32,PayPal,Bi-Weekly
3633,27,Female,73,Utah,L,Green,Spring,3.2,No,No,3,Debit Card,Quarterly
623,69,Male,63,Georgia,S,Peach,Spring,4,Yes,Yes,44,Bank Transfer,Fortnightly
4349,18,Male,,New York,M,Red,Spring,1,No,Yes,,Cash,Quarterly
3531,62,Female,45,Oklahoma,L,Black,Spring,3.4,No,No,37,PayPal,Weekly
2068,60,Male,21,Maryland,XL,Beige,Fall,3.1,No,No,23,Cash,Fortnightly
1968,37,Male,81,Georgia,L,Yellow,Fall,3.7,No,No,4,Venmo,Annually
18,53,Male,38,Mississippi,XL,Lavender,Winter,4.7,Yes,Yes,36,Venmo,Quarterly
505,42,Male,22,Missouri,M,Maroon,Winter,3.9,Yes,Yes,26,PayPal,Annually
170,27,Male,30,Nevada,S,Gold,Summer,3.3,Yes,Yes,3,PayPal,Every 3 Months
3489,62,Female,27,Delaware,XL,Teal,Spring,4.9,No,No,7,Cash,Quarterly
1748,61,Male,23,New Hampshire,M,Yellow,Winter,2.9,No,No,41,Venmo,Quarterly
3803,70,Female,72,Illinois,S,Turquoise,Spring,3.2,No,No,1,Bank Transfer,Monthly
4305,45,Other,,Houston,,Blue,Spring,,Yes,Yes,,Cash,Monthly
842,55,Male,88,Texas,M,Beige,Summer,2.6,Yes,Yes,28,PayPal,Fortnightly
1454,36,Male,93,Virginia,S,Teal,Winter,3.2,No,Yes,41,Bank Transfer,Fortnightly
2194,27,Male,78,California,L,Turquoise,Spring,5,No,No,8,PayPal,Monthly
2412,49,Male,96,Virginia,M,Cyan,Summer,2.7,No,No,35,Cash,Every 3 Months
1349,19,Male,54,Nebraska,XL,Purple,Spring,3.2,No,Yes,23,Credit Card,Fortnightly
3704,30,Female,83,Michigan,S,Teal,Fall,2.9,No,No,23,PayPal,Every 3 Months
681,58,Male,25,Tennessee,M,Magenta,Spring,4.2,Yes,Yes,3,PayPal,Annually
473,20,Male,39,Georgia,L,Gray,Winter,3.9,Yes,Yes,3,Bank Transfer,Quarterly
4914,44,Female,,Houston,,White,Autumn,3,No,Yes,,Debit Card,Weekly
5066,59,Other,876.68,Chicago,L,Blue,Autumn,,Yes,Yes,,PayPal,Monthly
2622,48,Male,46,Maine,M,Beige,Winter,3,No,No,21,Bank Transfer,Annually
1169,68,Male,91,Mississippi,L,Violet,Summer,3.6,No,Yes,37,Debit Card,Fortnightly
2241,57,Male,71,California,L,Green,Winter,4.3,No,No,18,Debit Card,Every 3 Months
3035,51,Female,37,Utah,L,Peach,Spring,3.5,No,No,25,Credit Card,Quarterly
4870,47,Male,,Phoenix,L,Black,Summer,,Yes,No,33,Debit Card,Monthly
2022,62,Male,33,Maine,M,Green,Winter,4.4,No,No,48,Venmo,Quarterly
2477,60,Male,60,Colorado,M,Turquoise,Summer,3.7,No,No,28,Cash,Monthly
134,52,Male,65,Montana,M,Violet,Winter,2.5,Yes,Yes,25,Venmo,Annually
264,27,Male,46,Iowa,M,Purple,Summer,4.3,Yes,Yes,29,Venmo,Monthly
1617,26,Male,41,Colorado,M,Green,Spring,3.4,No,Yes,50,Cash,Quarterly
4796,34,Female,,Houston,S,Red,Summer,,No,Yes,,PayPal,Weekly
1416,54,Male,90,Illinois,M,Blue,Winter,3.7,No,Yes,12,Credit Card,Every 3 Months
4756,29,Other,326.75,New York,M,Blue,Spring,5,No,No,,Debit Card,Weekly
1546,48,Male,43,Delaware,M,Black,Winter,4.9,No,Yes,49,Bank Transfer,Annually
1798,62,Male,35,Oregon,L,Maroon,Spring,3.9,No,No,26,Venmo,Weekly
2793,54,Female,44,Kentucky,L,Violet,Winter,3.2,No,No,11,Credit Card,Weekly
841,42,Male,24,Alabama,L,Teal,Summer,4.2,Yes,Yes,18,PayPal,Weekly
4849,61,Female,,Phoenix,M,Blue,Autumn,5,No,Yes,3,Cash,Quarterly
4684,59,Male,,New York,S,Green,Autumn,3,Yes,No,28,PayPal,Monthly
4087,22,Female,,New York,M,Green,Summer,2,No,No,12,Credit Card,Weekly
1226,28,Male,97,North Carolina,S,Turquoise,Fall,2.6,No,Yes,16,Debit Card,Weekly
4104,55,Other,,Phoenix,S,Red,Summer,,No,No,,Debit Card,Monthly
3050,40,Female,60,Utah,L,Red,Summer,3,No,No,41,Bank Transfer,Bi-Weekly
3178,55,Female,52,Missouri,L,Beige,Fall,3.2,No,No,31,Credit Card,Monthly
2855,36,Female,28,Delaware,M,Beige,Fall,2.7,No,No,25,Venmo,Monthly
215,24,Male,50,Hawaii,L,Blue,Summer,4.2,Yes,Yes,41,Cash,Every 3 Months
3548,52,Female,31,Pennsylvania,L,Magenta,Summer,3.8,No,No,23,Credit Card,Annually
4231,23,Other,1379.95,Los Angeles,,Red,Summer,4,No,Yes,11,Debit Card,Monthly
2640,18,Male,35,New Hampshire,XL,Pink,Winter,2.6,No,No,33,Debit Card,Quarterly
909,26,Male,99,New Jersey,M,Turquoise,Winter,3.6,Yes,Yes,9,PayPal,Every 3 Months
2882,38,Female,90,Texas,M,Cyan,Winter,4.2,No,No,6,Bank Transfer,Annually
3616,35,Female,31,California,M,Gold,Winter,4.4,No,No,4,Credit Card,Monthly
3631,65,Female,73,Oklahoma,M,Lavender,Winter,4.8,No,No,29,Cash,Weekly
2917,62,Female,66,Oklahoma,M,Green,Winter,2.7,No,No,13,Credit Card,Bi-Weekly
1633,35,Male,28,Oregon,S,White,Summer,4.7,No,Yes,50,Debit Card,Every 3 Months
4774,53,Other,,Houston,XL,Blue,Spring,3,Yes,Yes,,PayPal,Quarterly
3254,36,Female,60,Nebraska,M,Brown,Fall,3.2,No,No,8,Venmo,Fortnightly
2462,28,Male,86,Pennsylvania,L,Red,Summer,4.8,No,No,19,Credit Card,Weekly
5062,68,Other,302.16,Los Angeles,M,Green,Spring,,Yes,Yes,37,Cash,Quarterly
4358,25,Female,,Phoenix,L,Blue,Autumn,,Yes,No,12,Credit Card,Quarterly
174,25,Male,46,Hawaii,M,Turquoise,Fall,3.4,Yes,Yes,30,Cash,Annually
1216,66,Male,20,Oregon,L,Pink,Winter,2.6,No,Yes,15,Credit Card,Every 3 Months
1317,28,Male,32,Arkansas,S,Lavender,Spring,4.6,No,Yes,14,Debit Card,Bi-Weekly
59,69,Male,54,Missouri,M,Charcoal,Summer,4.2,Yes,Yes,29,Venmo,Monthly
2796,33,Female,35,Nebraska,M,Magenta,Winter,3.4,No,No,49,PayPal,Annually
550,31,Male,29,Arizona,S,Olive,Fall,3.6,Yes,Yes,37,Venmo,Bi-Weekly
196,51,Male,25,New York,M,Magenta,Fall,4.3,Yes,Yes,34,Credit Card,Monthly
4626,43,Male,,Los Angeles,M,Green,Autumn,,No,Yes,,PayPal,Quarterly
2905,41,Female,41,Iowa,M,Gray,Spring,4,No,No,43,Venmo,Monthly
3135,35,Female,66,Kentucky,L,Gray,Spring,4.4,No,No,47,Bank Transfer,Weekly
1507,35,Male,30,South Carolina,L,Beige,Fall,3,No,Yes,44,PayPal,Quarterly
4621,46,Other,1257.7,Phoenix,XL,White,Summer,,Yes,Yes,,Cash,Quarterly
3774,25,Female,60,Wisconsin,M,Violet,Summer,3.5,No,No,41,Cash,Quarterly
3532,54,Female,52,North Dakota,XL,Violet,Winter,4.6,No,No,23,Cash,Quarterly
4093,64,Female,,Los Angeles,XL,Red,Spring,2,Yes,No,,PayPal,Quarterly
218,35,Male,48,Oklahoma,M,Purple,Winter,3.5,Yes,Yes,24,Bank Transfer,Annually
1852,28,Male,80,Delaware,S,Lavender,Fall,3.1,No,No,4,Bank Transfer,Fortnightly
4941,31,Male,61.25,Los Angeles,S,White,Winter,1,Yes,No,8,PayPal,Monthly
4729,53,Other,,Houston,M,Blue,Spring,4,No,No,,Cash,Monthly
2894,69,Female,20,Kentucky,S,Orange,Spring,3.1,No,No,44,Debit Card,Every 3 Months
1481,39,Male,74,New Hampshire,M,Gold,Fall,3.6,No,Yes,26,Cash,Quarterly
1696,54,Male,95,Nebraska,S,Yellow,Fall,4.7,No,No,1,PayPal,Fortnightly
1174,44,Male,76,South Dakota,M,Indigo,Winter,2.5,No,Yes,42,Cash,Bi-Weekly
688,19,Male,38,West Virginia,XL,Turquoise,Winter,3.3,Yes,Yes,46,Bank Transfer,Quarterly
1953,57,Male,82,Maryland,L,Yellow,Summer,4.6,No,No,50,Cash,Bi-Weekly
4405,36,Other,,Houston,,White,Spring,,No,Yes,12,Cash,Quarterly
799,29,Male,39,Alaska,M,Violet,Spring,3.8,Yes,Yes,48,PayPal,Every 3 Months
2581,43,Male,29,Massachusetts,S,Turquoise,Summer,3.6,No,No,13,Bank Transfer,Quarterly
4513,69,Female,,Phoenix,S,White,Spring,4,No,Yes,42,Credit Card,Monthly
4313,18,Female,,Phoenix,,Green,Summer,,No,No,,PayPal,Weekly
3403,22,Female,61,Louisiana,M,Black,Spring,4.4,No,No,11,PayPal,Every 3 Months
2919,19,Female,73,New York,S,Black,Fall,4.9,No,No,36,Cash,Weekly
393,26,Male,82,Idaho,XL,Black,Spring,3.3,Yes,Yes,38,Credit Card,Annually
2201,60,Male,51,Wyoming,L,Charcoal,Summer,4.7,No,No,27,Debit Card,Every 3 Months
396,37,Male,65,Rhode Island,L,Brown,Winter,4.9,Yes,Yes,2,PayPal,Annually
4763,69,Other,426.12,New York,,Red,Spring,4,No,Yes,50,PayPal,Quarterly
1398,55,Male,67,Massachusetts,S,Magenta,Summer,4.7,No,Yes,33,PayPal,Annually
3001,57,Female,70,Ohio,M,Lavender,Winter,3.7,No,No,7,PayPal,Weekly
720,63,Male,22,Mississippi,L,Turquoise,Summer,3.3,Yes,Yes,42,Venmo,Bi-Weekly
1241,41,Male,79,New Jersey,L,White,Winter,2.9,No,Yes,48,Debit Card,Annually
1894,28,Male,20,Delaware,L,Red,Summer,3.7,No,No,10,PayPal,Fortnightly
4095,65,Male,,New York,M,Black,Winter,,No,Yes,,PayPal,Weekly
1919,35,Male,33,Idaho,S,Purple,Summer,4.6,No,No,33,Debit Card,Monthly
315,30,Male,24,New Jersey,M,Purple,Summer,3.3,Yes,Yes,17,Debit Card,Every 3 Months
4681,53,Female,1283.66,Los Angeles,L,Blue,Winter,2,Yes,No,,Debit Card,Quarterly
358,18,Male,56,Arkansas,M,Olive,Spring,4,Yes,Yes,16,Credit Card,Bi-Weekly
1661,59,Male,45,Louisiana,L,Yellow,Winter,4.1,No,Yes,37,Venmo,Monthly
3339,29,Female,94,Minnesota,L,White,Winter,2.9,No,No,46,Credit Card,Monthly
3586,39,Female,41,New York,XL,Gray,Winter,4.1,No,No,4,Venmo,Bi-Weekly
4417,18,Other,575.59,New York,S,White,Summer,,No,Yes,29,Cash,Quarterly
1442,34,Male,25,Nebraska,S,Turquoise,Summer,3.4,No,Yes,3,Venmo,Every 3 Months
4160,63,Female,1264.31,New York,XL,Black,Winter,2,No,No,31,Cash,Weekly
4227,29,Female,,New York,S,Black,Summer,2,No,No,,Credit Card,Monthly
1191,62,Male,45,South Carolina,M,Orange,Winter,4.3,No,Yes,31,Credit Card,Weekly
4300,40,Female,1400.99,Chicago,S,White,Spring,,No,Yes,,Debit Card,Monthly
4199,44,Other,,Houston,M,Black,Autumn,,Yes,Yes,25,Cash,Monthly
4081,62,Female,,New York,,White,Spring,5,No,No,,Debit Card,Quarterly
1483,28,Male,67,Wisconsin,S,Magenta,Spring,4.1,No,Yes,43,Bank Transfer,Weekly
977,34,Male,90,Florida,M,Gray,Fall,3.6,Yes,Yes,50,Credit Card,Every 3 Months
3134,58,Female,68,Arkansas,M,Orange,Spring,4.1,No,No,29,Cash,Bi-Weekly
4217,53,Female,1163.93,New York,M,Green,Autumn,,Yes,Yes,,Debit Card,Weekly
1824,62,Male,50,Louisiana,L,Pink,Fall,4.7,No,No,40,Bank Transfer,Bi-Weekly
4061,29,Male,1036.05,New York,S,Blue,Autumn,2,No,Yes,30,Credit Card,Monthly
4478,42,Female,1216.92,Houston,L,Green,Spring,3,No,Yes,,Cash,Weekly
1695,20,Male,67,Mississippi,M,Turquoise,Summer,2.7,No,No,20,Debit Card,Fortnightly
4204,33,Female,1388.46,Chicago,M,White,Summer,5,No,No,16,PayPal,Monthly
2863,68,Female,75,Hawaii,S,Violet,Summer,4.7,No,No,5,Bank Transfer,Every 3 Months
4622,30,Other,1238.25,Los Angeles,XL,Black,Summer,1,Yes,Yes,,Debit Card,Monthly
2162,23,Male,69,Washington,S,Peach,Summer,3.8,No,No,5,Debit Card,Fortnightly
39,29,Male,37,Florida,M,Red,Winter,,Yes,Yes,44,Venmo,Every 3 Months
1225,62,Male,50,Illinois,M,Yellow,Summer,3.7,No,Yes,18,Venmo,Weekly
3573,23,Female,28,Rhode Island,M,Black,Spring,5,No,No,25,Credit Card,Monthly
513,19,Male,49,New York,L,Peach,Winter,,Yes,Yes,2,Bank Transfer,Monthly
3482,52,Female,67,Ohio,S,Maroon,Summer,3.4,No,No,41,Debit Card,Bi-Weekly
3514,30,Female,74,Alaska,XL,Charcoal,Spring,4.2,No,No,29,Credit Card,Fortnightly
4016,19,Male,,Houston,M,Black,Summer,,No,Yes,33,Cash,Weekly
492,49,Male,69,Vermont,M,Silver,Summer,,Yes,Yes,24,Credit Card,Bi-Weekly
1762,21,Male,95,Hawaii,S,Green,Fall,4.9,No,No,24,Cash,Weekly
2212,50,Male,89,Maine,L,Purple,Winter,3.2,No,No,45,Debit Card,Every 3 Months
5022,68,Female,1103.92,Los Angeles,L,Black,Winter,1,Yes,No,,Cash,Quarterly
2205,20,Male,41,Oregon,S,Lavender,Winter,3.4,No,No,6,Debit Card,Monthly
4719,54,Female,1144.77,New York,,Green,Summer,,Yes,No,9,Credit Card,Weekly
1444,58,Male,47,Idaho,L,Teal,Fall,4.2,No,Yes,2,Cash,Monthly
4062,20,Other,,Phoenix,,Red,Winter,,Yes,Yes,,PayPal,Quarterly
3577,29,Female,24,Maine,L,Yellow,Spring,3,No,No,12,Venmo,Bi-Weekly
2897,30,Female,91,Delaware,M,Silver,Summer,3.3,No,No,2,Venmo,Every 3 Months
849,48,Male,73,Delaware,M,Lavender,Fall,3.6,Yes,Yes,33,Credit Card,Bi-Weekly
294,69,Male,39,Connecticut,M,White,Spring,2.7,Yes,Yes,33,PayPal,Annually
2350,65,Male,34,New York,M,Orange,Fall,3.9,No,No,40,Credit Card,Every 3 Months
3274,58,Female,45,Nevada,S,Orange,Summer,2.6,No,No,34,PayPal,Every 3 Months
332,31,Male,98,Florida,L,Beige,Fall,3.3,Yes,Yes,46,PayPal,Quarterly
1541,28,Male,95,Colorado,M,Red,Winter,2.9,No,Yes,14,Bank Transfer,Monthly
4992,70,Male,,New York,M,Green,Summer,,No,No,,Credit Card,Quarterly
4506,19,Male,48.78,Los Angeles,S,White,Autumn,,Yes,Yes,,Credit Card,Quarterly
4009,36,Male,547.17,Phoenix,L,Red,Winter,,Yes,Yes,,PayPal,Monthly
3746,60,Female,41,Washington,L,Gold,Spring,4.3,No,No,2,Debit Card,Monthly
2578,52,Male,39,Minnesota,L,Black,Fall,4.5,No,No,37,Bank Transfer,Monthly
750,56,Male,71,Oklahoma,M,Olive,Winter,3.7,Yes,Yes,11,Debit Card,Quarterly
3093,52,Female,54,Utah,L,Silver,Fall,3.5,No,No,14,Bank Transfer,Bi-Weekly
2382,62,Male,23,Wisconsin,M,Teal,Summer,4.5,No,No,23,PayPal,Annually
2909,43,Female,87,Texas,M,Beige,Winter,3.1,No,No,15,Debit Card,Every 3 Months
1462,54,Male,95,Oregon,S,Red,Summer,5,No,Yes,42,Venmo,Quarterly
4493,20,Male,764.9,Chicago,,Green,Autumn,,No,No,30,Cash,Quarterly
4330,64,Other,,New York,M,White,Summer,,No,No,14,PayPal,Monthly
878,64,Male,65,Nebraska,M,Orange,Winter,4.9,Yes,Yes,45,Venmo,Every 3 Months
3173,57,Female,52,Missouri,M,Olive,Fall,3.7,No,No,30,Debit Card,Bi-Weekly
1979,45,Male,78,Massachusetts,L,Magenta,Spring,3.8,No,No,1,Cash,Quarterly
2435,36,Male,45,Utah,M,Brown,Spring,5,No,No,40,Credit Card,Monthly
370,38,Male,40,Wisconsin,M,Silver,Summer,3.3,Yes,Yes,45,PayPal,Quarterly
3398,19,Female,38,New Jersey,L,Yellow,Summer,2.7,No,No,13,Bank Transfer,Bi-Weekly
4324,28,Male,,Chicago,S,Red,Spring,,No,Yes,32,Cash,Weekly
4352,25,Female,,Houston,,Red,Summer,,No,Yes,50,Cash,Weekly
4893,58,Female,,Los Angeles,M,Black,Spring,1,No,Yes,,PayPal,Quarterly
1573,37,Male,92,Washington,L,White,Summer,3.4,No,Yes,16,Debit Card,Monthly
2576,53,Male,96,Minnesota,M,Silver,Fall,4,No,No,9,PayPal,Annually
1380,21,Male,64,Minnesota,L,Purple,Fall,2.8,No,Yes,38,Venmo,Bi-Weekly
93,61,Male,87,Texas,M,Olive,Winter,4.4,Yes,Yes,13,Venmo,Every 3 Months
4788,28,Male,243.43,Phoenix,S,White,Autumn,,No,No,,PayPal,Quarterly
1397,37,Male,30,Wisconsin,XL,Lavender,Winter,3,No,Yes,49,Debit Card,Monthly
2232,34,Male,49,Utah,M,Beige,Fall,4.1,No,No,1,Credit Card,Weekly
4943,20,Male,1050.61,Chicago,XL,Black,Winter,,No,Yes,,Credit Card,Quarterly
3025,67,Female,82,Idaho,S,White,Spring,4,No,No,47,Credit Card,Every 3 Months
3513,36,Female,46,Kentucky,M,White,Fall,3.4,No,No,31,Debit Card,Quarterly
4718,30,Other,,Los Angeles,S,Blue,Winter,1,No,No,,Cash,Weekly
2039,53,Male,70,Arkansas,L,Orange,Spring,4.4,No,No,35,Credit Card,Fortnightly
4577,20,Female,,Chicago,,Black,Spring,3,Yes,Yes,28,Cash,Quarterly
2363,27,Male,41,Virginia,M,Brown,Fall,2.7,No,No,24,Credit Card,Monthly
1089,49,Male,21,Louisiana,M,Turquoise,Winter,2.7,No,Yes,2,PayPal,Weekly
5080,63,Male,,Chicago,,Black,Summer,1,Yes,No,,Debit Card,Monthly
3653,27,Female,29,Kentucky,S,Magenta,Fall,3.8,No,No,23,Debit Card,Monthly
2631,29,Male,82,Maine,S,Pink,Spring,4.2,No,No,20,Cash,Quarterly
248,29,Male,66,Montana,XL,Brown,Spring,4.4,Yes,Yes,14,Debit Card,Weekly
3730,28,Female,82,Rhode Island,M,Teal,Spring,4.7,No,No,50,Cash,Quarterly
1775,46,Male,78,New York,M,Lavender,Spring,3.7,No,No,6,PayPal,Weekly
1974,24,Male,20,Maryland,XL,Red,Fall,4.5,No,No,9,Venmo,Every 3 Months
2650,23,Male,21,Minnesota,M,Magenta,Fall,3.9,No,No,14,Bank Transfer,Fortnightly
4983,31,Female,820.5,New York,M,Green,Autumn,4,No,No,,PayPal,Weekly
1688,67,Male,70,Georgia,S,Magenta,Winter,3.7,No,No,4,PayPal,Annually
3556,25,Female,23,Delaware,L,Silver,Spring,4.6,No,No,45,Cash,Quarterly
1018,21,Male,53,Oklahoma,L,Orange,Fall,2.5,Yes,Yes,14,Credit Card,Annually
3182,31,Female,51,Montana,M,Charcoal,Summer,4.4,No,No,27,PayPal,Every 3 Months
4086,28,Male,,Houston,,Red,Winter,4,Yes,Yes,,PayPal,Quarterly
2709,57,Female,94,Alabama,M,Teal,Summer,3.3,No,No,44,Debit Card,Weekly
3295,62,Female,60,South Carolina,S,Magenta,Spring,4.5,No,No,15,Bank Transfer,Bi-Weekly
577,48,Male,68,Washington,M,Black,Winter,5,Yes,Yes,5,Credit Card,Every 3 Months
2740,33,Female,80,Alaska,XL,Blue,Winter,2.5,No,No,39,Credit Card,Every 3 Months
4676,55,Other,544.69,Phoenix,S,Black,Autumn,2,Yes,Yes,,Cash,Monthly
2295,54,Male,95,Maryland,M,Red,Winter,5,No,No,40,Debit Card,Annually
3650,68,Female,57,Minnesota,M,Brown,Fall,4.4,No,No,33,Credit Card,Fortnightly
677,28,Male,60,Connecticut,M,Peach,Winter,2.9,Yes,Yes,38,Venmo,Bi-Weekly
167,46,Male,31,Delaware,XL,Indigo,Fall,4,Yes,Yes,30,Cash,Monthly
1370,32,Male,75,Iowa,M,Green,Winter,3.2,No,Yes,48,Venmo,Fortnightly
3557,70,Female,88,Arizona,M,Brown,Fall,4.2,No,No,43,Cash,Bi-Weekly
2689,53,Female,63,West Virginia,XL,Turquoise,Spring,2.9,No,No,18,Credit Card,Every 3 Months
892,20,Male,26,Pennsylvania,S,Lavender,Summer,3.9,Yes,Yes,24,PayPal,Every 3 Months
2830,56,Female,67,Arizona,XL,Teal,Fall,3.4,No,No,47,Cash,Weekly
127,43,Male,36,Mississippi,L,Pink,Spring,3.9,Yes,Yes,48,Cash,Every 3 Months
401,39,Male,66,Utah,M,Green,Winter,4.8,Yes,Yes,14,PayPal,Fortnightly
307,26,Male,49,North Dakota,S,White,Summer,3.6,Yes,Yes,4,Cash,Annually
2400,55,Male,44,New Hampshire,L,Beige,Spring,3.2,No,No,31,Cash,Monthly
1443,53,Male,92,Idaho,S,Violet,Spring,2.8,No,Yes,42,Credit Card,Annually
4975,61,Male,,Houston,L,Red,Spring,5,No,Yes,3,PayPal,Weekly
4732,29,Other,952.63,Phoenix,S,Blue,Winter,4,Yes,Yes,12,PayPal,Weekly
1270,43,Male,53,Vermont,M,Lavender,Spring,3,No,Yes,47,PayPal,Quarterly
2513,50,Male,63,North Dakota,M,Green,Summer,4.9,No,No,20,Credit Card,Monthly
1143,69,Male,76,Ohio,L,Green,Spring,3.5,No,Yes,27,Venmo,Bi-Weekly
4574,39,Other,1109.96,Chicago,L,Red,Autumn,,Yes,No,,Debit Card,Quarterly
3172,68,Female,26,Tennessee,M,Maroon,Spring,3.1,No,No,26,Bank Transfer,Bi-Weekly
937,31,Male,84,Maine,M,Pink,Summer,2.7,Yes,Yes,28,Cash,Weekly
1250,62,Male,50,Oregon,M,Peach,Winter,4.5,No,Yes,48,Venmo,Fortnightly
3620,44,Female,75,North Carolina,S,Magenta,Winter,4.9,No,No,50,Venmo,Weekly
4854,65,Female,1249.73,Phoenix,,Blue,Spring,1,Yes,No,,Credit Card,Weekly
4970,66,Male,,Chicago,S,Green,Summer,,Yes,No,42,Credit Card,Weekly
4795,24,Female,,Houston,M,Black,Summer,5,Yes,Yes,31,Debit Card,Weekly
3842,68,Female,57,Mississippi,L,Pink,Fall,4.2,No,No,8,Bank Transfer,Monthly
1650,58,Male,63,Wisconsin,,White,Summer,4.9,No,Yes,3,Credit Card,Quarterly
2176,68,Male,50,Nebraska,,Silver,Spring,3.3,No,No,48,Credit Card,Fortnightly
45,39,Male,,Kentucky,,Silver,Summer,4.6,Yes,Yes,45,PayPal,Weekly
163,54,Male,74,California,M,Turquoise,Summer,3,Yes,Yes,31,PayPal,Bi-Weekly
2532,43,Male,28,Texas,M,Violet,Summer,4.6,No,No,7,Cash,Every 3 Months
4145,19,Other,83.82,New York,S,Red,Spring,1,Yes,Yes,7,Cash,Monthly
2579,54,Male,48,Vermont,M,Purple,Fall,3.9,No,No,3,Cash,Quarterly
1312,32,Male,87,Tennessee,M,Maroon,Fall,4.2,No,Yes,12,Venmo,Annually
3566,49,Female,52,Pennsylvania,S,Gray,Spring,4.2,No,No,35,PayPal,Monthly
5065,48,Other,,Chicago,,Red,Spring,4,No,Yes,,Debit Card,Monthly
2436,21,Male,27,Hawaii,S,Black,Fall,4.5,No,No,29,Cash,Bi-Weekly
1154,27,Male,41,Idaho,M,Pink,Summer,4,No,Yes,6,Bank Transfer,Quarterly
2368,66,Male,85,North Dakota,L,Green,Winter,3.4,No,No,28,Bank Transfer,Bi-Weekly
457,50,Male,96,North Carolina,S,Indigo,Fall,4,Yes,Yes,33,Credit Card,Quarterly
1229,55,Male,55,Indiana,S,Yellow,Winter,3.9,No,Yes,1,Cash,Annually
3535,65,Female,83,Delaware,M,Gray,Fall,3.2,No,No,7,Cash,Weekly
4668,21,Other,671.54,New York,M,Red,Spring,2,Yes,Yes,34,Cash,Weekly
617,29,Male,72,Pennsylvania,L,Teal,Spring,4.6,Yes,Yes,38,Credit Card,Every 3 Months
1815,32,Male,92,Montana,M,White,Summer,3.8,No,No,24,Cash,Quarterly
2858,44,Female,93,Utah,S,Maroon,Spring,3.8,No,No,35,Debit Card,Monthly
40,70,Male,60,Arizona,S,Turquoise,Summer,4.2,Yes,Yes,18,Credit Card,Monthly
309,66,Male,29,Maryland,M,Beige,Fall,3.7,Yes,Yes,45,Venmo,Bi-Weekly
4669,69,Other,1384.7,New York,,Green,Autumn,,Yes,No,47,PayPal,Monthly
2837,51,Female,50,Wyoming,M,Charcoal,Winter,5,No,No,21,Cash,Bi-Weekly
4798,36,Female,697.58,Houston,,White,Spring,,Yes,No,,Credit Card,Weekly
8,27,Male,34,Louisiana,L,Charcoal,Winter,3.2,Yes,Yes,19,Credit Card,Weekly
4449,49,Other,,Houston,XL,Red,Spring,4,Yes,No,,Cash,Quarterly
1055,18,Male,96,Arkansas,L,Cyan,Winter,4.9,No,Yes,48,PayPal,Quarterly
538,50,Male,49,Virginia,S,Turquoise,Summer,3,Yes,Yes,14,Debit Card,Annually
4590,60,Male,,Los Angeles,XL,Red,Spring,,Yes,Yes,,PayPal,Quarterly
905,69,Male,99,Alaska,L,Magenta,Spring,2.9,Yes,Yes,46,PayPal,Every 3 Months
2800,23,Female,89,Maine,L,Pink,Spring,3.9,No,No,9,Bank Transfer,Every 3 Months
2221,19,Male,62,Wyoming,XL,Beige,Fall,4.5,No,No,47,Cash,Annually
2600,63,Male,99,Vermont,M,Gold,Winter,3.4,No,No,48,Credit Card,Monthly
1005,33,Male,79,Tennessee,M,Black,Summer,4.8,Yes,Yes,44,Cash,Annually
221,39,Male,57,Arizona,S,Indigo,Spring,3.7,Yes,Yes,48,Debit Card,Fortnightly
686,70,Male,71,Massachusetts,XL,Magenta,Winter,3.5,Yes,Yes,32,Cash,Fortnightly
2698,42,Female,52,Delaware,L,Red,Winter,3.2,No,No,36,Bank Transfer,Quarterly
633,35,Male,51,Wyoming,M,Red,Winter,3.9,Yes,Yes,19,Venmo,Fortnightly
2560,48,Male,71,Mississippi,S,Green,Winter,4,No,No,21,Debit Card,Every 3 Months
3764,27,Female,24,Oklahoma,XL,Red,Winter,4.5,No,No,38,Cash,Every 3 Months
3776,41,Female,63,South Dakota,S,Pink,Spring,2.7,No,No,45,Cash,Quarterly
320,47,Male,74,Maine,XL,White,Spring,2.6,Yes,Yes,1,Cash,Every 3 Months
4563,31,Female,,Phoenix,,Red,Spring,2,No,No,,Credit Card,Weekly
3800,60,Female,26,Oklahoma,L,Violet,Winter,2.6,No,No,13,Credit Card,Monthly
4915,50,Other,395.93,Phoenix,S,Blue,Spring,,No,No,37,Credit Card,Quarterly
1809,67,Male,71,Tennessee,M,Lavender,Spring,4.3,No,No,7,Debit Card,Monthly
3206,40,Female,24,Colorado,XL,Magenta,Fall,4.4,No,No,50,Bank Transfer,Every 3 Months
2901,41,Female,67,Maryland,XL,Violet,Winter,4,No,No,23,Cash,Bi-Weekly
2182,22,Male,63,Hawaii,M,Black,Fall,3.2,No,No,32,Bank Transfer,Bi-Weekly
3886,49,Female,64,New Mexico,L,Purple,Winter,3.2,No,No,39,Cash,Quarterly
822,62,Male,39,Vermont,M,Green,Spring,3.9,Yes,Yes,31,Credit Card,Bi-Weekly
4888,65,Male,501.36,New York,,Green,Spring,,No,Yes,49,Credit Card,Monthly
2861,28,Female,38,Rhode Island,M,Gold,Spring,2.9,No,No,49,Bank Transfer,Weekly
2479,18,Male,93,Vermont,S,Maroon,Winter,4.8,No,No,9,Bank Transfer,Every 3 Months
2794,37,Female,57,Massachusetts,M,Silver,Spring,3.1,No,No,27,Debit Card,Bi-Weekly
3841,30,Female,42,Idaho,M,Turquoise,Spring,3.7,No,No,5,Venmo,Fortnightly
3549,63,Female,37,Utah,M,Red,Fall,3,No,No,47,Debit Card,Fortnightly
1446,64,Male,51,Arkansas,M,Gold,Fall,3.1,No,Yes,24,Credit Card,Annually
1961,57,Male,72,Massachusetts,L,Red,Summer,3.3,No,No,40,Credit Card,Annually
1509,35,Male,84,Colorado,L,Beige,Spring,4.4,No,Yes,3,Cash,Every 3 Months
1671,22,Male,73,Utah,L,Cyan,Fall,3.6,No,Yes,20,Cash,Weekly
2252,26,Male,94,Virginia,L,Gold,Fall,3.8,No,No,22,Debit Card,Monthly
414,70,Male,99,Nevada,S,White,Summer,4.6,Yes,Yes,48,Cash,Monthly
956,55,Male,75,Mississippi,L,Lavender,Summer,3.4,Yes,Yes,4,PayPal,Monthly
4169,20,Female,459.33,Houston,L,Black,Spring,2,Yes,No,,PayPal,Quarterly
2982,21,Female,36,Delaware,L,Pink,Winter,4.9,No,No,37,Venmo,Annually
3798,68,Female,44,California,M,Gray,Summer,2.5,No,No,20,Cash,Quarterly
2699,55,Female,57,Virginia,M,Magenta,Summer,3.6,No,No,34,Venmo,Quarterly
2627,50,Male,46,Rhode Island,XL,Silver,Fall,4.2,No,No,30,Credit Card,Every 3 Months
2510,19,Male,48,Washington,M,Black,Spring,4.4,No,No,9,Bank Transfer,Quarterly
1927,66,Male,93,New Mexico,M,Silver,Spring,3,No,No,6,PayPal,Annually
1537,18,Male,82,Michigan,M,Indigo,Summer,2.6,No,Yes,17,Cash,Quarterly
1958,68,Male,54,South Carolina,M,Cyan,Spring,4.5,No,No,26,Cash,Bi-Weekly
1258,68,Male,67,Minnesota,L,Gold,Spring,3,No,Yes,31,Cash,Every 3 Months
3574,43,Female,67,Connecticut,L,Maroon,Fall,4.9,No,No,27,PayPal,Monthly
1094,60,Male,48,Delaware,S,Indigo,Winter,4.2,No,Yes,46,Venmo,Every 3 Months
512,61,Male,46,Hawaii,L,Yellow,Fall,3.1,Yes,Yes,8,PayPal,Annually
2534,66,Male,46,Pennsylvania,S,Blue,Summer,3.1,No,No,49,Cash,Bi-Weekly
804,32,Male,38,Connecticut,L,Silver,Winter,2.8,Yes,Yes,30,Venmo,Every 3 Months
1880,56,Male,33,Tennessee,L,Charcoal,Spring,3.5,No,No,46,Cash,Bi-Weekly
2713,37,Female,95,North Dakota,L,Brown,Fall,4.6,No,No,7,Debit Card,Quarterly
92,44,Male,99,South Carolina,S,Green,Winter,4.6,Yes,Yes,18,Credit Card,Every 3 Months
4101,22,Male,125.59,Houston,XL,Blue,Spring,,Yes,Yes,,Cash,Weekly
4260,42,Male,520.35,Los Angeles,,Blue,Autumn,5,Yes,Yes,34,PayPal,Weekly
4460,65,Other,,New York,S,Green,Autumn,5,No,No,,PayPal,Monthly
616,67,Male,100,Maryland,L,Olive,Summer,2.6,Yes,Yes,23,Venmo,Annually
3268,37,Female,45,Idaho,L,Pink,Winter,3,No,No,42,Credit Card,Quarterly
1015,28,Male,97,Ohio,M,Violet,Summer,3,Yes,Yes,36,Debit Card,Fortnightly
1793,38,Male,59,Iowa,M,Peach,Fall,3,No,No,22,Debit Card,Every 3 Months
2441,31,Male,90,Indiana,M,Red,Spring,4.7,No,No,47,Bank Transfer,Annually
4317,57,Female,,Houston,L,Blue,Winter,,No,Yes,13,Debit Card,Monthly
3389,35,Female,61,South Dakota,M,Cyan,Spring,4.5,No,No,21,Credit Card,Weekly
3011,70,Female,45,Ohio,M,Violet,Winter,3.3,No,No,15,Credit Card,Annually
1783,52,Male,88,Utah,M,Lavender,Fall,2.7,No,No,40,Bank Transfer,Fortnightly
555,56,Male,47,Minnesota,M,Red,Summer,3,Yes,Yes,34,Bank Transfer,Weekly
4638,33,Other,597.06,Los Angeles,L,Blue,Summer,4,Yes,No,40,Credit Card,Weekly
1556,43,Male,47,Ohio,S,Cyan,Winter,4.5,No,Yes,44,Cash,Quarterly
3601,67,Female,81,South Carolina,XL,Olive,Spring,2.7,No,No,25,Cash,Bi-Weekly
699,55,Male,41,Iowa,M,Yellow,Winter,3.8,Yes,Yes,40,Debit Card,Weekly
3680,53,Female,91,Idaho,M,Violet,Summer,2.5,No,No,5,Cash,Bi-Weekly
3814,61,Female,89,Georgia,M,Orange,Summer,4.1,No,No,31,Venmo,Bi-Weekly
4228,21,Male,1302.82,Chicago,XL,Green,Autumn,,Yes,No,,Cash,Quarterly
2772,58,Female,52,Maryland,S,Beige,Summer,3.1,No,No,12,Bank Transfer,Fortnightly
2258,41,Male,32,Tennessee,L,Olive,Fall,4.2,No,No,6,Bank Transfer,Annually
1744,23,Male,72,Missouri,XL,Brown,Winter,3.3,No,No,3,Bank Transfer,Weekly
4891,41,Male,,Phoenix,L,Black,Winter,2,No,No,33,PayPal,Quarterly
674,35,Male,66,Oklahoma,M,Indigo,Spring,4.2,Yes,Yes,27,Venmo,Bi-Weekly
4834,31,Male,,New York,,White,Winter,,Yes,No,5,Debit Card,Monthly
3686,47,Female,42,Tennessee,L,Red,Summer,2.6,No,No,17,Cash,Bi-Weekly
1339,56,Male,51,Alabama,S,Yellow,Winter,2.6,No,Yes,43,PayPal,Fortnightly
2596,29,Male,56,Iowa,XL,Maroon,Summer,3.2,No,No,3,Bank Transfer,Bi-Weekly
2073,39,Male,66,Massachusetts,M,Beige,Winter,3.9,No,No,22,Bank Transfer,Weekly
422,38,Male,40,Kentucky,M,Violet,Winter,3.5,Yes,Yes,48,Cash,Bi-Weekly
742,22,Male,79,West Virginia,XL,Yellow,Summer,4.7,Yes,Yes,23,Bank Transfer,Every 3 Months
3478,53,Female,85,Kentucky,S,Teal,Spring,3.8,No,No,38,Debit Card,Bi-Weekly
3619,28,Female,67,Nevada,M,Maroon,Fall,4,No,No,47,PayPal,Bi-Weekly
752,65,Male,72,Ohio,L,Indigo,Fall,4.8,Yes,Yes,1,Credit Card,Monthly
4383,47,Other,,New York,,White,Autumn,,No,No,,PayPal,Weekly
4290,37,Male,,Chicago,S,Blue,Summer,,Yes,No,,PayPal,Quarterly
3682,26,Female,73,Connecticut,XL,Magenta,Fall,4.2,No,No,33,Debit Card,Monthly
392,37,Male,86,Minnesota,L,Gray,Spring,4.8,Yes,Yes,25,Cash,Fortnightly
139,68,Male,29,Georgia,M,Maroon,Winter,4.4,Yes,Yes,42,Bank Transfer,Weekly
4927,34,Other,,Phoenix,L,Black,Autumn,3,No,No,,Debit Card,Quarterly
4306,41,Male,,Los Angeles,XL,Blue,Autumn,1,No,Yes,11,PayPal,Monthly
3028,52,Female,26,West Virginia,XL,Peach,Winter,2.8,No,No,47,Credit Card,Quarterly
1427,60,Male,38,Michigan,M,Yellow,Summer,4.8,No,Yes,35,PayPal,Every 3 Months
3890,57,Female,65,Alaska,S,Yellow,Spring,3.5,No,No,49,Bank Transfer,Annually
4141,58,Other,1290.5,New York,,Red,Summer,,No,No,28,Debit Card,Monthly
3457,42,Female,53,Texas,M,Red,Fall,4.6,No,No,21,Venmo,Monthly
2956,42,Female,67,Vermont,M,Silver,Winter,2.6,No,No,46,Credit Card,Annually
2357,57,Male,58,Montana,M,Gray,Summer,3,No,No,27,Debit Card,Quarterly
1437,35,Male,83,Minnesota,M,Gray,Winter,3.7,No,Yes,23,PayPal,Fortnightly
2140,40,Male,95,New York,M,Red,Winter,3,No,No,33,Cash,Weekly
1021,24,Male,95,Delaware,M,Black,Fall,4.5,Yes,Yes,41,Debit Card,Annually
4481,44,Female,,Phoenix,,White,Winter,,Yes,No,,Credit Card,Quarterly
2815,31,Female,32,Minnesota,L,Gold,Winter,3.6,No,No,14,Bank Transfer,Monthly
3708,35,Female,79,Illinois,M,Gold,Fall,3.4,No,No,19,Venmo,Weekly
2928,45,Female,24,Missouri,M,Black,Summer,2.7,No,No,15,Venmo,Bi-Weekly
169,34,Male,80,Louisiana,M,Magenta,Summer,3,Yes,Yes,5,Cash,Fortnightly
107,64,Male,35,Minnesota,L,White,Summer,3.7,Yes,Yes,31,Credit Card,Monthly
2033,46,Male,36,South Carolina,M,Maroon,Winter,4.2,No,No,13,Cash,Annually
310,66,Male,22,Minnesota,M,Yellow,Spring,4.5,Yes,Yes,21,Cash,Fortnightly
2900,50,Female,64,Nebraska,M,Gold,Spring,4.2,No,No,22,Bank Transfer,Fortnightly
3232,62,Female,97,Nevada,M,Maroon,Winter,4.4,No,No,9,Credit Card,Annually
4019,28,Male,864.47,New York,XL,Green,Winter,,Yes,Yes,7,Debit Card,Monthly
773,18,Male,22,Illinois,L,Teal,Fall,3.6,Yes,Yes,40,Debit Card,Bi-Weekly
2806,18,Female,97,Nevada,S,Black,Fall,4.3,No,No,48,Cash,Quarterly
3625,22,Female,82,Texas,XL,Peach,Fall,5,No,No,22,Bank Transfer,Bi-Weekly
889,49,Male,77,New Hampshire,S,Gold,Spring,,Yes,Yes,44,Cash,Annually
2361,49,Male,80,New York,L,Silver,Fall,4.7,No,No,27,Venmo,Every 3 Months
133,30,Male,58,New Mexico,M,Orange,Fall,4.7,Yes,Yes,42,PayPal,Weekly
1676,35,Male,90,Colorado,M,Beige,Spring,4.7,No,Yes,21,Credit Card,Annually
635,36,Male,60,Ohio,M,Teal,Summer,3.9,Yes,Yes,46,PayPal,Weekly
2836,33,Female,84,Vermont,S,Pink,Winter,4.9,No,No,7,Venmo,Annually
2622,48,Male,46,Maine,M,Beige,Winter,3,No,No,21,Bank Transfer,Annually
3578,66,Female,35,Missouri,S,Yellow,Winter,2.6,No,No,13,Bank Transfer,Weekly
3812,46,Female,30,Idaho,M,Maroon,Winter,4,No,No,14,Cash,Monthly
1147,48,Male,38,Wisconsin,M,Indigo,Summer,4.2,No,Yes,7,Bank Transfer,Every 3 Months
2149,19,Male,45,Nebraska,XL,Turquoise,Winter,4.6,No,No,19,PayPal,Bi-Weekly
984,24,Male,45,New Mexico,L,Indigo,Winter,3.5,Yes,Yes,40,Venmo,Bi-Weekly
930,59,Male,94,Nebraska,M,White,Fall,4.5,Yes,Yes,26,Debit Card,Fortnightly
2722,19,Female,70,Minnesota,S,Teal,Spring,4.9,No,No,17,PayPal,Fortnightly
936,58,Male,51,Ohio,L,White,Fall,2.6,Yes,Yes,2,Bank Transfer,Fortnightly
1550,19,Male,55,Kansas,M,Black,Spring,2.9,No,Yes,19,Debit Card,Every 3 Months
379,54,Male,62,Nevada,L,Orange,Winter,4.9,Yes,Yes,23,Credit Card,Monthly
3677,19,Female,94,Wisconsin,S,Teal,Spring,4.9,No,No,16,PayPal,Monthly
4479,43,Male,790.48,Phoenix,M,Blue,Summer,,No,No,12,Credit Card,Quarterly
1899,59,Male,97,Texas,L,Magenta,Fall,3.5,No,No,25,Venmo,Monthly
2637,41,Male,40,Utah,S,Magenta,Winter,4.2,No,No,6,Venmo,Annually
1062,36,Male,62,Idaho,M,Gray,Summer,4.4,No,Yes,12,Venmo,Every 3 Months
4844,63,Male,321.56,Phoenix,S,Red,Summer,,No,No,47,PayPal,Weekly
2710,35,Female,54,Illinois,S,Cyan,Winter,2.9,No,No,9,Credit Card,Bi-Weekly
3518,29,Female,69,Tennessee,M,Orange,Winter,3.1,No,No,34,Debit Card,Every 3 Months
2273,29,Male,38,Maine,L,Charcoal,Spring,4,No,No,44,PayPal,Monthly
575,54,Male,79,Maine,L,Red,Fall,4.8,Yes,Yes,20,Bank Transfer,Bi-Weekly
3853,65,Female,79,Mississippi,M,Peach,Fall,4,No,No,19,PayPal,Weekly
1004,56,Male,68,Ohio,M,Green,Fall,4,Yes,Yes,3,Cash,Bi-Weekly
1193,49,Male,56,Florida,M,Turquoise,Summer,4,No,Yes,42,Venmo,Quarterly
3193,19,Female,76,Iowa,S,Maroon,Fall,3,No,No,20,Cash,Fortnightly
1064,62,Male,29,Alabama,S,Indigo,Summer,3.3,No,Yes,35,Cash,Monthly
2654,67,Female,36,Wisconsin,L,Lavender,Fall,4.8,No,No,24,Venmo,Every 3 Months
4110,27,Other,,Los Angeles,,White,Spring,1,No,No,,Debit Card,Monthly
675,48,Male,33,Washington,XL,Beige,Winter,4.7,Yes,Yes,36,Bank Transfer,Annually
2218,35,Male,27,Indiana,XL,Red,Fall,2.6,No,No,42,Bank Transfer,Fortnightly
2718,18,Female,62,Nebraska,XL,Beige,Winter,4.3,No,No,19,Credit Card,Every 3 Months
4233,27,Female,47.79,Houston,L,Red,Winter,3,No,No,,PayPal,Monthly
738,47,Male,24,Nebraska,M,Teal,Spring,3.6,Yes,Yes,28,PayPal,Annually
2336,31,Male,37,Idaho,M,Black,Summer,3.9,No,No,10,Venmo,Fortnightly
4342,31,Female,1351.65,Los Angeles,,Blue,Spring,2,Yes,Yes,,Debit Card,Quarterly
3707,26,Female,55,Kansas,M,Green,Spring,4,No,No,17,Cash,Bi-Weekly
960,36,Male,99,Nevada,M,Cyan,Spring,2.6,Yes,Yes,12,Cash,Fortnightly
4881,41,Female,,Chicago,L,Red,Summer,,No,Yes,9,Credit Card,Weekly
1785,32,Male,31,Louisiana,L,Yellow,Summer,4.8,No,No,4,Debit Card,Quarterly
3044,45,Female,98,Illinois,S,Peach,Fall,2.6,No,No,17,Credit Card,Monthly
60,63,Male,79,Louisiana,L,Yellow,Spring,4.6,Yes,Yes,4,Debit Card,Weekly
1124,36,Male,67,Massachusetts,S,Purple,Fall,2.5,No,Yes,38,Cash,Monthly
2211,30,Male,25,Virginia,M,Orange,Summer,3.1,No,No,35,PayPal,Fortnightly
129,20,Male,32,California,M,Gold,Spring,4.7,Yes,Yes,21,Credit Card,Fortnightly
4906,27,Male,1428.07,Houston,L,White,Winter,,No,Yes,,Cash,Monthly
4261,54,Other,,Los Angeles,L,Blue,Spring,,Yes,Yes,24,Credit Card,Weekly
3875,70,Female,54,Nevada,XL,Beige,Summer,3.9,No,No,33,Credit Card,Bi-Weekly
1975,27,Male,44,Tennessee,M,Peach,Winter,4.6,No,No,2,PayPal,Fortnightly
2693,40,Female,90,Washington,XL,Violet,Spring,4.2,No,No,18,Debit Card,Every 3 Months
303,37,Male,44,Delaware,L,Olive,Summer,3.6,Yes,Yes,27,Bank Transfer,Every 3 Months
1557,43,Male,57,Alabama,M,Gold,Fall,2.7,No,Yes,26,Credit Card,Quarterly
3468,18,Female,45,Texas,M,Charcoal,Fall,5,No,No,5,Credit Card,Annually
3165,40,Female,32,Arizona,L,Silver,Winter,2.6,No,No,16,Credit Card,Annually
1122,63,Male,58,Florida,XL,Peach,Fall,3.2,No,Yes,25,Cash,Quarterly
3654,67,Female,20,Minnesota,M,Blue,Spring,3.9,No,No,39,Credit Card,Fortnightly
1964,52,Male,30,Michigan,L,Pink,Spring,3.9,No,No,11,Credit Card,Weekly
1232,66,Male,79,Pennsylvania,M,Gold,Spring,4,No,Yes,43,Credit Card,Fortnightly
1977,32,Male,51,Wyoming,M,Pink,Spring,3.2,No,No,43,PayPal,Fortnightly
1908,69,Male,74,New Mexico,L,Orange,Fall,4.8,No,No,36,Credit Card,Every 3 Months
2925,47,Female,64,Rhode Island,L,Indigo,Winter,3.7,No,No,37,Debit Card,Every 3 Months
1060,22,Male,34,North Carolina,M,Beige,Winter,2.5,No,Yes,25,Debit Card,Monthly
3765,36,Female,21,South Dakota,M,Maroon,Fall,3.5,No,No,19,Venmo,Monthly
533,26,Male,76,Texas,L,Black,Winter,4.1,Yes,Yes,35,Bank Transfer,Every 3 Months
1452,54,Male,34,Utah,M,Maroon,Fall,2.5,No,Yes,35,PayPal,Quarterly
2466,18,Male,63,Texas,M,Brown,Spring,4.4,No,No,20,Bank Transfer,Weekly
350,37,Male,87,Arizona,M,Green,Winter,3.7,Yes,Yes,3,Bank Transfer,Bi-Weekly
4295,31,Other,,Phoenix,S,White,Autumn,,Yes,Yes,50,Credit Card,Weekly
2719,22,Female,90,Virginia,M,Peach,Winter,4.9,No,No,10,Venmo,Bi-Weekly
975,69,Male,90,North Carolina,M,Beige,Spring,3.6,Yes,Yes,23,Bank Transfer,Monthly
2728,40,Female,87,Colorado,L,Charcoal,Winter,3.7,No,No,47,Credit Card,Fortnightly
1272,70,Male,57,Kentucky,S,Gray,Spring,4.3,No,Yes,42,PayPal,Annually
3349,28,Female,74,New Hampshire,L,Gray,Winter,2.8,No,No,15,Cash,Every 3 Months
1362,49,Male,32,Alabama,M,Beige,Fall,3.7,No,Yes,39,Debit Card,Monthly
3882,56,Female,25,Georgia,L,Silver,Spring,2.8,No,No,17,Debit Card,Weekly
3369,30,Female,25,Nebraska,M,Blue,Spring,4.8,No,No,29,Bank Transfer,Every 3 Months
968,27,Male,26,Georgia,S,Silver,Summer,3.7,Yes,Yes,4,Cash,Weekly
3766,22,Female,52,Missouri,M,Green,Summer,4.3,No,No,14,Bank Transfer,Bi-Weekly
1885,27,Male,30,Arizona,S,Pink,Summer,4.3,No,No,15,Bank Transfer,Bi-Weekly
12,30,Male,68,Hawaii,S,Olive,Winter,4.9,Yes,Yes,10,Bank Transfer,Fortnightly
844,65,Male,80,Pennsylvania,S,Beige,Summer,3.2,Yes,Yes,6,PayPal,Weekly
1819,58,Male,39,North Carolina,M,White,Fall,3.8,No,No,47,Debit Card,Every 3 Months
2885,55,Female,50,Arkansas,M,Purple,Summer,3.4,No,No,47,Credit Card,Every 3 Months
825,61,Male,94,Georgia,M,White,Spring,3,Yes,Yes,48,Cash,Quarterly
1692,64,Male,61,Connecticut,L,Blue,Summer,3.5,No,No,4,Cash,Annually
3419,53,Female,30,South Carolina,M,Beige,Summer,2.8,No,No,35,Debit Card,Annually
4182,20,Other,,New York,S,Green,Winter,2,Yes,Yes,21,Credit Card,Monthly
21,21,Male,51,Louisiana,M,Black,Winter,2.8,Yes,Yes,50,Cash,Every 3 Months
4742,23,Other,,Los Angeles,L,Red,Winter,5,Yes,Yes,45,Credit Card,Quarterly
1658,69,Male,36,Indiana,L,Turquoise,Spring,3.2,No,Yes,4,Debit Card,Bi-Weekly
4100,52,Other,1095.73,New York,,Green,Autumn,5,No,Yes,16,Cash,Quarterly
2511,40,Male,42,South Dakota,L,Purple,Winter,4.4,No,No,48,Credit Card,Weekly
4410,31,Other,,Los Angeles,L,Red,Summer,5,No,Yes,19,Cash,Monthly
119,50,Male,45,Kentucky,L,Orange,Fall,4.8,Yes,Yes,27,Cash,Bi-Weekly
4354,53,Other,,Los Angeles,,Black,Autumn,,No,Yes,,PayPal,Monthly
1110,66,Male,97,Oklahoma,L,Violet,Winter,,No,Yes,2,Venmo,Weekly
1213,32,Male,74,Pennsylvania,M,Yellow,Summer,2.5,No,Yes,18,Credit Card,Weekly
2354,56,Male,71,Montana,M,White,Fall,4.1,No,No,25,Debit Card,Every 3 Months
1915,28,Male,97,Alaska,L,Green,Fall,3.4,No,No,40,Credit Card,Fortnightly
252,21,Male,51,Wyoming,XL,Gold,Winter,2.5,Yes,Yes,34,PayPal,Annually
1180,20,Male,33,Indiana,M,Blue,Summer,2.8,No,Yes,44,Bank Transfer,Annually
3714,49,Female,87,Arizona,M,Peach,Spring,2.6,No,No,31,Debit Card,Every 3 Months
2274,55,Male,96,New Mexico,L,Silver,Winter,4.8,No,No,13,PayPal,Bi-Weekly
4585,45,Female,,Los Angeles,M,Black,Autumn,5,Yes,No,27,Debit Card,Quarterly
4050,47,Other,1409.36,Los Angeles,,Blue,Summer,4,No,Yes,,Credit Card,Quarterly
3395,31,Female,98,Vermont,S,Yellow,Spring,4.2,No,No,9,PayPal,Annually
2491,52,Male,78,Montana,M,Gray,Spring,4,No,No,5,Cash,Every 3 Months
3493,48,Female,65,South Dakota,M,Turquoise,Fall,4.6,No,No,48,Bank Transfer,Annually
3501,38,Female,48,Oregon,S,Silver,Fall,4.6,No,No,38,Debit Card,Fortnightly
1314,70,Male,28,Missouri,M,Lavender,Summer,,No,Yes,23,Credit Card,Bi-Weekly
450,26,Male,45,New York,L,Peach,Summer,2.9,Yes,Yes,35,Bank Transfer,Monthly
1014,59,Male,69,South Carolina,XL,Green,Summer,3.8,Yes,Yes,31,Venmo,Bi-Weekly
2203,42,Male,36,Alabama,M,Red,Summer,4.3,No,No,23,Credit Card,Weekly
3451,20,Female,78,Vermont,M,Pink,Spring,3.6,No,No,31,PayPal,Monthly
3212,53,Female,65,Rhode Island,L,Turquoise,Winter,4.9,No,No,12,Cash,Monthly
2430,57,Male,57,Virginia,XL,Maroon,Summer,4.4,No,No,47,Credit Card,Fortnightly
2952,47,Female,99,Arkansas,L,Maroon,Fall,4.6,No,No,14,Cash,Weekly
820,55,Male,36,Colorado,S,Teal,Winter,4.8,Yes,Yes,28,Debit Card,Quarterly
1570,20,Male,63,Hawaii,M,Orange,Summer,2.9,No,Yes,29,Debit Card,Weekly
472,55,Male,72,Missouri,XL,White,Winter,4.9,Yes,Yes,36,Bank Transfer,Quarterly
2465,47,Male,84,Hawaii,L,Teal,Winter,2.8,No,No,4,Cash,Bi-Weekly
1776,18,Male,47,Iowa,M,Violet,Spring,3.3,No,No,12,Cash,Bi-Weekly
3822,20,Female,48,Oregon,M,Gold,Summer,4.6,No,No,34,Credit Card,Every 3 Months
395,43,Male,29,North Dakota,M,Beige,Spring,4.8,Yes,Yes,7,Debit Card,Bi-Weekly
3528,25,Female,97,Washington,S,Charcoal,Spring,4.7,No,No,1,Cash,Weekly
3881,42,Female,20,Massachusetts,M,Red,Winter,3.9,No,No,40,PayPal,Monthly
368,52,Male,40,Tennessee,XL,Cyan,Spring,2.8,Yes,Yes,18,Bank Transfer,Monthly
1485,49,Male,46,Nebraska,M,Teal,Summer,4.4,No,Yes,22,Venmo,Every 3 Months
4723,70,Female,1135.07,Phoenix,M,Black,Spring,,Yes,Yes,45,PayPal,Monthly
2516,37,Male,92,Kansas,M,Magenta,Summer,4.2,No,No,41,Cash,Monthly
2408,52,Male,38,Illinois,M,Beige,Summer,3,No,No,11,Credit Card,Bi-Weekly
1704,39,Male,22,California,M,Black,Spring,4,No,No,12,Bank Transfer,Annually
5078,62,Male,,Chicago,S,Black,Summer,,No,No,,Credit Card,Quarterly
965,42,Male,51,Arizona,M,Beige,Spring,2.6,Yes,Yes,12,Venmo,Bi-Weekly
2646,23,Male,81,Louisiana,L,Olive,Spring,4,No,No,24,Bank Transfer,Bi-Weekly
4126,49,Female,,New York,XL,Red,Winter,,Yes,Yes,,PayPal,Monthly
3018,58,Female,71,Wisconsin,S,Purple,Summer,3.3,No,No,24,Cash,Bi-Weekly
306,60,Male,59,Utah,M,Teal,Fall,3.5,Yes,Yes,26,PayPal,Annually
5091,33,Male,1451.07,Los Angeles,L,Blue,Spring,,Yes,Yes,,PayPal,Weekly
1857,63,Male,55,Arizona,XL,Beige,Summer,3.2,No,No,30,PayPal,Bi-Weekly
5004,46,Other,,Los Angeles,,White,Summer,,No,No,32,Debit Card,Quarterly
2829,25,Female,83,Tennessee,L,Lavender,Fall,2.6,No,No,33,PayPal,Quarterly
524,46,Male,40,Delaware,M,Orange,Spring,4.9,Yes,Yes,5,PayPal,Quarterly
3691,24,Female,23,Kansas,S,Violet,Fall,3.7,No,No,4,Bank Transfer,Bi-Weekly
4658,49,Other,,Chicago,M,Blue,Winter,4,No,No,,PayPal,Monthly
2973,31,Female,39,New York,S,Indigo,Fall,4.2,No,No,11,Venmo,Every 3 Months
2017,53,Male,47,Maine,S,Violet,Winter,3.4,No,No,20,Debit Card,Fortnightly
1328,52,Male,40,Florida,M,Turquoise,Winter,2.8,No,Yes,37,Cash,Weekly
4937,52,Other,850.69,Los Angeles,,Red,Winter,3,No,Yes,,PayPal,Weekly
1204,40,Male,82,Minnesota,M,Orange,Winter,3.7,No,Yes,23,Bank Transfer,Annually
3310,48,Female,47,Massachusetts,M,Blue,Summer,3.1,No,No,19,PayPal,Monthly
1238,25,Male,92,Michigan,S,Charcoal,Spring,4.4,No,Yes,42,Credit Card,Quarterly
4067,28,Other,1028.71,Los Angeles,S,Green,Summer,,No,Yes,36,Debit Card,Monthly
2324,35,Male,93,Maryland,L,White,Winter,4.7,No,No,36,Credit Card,Monthly
824,51,Male,27,Georgia,M,Green,Winter,2.5,Yes,Yes,11,Credit Card,Quarterly
4642,27,Female,799.62,Los Angeles,,Red,Winter,1,Yes,No,39,Credit Card,Monthly
1605,18,Male,92,Maine,M,White,Summer,4.8,No,Yes,25,Credit Card,Every 3 Months
801,32,Male,20,Utah,S,Gold,Summer,2.6,Yes,Yes,20,Cash,Every 3 Months
4015,34,Other,409.98,Chicago,,Blue,Summer,,Yes,Yes,,PayPal,Monthly
4575,46,Female,,New York,,White,Spring,1,No,No,,Credit Card,Quarterly
4302,36,Male,,Los Angeles,M,White,Autumn,5,No,Yes,,Credit Card,Quarterly
2058,66,Male,37,South Dakota,L,Yellow,Spring,4.2,No,No,5,PayPal,Every 3 Months
2099,49,Male,28,Louisiana,M,White,Summer,3.3,No,No,20,Venmo,Quarterly
3648,47,Female,45,Kansas,M,Gray,Winter,2.9,No,No,12,Bank Transfer,Weekly
912,53,Male,74,Vermont,M,Black,Winter,2.8,Yes,Yes,2,Bank Transfer,Quarterly
4847,48,Female,1249.23,Houston,M,Blue,Autumn,,No,Yes,44,Debit Card,Monthly
2190,38,Male,94,Wisconsin,XL,Brown,Fall,4,No,No,47,Credit Card,Bi-Weekly
1761,20,Male,44,Minnesota,XL,Peach,Spring,3.5,No,No,39,PayPal,Weekly
4984,24,Female,,New York,,White,Autumn,,Yes,No,1,Debit Card,Monthly
3242,50,Female,58,Connecticut,M,Lavender,Summer,4.4,No,No,30,PayPal,Quarterly
2530,34,Male,62,Tennessee,M,Magenta,Spring,4.7,No,No,48,Bank Transfer,Monthly
652,32,Male,32,Arkansas,L,Yellow,Summer,2.9,Yes,,41,Venmo,Fortnightly
4034,39,Male,849.1,Houston,M,Red,Spring,,Yes,No,22,Credit Card,Monthly
1032,22,Male,50,Tennessee,M,Teal,Spring,3.4,Yes,Yes,32,Cash,Quarterly
4768,68,Male,,Phoenix,,Black,Spring,2,Yes,No,44,Cash,Weekly
1198,54,Male,92,Vermont,L,Violet,Fall,3.9,No,Yes,26,PayPal,Annually
1484,39,Male,61,Massachusetts,S,Yellow,Summer,4.7,No,Yes,12,Debit Card,Bi-Weekly
547,62,Male,74,New Mexico,M,Brown,Winter,3.4,Yes,Yes,45,Venmo,Bi-Weekly
1713,65,Male,87,Illinois,S,Beige,Fall,3.8,No,No,9,Cash,Fortnightly
3335,66,Female,23,California,M,Beige,Summer,3.4,No,No,21,Credit Card,Annually
1052,45,Male,53,Ohio,M,Indigo,Fall,2.6,Yes,Yes,39,PayPal,Annually
2644,49,Male,41,Maryland,S,Silver,Spring,2.9,No,No,37,Cash,Monthly
431,24,Male,40,Texas,M,Brown,Summer,3.5,Yes,Yes,40,Debit Card,Annually
2075,36,Male,53,Florida,M,White,Summer,3.1,No,No,44,Debit Card,Fortnightly
77,50,Male,43,Delaware,S,Teal,Summer,4.2,Yes,Yes,32,Venmo,Monthly
1392,53,Male,29,Mississippi,S,White,Winter,3.6,No,Yes,38,Credit Card,Annually
4661,63,Female,,New York,L,Red,Winter,,No,Yes,,Credit Card,Weekly
1622,68,Male,46,Ohio,L,Gray,Summer,3.9,No,Yes,38,Debit Card,Fortnightly
2632,53,Male,44,Connecticut,S,Violet,Summer,2.7,No,No,3,Cash,Weekly
4012,32,Other,199.98,Phoenix,L,Blue,Winter,,No,No,5,PayPal,Monthly
4218,40,Male,544.47,New York,L,Red,Spring,2,No,Yes,47,Credit Card,Weekly
318,58,Male,82,West Virginia,L,Teal,Fall,4.3,Yes,Yes,42,Cash,Every 3 Months
3291,52,Female,82,North Dakota,L,Black,Spring,3.1,No,No,2,PayPal,Monthly
4406,19,Other,,New York,,Blue,Summer,,Yes,No,,Cash,Monthly
997,29,Male,91,Delaware,L,Maroon,Summer,4.9,Yes,Yes,32,Bank Transfer,Quarterly
2998,41,Female,40,Idaho,S,Yellow,Spring,2.7,No,No,14,Venmo,Every 3 Months
3638,32,Female,66,Utah,L,Yellow,Winter,3.6,No,No,32,Credit Card,Fortnightly
3439,26,Female,71,Kentucky,M,Violet,Fall,3,No,No,33,Credit Card,Monthly
3340,20,Female,99,Nebraska,M,Cyan,Fall,3.6,No,No,35,Cash,Fortnightly
687,70,Male,35,Indiana,L,Beige,Fall,3,Yes,Yes,33,Venmo,Fortnightly
926,22,Male,88,Arizona,L,Teal,Winter,4.9,Yes,Yes,8,Cash,Monthly
826,27,Male,94,Nebraska,XL,Brown,Fall,3.6,Yes,Yes,17,Cash,Monthly
1721,25,Male,84,Massachusetts,S,Beige,Winter,2.8,No,No,40,Debit Card,Bi-Weekly
2398,37,Male,26,West Virginia,L,Black,Fall,2.9,No,No,41,Venmo,Monthly
2229,54,Male,50,Kansas,M,Green,Fall,3.7,No,No,5,Credit Card,Weekly
913,24,Male,56,Arkansas,M,Green,Winter,3.4,Yes,Yes,32,Bank Transfer,Monthly
3466,19,Female,53,Iowa,M,Gold,Spring,3.4,No,No,31,Debit Card,Weekly
3572,70,Female,27,North Dakota,M,White,Summer,3.2,No,No,15,Bank Transfer,Every 3 Months
3195,43,Female,52,Maryland,L,Gold,Summer,4.6,No,No,10,Credit Card,Bi-Weekly
1832,62,Male,71,Maine,M,Cyan,Summer,,No,No,5,Bank Transfer,Every 3 Months
