Order Id,Order Date,Ship Mode,Segment,Category,Sub Category,Product Id,cost price,List Price,Quantity,Discount Percent,Customer ID
1,01-03-2023,Second Class,Consumer,Furniture,Bookcases,FUR-BO-10001798,240,260,2,2,782
2,15-08-2023,Second Class,Consumer,Furniture,Chairs,FUR-CH-10000454,600,730,3,3,2827
3,10-01-2023,Second Class,Corporate,Office Supplies,Labels,OFF-LA-10000240,10,10,2,5,1806
4,18-06-2022,Standard Class,Consumer,Furniture,Tables,FUR-TA-10000577,780,960,5,2,1642
5,13-07-2022,Standard Class,Consumer,Office Supplies,Storage,OFF-ST-10000760,20,20,2,5,1349
6,13-03-2022,Not Available,Consumer,Furniture,Furnishings,FUR-FU-10001487,50,50,7,3,4993
7,28-12-2022,Standard Class,Consumer,Office Supplies,Art,OFF-AR-10002833,10,10,4,3,1433
8,25-01-2022,Standard Class,Consumer,Technology,Phones,TEC-PH-10002275,860,910,6,5,2231
9,23-03-2023,Not Available,Consumer,Office Supplies,Binders,OFF-BI-10003910,20,20,3,2,3199
10,16-05-2023,Standard Class,Consumer,Office Supplies,Appliances,OFF-AP-10002892,90,110,5,3,1993
11,31-03-2023,Not Available,Consumer,Furniture,Tables,FUR-TA-10001539,1470,1710,9,3,797
12,25-12-2023,Not Available,Consumer,Technology,Phones,TEC-PH-10002033,750,910,4,3,1206
13,11-02-2022,Standard Class,Consumer,Office Supplies,Paper,OFF-PA-10002365,20,20,3,3,3749
14,18-07-2023,Standard Class,Consumer,Office Supplies,Binders,OFF-BI-10003656,360,410,3,2,1673
15,09-11-2023,unknown,Home Office,Office Supplies,Appliances,OFF-AP-10002311,60,70,5,5,294
16,18-06-2022,Standard Class,Home Office,Office Supplies,Binders,OFF-BI-10000756,0,0,3,5,2694
17,04-02-2022,Standard Class,Consumer,Office Supplies,Storage,OFF-ST-10004186,610,670,6,3,185
18,04-08-2023,Second Class,Consumer,Office Supplies,Storage,OFF-ST-10000107,60,60,2,4,1557
19,23-01-2022,Second Class,Consumer,Office Supplies,Art,OFF-AR-10003056,10,10,2,4,1082
20,11-01-2022,Second Class,Consumer,Technology,Phones,TEC-PH-10001949,170,210,3,3,1264
21,05-10-2022,Second Class,Consumer,Office Supplies,Binders,OFF-BI-10002215,20,20,4,2,2427
22,16-07-2023,Standard Class,Corporate,Office Supplies,Art,OFF-AR-10000246,20,20,7,4,1173
23,06-05-2023,Standard Class,Corporate,Office Supplies,Appliances,OFF-AP-10001492,50,60,7,3,1011
24,21-05-2023,Second Class,Consumer,Furniture,Chairs,FUR-CH-10002774,60,70,2,4,3107
25,24-02-2023,Standard Class,Consumer,Furniture,Tables,FUR-TA-10000577,900,1040,3,5,3166
26,20-06-2022,Second Class,Consumer,Office Supplies,Binders,OFF-BI-10001634,10,10,2,5,85
27,08-02-2022,Second Class,Consumer,Technology,Accessories,TEC-AC-10003027,80,90,3,3,1952
28,11-12-2023,Standard Class,Consumer,Furniture,Bookcases,FUR-BO-10004834,2740,3080,7,3,4655
29,21-08-2022,Standard Class,Consumer,Office Supplies,Binders,OFF-BI-10000474,10,10,2,5,193
30,14-08-2022,Standard Class,Consumer,Furniture,Furnishings,FUR-FU-10004848,100,120,3,4,4668
31,20-11-2022,Standard Class,Consumer,Office Supplies,Envelopes,OFF-EN-10001509,0,0,2,5,3427
32,19-01-2023,Standard Class,Consumer,Office Supplies,Art,OFF-AR-10004042,70,90,6,4,4500
33,30-01-2023,Standard Class,Consumer,Office Supplies,Binders,OFF-BI-10001525,10,10,6,5,3
34,03-06-2022,Standard Class,Consumer,Office Supplies,Art,OFF-AR-10001683,20,20,2,4,788
35,28-09-2022,Second Class,Home Office,Office Supplies,Paper,OFF-PA-10000249,30,30,3,3,4221
36,30-10-2022,First Class,Corporate,Technology,Phones,TEC-PH-10004977,1020,1100,7,5,3745
37,27-07-2023,First Class,Corporate,Furniture,Furnishings,FUR-FU-10003664,180,190,5,4,1283
38,07-03-2023,Standard Class,Home Office,Office Supplies,Envelopes,OFF-EN-10002986,90,110,9,2,4826
39,18-08-2023,Standard Class,Home Office,Furniture,Bookcases,FUR-BO-10002545,460,530,3,2,2259
40,20-01-2022,Standard Class,Home Office,Furniture,Chairs,FUR-CH-10004218,200,210,3,2,4785
41,29-06-2023,Standard Class,Home Office,Technology,Phones,TEC-PH-10000486,350,370,4,5,4548
42,28-06-2022,Standard Class,Corporate,Technology,Phones,TEC-PH-10004093,140,150,4,3,217
43,09-02-2023,Standard Class,Corporate,Office Supplies,Storage,OFF-ST-10003479,70,80,2,5,111
44,18-09-2023,Standard Class,Corporate,Office Supplies,Storage,OFF-ST-10003282,90,100,2,4,3003
45,11-11-2022,First Class,Corporate,Technology,Accessories,TEC-AC-10000171,40,50,2,2,240
46,27-05-2022,First Class,Corporate,Office Supplies,Binders,OFF-BI-10003291,20,20,2,5,4734
47,03-02-2023,Second Class,Consumer,Office Supplies,Storage,OFF-ST-10001713,180,210,4,4,1943
48,16-02-2022,Standard Class,Consumer,Technology,Accessories,TEC-AC-10002167,50,50,3,5,3852
49,06-05-2022,Standard Class,Consumer,Technology,Phones,TEC-PH-10003988,20,20,2,4,970
50,18-06-2023,Standard Class,Consumer,Office Supplies,Binders,OFF-BI-10004410,30,40,6,4,1341
51,11-01-2022,Standard Class,Consumer,Office Supplies,Labels,OFF-LA-10002762,70,80,6,4,273
52,09-09-2023,Standard Class,Consumer,Furniture,Furnishings,FUR-FU-10001706,10,10,2,4,3115
53,31-01-2022,Standard Class,Consumer,Furniture,Chairs,FUR-CH-10003061,70,90,1,5,4744
54,30-07-2023,Standard Class,Corporate,Office Supplies,Fasteners,OFF-FA-10000304,20,20,7,3,1881
55,17-10-2023,Standard Class,Corporate,Technology,Phones,TEC-PH-10002447,850,1030,5,4,817
56,06-07-2023,First Class,Consumer,Office Supplies,Storage,OFF-ST-10000604,200,210,6,5,4350
57,15-09-2023,First Class,Consumer,Office Supplies,Paper,OFF-PA-10001569,30,30,5,5,4274
58,09-08-2022,First Class,Consumer,Furniture,Chairs,FUR-CH-10003968,290,320,5,2,2025
59,05-04-2022,First Class,Consumer,Office Supplies,Paper,OFF-PA-10000587,10,10,2,4,3723
60,24-06-2023,First Class,Consumer,Technology,Accessories,TEC-AC-10002167,20,30,2,5,4935
61,10-03-2022,First Class,Consumer,Office Supplies,Binders,OFF-BI-10001460,40,50,4,2,2045
62,08-04-2023,First Class,Consumer,Office Supplies,Art,OFF-AR-10001868,0,0,1,5,2474
63,16-10-2023,Standard Class,Consumer,Technology,Accessories,TEC-AC-10004633,10,10,2,3,2149
64,02-08-2023,Standard Class,Consumer,Office Supplies,Binders,OFF-BI-10001078,20,30,6,2,1306
65,05-11-2022,Standard Class,Consumer,Office Supplies,Paper,OFF-PA-10003892,130,150,3,5,1385
66,06-05-2022,Standard Class,Consumer,Furniture,Furnishings,FUR-FU-10000397,70,80,4,2,566
67,26-03-2022,Standard Class,Home Office,Furniture,Chairs,FUR-CH-10001146,180,210,5,5,2106
68,10-04-2022,Standard Class,Corporate,Office Supplies,Art,OFF-AR-10002671,940,1110,8,3,2465
69,12-08-2022,Standard Class,Corporate,Technology,Phones,TEC-PH-10002726,160,170,4,3,670
70,25-02-2022,First Class,Consumer,Office Supplies,Paper,OFF-PA-10000482,70,80,2,2,1444
71,29-11-2022,Standard Class,Consumer,Office Supplies,Binders,OFF-BI-10004654,0,0,1,3,1773
72,18-12-2022,Second Class,Consumer,Office Supplies,Paper,OFF-PA-10004675,20,20,3,3,4700
73,07-03-2023,Standard Class,Consumer,Furniture,Chairs,FUR-CH-10000513,790,830,8,2,3496
74,12-07-2023,Standard Class,Consumer,Furniture,Furnishings,FUR-FU-10003708,90,100,2,3,373
75,21-10-2022,Standard Class,Consumer,Office Supplies,Storage,OFF-ST-10004123,60,70,1,2,2178
76,17-04-2023,First Class,Corporate,Office Supplies,Binders,OFF-BI-10004182,0,0,3,4,1826
77,20-05-2023,First Class,Corporate,Furniture,Furnishings,FUR-FU-10000260,10,10,3,4,1213
78,13-05-2023,First Class,Corporate,Office Supplies,Storage,OFF-ST-10000615,20,30,3,2,1223
79,20-10-2022,Second Class,Consumer,Furniture,Furnishings,FUR-FU-10003194,20,20,5,2,2719
80,22-10-2023,First Class,Corporate,Office Supplies,Appliances,OFF-AP-10002118,190,210,1,3,3661
81,20-07-2022,First Class,Corporate,Office Supplies,Binders,OFF-BI-10002309,20,20,3,2,1999
82,16-11-2022,Standard Class,Consumer,Office Supplies,Art,OFF-AR-10002053,10,10,5,5,2574
83,10-11-2022,Standard Class,Consumer,Office Supplies,Storage,OFF-ST-10002370,20,20,1,4,36
84,15-03-2022,Standard Class,Corporate,Office Supplies,Envelopes,OFF-EN-10000927,180,200,7,3,2832
85,03-10-2023,First Class,Home Office,Office Supplies,Storage,OFF-ST-10003656,210,230,3,2,3276
86,20-03-2022,Second Class,Consumer,Furniture,Chairs,FUR-CH-10000863,260,300,2,5,4782
87,04-12-2023,Standard Class,Consumer,Technology,Accessories,TEC-AC-10001998,20,20,1,5,3517
88,24-11-2023,Standard Class,Consumer,Office Supplies,Labels,OFF-LA-10000134,10,10,2,5,736
89,30-12-2023,Second Class,Home Office,Office Supplies,Storage,OFF-ST-10003442,140,160,7,5,4361
90,23-05-2022,Standard Class,Corporate,Office Supplies,Art,OFF-AR-10004930,20,20,3,2,4681
91,06-04-2023,Standard Class,Corporate,Technology,Phones,TEC-PH-10004093,60,70,2,2,2796
92,23-03-2022,Standard Class,Corporate,Office Supplies,Paper,OFF-PA-10000304,10,10,1,2,1046
93,07-04-2023,Second Class,Consumer,Office Supplies,Paper,OFF-PA-10003177,10,10,2,2,2936
94,13-05-2022,Second Class,Consumer,Furniture,Furnishings,FUR-FU-10003799,50,50,3,5,3806
95,23-04-2022,Second Class,Consumer,Office Supplies,Binders,OFF-BI-10002852,20,30,2,3,5037
96,17-12-2023,Standard Class,Home Office,Office Supplies,Binders,OFF-BI-10004738,10,10,1,2,1692
97,28-04-2022,Second Class,Home Office,Furniture,Furnishings,FUR-FU-10000629,80,100,7,5,5056
98,14-06-2023,First Class,Consumer,Office Supplies,Binders,OFF-BI-10001721,40,50,3,4,2631
99,05-02-2023,Standard Class,Corporate,Office Supplies,Appliances,OFF-AP-10000358,70,80,6,3,4672
100,30-12-2023,Standard Class,Home Office,Office Supplies,Paper,OFF-PA-10003256,60,60,7,3,3644
101,24-02-2022,Standard Class,Home Office,Technology,Accessories,TEC-AC-10001767,80,100,3,5,1060
102,25-07-2022,Standard Class,Home Office,Office Supplies,Binders,OFF-BI-10002609,0,0,3,3,1972
103,14-01-2022,Second Class,Consumer,Office Supplies,Paper,OFF-PA-10004040,20,20,4,4,4693
104,22-12-2022,Standard Class,Consumer,Technology,Accessories,TEC-AC-10001552,220,240,6,3,2717
105,09-06-2022,Standard Class,Consumer,Furniture,Furnishings,FUR-FU-10004006,90,100,3,5,3202
106,28-10-2023,Standard Class,Consumer,Office Supplies,Binders,OFF-BI-10002794,30,40,3,5,181
107,18-10-2022,Standard Class,Consumer,Technology,Accessories,TEC-AC-10003499,60,70,8,5,5012
108,23-11-2022,Standard Class,Consumer,Technology,Phones,TEC-PH-10002844,30,30,1,3,3345
109,12-10-2023,Standard Class,Consumer,Office Supplies,Art,OFF-AR-10000390,0,0,1,3,688
110,17-03-2023,Standard Class,Home Office,Technology,Accessories,TEC-AC-10000844,290,340,5,2,2865
111,05-09-2023,Standard Class,Corporate,Furniture,Furnishings,FUR-FU-10001934,30,40,2,2,4729
112,28-01-2022,Standard Class,Consumer,Office Supplies,Art,OFF-AR-10000380,70,80,2,3,5009
113,26-12-2022,Standard Class,Consumer,Office Supplies,Binders,OFF-BI-10003981,30,30,6,3,4088
114,06-06-2023,Second Class,Consumer,Office Supplies,Fasteners,OFF-FA-10000621,40,40,14,2,2604
115,08-11-2023,Second Class,Consumer,Office Supplies,Envelopes,OFF-EN-10002600,0,0,2,4,552
116,15-11-2022,Second Class,Consumer,Office Supplies,Paper,OFF-PA-10004965,20,20,3,4,377
117,30-06-2022,Second Class,Consumer,Office Supplies,Envelopes,OFF-EN-10002504,120,130,6,5,337
118,27-10-2023,Standard Class,Consumer,Furniture,Tables,FUR-TA-10001768,720,790,3,4,935
119,19-07-2023,,Corporate,Office Supplies,Binders,OFF-BI-10003650,140,160,1,5,1356
120,30-03-2023,First Class,Consumer,Furniture,Furnishings,FUR-FU-10002157,50,50,3,3,1128
121,03-03-2022,First Class,Consumer,Office Supplies,Binders,OFF-BI-10003910,20,30,4,2,1250
122,20-10-2022,First Class,Consumer,Office Supplies,Storage,OFF-ST-10000777,190,230,6,2,2299
123,23-01-2023,First Class,Consumer,Office Supplies,Envelopes,OFF-EN-10002500,110,120,9,4,2331
124,21-01-2023,First Class,Consumer,Technology,Phones,TEC-PH-10003875,60,70,7,2,4601
125,18-07-2023,Second Class,Home Office,Furniture,Chairs,FUR-CH-10004063,550,600,3,3,4244
126,15-07-2023,Standard Class,Consumer,Furniture,Tables,FUR-TA-10004534,540,620,6,4,3410
127,14-07-2022,Standard Class,Consumer,Office Supplies,Binders,OFF-BI-10003274,0,0,2,4,3430
128,30-03-2023,Standard Class,Consumer,Office Supplies,Storage,OFF-ST-10002974,200,240,7,4,2572
129,18-09-2023,Second Class,Home Office,Furniture,Chairs,FUR-CH-10001146,70,80,2,2,3626
130,03-01-2022,Second Class,Home Office,Furniture,Furnishings,FUR-FU-10003773,220,240,3,4,3247
131,17-07-2022,First Class,Corporate,Technology,Phones,TEC-PH-10002293,50,60,5,3,1180
132,30-03-2022,First Class,Corporate,Office Supplies,Paper,OFF-PA-10002377,80,80,2,4,1346
133,01-05-2022,First Class,Corporate,Office Supplies,Fasteners,OFF-FA-10002780,20,20,9,5,1943
134,29-04-2023,Standard Class,Consumer,Office Supplies,Paper,OFF-PA-10001804,20,20,3,4,566
135,28-10-2022,Standard Class,Consumer,Office Supplies,Paper,OFF-PA-10001736,30,40,1,5,1906
136,05-03-2022,Standard Class,Consumer,Office Supplies,Art,OFF-AR-10001149,10,10,4,5,1208
137,28-03-2022,Standard Class,Consumer,Office Supplies,Fasteners,OFF-FA-10002988,0,0,2,5,1317
138,16-10-2023,Standard Class,Consumer,Office Supplies,Binders,OFF-BI-10004781,70,80,3,2,630
139,15-05-2022,Standard Class,Consumer,Office Supplies,Supplies,OFF-SU-10001218,60,70,6,5,381
140,06-06-2023,Standard Class,Consumer,Furniture,Furnishings,FUR-FU-10001706,40,40,14,2,3575
141,10-06-2022,Second Class,Corporate,Furniture,Furnishings,FUR-FU-10004848,60,80,2,2,3741
142,22-07-2022,Standard Class,Corporate,Office Supplies,Art,OFF-AR-10000940,10,10,3,3,726
143,27-12-2023,Standard Class,Corporate,Office Supplies,Envelopes,OFF-EN-10004030,10,10,3,2,860
144,29-11-2023,Standard Class,Corporate,Office Supplies,Paper,OFF-PA-10004327,130,140,3,5,4275
145,19-03-2022,Standard Class,Consumer,Office Supplies,Appliances,OFF-AP-10001058,780,840,3,2,2258
146,04-06-2023,Standard Class,Consumer,Office Supplies,Storage,OFF-ST-10003656,600,670,7,3,2068
147,31-05-2023,Standard Class,Home Office,Furniture,Furnishings,FUR-FU-10000521,80,90,4,4,2930
148,12-06-2022,Standard Class,Corporate,Technology,Phones,TEC-PH-10000215,350,380,11,4,169
149,18-05-2022,Standard Class,Corporate,Technology,Phones,TEC-PH-10001448,140,150,3,5,3184
150,23-01-2022,Standard Class,Corporate,Furniture,Chairs,FUR-CH-10000454,1580,1950,8,3,967
151,21-08-2023,Standard Class,Corporate,Office Supplies,Binders,OFF-BI-10002735,150,170,5,4,4696
152,31-08-2023,First Class,Home Office,Office Supplies,Appliances,OFF-AP-10000326,140,160,5,5,5
153,25-10-2022,First Class,Home Office,Technology,Phones,TEC-PH-10001254,160,200,2,2,736
154,07-10-2022,First Class,Corporate,Office Supplies,Paper,OFF-PA-10001950,50,60,7,4,2338
155,25-03-2023,First Class,Corporate,Office Supplies,Paper,OFF-PA-10002254,100,110,4,4,1694
156,27-03-2023,First Class,Corporate,Office Supplies,Storage,OFF-ST-10001590,60,80,6,4,871
157,03-05-2022,Standard Class,Home Office,Office Supplies,Art,OFF-AR-10001547,10,10,3,3,617
158,18-05-2022,Second Class,Consumer,Furniture,Chairs,FUR-CH-10004063,380,460,2,2,3898
159,25-04-2022,Standard Class,Consumer,Office Supplies,Labels,OFF-LA-10002475,10,10,2,3,698
160,30-06-2022,Standard Class,Consumer,Technology,Phones,TEC-PH-10004536,870,940,7,5,2974
161,10-01-2022,First Class,Consumer,Office Supplies,Paper,OFF-PA-10002751,10,10,1,4,2318
162,27-11-2023,Second Class,Consumer,Technology,Accessories,TEC-AC-10003657,40,50,2,5,207
163,16-02-2022,Standard Class,Consumer,Office Supplies,Envelopes,OFF-EN-10001990,30,30,5,4,4733
164,14-08-2022,Standard Class,Consumer,Office Supplies,Binders,OFF-BI-10004002,20,30,2,3,4744
165,14-10-2023,Standard Class,Consumer,Office Supplies,Art,OFF-AR-10004441,10,10,3,5,3000
166,16-10-2022,Standard Class,Consumer,Technology,Machines,TEC-MA-10000822,6850,8160,8,4,3459
167,20-11-2022,Standard Class,Consumer,Office Supplies,Storage,OFF-ST-10000991,250,280,3,4,3414
168,04-11-2023,Standard Class,Consumer,Furniture,Chairs,FUR-CH-10004287,1620,1740,9,4,1556
169,16-06-2023,Standard Class,Consumer,Office Supplies,Art,OFF-AR-10002656,30,30,6,4,3876
170,20-10-2022,Standard Class,Consumer,Office Supplies,Appliances,OFF-AP-10002518,150,180,5,2,1604
171,12-07-2022,Standard Class,Consumer,Technology,Phones,TEC-PH-10003931,120,140,3,5,1292
172,28-01-2022,Standard Class,Consumer,Office Supplies,Paper,OFF-PA-10000659,20,20,3,2,569
173,10-10-2023,Standard Class,Consumer,Office Supplies,Paper,OFF-PA-10001144,100,110,2,4,3069
174,05-10-2022,Standard Class,Consumer,Furniture,Chairs,FUR-CH-10003817,290,340,7,2,5004
175,02-01-2023,Standard Class,Corporate,Office Supplies,Appliances,OFF-AP-10000891,50,50,2,4,785
176,07-04-2023,Standard Class,Corporate,Office Supplies,Labels,OFF-LA-10003148,20,20,4,5,1771
177,21-04-2022,Second Class,Consumer,Office Supplies,Appliances,OFF-AP-10002684,90,100,4,2,1842
178,28-10-2023,Second Class,Consumer,Furniture,Chairs,FUR-CH-10004698,370,400,7,5,283
179,18-04-2022,Second Class,Consumer,Office Supplies,Supplies,OFF-SU-10002189,20,20,5,3,799
180,08-03-2022,Standard Class,Home Office,Office Supplies,Art,OFF-AR-10001940,0,0,1,5,1415
181,08-06-2023,Second Class,Corporate,Office Supplies,Storage,OFF-ST-10003455,20,20,2,5,4812
182,25-06-2022,Second Class,Corporate,Technology,Accessories,TEC-AC-10004659,380,410,7,3,4327
183,10-01-2022,Second Class,Home Office,Technology,Phones,TEC-PH-10003273,470,500,4,5,3462
184,17-10-2023,Second Class,Home Office,Technology,Phones,TEC-PH-10004896,140,150,5,2,546
185,23-02-2023,Second Class,Home Office,Technology,Accessories,TEC-AC-10002345,30,30,2,5,1848
186,19-10-2022,Standard Class,Consumer,Office Supplies,Binders,OFF-BI-10001890,10,10,2,2,4919
187,22-08-2022,Standard Class,Home Office,Technology,Accessories,TEC-AC-10002323,160,180,8,3,4759
188,11-10-2023,Standard Class,Corporate,Office Supplies,Storage,OFF-ST-10001328,40,40,3,4,37
189,06-12-2022,Standard Class,Corporate,Office Supplies,Paper,OFF-PA-10001950,20,20,3,3,861
190,09-12-2023,First Class,Home Office,Furniture,Bookcases,FUR-BO-10002613,820,900,4,3,3296
191,12-07-2022,First Class,Home Office,Technology,Phones,TEC-PH-10001552,60,70,6,4,654
192,23-06-2022,First Class,Home Office,Office Supplies,Paper,OFF-PA-10000061,50,50,8,5,3280
193,04-11-2023,First Class,Home Office,Furniture,Bookcases,FUR-BO-10002545,520,630,3,2,2001
194,11-11-2022,First Class,Home Office,Office Supplies,Art,OFF-AR-10003514,20,20,5,3,1528
195,07-01-2023,Standard Class,Corporate,Office Supplies,Envelopes,OFF-EN-10001509,10,10,7,2,3100
196,26-10-2022,Standard Class,Consumer,Office Supplies,Art,OFF-AR-10004685,10,10,2,5,2305
197,03-11-2023,Standard Class,Consumer,Office Supplies,Art,OFF-AR-10004027,10,10,3,2,4632
198,05-03-2023,Standard Class,Home Office,Office Supplies,Storage,OFF-ST-10001414,40,50,3,5,3215
199,21-12-2022,Standard Class,Corporate,Office Supplies,Binders,OFF-BI-10000343,0,0,2,5,1932
200,16-06-2022,Standard Class,Corporate,Office Supplies,Paper,OFF-PA-10002749,20,20,3,2,1242
201,11-12-2022,Standard Class,Consumer,Office Supplies,Paper,OFF-PA-10002666,20,20,3,5,2988
202,13-07-2022,First Class,Consumer,Furniture,Tables,FUR-TA-10004289,200,220,2,3,2004
203,31-12-2022,First Class,Consumer,Office Supplies,Appliances,OFF-AP-10003622,0,0,1,5,2009
204,12-03-2022,Second Class,Consumer,Office Supplies,Appliances,OFF-AP-10003217,60,70,2,2,647
205,14-10-2023,Standard Class,Corporate,Furniture,Furnishings,FUR-FU-10002960,40,40,7,3,3716
206,10-07-2023,Standard Class,Consumer,Technology,Phones,TEC-PH-10001918,370,440,4,3,339
207,01-12-2023,Standard Class,Consumer,Office Supplies,Storage,OFF-ST-10000642,70,80,4,4,2231
208,08-08-2023,Standard Class,Consumer,Technology,Phones,TEC-PH-10001700,120,130,2,3,4638
209,19-08-2022,Standard Class,Consumer,Office Supplies,Binders,OFF-BI-10003274,20,20,4,3,2055
210,30-12-2023,Standard Class,Consumer,Office Supplies,Fasteners,OFF-FA-10000134,50,50,9,2,925
211,17-07-2022,Standard Class,Consumer,Office Supplies,Storage,OFF-ST-10001522,80,90,1,5,3717
212,07-10-2023,Second Class,Corporate,Technology,Accessories,TEC-AC-10001266,20,20,2,4,4214
213,22-04-2023,Standard Class,Corporate,Office Supplies,Labels,OFF-LA-10004544,20,20,2,4,44
214,22-04-2023,Standard Class,Corporate,Furniture,Bookcases,FUR-BO-10004695,390,450,5,5,3496
215,20-11-2023,Standard Class,Corporate,Technology,Phones,TEC-PH-10002844,50,60,3,3,4780
216,31-03-2023,Standard Class,Corporate,Technology,Machines,TEC-MA-10000864,1040,1190,9,4,1392
217,29-08-2022,Standard Class,Corporate,Technology,Accessories,TEC-AC-10000109,80,90,2,5,2037
218,06-05-2022,Standard Class,Consumer,Office Supplies,Storage,OFF-ST-10001328,80,90,6,3,605
219,10-08-2023,Standard Class,Consumer,Technology,Phones,TEC-PH-10002563,250,300,3,4,5022
220,24-04-2023,First Class,Consumer,Office Supplies,Fasteners,OFF-FA-10000585,10,10,2,2,126
221,24-03-2022,First Class,Consumer,Office Supplies,Paper,OFF-PA-10004000,20,20,6,4,4370
222,26-03-2023,First Class,Consumer,Office Supplies,Binders,OFF-BI-10002852,20,20,4,3,3506
223,18-04-2022,First Class,Consumer,Furniture,Furnishings,FUR-FU-10000087,60,70,4,3,578
224,17-03-2023,First Class,Consumer,Technology,Machines,TEC-MA-10001148,410,480,4,4,84
225,19-11-2023,First Class,Consumer,Office Supplies,Art,OFF-AR-10001958,30,30,2,4,3828
226,18-11-2023,Standard Class,Corporate,Office Supplies,Art,OFF-AR-10001026,0,0,1,2,2674
227,22-04-2023,Standard Class,Corporate,Furniture,Tables,FUR-TA-10003748,510,620,5,2,4313
228,22-04-2022,Standard Class,Corporate,Office Supplies,Storage,OFF-ST-10002485,20,20,1,3,2310
229,17-02-2022,Standard Class,Consumer,Furniture,Chairs,FUR-CH-10004860,130,160,2,2,1470
230,02-10-2023,Standard Class,Consumer,Furniture,Chairs,FUR-CH-10004477,360,390,8,2,1607
231,21-07-2023,Standard Class,Corporate,Office Supplies,Binders,OFF-BI-10001679,20,20,7,5,4101
232,18-01-2023,Standard Class,Home Office,Furniture,Tables,FUR-TA-10001705,210,230,2,4,3776
233,19-10-2023,Standard Class,Home Office,Furniture,Tables,FUR-TA-10003473,510,620,3,4,4808
234,13-09-2023,Standard Class,Home Office,Office Supplies,Binders,OFF-BI-10001679,10,10,2,2,2951
235,10-11-2023,Standard Class,Home Office,Furniture,Furnishings,FUR-FU-10004017,250,260,3,5,2030
236,26-11-2023,Standard Class,Home Office,Technology,Accessories,TEC-AC-10003832,500,620,3,4,4335
237,02-01-2022,Standard Class,Corporate,Office Supplies,Paper,OFF-PA-10002479,10,10,2,4,5082
238,19-01-2022,Second Class,Consumer,Office Supplies,Paper,OFF-PA-10003349,30,30,5,4,360
239,13-12-2023,Second Class,Consumer,Furniture,Furnishings,FUR-FU-10000576,340,420,5,2,4413
240,20-01-2023,Second Class,Consumer,Furniture,Furnishings,FUR-FU-10004351,10,10,3,2,4057
241,25-04-2023,Second Class,Consumer,Technology,Phones,TEC-PH-10000011,30,30,2,3,758
242,27-05-2023,Second Class,Consumer,Furniture,Tables,FUR-TA-10002607,150,180,5,3,2371
243,08-11-2022,Second Class,Consumer,Furniture,Furnishings,FUR-FU-10002505,0,0,3,4,431
244,08-01-2022,Second Class,Consumer,Office Supplies,Art,OFF-AR-10004685,10,10,2,3,2241
245,20-04-2022,Second Class,Home Office,Furniture,Chairs,FUR-CH-10004063,1620,2000,7,2,154
246,09-11-2022,Second Class,Home Office,Office Supplies,Storage,OFF-ST-10002276,150,170,2,4,590
247,29-04-2023,Second Class,Home Office,Office Supplies,Paper,OFF-PA-10004082,40,50,6,5,4018
248,28-04-2023,Second Class,Home Office,Office Supplies,Appliances,OFF-AP-10002945,1380,1500,5,5,4339
249,26-09-2022,Second Class,Home Office,Office Supplies,Paper,OFF-PA-10000061,20,30,4,3,3030
250,18-08-2023,Second Class,Consumer,Furniture,Chairs,FUR-CH-10002965,300,320,2,5,3471
251,19-09-2023,Standard Class,Consumer,Office Supplies,Paper,OFF-PA-10004569,10,10,1,3,2050
252,28-05-2022,Standard Class,Consumer,Technology,Accessories,TEC-AC-10003832,3050,3350,13,4,688
253,03-04-2022,First Class,Consumer,Office Supplies,Storage,OFF-ST-10001228,70,80,6,5,3543
254,18-04-2022,First Class,Consumer,Office Supplies,Envelopes,OFF-EN-10003296,330,360,4,4,2465
255,25-12-2022,Standard Class,Corporate,Furniture,Furnishings,FUR-FU-10002505,10,10,9,2,2049
256,26-11-2022,Standard Class,Corporate,Office Supplies,Storage,OFF-ST-10004804,70,80,2,2,3843
257,25-04-2022,Standard Class,Corporate,Office Supplies,Storage,OFF-ST-10001590,40,50,5,2,4722
258,08-04-2023,Standard Class,Corporate,Technology,Phones,TEC-PH-10001580,590,650,6,4,799
259,10-02-2022,Second Class,Consumer,Technology,Accessories,TEC-AC-10000290,20,20,3,5,555
260,20-10-2022,Second Class,Consumer,Office Supplies,Storage,OFF-ST-10002790,180,220,3,4,5056
261,11-06-2022,Second Class,Consumer,Office Supplies,Binders,OFF-BI-10003460,20,20,5,5,2281
262,29-08-2023,Standard Class,Corporate,Office Supplies,Appliances,OFF-AP-10002203,0,0,2,2,294
263,26-12-2022,Second Class,Corporate,Technology,Machines,TEC-MA-10000822,2690,3060,3,3,2244
264,14-06-2022,Second Class,Corporate,Technology,Machines,TEC-MA-10003353,2170,2520,7,3,750
265,20-06-2023,Standard Class,Consumer,Technology,Phones,TEC-PH-10001433,300,330,4,3,158
266,17-11-2022,Standard Class,Consumer,Technology,Accessories,TEC-AC-10004469,70,80,2,4,1282
267,25-10-2023,Standard Class,Corporate,Office Supplies,Art,OFF-AR-10003602,10,10,3,5,962
268,19-05-2022,Standard Class,Consumer,Office Supplies,Fasteners,OFF-FA-10003472,10,10,6,2,1159
269,10-08-2022,Standard Class,Corporate,Office Supplies,Storage,OFF-ST-10004180,30,40,1,3,761
270,17-12-2023,Standard Class,Corporate,Office Supplies,Envelopes,OFF-EN-10004386,50,60,3,3,5086
271,24-01-2022,Second Class,Corporate,Office Supplies,Storage,OFF-ST-10003208,590,730,4,2,1040
272,16-09-2022,First Class,Consumer,Technology,Accessories,TEC-AC-10003628,200,210,7,5,3127
273,29-11-2022,First Class,Consumer,Furniture,Furnishings,FUR-FU-10003274,10,10,3,4,2274
274,31-10-2022,First Class,Consumer,Office Supplies,Binders,OFF-BI-10002557,10,10,3,4,3262
275,05-02-2023,First Class,Corporate,Office Supplies,Paper,OFF-PA-10002615,10,10,2,3,5022
276,04-04-2023,First Class,Corporate,Office Supplies,Art,OFF-AR-10001427,10,10,1,2,4913
277,20-10-2023,Standard Class,Corporate,Office Supplies,Paper,OFF-PA-10000673,10,10,2,4,1245
278,21-05-2022,Standard Class,Corporate,Office Supplies,Paper,OFF-PA-10004470,20,20,4,2,742
279,10-03-2022,Standard Class,Corporate,Office Supplies,Storage,OFF-ST-10000876,50,60,6,2,1650
280,17-05-2022,Standard Class,Corporate,Office Supplies,Labels,OFF-LA-10002043,20,20,3,5,3022
281,06-10-2022,Second Class,Consumer,Office Supplies,Binders,OFF-BI-10004967,0,0,5,3,3617
282,06-05-2023,Second Class,Consumer,Technology,Phones,TEC-PH-10001760,1050,1110,7,3,838
283,05-10-2023,Standard Class,Consumer,Furniture,Tables,FUR-TA-10002903,950,1040,5,5,1635
284,28-07-2022,Standard Class,Consumer,Office Supplies,Paper,OFF-PA-10000474,130,140,5,5,1467
285,11-12-2022,Standard Class,Consumer,Technology,Accessories,TEC-AC-10001956,210,240,5,5,624
286,01-08-2022,Standard Class,Consumer,Office Supplies,Paper,OFF-PA-10004100,30,30,6,5,4993
287,20-01-2022,Second Class,Corporate,Office Supplies,Binders,OFF-BI-10000778,230,250,7,3,3104
288,05-06-2023,Second Class,Corporate,Office Supplies,Appliances,OFF-AP-10002684,150,190,2,2,2745
289,01-04-2023,Second Class,Corporate,Office Supplies,Supplies,OFF-SU-10000646,810,960,5,5,4327
290,23-01-2022,Second Class,Home Office,Office Supplies,Fasteners,OFF-FA-10002983,20,20,7,5,2325
291,12-10-2023,Second Class,Home Office,Office Supplies,Labels,OFF-LA-10004689,20,20,8,3,2879
292,22-06-2023,Second Class,Home Office,Technology,Accessories,TEC-AC-10002001,220,260,2,2,4609
293,12-07-2023,Second Class,Home Office,Furniture,Bookcases,FUR-BO-10004709,80,90,3,4,4053
294,20-06-2023,First Class,Corporate,Furniture,Furnishings,FUR-FU-10004091,280,300,8,5,578
295,30-05-2023,First Class,Corporate,Furniture,Chairs,FUR-CH-10001891,190,230,3,2,2618
296,05-08-2023,First Class,Corporate,Furniture,Furnishings,FUR-FU-10002918,180,220,3,2,3589
297,17-11-2023,First Class,Corporate,Office Supplies,Binders,OFF-BI-10004593,70,80,5,5,4552
298,04-08-2023,First Class,Corporate,Office Supplies,Fasteners,OFF-FA-10004854,30,30,3,3,2503
299,25-09-2022,Standard Class,Corporate,Office Supplies,Paper,OFF-PA-10002105,20,30,5,2,1474
300,24-09-2022,Standard Class,Corporate,Office Supplies,Storage,OFF-ST-10002756,930,1080,8,2,2288
301,12-03-2022,Standard Class,Corporate,Office Supplies,Paper,OFF-PA-10004243,50,60,3,5,1673
302,31-10-2022,Standard Class,Corporate,Furniture,Furnishings,FUR-FU-10001861,70,80,4,4,3724
303,29-06-2022,Standard Class,Corporate,Office Supplies,Binders,OFF-BI-10002706,10,10,1,4,1510
304,12-09-2023,Standard Class,Consumer,Furniture,Tables,FUR-TA-10002533,180,220,3,4,2225
305,08-01-2022,Second Class,Corporate,Furniture,Furnishings,FUR-FU-10002671,20,30,2,2,1585
306,01-09-2023,Standard Class,Corporate,Office Supplies,Art,OFF-AR-10003651,10,10,3,4,658
307,12-10-2023,Standard Class,Home Office,Office Supplies,Binders,OFF-BI-10001072,50,50,3,5,3695
308,15-08-2023,Standard Class,Home Office,Office Supplies,Art,OFF-AR-10002135,250,290,6,4,915
309,05-05-2022,First Class,Consumer,Office Supplies,Art,OFF-AR-10002804,0,0,1,3,2420
310,06-08-2023,Second Class,Corporate,Furniture,Furnishings,FUR-FU-10001918,20,20,4,5,2115
311,08-09-2022,Second Class,Corporate,Furniture,Chairs,FUR-CH-10004086,400,470,2,4,2713
312,30-05-2022,Second Class,Corporate,Furniture,Furnishings,FUR-FU-10001756,20,20,1,4,273
313,13-01-2023,Second Class,Corporate,Office Supplies,Labels,OFF-LA-10000634,10,10,3,3,1675
314,15-09-2023,Standard Class,Corporate,Furniture,Furnishings,FUR-FU-10001588,80,90,3,2,4183
315,12-05-2022,Standard Class,Corporate,Technology,Phones,TEC-PH-10002398,160,180,2,5,1203
316,10-03-2022,Standard Class,Corporate,Office Supplies,Paper,OFF-PA-10001937,20,20,3,5,1285
317,16-06-2023,First Class,Corporate,Office Supplies,Art,OFF-AR-10003373,90,100,4,2,2987
318,13-03-2022,Standard Class,Home Office,Furniture,Chairs,FUR-CH-10002602,120,140,1,2,2725
319,28-01-2022,Standard Class,Home Office,Technology,Machines,TEC-MA-10002927,3670,3990,2,2,2334
320,09-12-2023,Standard Class,Home Office,Technology,Phones,TEC-PH-10004093,230,280,6,3,389
321,12-07-2023,Standard Class,Home Office,Technology,Accessories,TEC-AC-10000892,300,360,4,3,1083
322,28-05-2022,Standard Class,Home Office,Office Supplies,Storage,OFF-ST-10002974,40,40,1,2,2226
323,02-01-2023,Standard Class,Corporate,Office Supplies,Fasteners,OFF-FA-10000624,10,10,2,5,1923
324,14-07-2022,Standard Class,Corporate,Office Supplies,Binders,OFF-BI-10004593,220,250,6,5,4209
325,09-12-2023,Standard Class,Corporate,Technology,Accessories,TEC-AC-10001908,80,100,1,3,3476
326,07-12-2022,Second Class,Corporate,Furniture,Furnishings,FUR-FU-10001967,20,20,1,4,3029
327,11-06-2023,First Class,Consumer,Technology,Phones,TEC-PH-10003645,270,290,3,3,2315
328,01-10-2023,First Class,Consumer,Office Supplies,Storage,OFF-ST-10000675,40,50,2,5,650
329,07-04-2023,First Class,Consumer,Furniture,Chairs,FUR-CH-10003312,740,790,4,3,3363
330,03-10-2023,First Class,Consumer,Office Supplies,Labels,OFF-LA-10001074,90,100,10,2,107
331,30-03-2022,First Class,Consumer,Office Supplies,Binders,OFF-BI-10001524,30,40,6,3,4279
332,11-04-2022,Second Class,Consumer,Technology,Phones,TEC-PH-10004614,70,80,2,3,4976
333,21-03-2022,Second Class,Consumer,Office Supplies,Binders,OFF-BI-10001153,20,20,2,2,4650
334,04-05-2022,Second Class,Consumer,Office Supplies,Binders,OFF-BI-10001982,0,0,3,3,4405
335,08-07-2023,Second Class,Consumer,Office Supplies,Binders,OFF-BI-10001922,0,0,1,3,595
336,30-08-2022,Second Class,Consumer,Technology,Copiers,TEC-CO-10001449,770,960,2,2,4143
337,07-09-2022,Second Class,Consumer,Office Supplies,Binders,OFF-BI-10004140,10,10,4,2,1634
338,07-06-2023,Standard Class,Corporate,Office Supplies,Binders,OFF-BI-10003314,10,10,2,5,5091
339,02-08-2023,Standard Class,Corporate,Furniture,Tables,FUR-TA-10004575,570,700,3,4,3835
340,09-07-2022,Second Class,Consumer,Office Supplies,Fasteners,OFF-FA-10000490,0,0,4,2,4240
341,10-11-2023,Second Class,Corporate,Office Supplies,Art,OFF-AR-10000122,20,20,4,2,843
342,12-01-2022,Second Class,Corporate,Office Supplies,Binders,OFF-BI-10003656,450,510,10,4,898
343,01-07-2022,Second Class,Corporate,Office Supplies,Fasteners,OFF-FA-10002780,20,30,13,4,999
344,13-07-2023,Second Class,Corporate,Technology,Phones,TEC-PH-10000702,60,70,12,4,4635
345,21-04-2023,Standard Class,Consumer,Office Supplies,Storage,OFF-ST-10000107,80,90,4,3,1077
346,18-09-2022,Standard Class,Consumer,Technology,Phones,TEC-PH-10002293,50,50,3,2,2592
347,09-05-2022,Standard Class,Consumer,Office Supplies,Art,OFF-AR-10004027,10,10,3,4,1639
348,07-05-2022,Standard Class,Consumer,Office Supplies,Paper,OFF-PA-10000249,20,20,2,5,4219
349,25-10-2023,Standard Class,Consumer,Office Supplies,Art,OFF-AR-10001374,10,10,2,2,3708
350,01-02-2023,First Class,Home Office,Technology,Accessories,TEC-AC-10000290,10,10,1,5,524
351,04-02-2023,First Class,Home Office,Office Supplies,Paper,OFF-PA-10001970,20,20,2,5,2020
352,14-02-2022,First Class,Home Office,Office Supplies,Binders,OFF-BI-10002160,0,0,1,3,4385
353,08-09-2023,First Class,Home Office,Office Supplies,Paper,OFF-PA-10001970,50,50,4,3,4127
354,29-10-2023,First Class,Home Office,Office Supplies,Binders,OFF-BI-10004995,4140,4360,4,4,589
355,20-02-2022,Standard Class,Consumer,Furniture,Bookcases,FUR-BO-10002268,350,390,6,5,814
356,30-07-2023,Standard Class,Consumer,Office Supplies,Envelopes,OFF-EN-10001137,10,10,2,5,2929
357,01-05-2023,Standard Class,Consumer,Office Supplies,Art,OFF-AR-10002399,20,20,4,3,1885
358,26-01-2023,Standard Class,Consumer,Office Supplies,Paper,OFF-PA-10002713,30,30,5,2,2289
359,05-11-2023,Standard Class,Corporate,Office Supplies,Paper,OFF-PA-10002666,30,40,5,4,285
360,22-08-2022,First Class,Corporate,Office Supplies,Appliances,OFF-AP-10001124,600,650,8,3,5008
361,07-12-2022,First Class,Corporate,Office Supplies,Labels,OFF-LA-10001158,20,20,2,4,1547
362,31-10-2022,Standard Class,Consumer,Office Supplies,Labels,OFF-LA-10001158,20,20,2,2,1633
363,25-01-2023,Standard Class,Consumer,Furniture,Chairs,FUR-CH-10000785,460,490,3,4,2431
364,20-09-2023,Standard Class,Consumer,Office Supplies,Art,OFF-AR-10003732,10,10,2,2,962
365,14-10-2022,Standard Class,Consumer,Furniture,Furnishings,FUR-FU-10000023,40,50,8,4,84
366,15-08-2022,Standard Class,Consumer,Office Supplies,Storage,OFF-ST-10001713,200,210,4,5,2073
367,31-05-2023,Same Day,Corporate,Office Supplies,Binders,OFF-BI-10002412,20,20,4,3,1432
368,15-07-2022,Same Day,Corporate,Office Supplies,Supplies,OFF-SU-10001225,10,10,2,3,2514
369,30-01-2023,Same Day,Corporate,Office Supplies,Storage,OFF-ST-10002406,90,100,7,3,854
370,29-10-2022,Same Day,Corporate,Furniture,Bookcases,FUR-BO-10002545,900,1040,4,5,2305
371,23-09-2022,Standard Class,Consumer,Office Supplies,Paper,OFF-PA-10002036,30,30,5,5,2314
372,28-04-2022,Standard Class,Consumer,Office Supplies,Storage,OFF-ST-10002205,40,50,3,3,3371
373,27-09-2022,Standard Class,Consumer,Office Supplies,Binders,OFF-BI-10001982,10,10,5,3,4573
374,02-03-2022,Standard Class,Consumer,Technology,Accessories,TEC-AC-10003911,870,1020,8,2,4264
375,17-11-2022,Standard Class,Consumer,Office Supplies,Art,OFF-AR-10000658,10,10,1,2,2848
376,16-05-2023,Standard Class,Consumer,Technology,Accessories,TEC-AC-10002076,410,480,10,4,4356
377,05-11-2022,First Class,Corporate,Office Supplies,Paper,OFF-PA-10003039,80,100,4,3,225
378,25-02-2023,Standard Class,Corporate,Furniture,Tables,FUR-TA-10004915,1300,1490,7,2,2243
379,17-05-2023,Standard Class,Consumer,Office Supplies,Appliances,OFF-AP-10000696,10,10,3,5,1793
380,19-12-2023,Standard Class,Consumer,Office Supplies,Storage,OFF-ST-10003327,20,20,3,3,2026
381,05-09-2023,Standard Class,Consumer,Office Supplies,Binders,OFF-BI-10000309,10,10,4,3,1320
382,20-05-2023,First Class,Corporate,Office Supplies,Paper,OFF-PA-10004734,40,50,7,5,2028
383,22-04-2023,First Class,Corporate,Office Supplies,Binders,OFF-BI-10002225,50,50,3,5,4115
384,21-03-2023,Second Class,Corporate,Technology,Accessories,TEC-AC-10004708,40,40,2,2,1380
385,08-02-2023,Standard Class,Consumer,Furniture,Tables,FUR-TA-10000617,330,380,3,4,1721
386,27-01-2023,Standard Class,Consumer,Technology,Accessories,TEC-AC-10002335,70,80,3,3,3326
387,07-10-2023,Standard Class,Corporate,Technology,Machines,TEC-MA-10001681,400,480,4,2,852
388,04-03-2023,Standard Class,Corporate,Furniture,Furnishings,FUR-FU-10001935,0,0,1,5,984
389,26-08-2023,First Class,Consumer,Office Supplies,Art,OFF-AR-10004757,0,0,1,2,519
390,25-03-2023,Standard Class,Consumer,Office Supplies,Binders,OFF-BI-10000050,20,20,4,2,4411
391,14-03-2023,Standard Class,Consumer,Technology,Accessories,TEC-AC-10001998,40,40,2,5,4158
392,27-05-2022,Second Class,Consumer,Technology,Phones,TEC-PH-10003012,230,250,2,4,4597
393,19-12-2022,Second Class,Consumer,Technology,Copiers,TEC-CO-10002313,1600,1800,3,2,2104
394,03-11-2022,Second Class,Corporate,Office Supplies,Binders,OFF-BI-10003982,10,10,3,2,2186
395,26-06-2022,Standard Class,Home Office,Office Supplies,Binders,OFF-BI-10004492,60,80,3,3,4243
396,23-08-2022,Second Class,Corporate,Office Supplies,Storage,OFF-ST-10000798,40,50,2,3,5010
397,23-09-2023,Second Class,Corporate,Office Supplies,Paper,OFF-PA-10002552,10,10,2,2,445
398,02-02-2022,Standard Class,Home Office,Office Supplies,Supplies,OFF-SU-10002573,60,70,4,5,51
399,29-11-2023,Second Class,Consumer,Office Supplies,Storage,OFF-ST-10001580,40,40,3,3,838
400,13-03-2022,Second Class,Consumer,Furniture,Bookcases,FUR-BO-10004834,1990,2400,4,5,3253
401,22-10-2022,Second Class,Consumer,Office Supplies,Storage,OFF-ST-10000934,110,130,4,5,443
402,11-02-2023,Second Class,Consumer,Technology,Accessories,TEC-AC-10000158,60,60,2,3,2907
403,06-03-2023,First Class,Consumer,Office Supplies,Paper,OFF-PA-10001947,10,10,2,2,5022
404,04-12-2023,Standard Class,Corporate,Office Supplies,Art,OFF-AR-10003478,30,40,6,4,2824
405,12-02-2023,Standard Class,Consumer,Office Supplies,Appliances,OFF-AP-10004249,40,40,3,3,2488
406,02-04-2023,Standard Class,Consumer,Technology,Accessories,TEC-AC-10000158,140,180,5,4,233
407,09-08-2022,Standard Class,Consumer,Technology,Copiers,TEC-CO-10004115,1130,1200,3,5,2532
408,25-05-2022,Standard Class,Consumer,Office Supplies,Paper,OFF-PA-10003724,30,30,5,4,1976
409,28-08-2022,Standard Class,Consumer,Furniture,Tables,FUR-TA-10002041,800,1000,7,4,935
410,25-11-2022,Standard Class,Consumer,Office Supplies,Paper,OFF-PA-10002893,10,10,1,3,4104
411,19-12-2023,Standard Class,Consumer,Office Supplies,Labels,OFF-LA-10003766,30,30,9,4,3092
412,13-01-2023,Standard Class,Consumer,Office Supplies,Paper,OFF-PA-10001970,60,60,1,5,1320
413,11-05-2022,Standard Class,Consumer,Furniture,Bookcases,FUR-BO-10001972,1260,1340,13,4,4122
414,31-12-2023,Standard Class,Consumer,Furniture,Chairs,FUR-CH-10003956,100,110,2,5,2860
415,08-12-2023,Standard Class,Corporate,Office Supplies,Paper,OFF-PA-10000157,120,140,7,3,2555
416,05-08-2022,Standard Class,Corporate,Furniture,Chairs,FUR-CH-10001891,250,310,4,2,3692
417,10-07-2023,Standard Class,Consumer,Office Supplies,Art,OFF-AR-10004344,90,100,8,5,4065
418,20-08-2022,Standard Class,Consumer,Furniture,Chairs,FUR-CH-10004886,320,380,5,4,1319
419,20-07-2022,Standard Class,Corporate,Office Supplies,Paper,OFF-PA-10003845,10,10,1,5,4641
420,20-10-2022,Standard Class,Corporate,Office Supplies,Art,OFF-AR-10001573,10,10,4,4,3295
421,10-02-2022,Standard Class,Corporate,Office Supplies,Envelopes,OFF-EN-10000483,20,20,1,5,4918
422,28-08-2023,First Class,Consumer,Technology,Accessories,TEC-AC-10004114,160,200,6,3,4211
423,18-12-2023,Standard Class,Corporate,Furniture,Furnishings,FUR-FU-10004712,60,60,4,3,3642
424,17-10-2022,Standard Class,Corporate,Office Supplies,Storage,OFF-ST-10000918,30,30,3,5,2039
425,01-04-2023,Second Class,Consumer,Furniture,Chairs,FUR-CH-10000015,800,870,4,4,4828
426,26-12-2023,Second Class,Corporate,Furniture,Furnishings,FUR-FU-10003347,30,30,2,4,4459
427,07-11-2023,Second Class,Corporate,Office Supplies,Binders,OFF-BI-10001543,280,290,8,4,3052
428,03-06-2023,First Class,Home Office,Technology,Machines,TEC-MA-10000029,60,70,1,3,1222
429,18-02-2022,Standard Class,Corporate,Office Supplies,Art,OFF-AR-10000369,10,10,6,5,2848
430,19-03-2023,Standard Class,Home Office,Office Supplies,Binders,OFF-BI-10004584,160,190,2,4,1311
431,10-03-2023,Standard Class,Home Office,Technology,Accessories,TEC-AC-10004659,330,410,7,3,3350
432,23-09-2023,Standard Class,Home Office,Technology,Accessories,TEC-AC-10004659,270,290,5,5,1702
433,15-04-2022,Standard Class,Home Office,Office Supplies,Storage,OFF-ST-10000617,0,0,2,3,887
434,17-08-2023,First Class,Consumer,Office Supplies,Storage,OFF-ST-10003306,580,710,5,4,3361
435,13-02-2022,Standard Class,Consumer,Office Supplies,Binders,OFF-BI-10000773,0,0,2,5,4448
436,25-10-2023,Standard Class,Consumer,Technology,Accessories,TEC-AC-10002600,210,250,5,2,2762
437,10-02-2023,Second Class,Home Office,Technology,Machines,TEC-MA-10002937,930,1010,3,4,2311
438,23-02-2022,Second Class,Home Office,Office Supplies,Paper,OFF-PA-10001970,270,310,7,4,1553
439,18-11-2022,Standard Class,Corporate,Office Supplies,Paper,OFF-PA-10002230,30,30,8,3,576
440,06-06-2022,Second Class,Corporate,Furniture,Chairs,FUR-CH-10003396,190,210,3,5,1522
441,09-01-2022,Second Class,Consumer,Furniture,Furnishings,FUR-FU-10000246,10,10,1,3,114
442,30-05-2023,Second Class,Consumer,Office Supplies,Storage,OFF-ST-10000060,150,190,3,4,4916
443,15-10-2022,Second Class,Consumer,Office Supplies,Storage,OFF-ST-10003058,60,70,3,4,2522
444,15-12-2022,Second Class,Consumer,Office Supplies,Paper,OFF-PA-10002222,80,90,4,3,5089
445,06-07-2022,Second Class,Consumer,Furniture,Chairs,FUR-CH-10002372,210,240,3,4,813
446,13-03-2022,Second Class,Consumer,Office Supplies,Labels,OFF-LA-10001317,20,20,7,3,3835
447,07-10-2022,Second Class,Consumer,Furniture,Furnishings,FUR-FU-10000206,0,0,1,2,2714
448,05-12-2023,Second Class,Consumer,Office Supplies,Art,OFF-AR-10000588,50,60,3,4,3233
449,07-12-2023,Second Class,Consumer,Office Supplies,Storage,OFF-ST-10001469,130,160,3,4,1341
450,14-03-2022,Second Class,Consumer,Office Supplies,Art,OFF-AR-10001953,210,260,6,2,1939
451,21-07-2023,Second Class,Consumer,Office Supplies,Art,OFF-AR-10003156,30,30,3,4,2125
452,04-04-2022,Second Class,Consumer,Office Supplies,Art,OFF-AR-10004974,10,10,3,4,4225
453,16-03-2023,Second Class,Consumer,Technology,Phones,TEC-PH-10002365,40,40,4,3,2700
454,05-12-2022,Standard Class,Corporate,Furniture,Tables,FUR-TA-10001539,220,280,2,4,2971
455,23-12-2023,Standard Class,Corporate,Office Supplies,Storage,OFF-ST-10000142,570,670,2,2,3698
456,08-11-2022,Standard Class,Corporate,Technology,Accessories,TEC-AC-10001772,50,60,4,5,293
457,26-03-2023,Standard Class,Consumer,Furniture,Chairs,FUR-CH-10000225,120,130,2,2,1799
458,22-12-2023,Standard Class,Consumer,Furniture,Chairs,FUR-CH-10002331,670,750,3,5,2145
459,24-09-2023,Standard Class,Consumer,Office Supplies,Envelopes,OFF-EN-10001415,10,10,2,2,4447
460,30-11-2022,Standard Class,Consumer,Office Supplies,Appliances,OFF-AP-10002472,80,100,4,3,600
461,04-02-2023,Standard Class,Consumer,Technology,Accessories,TEC-AC-10004571,760,900,9,5,2670
462,01-10-2022,Standard Class,Consumer,Office Supplies,Binders,OFF-BI-10001098,50,50,3,2,2105
463,11-05-2022,Standard Class,Home Office,Furniture,Furnishings,FUR-FU-10000023,20,20,5,3,522
464,05-03-2023,Standard Class,Home Office,Furniture,Tables,FUR-TA-10001889,1080,1270,6,4,2691
465,09-02-2023,Standard Class,Home Office,Office Supplies,Binders,OFF-BI-10000315,30,30,5,4,3017
466,23-04-2023,Standard Class,Home Office,Office Supplies,Supplies,OFF-SU-10003505,180,190,2,5,1026
467,14-10-2023,Standard Class,Home Office,Office Supplies,Appliances,OFF-AP-10002578,80,80,2,3,2920
468,24-04-2022,Standard Class,Home Office,Furniture,Furnishings,FUR-FU-10002918,200,250,7,3,3539
469,20-04-2023,Standard Class,Corporate,Furniture,Bookcases,FUR-BO-10002824,200,210,2,5,1490
470,04-12-2022,Second Class,Consumer,Office Supplies,Binders,OFF-BI-10002194,0,0,3,3,3679
471,20-11-2022,Standard Class,Corporate,Office Supplies,Paper,OFF-PA-10004071,50,60,1,3,1506
472,25-01-2022,Second Class,Consumer,Office Supplies,Storage,OFF-ST-10002743,290,340,3,2,4825
473,27-10-2023,Second Class,Consumer,Furniture,Bookcases,FUR-BO-10001601,200,220,2,5,1222
474,27-12-2022,Second Class,Consumer,Technology,Phones,TEC-PH-10002680,610,700,4,2,3248
475,12-12-2023,Second Class,Consumer,Office Supplies,Storage,OFF-ST-10001321,80,90,6,3,3402
476,16-07-2022,Second Class,Consumer,Office Supplies,Paper,OFF-PA-10001509,60,60,7,3,2595
477,30-06-2022,Second Class,Consumer,Office Supplies,Paper,OFF-PA-10003465,90,90,5,4,497
478,06-08-2023,Standard Class,Corporate,Technology,Phones,TEC-PH-10000149,90,100,6,4,899
479,01-02-2022,Standard Class,Consumer,Furniture,Furnishings,FUR-FU-10002671,30,40,3,4,1957
480,03-07-2023,Standard Class,Corporate,Office Supplies,Art,OFF-AR-10003045,10,10,5,4,547
481,07-08-2023,Standard Class,Corporate,Office Supplies,Storage,OFF-ST-10000689,600,700,5,5,1856
482,16-12-2022,Standard Class,Consumer,Technology,Accessories,TEC-AC-10001445,10,10,3,2,5002
483,03-02-2023,Standard Class,Consumer,Office Supplies,Art,OFF-AR-10002053,10,10,2,4,2670
484,10-10-2023,Standard Class,Consumer,Technology,Accessories,TEC-AC-10002567,140,160,2,4,2707
485,15-10-2023,First Class,Home Office,Office Supplies,Labels,OFF-LA-10003923,30,30,2,5,1174
486,14-12-2023,First Class,Home Office,Furniture,Bookcases,FUR-BO-10001337,480,510,5,4,3000
487,09-03-2023,First Class,Home Office,Technology,Phones,TEC-PH-10001924,250,280,5,5,2159
488,28-04-2023,First Class,Consumer,Technology,Phones,TEC-PH-10001363,2300,2740,6,4,626
489,22-12-2022,Second Class,Home Office,Technology,Phones,TEC-PH-10000376,10,10,1,5,3067
490,06-06-2023,Second Class,Home Office,Technology,Accessories,TEC-AC-10000303,50,60,2,5,637
491,08-02-2022,Second Class,Home Office,Office Supplies,Art,OFF-AR-10001953,70,70,2,4,2485
492,08-01-2023,Standard Class,Consumer,Office Supplies,Storage,OFF-ST-10001809,410,450,5,4,404
493,03-01-2023,Standard Class,Consumer,Office Supplies,Envelopes,OFF-EN-10003845,10,10,3,5,3277
494,26-06-2023,Standard Class,Consumer,Technology,Accessories,TEC-AC-10000991,80,90,2,4,4642
495,09-12-2022,Second Class,Consumer,Furniture,Tables,FUR-TA-10001857,180,190,3,5,341
496,13-10-2022,Standard Class,Consumer,Office Supplies,Envelopes,OFF-EN-10001434,100,110,2,3,4192
497,21-05-2022,Standard Class,Consumer,Office Supplies,Binders,OFF-BI-10002498,110,120,8,2,4012
498,28-08-2022,Standard Class,Consumer,Furniture,Furnishings,FUR-FU-10004864,230,260,4,2,4185
499,10-04-2022,Standard Class,Consumer,Furniture,Chairs,FUR-CH-10002602,200,240,2,5,1696
500,28-08-2023,Standard Class,Consumer,Furniture,Furnishings,FUR-FU-10000073,60,70,9,5,973
501,25-12-2022,Standard Class,Corporate,Office Supplies,Binders,OFF-BI-10001670,20,20,2,4,2658
502,29-04-2023,Standard Class,Corporate,Office Supplies,Binders,OFF-BI-10001658,10,10,2,5,1734
503,06-11-2023,Standard Class,Corporate,Furniture,Chairs,FUR-CH-10001215,650,800,2,3,41
504,28-10-2023,Standard Class,Corporate,Office Supplies,Binders,OFF-BI-10000831,0,0,3,4,2821
505,03-08-2022,Standard Class,Corporate,Office Supplies,Paper,OFF-PA-10000357,30,30,1,4,4572
506,27-01-2023,Second Class,Corporate,Office Supplies,Binders,OFF-BI-10003274,20,20,5,3,4314
507,28-07-2022,Standard Class,Consumer,Office Supplies,Art,OFF-AR-10001662,0,0,1,3,2493
508,04-03-2023,Standard Class,Consumer,Office Supplies,Art,OFF-AR-10003856,10,10,3,2,2993
509,10-10-2022,Standard Class,Consumer,Office Supplies,Storage,OFF-ST-10001228,50,50,3,4,1793
510,10-12-2023,Standard Class,Consumer,Office Supplies,Binders,OFF-BI-10003527,5210,6350,5,3,335
511,30-01-2023,First Class,Consumer,Furniture,Furnishings,FUR-FU-10001290,110,130,3,2,258
512,28-12-2022,First Class,Consumer,Technology,Accessories,TEC-AC-10002399,40,40,2,2,2554
513,28-10-2022,First Class,Consumer,Office Supplies,Art,OFF-AR-10002053,10,10,3,4,1122
514,28-09-2023,Standard Class,Consumer,Office Supplies,Art,OFF-AR-10003811,10,10,3,3,1302
515,19-07-2023,Standard Class,Consumer,Office Supplies,Art,OFF-AR-10001246,10,10,2,3,480
516,04-01-2022,Standard Class,Home Office,Technology,Copiers,TEC-CO-10003236,2430,3000,5,5,2540
517,25-08-2022,Standard Class,Home Office,Office Supplies,Storage,OFF-ST-10004507,40,50,3,4,4682
518,03-09-2022,Standard Class,Home Office,Office Supplies,Paper,OFF-PA-10001667,10,10,2,3,3668
519,10-11-2022,Standard Class,Home Office,Office Supplies,Storage,OFF-ST-10004459,1020,1130,3,5,3074
520,11-04-2022,Standard Class,Consumer,Technology,Accessories,TEC-AC-10000171,20,20,1,4,2771
521,24-03-2023,Standard Class,Consumer,Office Supplies,Storage,OFF-ST-10000736,120,130,2,4,1395
522,24-05-2022,Standard Class,Consumer,Office Supplies,Binders,OFF-BI-10000285,10,10,9,3,4135
523,17-12-2023,First Class,Corporate,Furniture,Tables,FUR-TA-10001857,180,210,2,2,3077
524,01-11-2022,First Class,Consumer,Technology,Phones,TEC-PH-10003555,50,60,3,5,2442
525,19-11-2023,First Class,Consumer,Technology,Accessories,TEC-AC-10003832,60,70,2,4,604
526,18-07-2022,Standard Class,Consumer,Office Supplies,Fasteners,OFF-FA-10002815,20,20,5,4,611
527,06-01-2023,Standard Class,Home Office,Furniture,Chairs,FUR-CH-10003379,540,680,3,2,2007
528,22-11-2023,Standard Class,Home Office,Furniture,Furnishings,FUR-FU-10001756,50,50,3,2,4133
529,11-11-2022,Standard Class,Consumer,Office Supplies,Storage,OFF-ST-10004963,40,40,3,5,2707
530,29-01-2022,Standard Class,Consumer,Office Supplies,Supplies,OFF-SU-10002881,550,670,1,2,2074
531,02-01-2023,Standard Class,Consumer,Office Supplies,Envelopes,OFF-EN-10001335,50,50,6,3,290
532,05-12-2022,Second Class,Corporate,Furniture,Chairs,FUR-CH-10000595,150,190,1,3,1540
533,14-05-2023,Standard Class,Consumer,Furniture,Furnishings,FUR-FU-10000448,40,50,3,2,230
534,28-02-2022,Second Class,Consumer,Technology,Phones,TEC-PH-10000984,820,980,5,3,369
535,05-06-2023,Second Class,Consumer,Office Supplies,Binders,OFF-BI-10002557,20,20,5,2,597
536,27-08-2022,Standard Class,Consumer,Office Supplies,Storage,OFF-ST-10001325,20,20,2,5,3147
537,26-10-2022,Second Class,Consumer,Office Supplies,Binders,OFF-BI-10002429,30,40,7,5,1627
538,23-08-2022,Standard Class,Home Office,Office Supplies,Binders,OFF-BI-10004528,10,10,4,4,1910
539,21-05-2023,Standard Class,Consumer,Office Supplies,Appliances,OFF-AP-10001271,130,150,3,4,1139
540,23-10-2023,Standard Class,Consumer,Furniture,Chairs,FUR-CH-10002647,230,280,4,4,866
541,04-04-2023,First Class,Consumer,Technology,Accessories,TEC-AC-10001432,410,470,6,4,559
542,28-11-2022,First Class,Corporate,Technology,Phones,TEC-PH-10002262,300,380,8,4,1790
543,08-04-2023,Standard Class,Consumer,Office Supplies,Storage,OFF-ST-10001809,600,650,9,2,4363
544,15-12-2023,Standard Class,Consumer,Technology,Accessories,TEC-AC-10001465,50,60,2,4,3008
545,30-06-2023,Standard Class,Consumer,Technology,Phones,TEC-PH-10002597,100,100,1,5,109
546,13-11-2023,Standard Class,Consumer,Furniture,Furnishings,FUR-FU-10000723,60,70,4,3,1998
547,26-08-2022,First Class,Home Office,Office Supplies,Binders,OFF-BI-10000404,30,40,6,4,4948
548,22-09-2022,First Class,Home Office,Office Supplies,Paper,OFF-PA-10002986,10,10,2,5,4834
549,21-09-2022,Second Class,Corporate,Office Supplies,Storage,OFF-ST-10000604,210,250,9,4,1232
550,05-06-2022,Second Class,Corporate,Office Supplies,Binders,OFF-BI-10004738,10,10,3,5,838
551,09-01-2023,Second Class,Corporate,Office Supplies,Supplies,OFF-SU-10001935,10,10,5,5,173
552,21-09-2023,Second Class,Consumer,Furniture,Chairs,FUR-CH-10002024,930,1120,2,3,2243
553,02-06-2022,First Class,Consumer,Furniture,Furnishings,FUR-FU-10003039,20,30,1,3,1233
554,01-09-2022,Standard Class,Consumer,Office Supplies,Fasteners,OFF-FA-10004248,10,10,3,4,965
555,09-03-2023,Second Class,Corporate,Office Supplies,Storage,OFF-ST-10001780,1200,1300,2,2,5046
556,01-07-2023,Second Class,Consumer,Office Supplies,Art,OFF-AR-10003560,20,20,4,5,4476
557,17-11-2022,Standard Class,Consumer,Office Supplies,Labels,OFF-LA-10001297,20,20,2,2,4208
558,25-11-2023,Standard Class,Consumer,Furniture,Tables,FUR-TA-10004256,1260,1340,4,4,4283
559,29-11-2023,Standard Class,Consumer,Office Supplies,Paper,OFF-PA-10003441,30,30,5,3,5023
560,27-11-2022,Second Class,Consumer,Furniture,Furnishings,FUR-FU-10003347,40,40,3,5,1167
561,21-06-2022,Second Class,Consumer,Office Supplies,Binders,OFF-BI-10000069,70,80,7,4,3341
562,17-03-2023,Second Class,Consumer,Office Supplies,Appliances,OFF-AP-10003914,10,10,5,4,3066
563,04-10-2022,Second Class,Consumer,Furniture,Furnishings,FUR-FU-10004020,10,10,3,2,384
564,14-06-2022,First Class,Consumer,Office Supplies,Fasteners,OFF-FA-10003467,0,0,2,5,2595
565,26-01-2022,First Class,Consumer,Office Supplies,Labels,OFF-LA-10000634,0,0,1,5,4071
566,06-10-2022,First Class,Consumer,Technology,Phones,TEC-PH-10002496,330,370,3,4,3731
567,25-04-2022,Standard Class,Corporate,Office Supplies,Paper,OFF-PA-10004530,70,90,8,5,436
568,01-01-2022,Standard Class,Corporate,Office Supplies,Binders,OFF-BI-10001107,70,80,7,4,4835
569,10-06-2023,Standard Class,Corporate,Office Supplies,Paper,OFF-PA-10004451,20,20,3,2,1346
570,25-11-2022,Standard Class,Corporate,Furniture,Chairs,FUR-CH-10004997,370,450,3,4,107
571,01-03-2022,Standard Class,Consumer,Office Supplies,Labels,OFF-LA-10001297,60,70,7,3,5048
572,29-07-2023,Standard Class,Consumer,Office Supplies,Fasteners,OFF-FA-10000585,10,10,4,3,472
573,25-10-2022,Standard Class,Consumer,Office Supplies,Binders,OFF-BI-10001922,30,30,7,2,4184
574,04-07-2023,Standard Class,Consumer,Technology,Phones,TEC-PH-10000347,10,10,3,3,1591
575,02-10-2022,Standard Class,Consumer,Office Supplies,Art,OFF-AR-10003394,10,10,3,5,4959
576,14-07-2023,Second Class,Consumer,Office Supplies,Paper,OFF-PA-10004530,150,160,14,4,2242
577,22-04-2023,Second Class,Consumer,Office Supplies,Paper,OFF-PA-10001450,20,20,4,4,3100
578,11-11-2023,Second Class,Consumer,Office Supplies,Supplies,OFF-SU-10001574,10,10,2,5,3772
579,08-12-2022,Standard Class,Consumer,Office Supplies,Storage,OFF-ST-10002974,70,70,2,3,1061
580,12-06-2023,Standard Class,Consumer,Furniture,Furnishings,FUR-FU-10001475,10,10,1,5,3261
581,02-11-2023,Standard Class,Consumer,Office Supplies,Supplies,OFF-SU-10004498,50,50,4,3,1840
582,17-08-2022,Standard Class,Consumer,Technology,Phones,TEC-PH-10004977,440,470,3,5,1910
583,23-08-2022,Standard Class,Consumer,Technology,Phones,TEC-PH-10000586,90,110,2,4,3108
584,10-07-2023,Standard Class,Consumer,Office Supplies,Appliances,OFF-AP-10000358,30,30,3,5,2150
585,22-07-2023,Standard Class,Consumer,Office Supplies,Binders,OFF-BI-10002764,10,10,7,2,2524
586,16-11-2023,Standard Class,Consumer,Technology,Phones,TEC-PH-10001254,360,410,4,2,2464
587,16-07-2022,Standard Class,Consumer,Furniture,Chairs,FUR-CH-10003956,60,70,1,4,2643
588,21-07-2022,Standard Class,Consumer,Office Supplies,Labels,OFF-LA-10003930,270,290,3,4,4748
589,03-03-2023,Standard Class,Consumer,Technology,Phones,TEC-PH-10003800,80,80,2,3,2456
590,28-04-2023,Standard Class,Consumer,Office Supplies,Paper,OFF-PA-10002005,20,20,4,2,4990
591,04-07-2023,Standard Class,Consumer,Office Supplies,Binders,OFF-BI-10002498,20,20,3,2,1983
592,23-01-2022,Standard Class,Consumer,Office Supplies,Paper,OFF-PA-10004101,10,10,2,5,4846
593,13-05-2023,Standard Class,Consumer,Office Supplies,Art,OFF-AR-10004078,10,10,2,3,1212
594,05-12-2023,Standard Class,Consumer,Technology,Accessories,TEC-AC-10001266,20,30,3,3,3507
595,07-06-2023,Standard Class,Consumer,Office Supplies,Appliances,OFF-AP-10004708,70,80,2,3,2462
596,26-03-2023,Standard Class,Consumer,Technology,Copiers,TEC-CO-10004115,1100,1200,3,5,2290
597,12-06-2022,Standard Class,Consumer,Technology,Phones,TEC-PH-10002398,390,450,5,5,3233
598,23-03-2022,Standard Class,Consumer,Furniture,Furnishings,FUR-FU-10001979,310,330,8,2,611
599,08-01-2022,First Class,Consumer,Office Supplies,Supplies,OFF-SU-10004115,10,10,2,2,3860
600,03-04-2023,Standard Class,Consumer,Technology,Phones,TEC-PH-10001425,120,140,3,2,1719
601,19-02-2023,Standard Class,Consumer,Technology,Phones,TEC-PH-10003963,390,490,4,4,663
602,10-03-2023,Standard Class,Consumer,Office Supplies,Supplies,OFF-SU-10001574,10,10,2,4,1032
603,08-06-2022,Standard Class,Consumer,Office Supplies,Storage,OFF-ST-10001490,120,140,1,3,4861
604,19-07-2023,Standard Class,Consumer,Furniture,Furnishings,FUR-FU-10001756,40,50,3,5,1124
605,29-03-2022,Standard Class,Consumer,Office Supplies,Binders,OFF-BI-10000773,10,10,3,5,2208
606,25-05-2023,Standard Class,Consumer,Office Supplies,Binders,OFF-BI-10001543,40,40,4,5,4922
607,15-11-2023,Standard Class,Consumer,Office Supplies,Paper,OFF-PA-10002120,120,130,3,2,663
608,04-07-2022,Standard Class,Consumer,Office Supplies,Binders,OFF-BI-10000848,0,0,2,5,2114
609,11-03-2022,Standard Class,Consumer,Office Supplies,Art,OFF-AR-10001246,20,20,9,3,4982
610,07-02-2023,Standard Class,Consumer,Technology,Phones,TEC-PH-10003092,50,60,2,5,2983
611,08-02-2023,First Class,Corporate,Technology,Phones,TEC-PH-10003012,340,370,3,3,2540
612,28-09-2022,First Class,Corporate,Office Supplies,Labels,OFF-LA-10004345,20,20,4,3,218
613,22-04-2022,Second Class,Corporate,Office Supplies,Paper,OFF-PA-10001204,10,10,2,5,638
614,29-06-2023,Second Class,Corporate,Technology,Phones,TEC-PH-10004667,690,730,9,5,379
615,11-10-2022,Second Class,Consumer,Technology,Phones,TEC-PH-10000011,100,120,10,3,3319
616,24-06-2022,Second Class,Consumer,Office Supplies,Binders,OFF-BI-10002949,0,0,2,2,3149
617,30-01-2022,Second Class,Corporate,Furniture,Furnishings,FUR-FU-10003849,30,40,2,4,166
618,20-03-2023,Second Class,Corporate,Furniture,Furnishings,FUR-FU-10000010,10,10,2,4,128
619,18-11-2023,Second Class,Corporate,Office Supplies,Binders,OFF-BI-10002824,100,110,9,3,4949
620,23-09-2023,Second Class,Corporate,Technology,Phones,TEC-PH-10002538,30,40,1,4,2644
621,04-06-2022,Second Class,Corporate,Furniture,Furnishings,FUR-FU-10000521,80,90,3,2,1319
622,01-01-2023,Standard Class,Consumer,Office Supplies,Binders,OFF-BI-10002103,10,10,5,3,5085
623,06-07-2022,Standard Class,Corporate,Furniture,Chairs,FUR-CH-10004853,270,300,2,3,5062
624,24-07-2023,Standard Class,Corporate,Office Supplies,Appliances,OFF-AP-10000179,490,560,5,4,831
625,12-12-2022,Standard Class,Corporate,Office Supplies,Storage,OFF-ST-10001272,440,520,4,2,3364
626,27-08-2022,Standard Class,Corporate,Office Supplies,Art,OFF-AR-10004042,150,160,9,3,1592
627,17-02-2022,Standard Class,Home Office,Furniture,Furnishings,FUR-FU-10000221,30,40,7,4,801
628,04-01-2023,Standard Class,Consumer,Office Supplies,Appliances,OFF-AP-10001563,80,100,2,3,487
629,02-04-2023,Standard Class,Consumer,Office Supplies,Binders,OFF-BI-10000605,20,20,5,5,1589
630,21-04-2022,Standard Class,Consumer,Office Supplies,Paper,OFF-PA-10002615,10,10,3,4,3232
631,17-11-2023,Second Class,Consumer,Office Supplies,Storage,OFF-ST-10001963,200,240,3,2,887
632,24-10-2022,Second Class,Consumer,Technology,Accessories,TEC-AC-10001267,110,120,5,4,2235
633,18-12-2022,Second Class,Consumer,Technology,Phones,TEC-PH-10002103,260,300,4,5,348
634,18-08-2022,Second Class,Consumer,Technology,Accessories,TEC-AC-10002857,20,20,3,2,1540
635,17-02-2022,Second Class,Consumer,Office Supplies,Labels,OFF-LA-10003930,190,240,3,5,5011
636,21-01-2023,Second Class,Corporate,Furniture,Chairs,FUR-CH-10001482,320,390,3,2,3222
637,19-02-2023,Standard Class,Consumer,Office Supplies,Binders,OFF-BI-10001989,20,20,3,5,2740
638,08-07-2022,Standard Class,Consumer,Office Supplies,Appliances,OFF-AP-10003287,110,120,3,2,4330
639,25-05-2023,Standard Class,Home Office,Furniture,Furnishings,FUR-FU-10000576,1000,1050,5,2,713
640,18-01-2022,Standard Class,Home Office,Office Supplies,Binders,OFF-BI-10004728,20,20,4,3,586
641,14-02-2023,Standard Class,Corporate,Furniture,Furnishings,FUR-FU-10000732,20,20,3,4,259
642,15-12-2022,Second Class,Consumer,Office Supplies,Storage,OFF-ST-10000585,300,330,2,5,3515
643,19-01-2022,Second Class,Consumer,Office Supplies,Labels,OFF-LA-10002787,20,30,7,4,2658
644,31-07-2022,Standard Class,Consumer,Technology,Accessories,TEC-AC-10003832,110,130,4,4,3817
645,03-03-2022,Standard Class,Home Office,Office Supplies,Paper,OFF-PA-10001934,10,10,1,5,1062
646,16-08-2022,Standard Class,Home Office,Office Supplies,Appliances,OFF-AP-10002457,190,210,2,3,3607
647,03-02-2022,Standard Class,Corporate,Office Supplies,Fasteners,OFF-FA-10003112,20,30,5,3,23
648,14-11-2022,Standard Class,Corporate,Office Supplies,Appliances,OFF-AP-10002350,30,30,2,4,898
649,26-07-2022,Second Class,Corporate,Furniture,Furnishings,FUR-FU-10001935,10,10,4,5,107
650,29-08-2023,Second Class,Corporate,Technology,Phones,TEC-PH-10003273,270,300,3,4,2471
651,20-06-2022,Second Class,Corporate,Technology,Accessories,TEC-AC-10001142,290,320,4,3,4016
652,28-04-2023,Standard Class,Home Office,Office Supplies,Paper,OFF-PA-10000482,350,380,10,4,1392
653,10-06-2022,Standard Class,Corporate,Office Supplies,Paper,OFF-PA-10003892,90,100,2,4,1380
654,20-02-2023,Standard Class,Corporate,Technology,Accessories,TEC-AC-10001101,80,100,8,5,924
655,04-07-2022,Standard Class,Consumer,Office Supplies,Appliances,OFF-AP-10002439,90,110,2,2,4501
656,06-01-2022,Standard Class,Consumer,Office Supplies,Binders,OFF-BI-10002827,0,0,2,5,1580
657,24-09-2023,Standard Class,Consumer,Office Supplies,Envelopes,OFF-EN-10002230,110,130,2,3,4163
658,31-05-2022,Same Day,Home Office,Furniture,Chairs,FUR-CH-10001215,560,700,2,2,4741
659,01-07-2022,Same Day,Home Office,Office Supplies,Binders,OFF-BI-10004654,0,0,2,5,1651
660,04-07-2023,Standard Class,Consumer,Office Supplies,Storage,OFF-ST-10001490,890,1000,7,2,1695
661,05-09-2023,Standard Class,Consumer,Office Supplies,Storage,OFF-ST-10001511,600,720,14,2,2965
662,15-02-2023,Standard Class,Consumer,Furniture,Tables,FUR-TA-10001768,850,920,5,4,853
663,31-08-2022,Standard Class,Consumer,Office Supplies,Binders,OFF-BI-10003981,0,0,3,4,3366
664,15-03-2022,Standard Class,Corporate,Office Supplies,Storage,OFF-ST-10001522,400,460,5,5,2217
665,08-11-2023,Same Day,Consumer,Office Supplies,Fasteners,OFF-FA-10000621,10,10,3,2,1569
666,16-01-2023,Second Class,Corporate,Office Supplies,Supplies,OFF-SU-10004231,20,20,3,5,418
667,24-07-2023,Second Class,Corporate,Office Supplies,Paper,OFF-PA-10000474,80,90,3,3,2564
668,26-12-2022,Second Class,Corporate,Technology,Phones,TEC-PH-10004042,320,380,3,5,907
669,15-01-2023,First Class,Consumer,Furniture,Furnishings,FUR-FU-10003096,20,30,5,5,695
670,05-06-2022,Standard Class,Home Office,Furniture,Furnishings,FUR-FU-10002759,20,20,3,2,4295
671,04-11-2023,Standard Class,Home Office,Furniture,Tables,FUR-TA-10000688,100,110,1,5,1911
672,08-08-2022,Standard Class,Home Office,Office Supplies,Paper,OFF-PA-10002377,30,40,8,5,804
673,18-02-2023,Standard Class,Consumer,Office Supplies,Art,OFF-AR-10001954,20,20,5,5,1461
674,05-10-2023,First Class,Consumer,Office Supplies,Appliances,OFF-AP-10004532,50,60,3,3,5060
675,20-04-2023,First Class,Consumer,Office Supplies,Paper,OFF-PA-10002137,40,40,5,4,4454
676,08-11-2023,First Class,Consumer,Technology,Accessories,TEC-AC-10003832,90,100,3,2,3787
677,05-01-2022,Standard Class,Consumer,Office Supplies,Appliances,OFF-AP-10000804,0,0,3,4,1903
678,16-11-2023,Standard Class,Consumer,Technology,Accessories,TEC-AC-10003614,20,30,3,5,2221
679,25-04-2023,Standard Class,Consumer,Furniture,Furnishings,FUR-FU-10003553,70,80,3,3,1867
680,05-09-2023,Standard Class,Consumer,Office Supplies,Binders,OFF-BI-10004632,160,180,3,2,1824
681,27-03-2022,Standard Class,Consumer,Office Supplies,Binders,OFF-BI-10003305,10,10,3,4,4912
682,17-05-2023,Standard Class,Consumer,Office Supplies,Storage,OFF-ST-10002583,50,60,2,5,2719
683,23-09-2022,Standard Class,Consumer,Office Supplies,Storage,OFF-ST-10004507,60,70,4,3,3279
684,05-02-2023,Same Day,Corporate,Technology,Machines,TEC-MA-10004125,7280,8000,4,2,4931
685,08-02-2022,Same Day,Corporate,Office Supplies,Appliances,OFF-AP-10002457,150,170,2,3,4194
686,03-12-2023,First Class,Consumer,Technology,Accessories,TEC-AC-10003911,390,480,3,5,3482
687,15-07-2023,First Class,Consumer,Office Supplies,Labels,OFF-LA-10001934,10,10,2,2,130
688,07-01-2022,First Class,Consumer,Office Supplies,Paper,OFF-PA-10000304,20,20,3,3,2222
689,27-12-2022,Standard Class,Consumer,Furniture,Bookcases,FUR-BO-10004015,160,190,2,3,4713
690,25-02-2022,Second Class,Consumer,Furniture,Furnishings,FUR-FU-10004071,90,100,1,5,1477
691,02-04-2022,Second Class,Consumer,Technology,Phones,TEC-PH-10002033,240,280,1,2,4931
692,19-07-2023,Second Class,Consumer,Office Supplies,Storage,OFF-ST-10002444,40,40,3,2,3620
693,14-07-2022,Standard Class,Consumer,Technology,Accessories,TEC-AC-10002253,140,170,1,5,533
694,29-09-2022,Standard Class,Consumer,Office Supplies,Paper,OFF-PA-10000743,30,30,5,3,4388
695,18-02-2022,First Class,Home Office,Office Supplies,Art,OFF-AR-10003373,170,200,8,4,1140
696,22-08-2023,First Class,Home Office,Office Supplies,Labels,OFF-LA-10002312,40,50,4,4,172
697,01-12-2023,First Class,Home Office,Office Supplies,Envelopes,OFF-EN-10000927,180,200,7,4,3714
698,24-03-2022,First Class,Home Office,Office Supplies,Labels,OFF-LA-10003510,80,100,4,3,608
699,14-01-2023,First Class,Home Office,Office Supplies,Art,OFF-AR-10001118,0,0,1,2,223
700,13-05-2023,First Class,Home Office,Office Supplies,Binders,OFF-BI-10001575,20,20,2,3,5074
701,15-09-2022,First Class,Home Office,Office Supplies,Binders,OFF-BI-10001982,0,0,3,5,3327
702,18-01-2023,Standard Class,Corporate,Furniture,Furnishings,FUR-FU-10002960,20,20,3,3,1956
703,27-04-2022,Second Class,Corporate,Furniture,Furnishings,FUR-FU-10003394,190,210,3,4,366
704,29-08-2023,Standard Class,Consumer,Furniture,Tables,FUR-TA-10002774,340,370,3,2,2978
705,18-05-2022,Standard Class,Corporate,Office Supplies,Paper,OFF-PA-10001800,10,10,2,2,4873
706,14-10-2023,Standard Class,Corporate,Office Supplies,Appliances,OFF-AP-10001469,140,170,5,3,864
707,19-02-2023,Standard Class,Corporate,Technology,Accessories,TEC-AC-10002399,20,20,1,3,4091
708,10-12-2022,First Class,Consumer,Technology,Accessories,TEC-AC-10003628,100,120,4,4,4105
709,17-04-2023,First Class,Consumer,Furniture,Bookcases,FUR-BO-10003272,740,880,5,5,2867
710,04-11-2022,First Class,Consumer,Office Supplies,Binders,OFF-BI-10000050,40,50,8,3,3420
711,30-11-2022,First Class,Home Office,Office Supplies,Paper,OFF-PA-10004071,50,60,1,4,363
712,06-06-2022,Standard Class,Consumer,Office Supplies,Envelopes,OFF-EN-10001219,20,20,4,4,4696
713,20-08-2023,Standard Class,Corporate,Office Supplies,Appliances,OFF-AP-10001154,240,280,6,2,4333
714,14-01-2023,Standard Class,Corporate,Technology,Phones,TEC-PH-10003012,290,310,2,4,2855
715,21-04-2022,Standard Class,Corporate,Technology,Accessories,TEC-AC-10001606,260,300,3,5,1372
716,07-06-2022,Second Class,Corporate,Office Supplies,Binders,OFF-BI-10003355,20,20,5,3,848
717,25-05-2022,First Class,Consumer,Furniture,Furnishings,FUR-FU-10000010,10,10,2,5,1399
718,01-02-2023,Standard Class,Consumer,Furniture,Furnishings,FUR-FU-10002253,90,100,3,3,3264
719,25-10-2022,Standard Class,Home Office,Office Supplies,Binders,OFF-BI-10001658,60,60,3,2,3109
720,24-07-2022,Standard Class,Home Office,Furniture,Furnishings,FUR-FU-10000246,60,70,6,4,3264
721,25-05-2022,Standard Class,Home Office,Office Supplies,Paper,OFF-PA-10004092,140,150,3,5,2302
722,09-08-2023,Standard Class,Corporate,Furniture,Tables,FUR-TA-10000198,1370,1650,3,2,2029
723,09-09-2023,Standard Class,Corporate,Office Supplies,Storage,OFF-ST-10000036,260,300,3,5,47
724,06-10-2022,Standard Class,Home Office,Furniture,Furnishings,FUR-FU-10000222,120,130,5,4,816
725,20-07-2023,Standard Class,Corporate,Office Supplies,Supplies,OFF-SU-10004664,40,50,7,2,2785
726,04-09-2022,Standard Class,Consumer,Office Supplies,Envelopes,OFF-EN-10001141,20,20,2,3,789
727,29-03-2022,Standard Class,Consumer,Technology,Phones,TEC-PH-10002170,50,60,1,5,1961
728,07-10-2022,First Class,Consumer,Office Supplies,Paper,OFF-PA-10001954,160,180,8,3,3708
729,06-07-2022,First Class,Consumer,Furniture,Tables,FUR-TA-10002228,350,400,2,3,3273
730,27-12-2022,First Class,Consumer,Office Supplies,Storage,OFF-ST-10004634,30,30,3,4,4401
731,06-02-2022,First Class,Consumer,Furniture,Chairs,FUR-CH-10002965,490,540,3,3,2459
732,13-12-2023,First Class,Consumer,Office Supplies,Labels,OFF-LA-10001317,10,10,2,2,362
733,08-09-2022,Standard Class,Home Office,Office Supplies,Storage,OFF-ST-10000736,210,240,3,2,2978
734,13-11-2022,Standard Class,Home Office,Technology,Accessories,TEC-AC-10003610,170,180,3,5,1769
735,21-02-2023,Standard Class,Home Office,Office Supplies,Binders,OFF-BI-10003982,80,100,6,3,668
736,13-08-2022,Standard Class,Home Office,Office Supplies,Binders,OFF-BI-10003291,30,30,4,5,2307
737,25-06-2023,Standard Class,Home Office,Furniture,Bookcases,FUR-BO-10001619,80,80,1,3,137
738,18-05-2023,Standard Class,Home Office,Office Supplies,Binders,OFF-BI-10000138,20,20,5,2,706
739,27-01-2023,Standard Class,Consumer,Technology,Accessories,TEC-AC-10001383,50,50,2,2,2369
740,21-11-2022,Standard Class,Home Office,Office Supplies,Labels,OFF-LA-10003223,10,10,3,3,208
741,24-06-2022,Standard Class,Home Office,Office Supplies,Storage,OFF-ST-10002743,250,270,3,2,1267
742,21-09-2022,Standard Class,Home Office,Office Supplies,Binders,OFF-BI-10004094,0,0,2,5,3479
743,16-04-2022,Standard Class,Consumer,Office Supplies,Supplies,OFF-SU-10004498,50,50,5,5,1169
744,26-04-2022,Standard Class,Consumer,Office Supplies,Paper,OFF-PA-10002615,0,0,1,4,1531
745,08-12-2023,Standard Class,Consumer,Office Supplies,Paper,OFF-PA-10004971,0,0,1,3,1880
746,23-08-2022,Standard Class,Consumer,Office Supplies,Supplies,OFF-SU-10004261,50,60,4,4,4164
747,16-01-2022,Same Day,Corporate,Furniture,Tables,FUR-TA-10002607,480,570,10,3,451
748,14-11-2022,Same Day,Corporate,Office Supplies,Storage,OFF-ST-10001809,340,360,4,4,1150
749,11-02-2023,Second Class,Consumer,Technology,Phones,TEC-PH-10000004,10,10,1,4,429
750,17-11-2022,Standard Class,Consumer,Office Supplies,Binders,OFF-BI-10003638,50,60,3,3,3116
751,27-11-2022,Standard Class,Consumer,Furniture,Furnishings,FUR-FU-10003577,130,160,11,3,4110
752,05-08-2022,Standard Class,Consumer,Office Supplies,Art,OFF-AR-10003478,60,60,7,4,1438
753,25-07-2023,Standard Class,Consumer,Office Supplies,Binders,OFF-BI-10000546,0,0,1,2,1462
754,14-10-2023,First Class,Corporate,Technology,Copiers,TEC-CO-10002095,1020,1200,3,3,3621
755,13-05-2023,Standard Class,Consumer,Furniture,Furnishings,FUR-FU-10002759,70,80,4,4,872
756,02-05-2023,Standard Class,Corporate,Furniture,Tables,FUR-TA-10001095,350,380,4,2,4792
757,18-02-2022,Standard Class,Consumer,Office Supplies,Storage,OFF-ST-10002444,20,20,2,5,2935
758,24-06-2023,Standard Class,Consumer,Technology,Accessories,TEC-AC-10001267,100,120,4,4,892
759,15-06-2022,Standard Class,Corporate,Office Supplies,Binders,OFF-BI-10000848,10,10,3,2,1622
760,28-10-2022,Standard Class,Corporate,Office Supplies,Paper,OFF-PA-10002377,20,20,4,4,4582
761,20-07-2023,Standard Class,Consumer,Office Supplies,Paper,OFF-PA-10003441,60,60,9,5,798
762,04-10-2023,Standard Class,Corporate,Office Supplies,Labels,OFF-LA-10004484,10,10,3,5,1344
763,01-11-2023,Standard Class,Consumer,Technology,Phones,TEC-PH-10003931,90,110,3,3,384
764,27-09-2023,Second Class,Corporate,Office Supplies,Envelopes,OFF-EN-10001990,10,10,2,2,2989
765,11-08-2023,Second Class,Corporate,Office Supplies,Envelopes,OFF-EN-10001532,50,50,3,5,3420
766,05-05-2023,Second Class,Corporate,Technology,Accessories,TEC-AC-10003174,530,650,6,5,2767
767,06-05-2023,Second Class,Corporate,Office Supplies,Binders,OFF-BI-10004187,10,10,3,3,4893
768,10-08-2022,Second Class,Corporate,Office Supplies,Storage,OFF-ST-10000025,540,570,6,3,3434
769,24-09-2023,Standard Class,Corporate,Furniture,Furnishings,FUR-FU-10004306,280,310,2,4,4363
770,26-08-2022,Standard Class,Consumer,Furniture,Chairs,FUR-CH-10003746,570,640,2,2,4572
771,24-01-2022,Standard Class,Corporate,Office Supplies,Binders,OFF-BI-10001036,20,20,2,4,2883
772,13-08-2022,Standard Class,Corporate,Technology,Phones,TEC-PH-10004614,170,210,3,2,3761
773,13-03-2022,Standard Class,Corporate,Office Supplies,Binders,OFF-BI-10000301,30,30,5,5,1337
774,09-03-2023,Standard Class,Corporate,Office Supplies,Binders,OFF-BI-10003910,10,10,1,3,1143
775,30-03-2023,Standard Class,Corporate,Office Supplies,Art,OFF-AR-10004648,40,40,2,4,4103
776,19-12-2022,Standard Class,Corporate,Furniture,Furnishings,FUR-FU-10002597,30,30,7,2,1726
777,14-02-2022,Standard Class,Consumer,Office Supplies,Art,OFF-AR-10003405,30,30,7,4,3658
778,06-07-2022,First Class,Home Office,Furniture,Chairs,FUR-CH-10002335,440,540,3,2,2367
779,21-05-2022,First Class,Home Office,Office Supplies,Paper,OFF-PA-10000157,50,60,3,5,2946
780,05-03-2023,First Class,Home Office,Office Supplies,Paper,OFF-PA-10001947,20,20,4,4,4314
781,05-07-2023,First Class,Home Office,Office Supplies,Paper,OFF-PA-10003657,0,0,1,5,4457
782,27-02-2023,Second Class,Consumer,Office Supplies,Binders,OFF-BI-10001098,20,30,5,5,3255
783,03-02-2022,Second Class,Consumer,Technology,Accessories,TEC-AC-10002167,20,20,2,4,43
784,28-04-2022,Second Class,Consumer,Furniture,Bookcases,FUR-BO-10004409,40,40,1,5,4311
785,09-11-2023,Second Class,Consumer,Technology,Accessories,TEC-AC-10000057,50,50,2,3,2534
786,05-04-2022,Standard Class,Corporate,Office Supplies,Envelopes,OFF-EN-10000056,160,190,3,4,4200
787,01-04-2023,Second Class,Consumer,Office Supplies,Binders,OFF-BI-10000014,20,20,2,2,334
788,07-06-2023,Standard Class,Consumer,Furniture,Chairs,FUR-CH-10004675,290,350,2,3,4127
789,12-02-2023,Standard Class,Consumer,Office Supplies,Binders,OFF-BI-10001543,110,140,4,4,2754
790,25-07-2022,Standard Class,Consumer,Office Supplies,Storage,OFF-ST-10001321,20,20,1,3,2997
791,07-04-2023,Standard Class,Consumer,Office Supplies,Binders,OFF-BI-10001132,30,40,8,4,364
792,09-04-2022,Standard Class,Consumer,Furniture,Chairs,FUR-CH-10003199,280,330,3,2,1701
793,14-05-2022,Same Day,Consumer,Technology,Phones,TEC-PH-10001530,1170,1360,5,5,1829
794,27-11-2023,Standard Class,Consumer,Office Supplies,Labels,OFF-LA-10001569,10,10,2,2,2289
795,11-03-2023,Standard Class,Consumer,Office Supplies,Paper,OFF-PA-10003724,20,20,4,4,4829
796,18-06-2023,Standard Class,Consumer,Office Supplies,Binders,OFF-BI-10000546,20,20,7,4,3443
797,15-02-2023,First Class,Corporate,Office Supplies,Paper,OFF-PA-10000176,110,130,7,2,1855
798,14-04-2023,First Class,Corporate,Office Supplies,Paper,OFF-PA-10002365,10,10,2,4,3515
799,06-11-2022,First Class,Corporate,Office Supplies,Labels,OFF-LA-10002271,20,20,7,2,34
800,26-11-2023,Standard Class,Consumer,Furniture,Chairs,FUR-CH-10002647,260,280,5,3,4212
801,24-05-2023,First Class,Corporate,Furniture,Furnishings,FUR-FU-10004090,20,20,1,5,3069
802,25-12-2023,First Class,Corporate,Technology,Phones,TEC-PH-10001580,210,220,2,4,554
803,23-09-2023,Second Class,Corporate,Office Supplies,Appliances,OFF-AP-10000576,320,360,9,4,596
804,11-10-2022,Standard Class,Corporate,Office Supplies,Paper,OFF-PA-10003953,10,10,2,3,95
805,23-02-2022,First Class,Consumer,Furniture,Furnishings,FUR-FU-10000794,20,20,2,5,1619
806,17-10-2022,Standard Class,Consumer,Office Supplies,Art,OFF-AR-10001897,40,40,3,4,759
807,07-04-2023,Standard Class,Consumer,Technology,Phones,TEC-PH-10001795,1700,1980,4,4,3447
808,26-05-2023,First Class,Consumer,Furniture,Furnishings,FUR-FU-10003347,30,30,2,5,4429
809,01-07-2023,First Class,Consumer,Technology,Accessories,TEC-AC-10004901,130,150,3,4,3425
810,27-01-2023,First Class,Consumer,Office Supplies,Art,OFF-AR-10003190,10,10,4,4,533
811,30-04-2022,First Class,Consumer,Furniture,Tables,FUR-TA-10002903,1090,1300,5,5,1010
812,04-04-2022,First Class,Consumer,Office Supplies,Appliances,OFF-AP-10000240,190,210,4,5,2447
813,28-07-2023,First Class,Consumer,Technology,Accessories,TEC-AC-10001101,20,30,2,5,1800
814,22-12-2023,Same Day,Consumer,Furniture,Furnishings,FUR-FU-10000794,20,20,2,2,3808
815,13-10-2023,Same Day,Consumer,Technology,Accessories,TEC-AC-10001838,1270,1400,7,5,862
816,12-09-2022,First Class,Corporate,Office Supplies,Paper,OFF-PA-10000061,50,50,8,4,3830
817,15-04-2022,Standard Class,Consumer,Office Supplies,Paper,OFF-PA-10003651,10,10,1,5,3583
818,23-02-2023,Standard Class,Consumer,Office Supplies,Paper,OFF-PA-10000304,30,40,8,3,4427
819,29-06-2022,Standard Class,Consumer,Office Supplies,Binders,OFF-BI-10003094,0,0,3,2,2765
820,09-11-2023,Standard Class,Consumer,Furniture,Chairs,FUR-CH-10001394,1030,1230,5,5,1687
821,18-11-2022,Standard Class,Consumer,Office Supplies,Binders,OFF-BI-10004230,30,30,3,2,2038
822,06-07-2023,Standard Class,Consumer,Office Supplies,Paper,OFF-PA-10003395,290,340,4,4,3599
823,13-10-2022,Standard Class,Consumer,Technology,Accessories,TEC-AC-10002402,210,240,3,2,3431
824,31-08-2023,Standard Class,Consumer,Office Supplies,Labels,OFF-LA-10003223,10,10,2,3,4423
825,08-04-2022,Standard Class,Consumer,Technology,Accessories,TEC-AC-10003441,60,70,4,4,3675
826,23-11-2023,Standard Class,Consumer,Technology,Accessories,TEC-AC-10000109,160,170,3,4,4720
827,21-06-2023,Standard Class,Consumer,Office Supplies,Fasteners,OFF-FA-10002280,40,40,7,2,1434
828,24-10-2023,Standard Class,Consumer,Office Supplies,Supplies,OFF-SU-10000381,30,40,4,4,2916
829,23-12-2023,Standard Class,Consumer,Office Supplies,Envelopes,OFF-EN-10004459,20,20,2,3,1139
830,23-04-2022,Second Class,Consumer,Furniture,Chairs,FUR-CH-10000665,250,300,2,4,3629
831,12-12-2022,Second Class,Consumer,Office Supplies,Appliances,OFF-AP-10003884,150,180,3,4,4077
832,30-05-2023,Second Class,Consumer,Technology,Phones,TEC-PH-10001557,180,190,2,4,1443
833,21-03-2023,Second Class,Consumer,Technology,Phones,TEC-PH-10002085,60,70,1,5,2635
834,18-11-2022,Standard Class,Corporate,Office Supplies,Art,OFF-AR-10002956,30,40,2,2,2368
835,30-07-2023,Standard Class,Corporate,Office Supplies,Appliances,OFF-AP-10003266,20,20,2,4,23
836,01-08-2022,Standard Class,Corporate,Technology,Machines,TEC-MA-10004002,220,270,1,3,3686
837,25-04-2023,Second Class,Consumer,Office Supplies,Binders,OFF-BI-10001071,40,50,4,2,18
838,29-10-2023,Standard Class,Home Office,Office Supplies,Paper,OFF-PA-10001560,10,10,2,2,321
839,08-11-2022,Standard Class,Corporate,Technology,Phones,TEC-PH-10002365,20,20,3,4,198
840,10-03-2023,Standard Class,Corporate,Office Supplies,Art,OFF-AR-10004648,50,60,3,3,2525
841,29-06-2023,Standard Class,Corporate,Office Supplies,Art,OFF-AR-10002578,10,10,4,5,1149
842,26-12-2022,Standard Class,Corporate,Furniture,Bookcases,FUR-BO-10001519,170,190,4,2,3768
843,22-12-2023,First Class,Corporate,Office Supplies,Binders,OFF-BI-10001294,30,40,4,5,2702
844,01-05-2023,First Class,Corporate,Office Supplies,Binders,OFF-BI-10001636,30,30,4,2,2583
845,07-03-2022,First Class,Corporate,Office Supplies,Supplies,OFF-SU-10002503,10,10,2,5,4019
846,20-06-2023,First Class,Corporate,Office Supplies,Labels,OFF-LA-10004093,10,10,2,5,4628
847,10-02-2022,Standard Class,Consumer,Technology,Phones,TEC-PH-10001552,70,80,7,3,166
848,21-12-2023,Standard Class,Consumer,Furniture,Chairs,FUR-CH-10001891,230,290,3,3,2552
849,21-06-2023,Standard Class,Consumer,Furniture,Furnishings,FUR-FU-10003878,40,50,4,2,2238
850,22-04-2023,Standard Class,Corporate,Technology,Accessories,TEC-AC-10000710,110,120,7,3,446
851,30-04-2022,Second Class,Corporate,Office Supplies,Art,OFF-AR-10002335,10,10,2,2,823
852,10-02-2022,Second Class,Corporate,Office Supplies,Paper,OFF-PA-10001870,30,40,6,5,1097
853,28-03-2022,Standard Class,Consumer,Office Supplies,Art,OFF-AR-10003373,160,190,6,2,4677
854,11-12-2023,Standard Class,Consumer,Furniture,Furnishings,FUR-FU-10004090,30,40,2,4,1453
855,20-01-2023,Standard Class,Consumer,Office Supplies,Storage,OFF-ST-10000736,190,240,3,2,1743
856,27-08-2023,Standard Class,Consumer,Office Supplies,Paper,OFF-PA-10001019,30,40,2,5,1340
857,05-07-2022,Standard Class,Consumer,Office Supplies,Supplies,OFF-SU-10002537,90,100,10,2,5074
858,22-03-2023,Standard Class,Consumer,Office Supplies,Storage,OFF-ST-10003221,20,20,2,4,240
859,27-08-2022,Standard Class,Home Office,Office Supplies,Paper,OFF-PA-10004569,10,10,1,4,3623
860,05-06-2023,Standard Class,Home Office,Office Supplies,Fasteners,OFF-FA-10000624,10,10,2,3,3344
861,02-07-2022,Standard Class,Consumer,Office Supplies,Supplies,OFF-SU-10001225,10,10,2,4,1317
862,06-04-2022,Standard Class,Consumer,Office Supplies,Art,OFF-AR-10003752,20,20,2,4,2633
863,26-07-2023,Second Class,Corporate,Technology,Accessories,TEC-AC-10001714,170,190,6,2,4268
864,02-11-2022,Second Class,Corporate,Office Supplies,Art,OFF-AR-10003958,10,10,2,4,5033
865,30-01-2022,Second Class,Corporate,Technology,Phones,TEC-PH-10002923,50,60,2,2,766
866,01-04-2022,Standard Class,Corporate,Office Supplies,Labels,OFF-LA-10004272,0,0,1,4,2095
867,06-09-2023,Standard Class,Corporate,Furniture,Furnishings,FUR-FU-10000965,40,50,1,4,2564
868,28-12-2022,First Class,Corporate,Office Supplies,Labels,OFF-LA-10004853,20,20,4,5,816
869,27-04-2023,Standard Class,Corporate,Office Supplies,Binders,OFF-BI-10003719,30,40,6,2,4914
870,12-05-2023,First Class,Home Office,Office Supplies,Binders,OFF-BI-10000545,910,1140,5,2,1918
871,28-02-2022,First Class,Home Office,Technology,Phones,TEC-PH-10002496,260,280,3,5,3007
872,11-07-2022,First Class,Consumer,Office Supplies,Paper,OFF-PA-10003591,30,30,3,3,2950
873,01-06-2022,Standard Class,Consumer,Office Supplies,Paper,OFF-PA-10004470,10,10,2,2,2504
874,21-03-2022,Standard Class,Consumer,Office Supplies,Binders,OFF-BI-10000315,100,110,7,5,2717
875,07-02-2022,Standard Class,Consumer,Office Supplies,Paper,OFF-PA-10001790,160,190,5,4,4043
876,04-04-2023,Standard Class,Home Office,Furniture,Furnishings,FUR-FU-10004017,280,320,3,2,1834
877,23-03-2023,Standard Class,Home Office,Technology,Accessories,TEC-AC-10003628,30,30,1,3,3152
878,13-06-2023,Standard Class,Home Office,Technology,Accessories,TEC-AC-10002049,330,370,3,4,4780
879,18-12-2022,Standard Class,Home Office,Office Supplies,Binders,OFF-BI-10003712,10,10,4,2,4810
880,30-06-2022,Second Class,Home Office,Office Supplies,Binders,OFF-BI-10003984,60,70,3,3,1496
881,30-11-2022,Second Class,Home Office,Furniture,Chairs,FUR-CH-10004287,1170,1240,5,2,3787
882,11-07-2023,Standard Class,Consumer,Office Supplies,Storage,OFF-ST-10001321,30,30,2,2,1620
883,10-05-2022,Same Day,Consumer,Office Supplies,Art,OFF-AR-10001118,10,10,4,4,2654
884,03-06-2022,First Class,Home Office,Furniture,Furnishings,FUR-FU-10000732,20,30,5,2,2080
885,18-11-2022,Standard Class,Consumer,Furniture,Furnishings,FUR-FU-10001424,20,20,2,5,2077
886,18-07-2022,Second Class,Corporate,Office Supplies,Binders,OFF-BI-10002071,10,10,3,4,4266
887,07-02-2023,Standard Class,Consumer,Office Supplies,Storage,OFF-ST-10002486,70,80,12,5,1662
888,16-07-2022,Standard Class,Home Office,Office Supplies,Binders,OFF-BI-10001078,30,40,7,5,4785
889,12-10-2023,Standard Class,Corporate,Office Supplies,Paper,OFF-PA-10003845,30,30,6,2,178
890,11-01-2022,Standard Class,Consumer,Technology,Accessories,TEC-AC-10000927,130,150,5,3,928
891,10-02-2022,Standard Class,Consumer,Office Supplies,Binders,OFF-BI-10001098,40,50,3,4,4293
892,03-05-2022,First Class,Home Office,Office Supplies,Paper,OFF-PA-10001622,0,0,1,4,3337
893,07-04-2023,First Class,Home Office,Office Supplies,Art,OFF-AR-10003158,20,20,4,2,1757
894,07-02-2023,First Class,Home Office,Technology,Phones,TEC-PH-10002660,510,540,8,2,3106
895,05-12-2022,First Class,Corporate,Office Supplies,Storage,OFF-ST-10002205,130,160,7,3,1927
896,13-05-2022,First Class,Corporate,Office Supplies,Binders,OFF-BI-10003364,60,70,3,2,1596
897,20-11-2023,Second Class,Consumer,Office Supplies,Envelopes,OFF-EN-10001099,20,20,2,3,147
898,17-10-2022,Standard Class,Consumer,Office Supplies,Labels,OFF-LA-10003923,90,100,7,2,538
899,06-02-2023,Second Class,Corporate,Office Supplies,Paper,OFF-PA-10002250,50,50,8,3,4114
900,20-10-2022,First Class,Corporate,Office Supplies,Binders,OFF-BI-10004716,10,10,2,3,3005
901,20-05-2023,First Class,Consumer,Office Supplies,Labels,OFF-LA-10001045,10,10,5,5,2151
902,09-09-2023,First Class,Consumer,Office Supplies,Binders,OFF-BI-10001510,20,20,4,3,4600
903,28-06-2022,First Class,Consumer,Technology,Phones,TEC-PH-10004536,260,320,3,2,1465
904,01-12-2023,Standard Class,Consumer,Office Supplies,Paper,OFF-PA-10002947,20,20,3,2,4944
905,25-05-2022,Standard Class,Consumer,Office Supplies,Storage,OFF-ST-10002583,50,60,2,2,2631
906,23-04-2022,Standard Class,Consumer,Office Supplies,Paper,OFF-PA-10000019,10,10,2,2,1037
907,26-11-2023,Standard Class,Consumer,Furniture,Bookcases,FUR-BO-10003441,280,320,4,4,4767
908,25-07-2022,Standard Class,Consumer,Technology,Phones,TEC-PH-10004774,70,90,7,4,3881
909,06-07-2023,Standard Class,Consumer,Office Supplies,Binders,OFF-BI-10003684,40,50,3,3,1386
910,30-03-2023,Standard Class,Home Office,Technology,Phones,TEC-PH-10001494,1010,1200,4,3,476
911,31-12-2023,Standard Class,Home Office,Technology,Accessories,TEC-AC-10004666,1830,1930,7,4,3777
912,08-06-2022,Standard Class,Home Office,Office Supplies,Storage,OFF-ST-10003816,320,350,2,3,4392
913,21-06-2023,Standard Class,Home Office,Furniture,Furnishings,FUR-FU-10001935,20,20,6,5,4895
914,09-05-2023,First Class,Corporate,Furniture,Furnishings,FUR-FU-10004091,40,50,1,5,546
915,29-05-2023,First Class,Corporate,Technology,Accessories,TEC-AC-10001772,130,140,9,4,4550
916,03-03-2023,Standard Class,Corporate,Furniture,Tables,FUR-TA-10001520,90,100,2,4,247
917,17-05-2023,Standard Class,Corporate,Furniture,Chairs,FUR-CH-10003379,680,800,4,5,529
918,18-12-2022,Standard Class,Corporate,Office Supplies,Binders,OFF-BI-10002706,10,10,3,2,2735
919,28-06-2022,Standard Class,Corporate,Office Supplies,Envelopes,OFF-EN-10000056,130,150,3,4,2985
920,13-03-2022,Standard Class,Corporate,Office Supplies,Storage,OFF-ST-10001558,10,10,1,5,2401
921,18-12-2022,Standard Class,Consumer,Office Supplies,Storage,OFF-ST-10002444,20,20,2,4,4343
922,07-12-2022,Standard Class,Consumer,Technology,Accessories,TEC-AC-10002473,80,90,3,5,2551
923,17-03-2022,Standard Class,Consumer,Technology,Phones,TEC-PH-10004531,20,20,1,2,4908
924,13-03-2023,Standard Class,Consumer,Office Supplies,Appliances,OFF-AP-10004487,340,410,5,4,723
925,04-08-2022,Standard Class,Corporate,Office Supplies,Binders,OFF-BI-10003650,720,840,2,3,4340
926,23-05-2022,First Class,Consumer,Office Supplies,Paper,OFF-PA-10003543,20,20,3,3,1298
927,23-01-2023,First Class,Consumer,Technology,Accessories,TEC-AC-10004353,210,250,5,3,242
928,23-05-2022,Standard Class,Home Office,Office Supplies,Art,OFF-AR-10000658,40,50,4,3,3110
929,22-02-2022,Standard Class,Home Office,Office Supplies,Appliances,OFF-AP-10000696,20,30,2,5,340
930,23-02-2022,First Class,Consumer,Office Supplies,Art,OFF-AR-10003560,10,10,3,3,4683
931,08-08-2022,First Class,Consumer,Office Supplies,Art,OFF-AR-10001468,90,90,3,2,577
932,27-06-2022,First Class,Consumer,Office Supplies,Paper,OFF-PA-10004971,10,10,3,2,4359
933,04-09-2022,Standard Class,Consumer,Office Supplies,Paper,OFF-PA-10002195,10,10,3,4,4702
934,09-09-2023,Standard Class,Home Office,Office Supplies,Paper,OFF-PA-10001745,40,50,8,4,857
935,18-07-2022,Standard Class,Home Office,Office Supplies,Binders,OFF-BI-10004826,20,30,6,3,472
936,12-05-2022,Standard Class,Home Office,Office Supplies,Paper,OFF-PA-10001870,20,20,3,3,3896
937,13-12-2023,Standard Class,Home Office,Office Supplies,Appliances,OFF-AP-10001058,410,450,2,3,611
938,11-10-2022,First Class,Corporate,Technology,Accessories,TEC-AC-10003911,140,160,1,3,3896
939,31-05-2023,Standard Class,Corporate,Office Supplies,Paper,OFF-PA-10000289,10,10,2,4,1945
940,18-12-2022,Standard Class,Corporate,Office Supplies,Appliances,OFF-AP-10003040,120,130,4,3,87
941,11-07-2023,First Class,Corporate,Office Supplies,Paper,OFF-PA-10000350,20,20,2,3,5036
942,15-02-2023,Standard Class,Corporate,Office Supplies,Binders,OFF-BI-10001759,10,10,2,4,4946
943,06-04-2023,Standard Class,Corporate,Furniture,Tables,FUR-TA-10000577,900,1110,4,5,3328
944,25-12-2023,Standard Class,Consumer,Office Supplies,Paper,OFF-PA-10004101,30,30,5,4,3816
945,14-07-2023,Standard Class,Consumer,Office Supplies,Storage,OFF-ST-10001496,500,540,3,5,1881
946,03-03-2022,Standard Class,Consumer,Office Supplies,Binders,OFF-BI-10002931,150,170,5,4,29
947,20-04-2023,First Class,Consumer,Furniture,Tables,FUR-TA-10002356,320,390,3,3,2445
948,09-06-2022,Standard Class,Home Office,Furniture,Furnishings,FUR-FU-10003601,420,520,7,5,1256
949,15-06-2022,Standard Class,Home Office,Furniture,Furnishings,FUR-FU-10000576,810,1010,6,2,2615
950,09-07-2022,Standard Class,Home Office,Furniture,Tables,FUR-TA-10004154,1950,2070,12,5,3550
951,19-03-2022,Standard Class,Home Office,Office Supplies,Paper,OFF-PA-10000788,20,20,3,3,2231
952,14-05-2022,Standard Class,Home Office,Office Supplies,Paper,OFF-PA-10002479,20,30,6,2,4908
953,23-04-2023,Standard Class,Consumer,Furniture,Furnishings,FUR-FU-10001940,30,30,4,3,2696
954,03-08-2022,Standard Class,Consumer,Office Supplies,Art,OFF-AR-10001958,30,30,2,2,1899
955,15-11-2023,Standard Class,Consumer,Furniture,Bookcases,FUR-BO-10004709,70,80,2,5,2158
956,07-02-2022,Standard Class,Consumer,Office Supplies,Storage,OFF-ST-10000604,160,170,5,4,1791
957,20-08-2022,Second Class,Consumer,Technology,Phones,TEC-PH-10002923,30,30,1,4,4807
958,29-06-2022,Second Class,Consumer,Office Supplies,Binders,OFF-BI-10004465,0,0,2,5,4579
959,23-10-2022,Second Class,Consumer,Office Supplies,Paper,OFF-PA-10002333,20,20,3,2,3428
960,15-05-2022,Same Day,Consumer,Furniture,Furnishings,FUR-FU-10004188,190,200,2,4,2488
961,04-09-2023,Standard Class,Corporate,Furniture,Chairs,FUR-CH-10002965,260,320,2,2,2683
962,23-10-2023,Standard Class,Home Office,Office Supplies,Binders,OFF-BI-10000145,10,10,2,2,193
963,16-08-2023,First Class,Corporate,Office Supplies,Envelopes,OFF-EN-10001335,20,20,2,5,791
964,13-09-2022,Second Class,Consumer,Office Supplies,Labels,OFF-LA-10001613,0,0,2,5,3417
965,30-04-2022,First Class,Home Office,Office Supplies,Labels,OFF-LA-10004055,10,10,2,3,1760
966,06-05-2022,First Class,Home Office,Office Supplies,Art,OFF-AR-10004344,40,40,3,5,89
967,11-07-2023,First Class,Home Office,Office Supplies,Paper,OFF-PA-10004621,10,10,2,3,3545
968,05-07-2023,First Class,Home Office,Office Supplies,Paper,OFF-PA-10001281,180,190,4,4,3027
969,19-03-2023,First Class,Home Office,Office Supplies,Labels,OFF-LA-10001613,10,10,3,5,1226
970,25-10-2022,First Class,Home Office,Office Supplies,Storage,OFF-ST-10001097,420,500,3,5,2455
971,15-12-2023,Second Class,Consumer,Furniture,Furnishings,FUR-FU-10001095,110,130,6,4,3561
972,29-05-2022,Second Class,Consumer,Technology,Phones,TEC-PH-10004614,110,120,3,4,1047
973,15-06-2022,Second Class,Consumer,Office Supplies,Binders,OFF-BI-10001575,20,20,2,4,4388
974,17-05-2023,Second Class,Consumer,Office Supplies,Labels,OFF-LA-10001074,20,30,3,5,1491
975,26-06-2022,Second Class,Home Office,Technology,Phones,TEC-PH-10003555,150,160,7,4,4533
976,01-11-2023,Second Class,Home Office,Office Supplies,Binders,OFF-BI-10004492,70,80,3,5,2005
977,03-02-2023,Standard Class,Consumer,Office Supplies,Binders,OFF-BI-10002012,0,0,2,4,898
978,16-04-2023,First Class,Corporate,Technology,Machines,TEC-MA-10000822,2850,3060,2,3,792
979,15-11-2023,First Class,Consumer,Office Supplies,Binders,OFF-BI-10000848,0,0,2,2,3120
980,27-07-2023,First Class,Corporate,Office Supplies,Paper,OFF-PA-10004156,30,30,3,2,3508
981,25-04-2022,Standard Class,Consumer,Furniture,Chairs,FUR-CH-10003199,570,600,6,5,3249
982,31-03-2023,Second Class,Consumer,Office Supplies,Art,OFF-AR-10000034,0,0,1,3,4466
983,01-02-2023,Second Class,Consumer,Technology,Phones,TEC-PH-10000560,460,560,2,5,4187
984,16-10-2022,Second Class,Consumer,Furniture,Chairs,FUR-CH-10000665,550,600,5,2,718
985,27-03-2023,Standard Class,Home Office,Office Supplies,Labels,OFF-LA-10001569,10,10,2,2,3858
986,03-04-2022,Standard Class,Home Office,Office Supplies,Envelopes,OFF-EN-10000461,20,30,4,5,3004
987,25-12-2023,Standard Class,Home Office,Technology,Machines,TEC-MA-10003066,320,340,3,4,2638
988,28-10-2023,Same Day,Consumer,Office Supplies,Binders,OFF-BI-10004022,0,0,2,3,581
989,14-11-2023,Standard Class,Corporate,Furniture,Furnishings,FUR-FU-10004071,490,520,5,4,1870
990,19-02-2023,Standard Class,Corporate,Office Supplies,Art,OFF-AR-10001988,20,20,3,5,4283
991,14-08-2023,Second Class,Home Office,Furniture,Chairs,FUR-CH-10004086,1060,1170,5,5,328
992,16-07-2023,First Class,Consumer,Office Supplies,Binders,OFF-BI-10001036,10,10,2,2,1003
993,24-06-2022,First Class,Consumer,Office Supplies,Fasteners,OFF-FA-10002983,10,10,3,5,40
994,29-06-2022,First Class,Consumer,Office Supplies,Paper,OFF-PA-10003625,120,150,5,2,403
995,24-03-2023,Standard Class,Corporate,Office Supplies,Binders,OFF-BI-10003925,2200,2720,7,2,4977
996,10-02-2022,Standard Class,Corporate,Technology,Phones,TEC-PH-10001530,520,620,3,2,1901
997,25-03-2023,Standard Class,Consumer,Office Supplies,Envelopes,OFF-EN-10003862,10,10,1,4,4843
998,17-02-2023,Standard Class,Consumer,Office Supplies,Storage,OFF-ST-10004258,30,40,3,3,1081
999,25-11-2023,Standard Class,Consumer,Furniture,Furnishings,FUR-FU-10002885,20,20,5,2,2748
1000,05-09-2023,Standard Class,Consumer,Furniture,Furnishings,FUR-FU-10001918,30,30,7,3,1077
1001,29-08-2022,Standard Class,Home Office,Office Supplies,Art,OFF-AR-10002956,40,40,2,5,2788
1002,02-09-2023,Same Day,Consumer,Technology,Accessories,TEC-AC-10003033,2010,2310,7,4,1939
1003,08-10-2022,Same Day,Consumer,Furniture,Tables,FUR-TA-10002903,960,1090,7,4,1867
1004,23-12-2023,Same Day,Consumer,Office Supplies,Paper,OFF-PA-10004621,20,20,3,2,3866
1005,03-08-2022,Standard Class,Consumer,Office Supplies,Storage,OFF-ST-10000046,450,480,3,2,791
1006,03-08-2023,Standard Class,Consumer,Office Supplies,Paper,OFF-PA-10001790,110,120,3,4,1264
1007,17-10-2022,First Class,Consumer,Office Supplies,Envelopes,OFF-EN-10002600,10,10,3,4,4225
1008,17-07-2023,First Class,Consumer,Office Supplies,Binders,OFF-BI-10002049,0,0,3,4,3504
1009,11-11-2022,Standard Class,Consumer,Office Supplies,Paper,OFF-PA-10001509,40,40,5,3,2244
1010,14-03-2023,First Class,Consumer,Technology,Phones,TEC-PH-10003931,80,100,2,2,1052
1011,30-01-2022,First Class,Consumer,Furniture,Furnishings,FUR-FU-10001602,140,150,4,5,4295
1012,21-12-2023,Second Class,Consumer,Furniture,Furnishings,FUR-FU-10004848,140,160,3,3,2638
1013,14-04-2022,Second Class,Consumer,Office Supplies,Storage,OFF-ST-10003722,10,10,1,4,4290
1014,22-06-2022,Second Class,Consumer,Furniture,Tables,FUR-TA-10003748,1410,1620,13,3,4285
1015,21-06-2023,Second Class,Consumer,Technology,Accessories,TEC-AC-10003198,90,100,1,2,867
1016,07-03-2023,Second Class,Home Office,Office Supplies,Paper,OFF-PA-10004100,30,30,5,5,3677
1017,23-08-2022,Standard Class,Corporate,Furniture,Furnishings,FUR-FU-10002191,10,10,2,3,1691
1018,26-08-2023,Standard Class,Corporate,Furniture,Furnishings,FUR-FU-10000965,130,160,3,2,1553
1019,11-08-2023,Standard Class,Corporate,Technology,Phones,TEC-PH-10004188,110,120,5,2,487
1020,14-07-2023,Standard Class,Corporate,Office Supplies,Storage,OFF-ST-10001526,490,600,5,5,752
1021,20-03-2023,Standard Class,Consumer,Office Supplies,Art,OFF-AR-10001166,20,20,3,3,3041
1022,29-12-2023,Standard Class,Consumer,Furniture,Chairs,FUR-CH-10000309,1080,1270,3,3,4471
1023,26-11-2023,Standard Class,Consumer,Technology,Machines,TEC-MA-10004212,1240,1380,8,2,3022
1024,09-03-2023,Standard Class,Consumer,Office Supplies,Envelopes,OFF-EN-10003072,10,10,2,4,2582
1025,03-06-2023,First Class,Home Office,Office Supplies,Binders,OFF-BI-10000320,10,10,2,3,2324
1026,16-09-2023,Second Class,Home Office,Office Supplies,Paper,OFF-PA-10001166,20,20,3,2,5050
1027,02-04-2022,Second Class,Home Office,Office Supplies,Paper,OFF-PA-10003656,50,60,3,5,3404
1028,05-08-2022,Second Class,Home Office,Technology,Phones,TEC-PH-10000148,20,20,2,2,2139
1029,26-03-2022,Standard Class,Corporate,Office Supplies,Paper,OFF-PA-10000474,160,180,5,5,2293
1030,26-06-2023,Standard Class,Corporate,Technology,Phones,TEC-PH-10003885,160,200,3,2,2138
1031,08-08-2023,Standard Class,Corporate,Furniture,Chairs,FUR-CH-10003379,790,850,3,4,5005
1032,06-08-2022,Standard Class,Corporate,Furniture,Furnishings,FUR-FU-10000629,110,120,9,2,842
1033,27-03-2023,Standard Class,Corporate,Office Supplies,Labels,OFF-LA-10001175,10,10,5,2,4466
1034,02-05-2023,First Class,Consumer,Office Supplies,Paper,OFF-PA-10000955,20,20,3,4,3647
1035,05-06-2022,First Class,Consumer,Office Supplies,Binders,OFF-BI-10003460,0,0,2,4,5041
1036,10-10-2022,First Class,Consumer,Office Supplies,Binders,OFF-BI-10000474,10,10,3,4,4442
1037,21-10-2023,Standard Class,Home Office,Furniture,Furnishings,FUR-FU-10003975,80,90,2,3,3628
1038,24-01-2023,First Class,Consumer,Office Supplies,Binders,OFF-BI-10003707,30,40,3,4,4194
1039,06-03-2023,First Class,Consumer,Office Supplies,Art,OFF-AR-10000203,20,20,7,5,1590
1040,19-04-2022,First Class,Consumer,Office Supplies,Art,OFF-AR-10004790,30,30,3,4,1252
1041,23-07-2023,Standard Class,Home Office,Furniture,Tables,FUR-TA-10001095,620,700,4,3,3072
1042,27-09-2022,Second Class,Consumer,Technology,Accessories,TEC-AC-10004761,20,30,2,2,50
1043,27-06-2023,Second Class,Consumer,Furniture,Bookcases,FUR-BO-10001811,680,720,3,4,4099
1044,11-12-2022,First Class,Corporate,Office Supplies,Art,OFF-AR-10001130,10,10,5,3,2395
1045,21-08-2023,First Class,Corporate,Office Supplies,Appliances,OFF-AP-10000055,50,60,9,5,1840
1046,03-05-2022,Standard Class,Home Office,Furniture,Chairs,FUR-CH-10002304,230,250,14,4,4199
1047,24-09-2022,Standard Class,Consumer,Technology,Phones,TEC-PH-10001530,1120,1360,5,5,2474
1048,17-03-2023,Standard Class,Consumer,Furniture,Furnishings,FUR-FU-10004006,90,100,3,3,78
1049,23-03-2023,Second Class,Consumer,Technology,Phones,TEC-PH-10000486,930,1110,12,3,890
1050,08-07-2023,Second Class,Consumer,Technology,Accessories,TEC-AC-10001606,90,100,1,2,1585
1051,18-01-2023,First Class,Corporate,Furniture,Furnishings,FUR-FU-10000293,140,170,2,3,2977
1052,26-09-2022,First Class,Corporate,Office Supplies,Paper,OFF-PA-10001307,10,10,2,4,1772
1053,10-08-2023,First Class,Corporate,Furniture,Furnishings,FUR-FU-10004460,250,280,9,5,3675
1054,01-09-2022,Standard Class,Home Office,Office Supplies,Art,OFF-AR-10000716,10,10,2,5,3197
1055,16-06-2023,Standard Class,Home Office,Furniture,Furnishings,FUR-FU-10004622,100,110,2,4,1249
1056,29-11-2023,Standard Class,Home Office,Office Supplies,Binders,OFF-BI-10002735,80,80,3,3,821
1057,21-12-2022,Standard Class,Home Office,Office Supplies,Binders,OFF-BI-10003529,10,10,4,4,4126
1058,13-10-2023,Standard Class,Corporate,Office Supplies,Binders,OFF-BI-10001097,20,20,4,3,1039
1059,22-05-2022,Standard Class,Corporate,Office Supplies,Binders,OFF-BI-10001597,60,70,2,2,4746
1060,09-07-2022,Standard Class,Home Office,Office Supplies,Fasteners,OFF-FA-10001754,0,0,3,3,4050
1061,11-04-2022,Standard Class,Consumer,Furniture,Chairs,FUR-CH-10003396,100,110,2,2,2885
1062,06-04-2022,Standard Class,Corporate,Office Supplies,Appliances,OFF-AP-10002350,50,50,3,5,3418
1063,29-05-2022,Standard Class,Corporate,Office Supplies,Fasteners,OFF-FA-10004838,10,10,7,4,3592
1064,13-01-2023,Standard Class,Corporate,Office Supplies,Art,OFF-AR-10004757,10,10,3,3,2729
1065,26-12-2022,Standard Class,Corporate,Technology,Phones,TEC-PH-10002115,110,120,3,3,3155
1066,04-05-2022,Standard Class,Corporate,Office Supplies,Fasteners,OFF-FA-10003059,0,0,1,4,4584
1067,04-06-2023,Standard Class,Corporate,Office Supplies,Binders,OFF-BI-10004330,50,60,5,4,924
1068,04-02-2023,First Class,Consumer,Furniture,Chairs,FUR-CH-10001146,170,190,4,2,213
1069,07-09-2023,Second Class,Consumer,Office Supplies,Supplies,OFF-SU-10001935,0,0,1,2,4515
1070,01-10-2022,Standard Class,Home Office,Office Supplies,Binders,OFF-BI-10001524,30,30,4,5,2585
1071,30-01-2022,Standard Class,Home Office,Office Supplies,Art,OFF-AR-10003732,20,20,7,3,1575
1072,05-07-2023,Standard Class,Home Office,Office Supplies,Paper,OFF-PA-10001970,30,30,3,2,1923
1073,27-08-2022,Standard Class,Consumer,Office Supplies,Binders,OFF-BI-10003669,10,10,2,3,4497
1074,11-10-2022,Standard Class,Consumer,Office Supplies,Binders,OFF-BI-10003727,10,10,5,3,979
1075,04-05-2022,Standard Class,Consumer,Office Supplies,Binders,OFF-BI-10004967,0,0,7,3,760
1076,23-12-2023,Standard Class,Consumer,Technology,Accessories,TEC-AC-10003447,30,30,2,4,3846
1077,28-04-2023,First Class,Home Office,Office Supplies,Art,OFF-AR-10000255,30,40,7,4,854
1078,08-09-2023,Second Class,Consumer,Office Supplies,Appliances,OFF-AP-10002191,100,120,2,5,4944
1079,29-06-2023,Second Class,Consumer,Office Supplies,Storage,OFF-ST-10001325,30,30,3,2,4825
1080,29-04-2022,Second Class,Consumer,Office Supplies,Binders,OFF-BI-10000404,10,10,1,4,1166
1081,10-08-2022,Standard Class,Corporate,Office Supplies,Paper,OFF-PA-10000349,20,20,4,5,2310
1082,21-08-2023,Standard Class,Corporate,Furniture,Chairs,FUR-CH-10002880,1000,1110,9,3,2341
1083,01-10-2022,Standard Class,Consumer,Furniture,Tables,FUR-TA-10001095,760,840,8,4,4308
1084,16-12-2023,Standard Class,Consumer,Office Supplies,Paper,OFF-PA-10003127,30,30,1,4,2212
1085,09-12-2023,Standard Class,Consumer,Office Supplies,Storage,OFF-ST-10003208,320,360,2,3,1116
1086,28-06-2022,Standard Class,Consumer,Technology,Machines,TEC-MA-10003979,4360,4900,7,5,3465
1087,15-02-2022,Same Day,Consumer,Office Supplies,Paper,OFF-PA-10000029,10,10,1,5,2755
1088,04-01-2022,Second Class,Corporate,Technology,Phones,TEC-PH-10004896,60,70,3,2,1816
1089,30-12-2023,Second Class,Corporate,Office Supplies,Labels,OFF-LA-10000452,0,0,1,2,2412
1090,23-05-2022,Standard Class,Corporate,Furniture,Furnishings,FUR-FU-10001967,30,30,2,3,5021
1091,13-07-2022,Standard Class,Corporate,Technology,Phones,TEC-PH-10001819,60,70,2,2,4525
1092,12-04-2022,Standard Class,Consumer,Office Supplies,Art,OFF-AR-10002952,100,120,9,5,5030
1093,28-09-2022,Standard Class,Consumer,Technology,Phones,TEC-PH-10000576,180,220,2,3,1862
1094,25-10-2023,Standard Class,Home Office,Office Supplies,Paper,OFF-PA-10000605,20,30,5,4,3709
1095,08-10-2022,Standard Class,Home Office,Office Supplies,Appliances,OFF-AP-10002518,320,360,2,5,1970
1096,06-10-2022,Standard Class,Home Office,Office Supplies,Storage,OFF-ST-10004340,320,350,7,2,229
1097,09-04-2023,Standard Class,Home Office,Office Supplies,Binders,OFF-BI-10004001,40,40,7,3,3630
1098,30-01-2022,First Class,Corporate,Furniture,Tables,FUR-TA-10004147,360,450,5,5,3078
1099,15-09-2023,First Class,Home Office,Office Supplies,Art,OFF-AR-10001545,10,10,4,3,985
1100,18-10-2022,First Class,Home Office,Furniture,Furnishings,FUR-FU-10000206,10,10,3,3,2590
1101,24-01-2022,First Class,Home Office,Technology,Accessories,TEC-AC-10001013,30,30,1,3,4248
1102,17-04-2022,First Class,Home Office,Office Supplies,Art,OFF-AR-10002255,10,10,3,3,2693
1103,18-10-2023,Standard Class,Consumer,Office Supplies,Binders,OFF-BI-10004140,0,0,3,5,2725
1104,08-09-2023,Standard Class,Consumer,Office Supplies,Binders,OFF-BI-10002049,0,0,3,4,936
1105,30-12-2023,Standard Class,Consumer,Office Supplies,Paper,OFF-PA-10001892,20,20,3,2,3093
1106,19-11-2023,Standard Class,Consumer,Office Supplies,Storage,OFF-ST-10000642,80,100,6,2,1366
1107,23-02-2023,Standard Class,Consumer,Furniture,Furnishings,FUR-FU-10000206,0,0,2,4,1696
1108,03-09-2023,Standard Class,Consumer,Office Supplies,Binders,OFF-BI-10003676,10,10,5,2,4205
1109,19-10-2023,Standard Class,Consumer,Office Supplies,Fasteners,OFF-FA-10003495,60,60,12,4,1060
1110,02-01-2023,Standard Class,Consumer,Office Supplies,Envelopes,OFF-EN-10003798,30,40,3,2,1560
1111,12-01-2022,Standard Class,Consumer,Technology,Phones,TEC-PH-10003589,60,70,5,2,341
1112,18-07-2022,Standard Class,Consumer,Office Supplies,Paper,OFF-PA-10004735,10,10,2,5,1675
1113,21-12-2022,Standard Class,Consumer,Office Supplies,Binders,OFF-BI-10002609,0,0,2,5,2921
1114,10-07-2023,Second Class,Consumer,Office Supplies,Binders,OFF-BI-10003364,40,50,2,3,3206
1115,18-11-2022,Second Class,Consumer,Furniture,Bookcases,FUR-BO-10002206,100,120,1,2,136
1116,28-08-2022,Second Class,Consumer,Technology,Accessories,TEC-AC-10003610,110,120,2,5,3289
1117,05-02-2023,Second Class,Corporate,Office Supplies,Labels,OFF-LA-10003766,10,10,2,4,3562
1118,16-06-2022,Standard Class,Consumer,Office Supplies,Paper,OFF-PA-10001970,230,280,5,5,1360
1119,26-07-2023,Standard Class,Consumer,Technology,Accessories,TEC-AC-10002049,530,620,5,3,4881
1120,03-02-2023,Standard Class,Consumer,Office Supplies,Paper,OFF-PA-10000141,0,0,2,4,1266
1121,14-08-2023,Standard Class,Consumer,Office Supplies,Envelopes,OFF-EN-10004459,20,20,2,5,464
1122,03-07-2022,Standard Class,Consumer,Technology,Phones,TEC-PH-10001061,600,700,7,4,1251
1123,08-02-2022,Standard Class,Consumer,Office Supplies,Art,OFF-AR-10002375,20,20,7,3,4762
1124,27-07-2023,Standard Class,Consumer,Furniture,Furnishings,FUR-FU-10003194,30,40,4,2,3042
1125,09-08-2023,Standard Class,Consumer,Office Supplies,Art,OFF-AR-10003811,10,10,3,5,3650
1126,04-10-2022,Standard Class,Consumer,Office Supplies,Envelopes,OFF-EN-10001539,20,20,3,4,3825
1127,29-01-2022,Standard Class,Consumer,Furniture,Chairs,FUR-CH-10002331,900,1070,3,5,1037
1128,11-07-2023,Standard Class,Home Office,Office Supplies,Art,OFF-AR-10003156,10,10,1,5,470
1129,05-08-2022,Standard Class,Home Office,Office Supplies,Envelopes,OFF-EN-10001532,80,100,6,3,462
1130,23-12-2023,Standard Class,Consumer,Furniture,Tables,FUR-TA-10004086,320,340,4,5,1239
1131,06-09-2022,Standard Class,Consumer,Office Supplies,Paper,OFF-PA-10000100,40,40,1,3,4955
1132,11-02-2022,Standard Class,Consumer,Office Supplies,Envelopes,OFF-EN-10002500,60,60,5,5,120
1133,10-03-2022,First Class,Corporate,Office Supplies,Paper,OFF-PA-10004100,20,20,3,5,1738
1134,12-07-2022,Standard Class,Home Office,Office Supplies,Storage,OFF-ST-10003479,110,120,4,2,357
1135,31-12-2022,Standard Class,Home Office,Office Supplies,Labels,OFF-LA-10000973,10,10,3,4,3002
1136,22-11-2023,Same Day,Consumer,Office Supplies,Storage,OFF-ST-10001476,70,90,3,4,2586
1137,21-12-2023,Second Class,Corporate,Office Supplies,Envelopes,OFF-EN-10002831,240,290,8,2,3356
1138,23-10-2023,Second Class,Corporate,Office Supplies,Appliances,OFF-AP-10002350,40,40,2,2,1773
1139,02-12-2023,Second Class,Corporate,Office Supplies,Paper,OFF-PA-10001763,20,20,2,4,1060
1140,03-02-2022,Second Class,Corporate,Office Supplies,Art,OFF-AR-10003394,20,20,7,2,4292
1141,04-10-2022,Second Class,Corporate,Office Supplies,Binders,OFF-BI-10002072,20,20,2,3,2179
1142,24-08-2022,Standard Class,Consumer,Furniture,Furnishings,FUR-FU-10004188,160,200,2,3,4177
1143,01-11-2022,Standard Class,Consumer,Office Supplies,Fasteners,OFF-FA-10001561,10,10,4,3,1092
1144,01-10-2022,Standard Class,Consumer,Office Supplies,Paper,OFF-PA-10002105,10,10,1,4,4576
1145,28-05-2022,Standard Class,Consumer,Technology,Machines,TEC-MA-10004241,640,690,2,3,4501
1146,07-10-2022,Standard Class,Consumer,Office Supplies,Storage,OFF-ST-10004340,50,60,1,2,320
1147,16-08-2023,Same Day,Consumer,Office Supplies,Appliances,OFF-AP-10003849,590,640,2,4,1458
1148,02-06-2023,Same Day,Consumer,Office Supplies,Fasteners,OFF-FA-10000735,10,10,2,5,2138
1149,24-11-2022,Same Day,Consumer,Office Supplies,Binders,OFF-BI-10003350,10,10,2,5,1865
1150,10-11-2022,Same Day,Consumer,Technology,Phones,TEC-PH-10000307,10,10,1,5,1409
1151,28-01-2023,Same Day,Consumer,Technology,Copiers,TEC-CO-10004202,560,600,2,5,2038
1152,02-06-2023,Standard Class,Corporate,Furniture,Furnishings,FUR-FU-10001852,10,10,6,5,738
1153,08-12-2023,Standard Class,Corporate,Office Supplies,Art,OFF-AR-10003759,0,0,2,2,4556
1154,24-12-2022,Standard Class,Corporate,Office Supplies,Binders,OFF-BI-10003984,140,160,7,5,3813
1155,12-11-2022,First Class,Home Office,Office Supplies,Storage,OFF-ST-10004337,110,120,2,4,4947
1156,03-02-2022,First Class,Home Office,Furniture,Tables,FUR-TA-10001932,2060,2240,7,4,4393
1157,25-09-2022,First Class,Home Office,Office Supplies,Binders,OFF-BI-10003982,50,60,3,5,3239
1158,24-11-2022,First Class,Home Office,Furniture,Tables,FUR-TA-10000617,430,460,2,4,223
1159,23-08-2023,Second Class,Corporate,Furniture,Chairs,FUR-CH-10002126,180,200,1,4,859
1160,01-02-2022,Standard Class,Consumer,Office Supplies,Appliances,OFF-AP-10000576,290,360,3,4,4965
1161,29-05-2022,Standard Class,Consumer,Office Supplies,Binders,OFF-BI-10004654,10,10,2,3,1147
1162,12-06-2023,Second Class,Consumer,Office Supplies,Art,OFF-AR-10004042,40,50,3,2,1395
1163,01-03-2022,Standard Class,Home Office,Technology,Phones,TEC-PH-10004700,10,10,1,3,5044
1164,23-12-2022,Standard Class,Home Office,Office Supplies,Binders,OFF-BI-10004593,110,130,3,4,4946
1165,02-11-2022,Standard Class,Home Office,Office Supplies,Binders,OFF-BI-10003429,30,30,5,2,4913
1166,08-11-2022,Standard Class,Consumer,Office Supplies,Binders,OFF-BI-10001294,40,50,4,5,923
1167,14-04-2023,Same Day,Consumer,Technology,Accessories,TEC-AC-10001552,380,450,9,2,3781
1168,26-06-2022,Second Class,Consumer,Furniture,Furnishings,FUR-FU-10004952,90,110,2,2,4858
1169,26-04-2023,Second Class,Consumer,Office Supplies,Storage,OFF-ST-10004123,230,270,3,5,3625
1170,19-07-2022,Second Class,Consumer,Office Supplies,Paper,OFF-PA-10003172,20,20,3,5,2161
1171,13-01-2022,Second Class,Consumer,Office Supplies,Storage,OFF-ST-10002352,30,30,4,2,1915
1172,09-05-2022,Standard Class,Consumer,Office Supplies,Paper,OFF-PA-10002259,20,20,2,3,2064
1173,05-04-2022,Standard Class,Consumer,Office Supplies,Binders,OFF-BI-10002976,20,20,5,4,1625
1174,05-12-2022,Standard Class,Consumer,Office Supplies,Binders,OFF-BI-10000301,10,10,4,4,4810
1175,03-06-2023,First Class,Corporate,Office Supplies,Binders,OFF-BI-10003694,40,50,6,3,1792
1176,17-04-2023,Standard Class,Home Office,Office Supplies,Supplies,OFF-SU-10000381,30,30,3,4,4440
1177,18-04-2022,Second Class,Home Office,Office Supplies,Labels,OFF-LA-10004425,10,10,4,3,1543
1178,22-11-2023,Standard Class,Consumer,Furniture,Chairs,FUR-CH-10001270,160,170,2,2,2611
1179,22-05-2022,Standard Class,Consumer,Technology,Phones,TEC-PH-10003931,150,180,3,4,3772
1180,08-11-2023,Second Class,Home Office,Technology,Accessories,TEC-AC-10003174,240,260,3,4,3409
1181,26-12-2022,Standard Class,Consumer,Technology,Phones,TEC-PH-10004539,1240,1320,7,4,3372
1182,10-05-2023,Standard Class,Consumer,Office Supplies,Art,OFF-AR-10001919,0,0,2,4,4746
1183,10-12-2023,First Class,Consumer,Office Supplies,Envelopes,OFF-EN-10002504,20,20,1,3,918
1184,09-09-2022,First Class,Consumer,Technology,Phones,TEC-PH-10003655,10,10,5,3,3765
1185,02-06-2023,Standard Class,Corporate,Office Supplies,Binders,OFF-BI-10004656,10,10,7,5,2919
1186,04-06-2022,Standard Class,Corporate,Office Supplies,Storage,OFF-ST-10002344,390,490,6,2,2565
1187,17-10-2022,Standard Class,Corporate,Office Supplies,Paper,OFF-PA-10001800,20,30,4,4,3081
1188,17-03-2023,Standard Class,Corporate,Office Supplies,Storage,OFF-ST-10000036,180,200,2,3,969
1189,20-06-2022,Second Class,Home Office,Office Supplies,Appliances,OFF-AP-10004532,70,80,4,5,894
1190,03-06-2022,Second Class,Home Office,Technology,Phones,TEC-PH-10004447,800,890,8,4,909
1191,08-09-2022,Second Class,Home Office,Furniture,Chairs,FUR-CH-10003973,750,890,3,5,2399
1192,09-06-2022,Second Class,Home Office,Office Supplies,Paper,OFF-PA-10001970,200,220,4,2,2507
1193,14-02-2023,Second Class,Home Office,Office Supplies,Paper,OFF-PA-10000682,20,20,4,5,2236
1194,14-07-2023,Same Day,Corporate,Office Supplies,Paper,OFF-PA-10001937,20,20,3,3,4353
1195,27-08-2022,Same Day,Corporate,Furniture,Furnishings,FUR-FU-10002268,20,20,4,2,3337
1196,10-08-2022,Same Day,Corporate,Office Supplies,Storage,OFF-ST-10001321,20,20,2,3,3805
1197,23-08-2022,Same Day,Corporate,Furniture,Furnishings,FUR-FU-10003394,50,60,1,4,1636
1198,15-02-2023,Standard Class,Consumer,Technology,Accessories,TEC-AC-10001990,380,430,9,4,3387
1199,23-07-2023,Standard Class,Consumer,Furniture,Chairs,FUR-CH-10004540,90,100,4,3,1760
1200,24-09-2022,Standard Class,Consumer,Office Supplies,Binders,OFF-BI-10004995,920,1090,4,3,4285
1201,10-04-2023,Standard Class,Corporate,Furniture,Chairs,FUR-CH-10002335,480,540,3,3,2329
1202,06-03-2022,Standard Class,Corporate,Office Supplies,Binders,OFF-BI-10004967,0,0,3,2,4309
1203,01-01-2022,Standard Class,Corporate,Furniture,Chairs,FUR-CH-10002331,770,850,3,3,3787
1204,10-02-2022,Standard Class,Corporate,Office Supplies,Storage,OFF-ST-10002292,550,590,2,4,1913
1205,07-06-2022,Standard Class,Corporate,Office Supplies,Storage,OFF-ST-10000689,290,340,3,3,99
1206,05-01-2022,First Class,Consumer,Technology,Phones,TEC-PH-10002660,250,270,5,4,2613
1207,04-09-2023,Second Class,Corporate,Office Supplies,Storage,OFF-ST-10004634,10,10,1,4,2523
1208,12-12-2022,Second Class,Corporate,Office Supplies,Binders,OFF-BI-10002160,10,10,3,3,3744
1209,27-06-2023,Second Class,Corporate,Office Supplies,Fasteners,OFF-FA-10002988,10,10,7,3,3039
1210,28-06-2022,Second Class,Corporate,Office Supplies,Art,OFF-AR-10004999,30,40,7,4,2318
1211,16-01-2022,Second Class,Corporate,Office Supplies,Binders,OFF-BI-10001031,10,10,2,2,4331
1212,02-08-2022,Second Class,Corporate,Furniture,Bookcases,FUR-BO-10004695,490,580,4,3,4370
1213,24-02-2022,Standard Class,Corporate,Furniture,Chairs,FUR-CH-10004860,130,140,2,4,5006
1214,24-06-2022,Standard Class,Corporate,Office Supplies,Binders,OFF-BI-10002432,0,0,2,5,3164
1215,27-08-2022,Standard Class,Corporate,Office Supplies,Binders,OFF-BI-10000069,0,0,1,5,1997
1216,27-03-2022,Standard Class,Corporate,Office Supplies,Art,OFF-AR-10003602,0,0,1,5,4229
1217,28-12-2023,Standard Class,Corporate,Technology,Accessories,TEC-AC-10004469,100,100,3,3,1522
1218,31-10-2023,Standard Class,Corporate,Furniture,Furnishings,FUR-FU-10001867,20,20,2,4,4337
1219,17-10-2022,Standard Class,Corporate,Technology,Accessories,TEC-AC-10003174,250,260,3,5,2648
1220,07-07-2023,Standard Class,Corporate,Technology,Phones,TEC-PH-10002200,1760,1930,7,2,1967
1221,22-05-2023,Standard Class,Home Office,Office Supplies,Storage,OFF-ST-10000107,220,250,9,3,4625
1222,20-09-2022,Standard Class,Home Office,Technology,Phones,TEC-PH-10000439,250,260,8,2,4226
1223,09-06-2023,First Class,Consumer,Furniture,Furnishings,FUR-FU-10001602,100,110,3,3,403
1224,19-01-2023,First Class,Consumer,Technology,Accessories,TEC-AC-10001432,60,80,1,2,4744
1225,11-05-2023,First Class,Consumer,Office Supplies,Binders,OFF-BI-10004656,0,0,1,3,385
1226,06-03-2023,First Class,Consumer,Office Supplies,Paper,OFF-PA-10001685,30,40,4,5,2144
1227,21-11-2023,First Class,Consumer,Office Supplies,Storage,OFF-ST-10001418,160,180,3,4,4275
1228,06-09-2023,First Class,Consumer,Office Supplies,Storage,OFF-ST-10000676,180,190,2,5,958
1229,12-06-2022,Standard Class,Consumer,Office Supplies,Envelopes,OFF-EN-10001219,20,20,2,2,2761
1230,30-04-2023,Standard Class,Consumer,Furniture,Furnishings,FUR-FU-10001424,10,10,1,4,1223
1231,23-07-2022,Standard Class,Consumer,Office Supplies,Art,OFF-AR-10001022,10,10,2,5,2009
1232,05-03-2022,Second Class,Consumer,Office Supplies,Art,OFF-AR-10000369,0,0,2,3,2130
1233,16-08-2023,Second Class,Consumer,Office Supplies,Envelopes,OFF-EN-10003055,70,80,2,2,1347
1234,20-08-2023,First Class,Corporate,Technology,Copiers,TEC-CO-10001046,780,840,2,5,2885
1235,24-08-2023,Same Day,Consumer,Furniture,Furnishings,FUR-FU-10000076,40,50,3,3,4479
1236,13-04-2022,Same Day,Consumer,Office Supplies,Binders,OFF-BI-10003719,30,40,5,4,3146
1237,08-07-2022,Same Day,Consumer,Furniture,Furnishings,FUR-FU-10003268,50,60,2,5,4063
1238,19-11-2023,Same Day,Consumer,Furniture,Furnishings,FUR-FU-10003553,160,170,3,4,4244
1239,25-07-2022,Standard Class,Consumer,Furniture,Furnishings,FUR-FU-10003691,10,10,1,3,4691
1240,22-05-2022,Standard Class,Consumer,Office Supplies,Art,OFF-AR-10003903,30,40,1,3,1403
1241,26-04-2022,Standard Class,Consumer,Office Supplies,Fasteners,OFF-FA-10004854,20,20,2,4,3610
1242,16-03-2023,Standard Class,Home Office,Technology,Phones,TEC-PH-10003442,20,20,4,5,5066
1243,27-01-2023,Standard Class,Consumer,Office Supplies,Binders,OFF-BI-10004519,380,400,3,3,1132
1244,24-10-2022,Standard Class,Consumer,Office Supplies,Fasteners,OFF-FA-10000304,10,10,4,2,1644
1245,01-12-2023,Standard Class,Consumer,Office Supplies,Envelopes,OFF-EN-10004955,50,50,9,4,2531
1246,02-09-2022,Second Class,Consumer,Furniture,Tables,FUR-TA-10004619,690,760,6,5,506
1247,30-09-2023,Second Class,Consumer,Furniture,Tables,FUR-TA-10003473,3430,3610,12,3,1684
1248,03-08-2022,Second Class,Consumer,Furniture,Bookcases,FUR-BO-10004467,200,250,3,2,675
1249,05-11-2023,Standard Class,Consumer,Office Supplies,Art,OFF-AR-10002280,40,40,6,2,2474
1250,10-10-2022,Standard Class,Consumer,Furniture,Chairs,FUR-CH-10001708,1070,1140,9,2,2993
1251,23-11-2022,Standard Class,Consumer,Office Supplies,Appliances,OFF-AP-10000891,1600,1700,13,3,1668
1252,15-08-2023,Standard Class,Consumer,Office Supplies,Art,OFF-AR-10000462,0,0,2,4,2742
1253,22-08-2022,Standard Class,Consumer,Technology,Phones,TEC-PH-10004165,970,1100,4,5,4056
1254,24-02-2022,Standard Class,Home Office,Office Supplies,Art,OFF-AR-10003958,10,10,2,4,2581
1255,14-10-2022,Standard Class,Home Office,Technology,Phones,TEC-PH-10000149,40,40,3,5,3859
1256,18-11-2023,Standard Class,Home Office,Furniture,Furnishings,FUR-FU-10003724,10,10,1,5,1046
1257,29-01-2022,Standard Class,Home Office,Furniture,Furnishings,FUR-FU-10003535,30,40,2,2,3854
1258,20-12-2023,Second Class,Home Office,Office Supplies,Binders,OFF-BI-10001575,30,30,3,5,4726
1259,25-02-2023,Second Class,Home Office,Office Supplies,Storage,OFF-ST-10003716,490,540,3,5,4073
1260,10-04-2022,Second Class,Home Office,Technology,Accessories,TEC-AC-10004469,220,260,8,2,1488
1261,09-02-2023,Standard Class,Consumer,Technology,Phones,TEC-PH-10004586,710,860,3,5,3199
1262,23-05-2023,Standard Class,Corporate,Office Supplies,Binders,OFF-BI-10004236,20,20,4,2,292
1263,14-11-2023,Second Class,Consumer,Office Supplies,Binders,OFF-BI-10001634,20,20,3,5,5047
1264,05-05-2023,First Class,Consumer,Technology,Phones,TEC-PH-10000215,70,70,2,3,2640
1265,20-09-2022,First Class,Consumer,Furniture,Furnishings,FUR-FU-10003724,40,40,5,3,4418
1266,21-07-2023,Standard Class,Consumer,Office Supplies,Art,OFF-AR-10000422,10,10,3,5,4797
1267,05-09-2022,Standard Class,Corporate,Office Supplies,Storage,OFF-ST-10003306,130,140,1,5,2344
1268,01-11-2022,Standard Class,Corporate,Furniture,Chairs,FUR-CH-10001146,240,290,6,3,847
1269,23-04-2023,Standard Class,Corporate,Furniture,Furnishings,FUR-FU-10000246,30,30,3,5,4830
1270,10-04-2023,Standard Class,Consumer,Office Supplies,Paper,OFF-PA-10002870,10,10,2,5,1683
1271,09-03-2022,Standard Class,Corporate,Office Supplies,Storage,OFF-ST-10000563,80,100,4,5,1999
1272,12-10-2023,Standard Class,Corporate,Office Supplies,Appliances,OFF-AP-10004487,40,50,3,2,1728
1273,22-07-2023,Standard Class,Corporate,Office Supplies,Binders,OFF-BI-10002854,40,40,8,4,802
1274,24-01-2022,Same Day,Consumer,Office Supplies,Paper,OFF-PA-10004621,10,10,2,2,3492
1275,21-01-2022,Same Day,Consumer,Furniture,Chairs,FUR-CH-10001973,320,390,5,4,4336
1276,13-02-2022,Same Day,Consumer,Office Supplies,Paper,OFF-PA-10004040,10,10,3,2,2744
1277,14-02-2022,Same Day,Consumer,Technology,Accessories,TEC-AC-10000580,50,60,1,2,3062
1278,30-12-2023,Standard Class,Consumer,Office Supplies,Art,OFF-AR-10004022,80,90,3,3,311
1279,24-06-2022,First Class,Corporate,Technology,Accessories,TEC-AC-10004209,20,30,3,5,4232
1280,15-03-2022,First Class,Corporate,Technology,Accessories,TEC-AC-10000023,70,80,4,5,533
1281,27-03-2023,First Class,Consumer,Technology,Phones,TEC-PH-10003505,250,280,3,5,2059
1282,04-08-2022,First Class,Consumer,Office Supplies,Labels,OFF-LA-10000121,20,20,3,3,5041
1283,11-05-2022,First Class,Consumer,Office Supplies,Binders,OFF-BI-10002026,20,20,1,3,5096
1284,07-10-2023,First Class,Consumer,Office Supplies,Paper,OFF-PA-10000994,240,250,3,5,2803
1285,16-07-2023,Standard Class,Consumer,Office Supplies,Binders,OFF-BI-10002813,0,0,7,4,2064
1286,24-07-2022,Standard Class,Consumer,Office Supplies,Storage,OFF-ST-10000617,10,10,5,2,1269
1287,30-09-2023,Standard Class,Home Office,Office Supplies,Art,OFF-AR-10004817,20,20,3,3,878
1288,30-08-2022,Standard Class,Corporate,Furniture,Furnishings,FUR-FU-10000397,40,40,2,5,2068
1289,09-11-2023,Standard Class,Corporate,Office Supplies,Binders,OFF-BI-10000605,10,10,4,4,4743
1290,08-05-2022,Standard Class,Corporate,Office Supplies,Art,OFF-AR-10001860,20,20,3,4,1557
1291,23-07-2022,First Class,Home Office,Office Supplies,Binders,OFF-BI-10004970,10,10,4,5,1676
1292,15-11-2022,First Class,Home Office,Office Supplies,Paper,OFF-PA-10003172,30,30,5,2,1698
1293,14-05-2022,Standard Class,Consumer,Office Supplies,Supplies,OFF-SU-10001218,20,30,3,4,2588
1294,29-01-2022,Standard Class,Consumer,Office Supplies,Paper,OFF-PA-10002968,100,110,5,4,2032
1295,26-08-2022,Standard Class,Consumer,Office Supplies,Labels,OFF-LA-10000134,0,0,1,3,270
1296,09-06-2022,Standard Class,Consumer,Office Supplies,Appliances,OFF-AP-10004487,770,850,13,5,2322
1297,31-03-2023,Standard Class,Corporate,Office Supplies,Binders,OFF-BI-10002103,10,10,2,4,3429
1298,22-03-2022,Standard Class,Corporate,Office Supplies,Binders,OFF-BI-10004632,20,20,2,4,847
1299,08-07-2022,Second Class,Corporate,Technology,Phones,TEC-PH-10003555,90,110,5,3,1239
1300,31-01-2022,First Class,Consumer,Office Supplies,Storage,OFF-ST-10001590,30,30,2,4,4870
1301,07-06-2022,Second Class,Consumer,Furniture,Furnishings,FUR-FU-10003664,500,570,6,4,4093
1302,15-12-2022,Second Class,Consumer,Furniture,Furnishings,FUR-FU-10003664,260,290,3,4,2704
1303,22-05-2022,Second Class,Home Office,Furniture,Bookcases,FUR-BO-10003433,50,60,2,2,1376
1304,04-02-2022,Standard Class,Consumer,Furniture,Furnishings,FUR-FU-10002554,20,20,1,5,4730
1305,17-07-2022,Standard Class,Consumer,Technology,Phones,TEC-PH-10001557,270,290,3,3,2996
1306,30-08-2022,Second Class,Consumer,Technology,Phones,TEC-PH-10003437,390,420,7,5,1588
1307,14-03-2023,First Class,Consumer,Office Supplies,Paper,OFF-PA-10002986,40,50,7,4,3007
1308,23-10-2023,First Class,Consumer,Office Supplies,Binders,OFF-BI-10000320,20,20,3,5,5073
1309,02-10-2023,First Class,Consumer,Office Supplies,Appliances,OFF-AP-10003971,20,20,2,3,3699
1310,19-12-2023,First Class,Consumer,Office Supplies,Storage,OFF-ST-10001469,130,160,3,3,722
1311,16-09-2022,First Class,Consumer,Furniture,Chairs,FUR-CH-10003846,140,160,2,2,1725
1312,12-07-2023,Standard Class,Consumer,Office Supplies,Labels,OFF-LA-10001404,0,0,1,2,4064
1313,30-09-2023,Standard Class,Consumer,Office Supplies,Labels,OFF-LA-10001474,100,120,4,5,1613
1314,02-03-2023,Standard Class,Consumer,Furniture,Chairs,FUR-CH-10003199,150,160,2,2,1953
1315,21-04-2023,Standard Class,Corporate,Office Supplies,Paper,OFF-PA-10003072,30,40,6,4,1033
1316,22-07-2023,Standard Class,Corporate,Furniture,Furnishings,FUR-FU-10004960,140,180,8,4,1450
1317,16-04-2022,Standard Class,Corporate,Office Supplies,Supplies,OFF-SU-10003505,510,580,5,4,3003
1318,23-12-2023,Standard Class,Consumer,Technology,Accessories,TEC-AC-10003116,10,10,1,2,198
1319,17-10-2022,Standard Class,Corporate,Technology,Phones,TEC-PH-10004586,490,580,2,4,344
1320,13-11-2023,Standard Class,Corporate,Office Supplies,Binders,OFF-BI-10000546,10,10,6,2,2940
1321,13-08-2022,Standard Class,Consumer,Office Supplies,Binders,OFF-BI-10002071,10,10,3,2,3387
1322,24-02-2022,Standard Class,Consumer,Office Supplies,Storage,OFF-ST-10001490,240,290,2,2,3677
1323,11-08-2023,Standard Class,Consumer,Office Supplies,Appliances,OFF-AP-10004859,70,70,5,2,4707
1324,24-11-2023,First Class,Consumer,Office Supplies,Paper,OFF-PA-10002659,10,10,4,3,419
1325,03-11-2023,Standard Class,Corporate,Office Supplies,Storage,OFF-ST-10001321,40,50,3,5,2758
1326,23-04-2023,First Class,Consumer,Office Supplies,Binders,OFF-BI-10004139,20,20,6,5,4568
1327,24-09-2023,Standard Class,Home Office,Furniture,Furnishings,FUR-FU-10001867,40,50,6,4,2389
1328,16-02-2022,First Class,Corporate,Office Supplies,Paper,OFF-PA-10004156,10,10,1,4,968
1329,05-11-2022,Second Class,Home Office,Office Supplies,Art,OFF-AR-10002818,80,90,4,5,2254
1330,13-04-2023,Standard Class,Consumer,Furniture,Furnishings,FUR-FU-10003691,40,40,3,5,981
1331,27-01-2023,Standard Class,Home Office,Technology,Phones,TEC-PH-10000347,0,0,1,3,3201
1332,19-07-2023,Standard Class,Home Office,Office Supplies,Storage,OFF-ST-10004507,30,30,2,4,3585
1333,18-08-2023,Standard Class,Consumer,Office Supplies,Binders,OFF-BI-10002012,0,0,3,5,152
1334,29-03-2023,Standard Class,Consumer,Office Supplies,Appliances,OFF-AP-10001303,10,10,2,4,982
1335,27-04-2023,Standard Class,Home Office,Office Supplies,Binders,OFF-BI-10003684,110,140,8,2,2488
1336,03-10-2023,Standard Class,Consumer,Office Supplies,Storage,OFF-ST-10002574,500,550,4,3,994
1337,26-02-2023,Standard Class,Consumer,Furniture,Furnishings,FUR-FU-10003724,30,30,3,3,2884
1338,12-01-2023,Second Class,Consumer,Furniture,Furnishings,FUR-FU-10004018,30,30,2,5,297
1339,24-10-2022,Second Class,Consumer,Technology,Phones,TEC-PH-10002549,630,680,3,4,1107
1340,09-07-2023,Second Class,Consumer,Office Supplies,Paper,OFF-PA-10004911,70,80,8,5,1407
1341,30-06-2023,First Class,Corporate,Technology,Machines,TEC-MA-10002178,600,700,2,5,1348
1342,09-11-2022,First Class,Corporate,Office Supplies,Binders,OFF-BI-10003694,20,20,5,5,1950
1343,11-01-2023,First Class,Corporate,Office Supplies,Binders,OFF-BI-10000474,30,30,6,5,2999
1344,16-01-2022,Standard Class,Consumer,Office Supplies,Art,OFF-AR-10000411,40,50,3,3,578
1345,23-11-2022,Standard Class,Consumer,Office Supplies,Labels,OFF-LA-10000262,10,10,5,5,3051
1346,21-11-2023,Standard Class,Consumer,Office Supplies,Appliances,OFF-AP-10001154,80,90,2,4,2450
1347,27-10-2022,Standard Class,Consumer,Office Supplies,Paper,OFF-PA-10000466,50,50,7,3,4420
1348,24-10-2023,Standard Class,Consumer,Office Supplies,Art,OFF-AR-10003829,20,20,6,4,388
1349,18-12-2022,Standard Class,Consumer,Office Supplies,Binders,OFF-BI-10001758,40,50,10,4,291
1350,05-06-2023,Standard Class,Consumer,Office Supplies,Binders,OFF-BI-10000136,40,40,6,5,2995
1351,13-12-2023,Second Class,Consumer,Furniture,Chairs,FUR-CH-10002880,230,260,3,5,4044
1352,31-10-2023,First Class,Corporate,Office Supplies,Storage,OFF-ST-10000649,30,30,2,4,3157
1353,10-08-2023,Standard Class,Corporate,Technology,Phones,TEC-PH-10003092,160,180,5,2,2193
1354,15-12-2022,Standard Class,Corporate,Office Supplies,Paper,OFF-PA-10002250,20,20,3,3,3139
1355,03-04-2022,Standard Class,Corporate,Furniture,Tables,FUR-TA-10003473,270,300,1,2,3419
1356,18-05-2023,Same Day,Consumer,Office Supplies,Storage,OFF-ST-10001522,180,220,3,5,224
1357,30-07-2022,Same Day,Consumer,Office Supplies,Storage,OFF-ST-10000563,230,280,11,3,3126
1358,19-04-2022,First Class,Consumer,Office Supplies,Paper,OFF-PA-10003641,70,80,3,2,1729
1359,20-07-2023,First Class,Consumer,Furniture,Furnishings,FUR-FU-10000010,0,0,1,4,1340
1360,12-08-2022,Second Class,Consumer,Furniture,Chairs,FUR-CH-10002961,140,150,2,5,1005
1361,28-12-2022,Standard Class,Corporate,Office Supplies,Art,OFF-AR-10002956,110,120,7,2,4027
1362,20-02-2023,Standard Class,Corporate,Office Supplies,Paper,OFF-PA-10004041,20,20,4,2,5053
1363,18-08-2023,Standard Class,Corporate,Technology,Phones,TEC-PH-10001336,270,310,4,5,1035
1364,17-09-2022,First Class,Corporate,Office Supplies,Binders,OFF-BI-10001036,40,40,14,3,1248
1365,15-09-2023,First Class,Corporate,Technology,Machines,TEC-MA-10003183,90,100,2,5,946
1366,20-01-2023,First Class,Corporate,Technology,Accessories,TEC-AC-10001314,190,240,6,5,1989
1367,20-04-2022,First Class,Corporate,Technology,Phones,TEC-PH-10002563,180,200,2,4,2541
1368,07-05-2023,First Class,Corporate,Furniture,Chairs,FUR-CH-10003312,770,900,4,3,4722
1369,23-06-2022,First Class,Home Office,Furniture,Furnishings,FUR-FU-10001588,140,150,5,4,5049
1370,08-04-2023,Standard Class,Consumer,Furniture,Bookcases,FUR-BO-10002613,560,590,7,3,4038
1371,20-12-2023,Standard Class,Consumer,Office Supplies,Art,OFF-AR-10003405,10,10,3,5,3650
1372,25-07-2023,Standard Class,Home Office,Technology,Accessories,TEC-AC-10004510,50,50,3,5,3070
1373,30-10-2023,Second Class,Consumer,Office Supplies,Labels,OFF-LA-10002312,30,30,2,5,3010
1374,02-12-2022,Second Class,Consumer,Office Supplies,Binders,OFF-BI-10000042,20,20,4,5,5039
1375,25-07-2023,Standard Class,Consumer,Furniture,Tables,FUR-TA-10003008,850,910,5,2,2244
1376,20-12-2022,Second Class,Consumer,Office Supplies,Appliances,OFF-AP-10003590,960,1090,3,5,3473
1377,22-08-2022,Second Class,Consumer,Office Supplies,Paper,OFF-PA-10000806,400,450,8,5,353
1378,30-06-2023,Second Class,Consumer,Office Supplies,Art,OFF-AR-10000896,20,20,5,3,1469
1379,26-10-2022,Second Class,Consumer,Technology,Phones,TEC-PH-10002310,360,400,5,2,1587
1380,27-09-2023,Second Class,Consumer,Office Supplies,Storage,OFF-ST-10002289,140,160,5,5,730
1381,19-03-2023,Second Class,Consumer,Office Supplies,Binders,OFF-BI-10002852,10,10,1,5,2205
1382,28-11-2022,Standard Class,Home Office,Furniture,Furnishings,FUR-FU-10003394,70,80,3,5,1498
1383,11-06-2022,Same Day,Home Office,Office Supplies,Storage,OFF-ST-10002344,60,80,1,3,4435
1384,26-07-2023,Same Day,Home Office,Office Supplies,Paper,OFF-PA-10001289,310,350,9,2,1873
1385,30-11-2023,Same Day,Home Office,Office Supplies,Fasteners,OFF-FA-10000053,10,10,5,5,2057
1386,16-01-2022,Same Day,Home Office,Furniture,Furnishings,FUR-FU-10004091,20,20,3,5,3523
1387,20-01-2023,Same Day,Home Office,Furniture,Bookcases,FUR-BO-10004015,230,240,2,4,4446
1388,24-07-2022,Same Day,Home Office,Office Supplies,Envelopes,OFF-EN-10003001,160,170,2,4,3206
1389,13-01-2023,Same Day,Home Office,Technology,Phones,TEC-PH-10000215,90,100,3,5,1959
1390,26-01-2023,Same Day,Home Office,Technology,Phones,TEC-PH-10003645,420,480,3,5,369
1391,13-07-2022,Same Day,Home Office,Office Supplies,Paper,OFF-PA-10000357,110,120,3,5,4425
1392,20-11-2022,Same Day,Home Office,Office Supplies,Storage,OFF-ST-10004804,130,150,3,5,1830
1393,27-01-2023,Same Day,Home Office,Office Supplies,Paper,OFF-PA-10003892,280,340,7,4,3721
1394,05-05-2022,First Class,Corporate,Office Supplies,Art,OFF-AR-10003514,10,10,3,3,3860
1395,02-06-2023,Standard Class,Corporate,Furniture,Tables,FUR-TA-10002958,550,650,5,4,4945
1396,05-03-2022,Standard Class,Corporate,Furniture,Tables,FUR-TA-10001676,60,70,3,3,1959
1397,29-11-2023,First Class,Consumer,Office Supplies,Binders,OFF-BI-10000822,20,20,4,5,2010
1398,05-08-2023,First Class,Consumer,Office Supplies,Paper,OFF-PA-10004971,10,10,2,3,5023
1399,10-10-2022,First Class,Consumer,Technology,Accessories,TEC-AC-10002323,90,90,4,4,1855
1400,29-03-2022,First Class,Consumer,Office Supplies,Paper,OFF-PA-10004888,10,10,1,2,1160
1401,11-09-2022,Standard Class,Home Office,Technology,Phones,TEC-PH-10003988,20,20,2,2,10
1402,28-03-2023,Standard Class,Home Office,Office Supplies,Envelopes,OFF-EN-10002230,200,250,3,3,1717
1403,12-11-2022,Standard Class,Home Office,Furniture,Tables,FUR-TA-10002622,200,210,2,5,482
1404,24-09-2023,Standard Class,Home Office,Office Supplies,Paper,OFF-PA-10000418,350,420,5,5,4789
1405,05-07-2022,First Class,Home Office,Office Supplies,Supplies,OFF-SU-10004498,10,10,1,2,2487
1406,25-09-2023,First Class,Home Office,Furniture,Tables,FUR-TA-10001039,130,150,3,4,4579
1407,15-09-2023,First Class,Home Office,Technology,Accessories,TEC-AC-10004659,100,120,2,4,829
1408,05-08-2023,Standard Class,Consumer,Office Supplies,Art,OFF-AR-10002240,70,80,2,4,3235
1409,09-04-2023,Standard Class,Consumer,Furniture,Furnishings,FUR-FU-10001967,30,40,2,2,1226
1410,28-01-2023,Standard Class,Consumer,Furniture,Tables,FUR-TA-10002356,320,390,3,2,1479
1411,27-06-2022,Standard Class,Home Office,Office Supplies,Labels,OFF-LA-10003923,20,20,2,2,2543
1412,25-08-2023,Standard Class,Corporate,Furniture,Chairs,FUR-CH-10002335,380,410,2,2,3558
1413,04-08-2023,Standard Class,Corporate,Furniture,Furnishings,FUR-FU-10000723,140,170,4,5,3578
1414,10-10-2023,Standard Class,Consumer,Office Supplies,Binders,OFF-BI-10002867,280,330,7,4,1460
1415,02-07-2023,Second Class,Home Office,Technology,Accessories,TEC-AC-10000580,230,240,3,2,1799
1416,16-04-2022,Second Class,Home Office,Furniture,Furnishings,FUR-FU-10003976,30,40,3,4,522
1417,05-10-2022,First Class,Corporate,Technology,Phones,TEC-PH-10002922,860,950,7,5,4227
1418,25-03-2023,First Class,Corporate,Technology,Accessories,TEC-AC-10004353,120,150,3,3,3381
1419,05-09-2023,First Class,Corporate,Furniture,Furnishings,FUR-FU-10001706,0,0,4,5,1049
1420,15-06-2022,Standard Class,Corporate,Office Supplies,Paper,OFF-PA-10000501,70,90,4,3,4784
1421,14-06-2023,Standard Class,Corporate,Office Supplies,Binders,OFF-BI-10000778,60,70,2,2,4163
1422,21-09-2022,Standard Class,Corporate,Office Supplies,Appliances,OFF-AP-10004980,50,60,2,2,3593
1423,22-08-2023,Standard Class,Corporate,Office Supplies,Binders,OFF-BI-10003984,70,80,9,2,4441
1424,22-12-2022,Standard Class,Corporate,Office Supplies,Storage,OFF-ST-10000798,110,120,6,4,265
1425,21-10-2023,Standard Class,Corporate,Technology,Phones,TEC-PH-10001750,240,260,5,3,1649
1426,22-07-2022,Standard Class,Corporate,Office Supplies,Storage,OFF-ST-10002743,330,360,4,4,1374
1427,22-05-2023,Second Class,Corporate,Office Supplies,Binders,OFF-BI-10002949,10,10,2,3,4753
1428,06-05-2023,Second Class,Corporate,Office Supplies,Envelopes,OFF-EN-10002600,10,10,5,4,4377
1429,01-10-2022,Second Class,Corporate,Office Supplies,Binders,OFF-BI-10003708,30,30,5,3,1287
1430,10-02-2023,Second Class,Corporate,Office Supplies,Labels,OFF-LA-10003510,370,430,14,2,159
1431,09-05-2022,Standard Class,Consumer,Technology,Phones,TEC-PH-10003092,190,220,8,5,362
1432,13-08-2022,Second Class,Consumer,Office Supplies,Binders,OFF-BI-10001191,140,150,6,3,3231
1433,16-06-2022,Second Class,Consumer,Office Supplies,Supplies,OFF-SU-10004115,10,10,1,2,4440
1434,15-01-2022,Second Class,Consumer,Furniture,Chairs,FUR-CH-10000513,1550,1820,14,3,614
1435,13-12-2022,Standard Class,Consumer,Office Supplies,Paper,OFF-PA-10003673,20,30,5,3,2855
1436,25-11-2023,Standard Class,Consumer,Office Supplies,Paper,OFF-PA-10001639,30,30,6,5,3578
1437,16-05-2022,Standard Class,Consumer,Office Supplies,Art,OFF-AR-10003829,10,10,2,3,3514
1438,08-03-2022,Same Day,Consumer,Technology,Accessories,TEC-AC-10004975,230,260,3,5,2956
1439,25-10-2022,Same Day,Consumer,Furniture,Chairs,FUR-CH-10002024,2330,2450,5,5,1891
1440,17-08-2023,Second Class,Consumer,Office Supplies,Binders,OFF-BI-10004364,30,30,5,3,4307
1441,04-02-2022,Second Class,Consumer,Office Supplies,Paper,OFF-PA-10001712,40,40,4,4,413
1442,14-01-2023,Second Class,Consumer,Office Supplies,Binders,OFF-BI-10001510,30,40,2,5,3764
1443,10-06-2022,First Class,Corporate,Office Supplies,Paper,OFF-PA-10002713,10,10,2,5,1754
1444,10-09-2023,Standard Class,Corporate,Office Supplies,Storage,OFF-ST-10002974,130,140,4,4,3669
1445,19-10-2023,Standard Class,Consumer,Technology,Phones,TEC-PH-10004165,1580,1980,9,2,3689
1446,09-11-2023,First Class,Home Office,Office Supplies,Storage,OFF-ST-10004804,150,160,4,2,3897
1447,22-08-2022,First Class,Home Office,Furniture,Chairs,FUR-CH-10004289,410,470,7,2,1583
1448,05-04-2023,First Class,Home Office,Technology,Phones,TEC-PH-10002564,50,50,2,2,3137
1449,28-12-2022,First Class,Corporate,Office Supplies,Binders,OFF-BI-10004876,0,0,3,4,3773
1450,23-05-2022,Standard Class,Corporate,Technology,Phones,TEC-PH-10004348,80,90,3,4,1054
1451,28-06-2023,First Class,Consumer,Office Supplies,Binders,OFF-BI-10004352,0,0,1,2,3109
1452,16-01-2022,First Class,Corporate,Office Supplies,Paper,OFF-PA-10001685,60,70,7,5,4352
1453,23-12-2023,First Class,Corporate,Office Supplies,Binders,OFF-BI-10000666,80,90,3,3,2126
1454,31-08-2022,First Class,Corporate,Office Supplies,Binders,OFF-BI-10004352,30,30,5,5,738
1455,11-11-2022,First Class,Corporate,Technology,Machines,TEC-MA-10000010,2460,3040,8,3,4928
1456,09-02-2023,Standard Class,Home Office,Office Supplies,Binders,OFF-BI-10000977,80,90,3,4,4138
1457,23-05-2022,Standard Class,Home Office,Furniture,Tables,FUR-TA-10002530,370,450,3,2,4485
1458,14-03-2022,Standard Class,Corporate,Office Supplies,Binders,OFF-BI-10002412,40,50,9,5,1720
1459,16-01-2022,Standard Class,Corporate,Office Supplies,Labels,OFF-LA-10001569,20,20,4,2,833
1460,19-06-2023,Same Day,Consumer,Furniture,Furnishings,FUR-FU-10001473,30,30,2,2,1462
1461,13-08-2023,Standard Class,Consumer,Office Supplies,Binders,OFF-BI-10001765,50,60,2,2,2310
1462,01-12-2023,Standard Class,Consumer,Furniture,Tables,FUR-TA-10001095,220,240,2,2,4371
1463,19-04-2023,First Class,Corporate,Technology,Accessories,TEC-AC-10004571,150,160,2,4,984
1464,07-01-2022,First Class,Corporate,Furniture,Chairs,FUR-CH-10002126,950,1020,6,3,572
1465,30-01-2022,First Class,Corporate,Office Supplies,Fasteners,OFF-FA-10001754,0,0,2,4,922
1466,30-05-2023,Standard Class,Consumer,Furniture,Furnishings,FUR-FU-10001602,110,120,4,3,2710
1467,06-03-2023,Standard Class,Consumer,Technology,Accessories,TEC-AC-10001767,80,100,3,5,3317
1468,15-09-2022,Same Day,Home Office,Technology,Accessories,TEC-AC-10002402,230,260,4,4,1497
1469,05-04-2023,Standard Class,Corporate,Furniture,Chairs,FUR-CH-10000847,730,870,3,4,2738
1470,02-08-2022,Standard Class,Corporate,Office Supplies,Binders,OFF-BI-10003982,30,40,2,2,4823
1471,15-03-2023,Standard Class,Corporate,Office Supplies,Paper,OFF-PA-10001293,10,10,2,3,2918
1472,27-08-2022,Second Class,Corporate,Office Supplies,Art,OFF-AR-10000634,10,10,2,5,5052
1473,23-03-2022,Standard Class,Corporate,Office Supplies,Labels,OFF-LA-10004272,10,10,3,2,5056
1474,25-10-2023,Same Day,Consumer,Furniture,Furnishings,FUR-FU-10004270,10,10,4,5,1514
1475,25-03-2022,Standard Class,Home Office,Office Supplies,Art,OFF-AR-10003770,20,20,6,2,1629
1476,30-09-2022,Standard Class,Home Office,Office Supplies,Binders,OFF-BI-10000320,20,20,3,4,1680
1477,08-07-2023,Standard Class,Home Office,Office Supplies,Labels,OFF-LA-10003121,20,30,7,2,2837
1478,03-06-2022,Standard Class,Consumer,Office Supplies,Supplies,OFF-SU-10000381,50,50,7,5,717
1479,05-02-2022,First Class,Consumer,Technology,Phones,TEC-PH-10000376,30,30,4,4,4222
1480,23-03-2022,Standard Class,Consumer,Office Supplies,Paper,OFF-PA-10002262,30,30,4,2,1593
1481,12-01-2022,Standard Class,Consumer,Office Supplies,Paper,OFF-PA-10002464,30,40,7,5,3044
1482,13-08-2023,Standard Class,Consumer,Office Supplies,Storage,OFF-ST-10002214,20,30,3,5,445
1483,25-04-2023,Second Class,Consumer,Office Supplies,Art,OFF-AR-10003560,10,10,2,2,2253
1484,19-08-2023,Second Class,Consumer,Office Supplies,Paper,OFF-PA-10000130,0,0,1,5,4418
1485,27-02-2023,Standard Class,Corporate,Technology,Accessories,TEC-AC-10000865,160,180,3,5,670
1486,22-07-2023,Standard Class,Consumer,Office Supplies,Fasteners,OFF-FA-10003021,0,0,2,2,941
1487,03-12-2023,Standard Class,Home Office,Technology,Phones,TEC-PH-10003580,1150,1210,7,3,4839
1488,13-11-2022,Standard Class,Home Office,Technology,Accessories,TEC-AC-10001109,80,90,3,5,2551
1489,26-06-2023,Standard Class,Home Office,Furniture,Furnishings,FUR-FU-10003347,40,40,3,5,4341
1490,14-07-2023,Standard Class,Consumer,Office Supplies,Labels,OFF-LA-10000452,10,10,2,5,924
1491,01-07-2023,Second Class,Corporate,Office Supplies,Envelopes,OFF-EN-10002986,50,60,4,3,49
1492,12-05-2023,Standard Class,Corporate,Office Supplies,Paper,OFF-PA-10001838,10,10,1,2,2256
1493,11-12-2022,Standard Class,Corporate,Furniture,Chairs,FUR-CH-10000785,870,980,6,2,3786
1494,17-07-2022,Standard Class,Corporate,Furniture,Furnishings,FUR-FU-10002885,10,10,2,3,2950
1495,20-08-2022,Second Class,Consumer,Office Supplies,Art,OFF-AR-10002952,30,40,3,2,1390
1496,07-10-2022,Standard Class,Consumer,Office Supplies,Art,OFF-AR-10003759,10,10,7,3,2714
1497,08-04-2022,Standard Class,Consumer,Office Supplies,Storage,OFF-ST-10004950,20,20,1,5,1290
1498,13-06-2023,Standard Class,Consumer,Office Supplies,Art,OFF-AR-10001940,10,10,5,4,2588
1499,28-06-2022,First Class,Home Office,Office Supplies,Binders,OFF-BI-10003981,20,20,5,5,3194
1500,29-10-2023,Standard Class,Consumer,Office Supplies,Paper,OFF-PA-10002749,20,20,3,2,3311
1501,24-06-2022,Standard Class,Consumer,Office Supplies,Paper,OFF-PA-10003823,200,220,9,2,1032
1502,07-04-2023,Standard Class,Consumer,Office Supplies,Storage,OFF-ST-10003716,500,540,3,5,1533
1503,28-05-2022,Standard Class,Home Office,Technology,Phones,TEC-PH-10001300,30,30,2,3,3795
1504,03-11-2023,Standard Class,Home Office,Furniture,Furnishings,FUR-FU-10000010,10,10,2,5,84
1505,10-03-2023,Standard Class,Home Office,Office Supplies,Art,OFF-AR-10001868,10,10,4,4,2837
1506,02-10-2022,Standard Class,Home Office,Furniture,Tables,FUR-TA-10003715,920,1000,6,3,2251
1507,09-06-2023,Standard Class,Consumer,Office Supplies,Binders,OFF-BI-10003708,20,20,3,2,4365
1508,14-12-2022,Standard Class,Consumer,Technology,Machines,TEC-MA-10004458,380,400,4,4,1201
1509,18-03-2023,Same Day,Home Office,Office Supplies,Binders,OFF-BI-10004965,30,30,3,3,3797
1510,17-10-2023,First Class,Consumer,Furniture,Furnishings,FUR-FU-10004270,10,10,2,2,4832
1511,16-02-2023,Standard Class,Corporate,Office Supplies,Art,OFF-AR-10002135,310,390,8,4,1219
1512,05-11-2023,Standard Class,Corporate,Office Supplies,Art,OFF-AR-10003514,30,40,9,2,1491
1513,30-01-2022,Standard Class,Consumer,Office Supplies,Storage,OFF-ST-10002276,190,200,3,2,3086
1514,25-07-2022,Standard Class,Consumer,Office Supplies,Binders,OFF-BI-10001098,20,20,5,2,4328
1515,11-03-2022,Standard Class,Consumer,Office Supplies,Binders,OFF-BI-10001636,10,10,4,4,2021
1516,01-04-2022,Standard Class,Consumer,Furniture,Chairs,FUR-CH-10002961,50,60,1,3,3828
1517,16-10-2022,Second Class,Consumer,Furniture,Tables,FUR-TA-10004256,1470,1670,4,5,4357
1518,25-04-2022,Second Class,Consumer,Office Supplies,Binders,OFF-BI-10004593,70,80,2,4,3294
1519,30-05-2023,Second Class,Consumer,Office Supplies,Binders,OFF-BI-10002827,10,10,3,2,3417
1520,14-07-2022,Second Class,Corporate,Office Supplies,Binders,OFF-BI-10001759,20,20,7,5,3615
1521,29-01-2022,Standard Class,Home Office,Office Supplies,Art,OFF-AR-10001419,20,20,5,2,1377
1522,23-08-2023,Standard Class,Consumer,Furniture,Furnishings,FUR-FU-10002253,170,210,6,2,3511
1523,28-09-2023,Standard Class,Consumer,Office Supplies,Paper,OFF-PA-10002586,20,20,5,5,2270
1524,08-04-2022,Standard Class,Consumer,Office Supplies,Paper,OFF-PA-10003039,180,200,8,3,1473
1525,17-10-2022,Standard Class,Consumer,Office Supplies,Storage,OFF-ST-10004804,210,250,6,2,3163
1526,05-04-2023,Standard Class,Consumer,Office Supplies,Art,OFF-AR-10004042,80,90,6,2,1546
1527,02-06-2022,Standard Class,Consumer,Office Supplies,Art,OFF-AR-10002221,0,0,2,2,3262
1528,13-07-2022,Standard Class,Consumer,Furniture,Furnishings,FUR-FU-10002456,10,10,2,3,4680
1529,02-06-2022,Second Class,Corporate,Office Supplies,Fasteners,OFF-FA-10004968,30,30,7,4,4157
1530,20-03-2022,Second Class,Corporate,Office Supplies,Paper,OFF-PA-10001274,10,10,2,2,59
1531,19-04-2023,Standard Class,Corporate,Office Supplies,Paper,OFF-PA-10001125,60,70,3,3,3399
1532,25-11-2022,Standard Class,Consumer,Office Supplies,Storage,OFF-ST-10000344,10,10,1,4,246
1533,01-06-2023,Standard Class,Consumer,Office Supplies,Fasteners,OFF-FA-10000585,10,10,3,2,4636
1534,12-11-2023,Standard Class,Corporate,Office Supplies,Storage,OFF-ST-10003324,170,210,6,4,1424
1535,24-06-2022,Standard Class,Home Office,Furniture,Bookcases,FUR-BO-10004015,170,200,2,2,2133
1536,21-06-2023,Standard Class,Corporate,Office Supplies,Storage,OFF-ST-10000419,40,40,3,3,3283
1537,26-04-2023,Standard Class,Corporate,Office Supplies,Appliances,OFF-AP-10001626,10,10,3,5,1294
1538,05-05-2022,Second Class,Consumer,Technology,Phones,TEC-PH-10000439,30,40,1,3,4998
1539,03-12-2023,Second Class,Consumer,Office Supplies,Art,OFF-AR-10003478,20,20,2,3,3307
1540,24-06-2022,Second Class,Consumer,Furniture,Bookcases,FUR-BO-10002545,690,780,3,4,3496
1541,13-01-2023,Second Class,Consumer,Office Supplies,Binders,OFF-BI-10001765,200,240,7,2,3371
1542,16-11-2022,Second Class,Consumer,Furniture,Furnishings,FUR-FU-10003981,10,10,5,4,3749
1543,06-04-2022,Second Class,Consumer,Office Supplies,Fasteners,OFF-FA-10001561,10,10,6,5,192
1544,07-10-2023,Standard Class,Home Office,Office Supplies,Binders,OFF-BI-10004230,70,80,3,5,4074
1545,13-07-2022,Standard Class,Home Office,Office Supplies,Paper,OFF-PA-10000350,30,30,4,3,1305
1546,29-04-2022,Second Class,Corporate,Furniture,Bookcases,FUR-BO-10002613,1350,1570,7,2,1266
1547,08-09-2022,Standard Class,Corporate,Office Supplies,Paper,OFF-PA-10000994,310,340,4,2,2250
1548,14-05-2023,Standard Class,Corporate,Office Supplies,Binders,OFF-BI-10002867,20,20,2,4,91
1549,05-06-2022,Standard Class,Corporate,Office Supplies,Storage,OFF-ST-10001291,20,30,2,3,3142
1550,24-01-2023,First Class,Consumer,Technology,Copiers,TEC-CO-10001046,470,560,1,2,3169
1551,07-07-2023,Second Class,Home Office,Office Supplies,Appliances,OFF-AP-10004868,10,10,6,4,2241
1552,26-08-2022,Standard Class,Consumer,Office Supplies,Paper,OFF-PA-10000806,90,110,2,4,3201
1553,23-01-2022,First Class,Home Office,Office Supplies,Labels,OFF-LA-10002195,20,20,7,3,1070
1554,12-03-2022,Standard Class,Consumer,Office Supplies,Binders,OFF-BI-10003719,110,120,5,4,2252
1555,26-05-2022,Standard Class,Corporate,Office Supplies,Art,OFF-AR-10001315,10,10,3,3,2317
1556,27-02-2022,Standard Class,Consumer,Technology,Accessories,TEC-AC-10000171,80,90,4,4,4989
1557,08-02-2022,Standard Class,Consumer,Office Supplies,Envelopes,OFF-EN-10003134,10,10,1,5,2670
1558,14-06-2022,Standard Class,Consumer,Office Supplies,Art,OFF-AR-10001955,70,80,5,2,3099
1559,24-04-2023,Second Class,Consumer,Furniture,Tables,FUR-TA-10001039,140,170,2,2,3744
1560,02-06-2022,Standard Class,Corporate,Office Supplies,Binders,OFF-BI-10003712,40,40,9,5,1716
1561,15-11-2022,Standard Class,Home Office,Office Supplies,Labels,OFF-LA-10001641,20,20,6,3,665
1562,26-02-2023,First Class,Home Office,Office Supplies,Art,OFF-AR-10003732,0,0,1,2,2347
1563,01-02-2023,Same Day,Consumer,Furniture,Tables,FUR-TA-10000577,860,1040,5,2,147
1564,19-10-2022,Same Day,Consumer,Office Supplies,Paper,OFF-PA-10004000,10,10,3,5,5088
1565,08-05-2023,Same Day,Consumer,Office Supplies,Storage,OFF-ST-10001370,290,350,5,5,4259
1566,20-07-2023,Standard Class,Home Office,Technology,Phones,TEC-PH-10004539,400,450,3,2,1188
1567,27-07-2022,First Class,Consumer,Technology,Accessories,TEC-AC-10003038,20,20,3,3,362
1568,05-08-2023,First Class,Consumer,Office Supplies,Binders,OFF-BI-10000088,10,10,4,5,4395
1569,10-11-2023,Same Day,Consumer,Office Supplies,Paper,OFF-PA-10000357,110,120,3,3,1626
1570,06-12-2022,Standard Class,Corporate,Office Supplies,Art,OFF-AR-10003504,10,10,3,3,4363
1571,19-10-2022,First Class,Consumer,Furniture,Chairs,FUR-CH-10000863,490,600,5,2,1318
1572,23-01-2022,First Class,Consumer,Office Supplies,Envelopes,OFF-EN-10003160,20,20,3,2,2043
1573,24-07-2023,First Class,Consumer,Technology,Accessories,TEC-AC-10003280,30,30,1,2,521
1574,02-08-2023,First Class,Consumer,Furniture,Chairs,FUR-CH-10000595,320,380,2,3,3237
1575,01-11-2022,First Class,Consumer,Technology,Phones,TEC-PH-10000169,30,40,3,3,4902
1576,30-05-2023,First Class,Consumer,Furniture,Chairs,FUR-CH-10004675,650,760,5,4,2348
1577,29-04-2023,Standard Class,Home Office,Office Supplies,Storage,OFF-ST-10002406,20,20,2,2,4138
1578,16-06-2022,Standard Class,Home Office,Office Supplies,Paper,OFF-PA-10001526,0,0,1,2,4961
1579,20-06-2023,First Class,Consumer,Office Supplies,Appliances,OFF-AP-10004336,140,170,3,3,2816
1580,13-09-2023,First Class,Consumer,Technology,Phones,TEC-PH-10003012,260,310,2,2,693
1581,12-01-2022,First Class,Consumer,Furniture,Tables,FUR-TA-10002607,340,380,9,4,582
1582,30-04-2023,First Class,Consumer,Office Supplies,Storage,OFF-ST-10000642,40,40,2,2,1133
1583,28-11-2023,First Class,Consumer,Office Supplies,Binders,OFF-BI-10000545,1100,1220,2,4,112
1584,26-03-2022,First Class,Consumer,Furniture,Furnishings,FUR-FU-10002157,50,50,3,3,3683
1585,02-10-2022,First Class,Consumer,Furniture,Furnishings,FUR-FU-10001706,10,10,2,3,2136
1586,08-03-2022,First Class,Consumer,Technology,Phones,TEC-PH-10000984,850,980,5,3,941
1587,26-03-2022,First Class,Consumer,Office Supplies,Paper,OFF-PA-10001357,130,140,3,5,5072
1588,30-10-2022,First Class,Consumer,Office Supplies,Fasteners,OFF-FA-10000992,10,10,3,2,915
1589,27-08-2023,First Class,Consumer,Technology,Accessories,TEC-AC-10002600,230,250,4,3,4863
1590,13-11-2022,Standard Class,Corporate,Office Supplies,Art,OFF-AR-10001662,10,10,4,4,4052
1591,20-05-2022,Standard Class,Corporate,Office Supplies,Art,OFF-AR-10001221,30,30,7,3,1265
1592,04-04-2023,Standard Class,Corporate,Office Supplies,Fasteners,OFF-FA-10002988,10,10,5,3,3506
1593,05-09-2023,Second Class,Consumer,Technology,Phones,TEC-PH-10004830,180,200,4,3,2071
1594,09-07-2023,Same Day,Consumer,Office Supplies,Paper,OFF-PA-10004519,10,10,3,3,3672
1595,17-01-2022,First Class,Home Office,Furniture,Bookcases,FUR-BO-10000362,300,360,3,3,528
1596,17-10-2023,Standard Class,Consumer,Furniture,Chairs,FUR-CH-10004540,40,50,2,5,2566
1597,20-08-2023,First Class,Corporate,Furniture,Furnishings,FUR-FU-10001290,460,550,13,5,4346
1598,31-07-2023,Second Class,Consumer,Office Supplies,Paper,OFF-PA-10000308,20,20,4,2,1746
1599,14-10-2022,Second Class,Consumer,Office Supplies,Supplies,OFF-SU-10001165,10,10,1,5,3458
1600,25-04-2022,Second Class,Consumer,Office Supplies,Art,OFF-AR-10003373,80,100,4,2,3072
1601,12-08-2022,Second Class,Consumer,Furniture,Furnishings,FUR-FU-10001967,20,20,2,4,557
1602,03-02-2022,Second Class,Corporate,Furniture,Furnishings,FUR-FU-10001488,200,210,2,2,43
1603,03-07-2022,Standard Class,Consumer,Office Supplies,Art,OFF-AR-10003251,10,10,3,2,2228
1604,17-12-2023,Standard Class,Consumer,Office Supplies,Art,OFF-AR-10001044,150,160,6,3,4325
1605,01-07-2023,Second Class,Consumer,Technology,Phones,TEC-PH-10004700,40,40,5,5,4014
1606,07-03-2023,Second Class,Consumer,Office Supplies,Art,OFF-AR-10000823,10,10,3,3,1043
1607,29-03-2023,Second Class,Consumer,Office Supplies,Art,OFF-AR-10004456,60,70,5,4,5083
1608,06-12-2022,Second Class,Consumer,Office Supplies,Binders,OFF-BI-10000050,10,10,1,5,4333
1609,10-12-2023,Second Class,Consumer,Office Supplies,Paper,OFF-PA-10002377,20,20,4,2,3723
1610,14-02-2023,Second Class,Consumer,Office Supplies,Binders,OFF-BI-10000591,10,10,3,4,2694
1611,12-04-2023,Standard Class,Corporate,Furniture,Bookcases,FUR-BO-10000362,240,290,2,5,833
1612,25-01-2022,Standard Class,Corporate,Technology,Phones,TEC-PH-10000441,160,200,2,2,1445
1613,30-09-2023,Standard Class,Corporate,Technology,Phones,TEC-PH-10002726,70,80,2,4,5046
1614,22-04-2022,Standard Class,Corporate,Office Supplies,Storage,OFF-ST-10003306,950,1000,7,4,2594
1615,09-02-2023,Standard Class,Home Office,Technology,Accessories,TEC-AC-10004855,70,80,3,5,3451
1616,08-04-2023,Standard Class,Home Office,Office Supplies,Labels,OFF-LA-10002787,0,0,1,2,1713
1617,12-01-2023,Standard Class,Home Office,Office Supplies,Labels,OFF-LA-10002043,40,40,4,5,3665
1618,02-03-2023,Standard Class,Home Office,Office Supplies,Art,OFF-AR-10001915,30,30,3,4,2393
1619,29-06-2022,Second Class,Home Office,Office Supplies,Storage,OFF-ST-10000352,60,60,2,5,870
1620,02-08-2022,Second Class,Home Office,Office Supplies,Paper,OFF-PA-10000575,10,10,1,5,4982
1621,04-04-2022,Standard Class,Consumer,Furniture,Furnishings,FUR-FU-10002937,190,200,2,3,3010
1622,26-06-2022,Standard Class,Consumer,Office Supplies,Labels,OFF-LA-10003930,730,790,8,5,1714
1623,26-08-2022,Standard Class,Consumer,Office Supplies,Binders,OFF-BI-10001107,20,20,2,2,1133
1624,27-04-2023,Standard Class,Consumer,Technology,Accessories,TEC-AC-10003063,40,50,2,5,4412
1625,12-10-2022,Standard Class,Consumer,Technology,Phones,TEC-PH-10002922,560,680,5,3,3491
1626,02-11-2023,Standard Class,Consumer,Technology,Accessories,TEC-AC-10002049,1120,1270,3,4,97
1627,01-12-2022,Standard Class,Home Office,Office Supplies,Appliances,OFF-AP-10002457,460,520,5,5,107
1628,11-07-2022,Standard Class,Consumer,Furniture,Chairs,FUR-CH-10001270,430,520,6,5,1912
1629,31-01-2022,Second Class,Consumer,Furniture,Furnishings,FUR-FU-10004415,20,20,5,3,1315
1630,23-07-2023,Second Class,Consumer,Office Supplies,Binders,OFF-BI-10001510,40,40,6,5,3486
1631,17-12-2023,Same Day,Consumer,Office Supplies,Storage,OFF-ST-10002011,840,1010,3,3,58
1632,17-01-2023,Same Day,Consumer,Office Supplies,Paper,OFF-PA-10002986,10,10,2,3,2361
1633,09-11-2022,Same Day,Consumer,Office Supplies,Paper,OFF-PA-10004451,10,10,2,2,4692
1634,06-08-2023,Same Day,Consumer,Office Supplies,Storage,OFF-ST-10000649,20,30,2,4,432
1635,03-12-2023,Same Day,Consumer,Technology,Accessories,TEC-AC-10001465,50,60,2,3,234
1636,01-08-2022,Standard Class,Consumer,Office Supplies,Paper,OFF-PA-10001166,20,20,3,2,2257
1637,23-12-2023,Standard Class,Consumer,Office Supplies,Storage,OFF-ST-10001097,610,670,5,4,338
1638,06-03-2023,Standard Class,Consumer,Technology,Phones,TEC-PH-10000038,400,440,4,5,45
1639,06-04-2023,Standard Class,Consumer,Office Supplies,Paper,OFF-PA-10002689,20,20,3,3,2478
1640,31-01-2022,Standard Class,Consumer,Office Supplies,Binders,OFF-BI-10004728,10,10,2,4,460
1641,20-11-2023,Standard Class,Consumer,Office Supplies,Paper,OFF-PA-10004675,10,10,2,4,2427
1642,12-02-2023,Standard Class,Consumer,Furniture,Furnishings,FUR-FU-10000629,40,40,3,2,1085
1643,11-10-2023,Standard Class,Corporate,Office Supplies,Fasteners,OFF-FA-10003112,10,10,2,4,3244
1644,06-10-2022,First Class,Corporate,Office Supplies,Storage,OFF-ST-10000142,1160,1250,3,2,4605
1645,27-05-2022,First Class,Corporate,Technology,Copiers,TEC-CO-10001766,2650,3150,7,3,3573
1646,08-07-2022,First Class,Corporate,Office Supplies,Paper,OFF-PA-10004359,180,210,2,3,1329
1647,29-04-2023,First Class,Home Office,Technology,Accessories,TEC-AC-10002323,30,40,2,4,707
1648,19-11-2022,First Class,Home Office,Office Supplies,Fasteners,OFF-FA-10001135,0,0,2,3,1423
1649,21-02-2023,Second Class,Consumer,Office Supplies,Binders,OFF-BI-10004224,110,120,6,5,2013
1650,11-07-2023,Second Class,Consumer,Technology,Phones,TEC-PH-10003357,50,50,1,5,2024
1651,04-10-2022,Same Day,Corporate,Office Supplies,Paper,OFF-PA-10004475,100,110,2,5,3030
1652,13-05-2022,Same Day,Corporate,Office Supplies,Paper,OFF-PA-10003001,10,10,2,5,4806
1653,11-07-2022,First Class,Consumer,Office Supplies,Storage,OFF-ST-10003442,140,170,6,4,101
1654,07-12-2023,First Class,Consumer,Technology,Accessories,TEC-AC-10003832,110,130,4,5,3295
1655,11-07-2023,First Class,Consumer,Office Supplies,Fasteners,OFF-FA-10000611,0,0,2,4,663
1656,03-04-2022,First Class,Consumer,Office Supplies,Binders,OFF-BI-10001116,10,10,2,5,2921
1657,08-07-2022,First Class,Consumer,Office Supplies,Storage,OFF-ST-10000563,80,100,3,5,1290
1658,06-08-2022,First Class,Consumer,Furniture,Furnishings,FUR-FU-10000010,30,30,7,4,1419
1659,26-05-2022,Standard Class,Consumer,Technology,Phones,TEC-PH-10004922,140,160,3,5,2893
1660,08-10-2023,Standard Class,Consumer,Office Supplies,Binders,OFF-BI-10004330,80,90,3,4,414
1661,21-04-2022,Standard Class,Consumer,Office Supplies,Binders,OFF-BI-10002072,10,10,2,5,3037
1662,14-06-2022,Standard Class,Corporate,Technology,Phones,TEC-PH-10002549,650,680,5,5,3379
1663,19-11-2022,Standard Class,Corporate,Office Supplies,Binders,OFF-BI-10002353,10,10,3,5,3410
1664,03-07-2022,Second Class,Consumer,Office Supplies,Storage,OFF-ST-10001325,30,40,5,4,1583
1665,13-08-2022,Second Class,Consumer,Technology,Accessories,TEC-AC-10002049,250,300,3,5,2587
1666,02-01-2022,Second Class,Consumer,Office Supplies,Fasteners,OFF-FA-10002676,0,0,3,5,868
1667,28-12-2023,Second Class,Consumer,Technology,Accessories,TEC-AC-10003023,90,90,2,3,3224
1668,08-10-2023,Second Class,Consumer,Office Supplies,Paper,OFF-PA-10000167,60,70,3,5,4878
1669,08-09-2023,Second Class,Consumer,Office Supplies,Art,OFF-AR-10003405,10,10,3,4,2975
1670,15-08-2022,Standard Class,Consumer,Furniture,Tables,FUR-TA-10001889,920,1020,4,2,1977
1671,26-09-2023,Standard Class,Consumer,Technology,Phones,TEC-PH-10002185,20,20,3,5,4116
1672,25-05-2022,First Class,Corporate,Technology,Accessories,TEC-AC-10001013,50,60,2,3,4524
1673,06-07-2023,Standard Class,Consumer,Technology,Phones,TEC-PH-10002726,140,170,4,3,4165
1674,28-08-2022,First Class,Consumer,Office Supplies,Labels,OFF-LA-10003930,160,200,2,4,3389
1675,18-03-2023,Standard Class,Corporate,Furniture,Furnishings,FUR-FU-10003535,20,20,2,3,4241
1676,30-04-2022,Standard Class,Corporate,Office Supplies,Binders,OFF-BI-10000088,10,10,3,3,1045
1677,14-04-2023,Standard Class,Consumer,Office Supplies,Storage,OFF-ST-10000604,90,100,3,3,3305
1678,16-05-2023,Standard Class,Consumer,Office Supplies,Paper,OFF-PA-10004040,20,20,3,4,3344
1679,19-01-2022,Standard Class,Corporate,Office Supplies,Storage,OFF-ST-10002344,60,60,1,3,1957
1680,18-02-2022,Standard Class,Corporate,Technology,Phones,TEC-PH-10003589,30,30,3,4,1915
1681,22-11-2023,Standard Class,Corporate,Furniture,Furnishings,FUR-FU-10000758,40,40,2,2,1075
1682,15-07-2022,Standard Class,Corporate,Technology,Machines,TEC-MA-10004679,340,400,4,4,280
1683,08-07-2023,Second Class,Consumer,Office Supplies,Paper,OFF-PA-10000176,20,20,1,4,3173
1684,01-06-2023,Standard Class,Corporate,Furniture,Furnishings,FUR-FU-10002597,10,10,3,3,3717
1685,23-01-2023,First Class,Corporate,Office Supplies,Appliances,OFF-AP-10002495,90,100,2,5,405
1686,13-11-2023,First Class,Corporate,Office Supplies,Binders,OFF-BI-10002813,0,0,2,2,1438
1687,27-05-2022,First Class,Corporate,Office Supplies,Binders,OFF-BI-10002414,10,10,2,4,521
1688,14-02-2022,First Class,Consumer,Office Supplies,Paper,OFF-PA-10000788,10,10,2,3,4120
1689,26-07-2022,First Class,Consumer,Furniture,Furnishings,FUR-FU-10004306,270,310,2,4,4452
1690,17-02-2022,Standard Class,Consumer,Furniture,Tables,FUR-TA-10001539,760,850,6,4,4465
1691,21-06-2023,Standard Class,Consumer,Office Supplies,Paper,OFF-PA-10000575,20,30,5,3,3407
1692,07-12-2023,Standard Class,Consumer,Office Supplies,Binders,OFF-BI-10004182,10,10,5,3,2579
1693,30-06-2022,Standard Class,Consumer,Furniture,Furnishings,FUR-FU-10004020,20,20,5,3,2942
1694,03-04-2022,Second Class,Home Office,Technology,Accessories,TEC-AC-10003133,10,10,2,2,2724
1695,08-06-2023,Second Class,Home Office,Technology,Accessories,TEC-AC-10002006,50,60,4,5,196
1696,14-10-2023,Second Class,Home Office,Office Supplies,Binders,OFF-BI-10003314,10,10,3,5,4582
1697,08-02-2023,Second Class,Home Office,Technology,Phones,TEC-PH-10002726,90,100,2,2,3855
1698,02-02-2022,Standard Class,Consumer,Office Supplies,Appliances,OFF-AP-10000240,100,110,2,4,248
1699,26-10-2022,Standard Class,Consumer,Office Supplies,Labels,OFF-LA-10002381,20,20,7,2,2936
1700,27-08-2022,Second Class,Consumer,Furniture,Tables,FUR-TA-10004086,450,520,6,3,2256
1701,13-10-2023,Second Class,Consumer,Office Supplies,Binders,OFF-BI-10000320,10,10,2,4,4530
1702,16-02-2023,Second Class,Consumer,Furniture,Chairs,FUR-CH-10000595,1560,1930,9,3,2642
1703,06-09-2023,Second Class,Consumer,Office Supplies,Paper,OFF-PA-10000349,10,10,2,2,524
1704,15-04-2023,Standard Class,Home Office,Office Supplies,Fasteners,OFF-FA-10001843,10,10,5,3,2506
1705,27-04-2023,Same Day,Consumer,Office Supplies,Binders,OFF-BI-10003676,10,10,3,5,973
1706,26-01-2022,Standard Class,Consumer,Office Supplies,Binders,OFF-BI-10003638,10,10,2,2,3288
1707,29-06-2022,Standard Class,Consumer,Office Supplies,Labels,OFF-LA-10003077,40,40,6,3,2521
1708,05-02-2023,Standard Class,Consumer,Technology,Phones,TEC-PH-10003505,140,150,2,5,3552
1709,08-11-2023,Standard Class,Consumer,Office Supplies,Paper,OFF-PA-10003424,10,10,2,3,1134
1710,08-02-2023,Standard Class,Consumer,Furniture,Chairs,FUR-CH-10003061,70,70,1,5,3787
1711,17-06-2023,Standard Class,Consumer,Office Supplies,Art,OFF-AR-10003514,20,20,5,3,4647
1712,06-09-2022,Standard Class,Consumer,Office Supplies,Appliances,OFF-AP-10002684,1410,1700,14,2,3347
1713,19-08-2023,Standard Class,Consumer,Office Supplies,Paper,OFF-PA-10004405,10,10,6,4,294
1714,24-05-2023,Second Class,Consumer,Furniture,Tables,FUR-TA-10004289,680,770,7,4,4750
1715,23-02-2022,Standard Class,Consumer,Furniture,Bookcases,FUR-BO-10003965,250,310,2,3,3824
1716,19-01-2023,Standard Class,Consumer,Office Supplies,Binders,OFF-BI-10003314,10,10,2,3,5060
1717,23-04-2023,Standard Class,Consumer,Office Supplies,Appliances,OFF-AP-10001563,200,240,5,4,4238
1718,16-05-2023,Standard Class,Consumer,Office Supplies,Storage,OFF-ST-10004123,420,450,5,3,1517
1719,03-06-2023,Standard Class,Consumer,Furniture,Furnishings,FUR-FU-10002088,40,40,4,4,1390
1720,04-10-2022,Standard Class,Consumer,Furniture,Furnishings,FUR-FU-10000010,30,40,8,2,3831
1721,03-01-2022,Standard Class,Consumer,Office Supplies,Binders,OFF-BI-10002824,50,50,4,4,1841
1722,17-01-2023,Standard Class,Consumer,Technology,Phones,TEC-PH-10001061,150,160,2,4,4151
1723,15-12-2022,Standard Class,Consumer,Technology,Accessories,TEC-AC-10000736,240,260,4,5,4882
1724,08-05-2023,Standard Class,Consumer,Furniture,Bookcases,FUR-BO-10003966,320,360,3,2,87
1725,14-08-2023,First Class,Consumer,Office Supplies,Appliances,OFF-AP-10000828,400,430,3,2,2190
1726,20-11-2022,First Class,Consumer,Office Supplies,Appliances,OFF-AP-10002906,0,0,2,3,5050
1727,08-05-2023,First Class,Consumer,Office Supplies,Appliances,OFF-AP-10003860,70,90,4,3,3697
1728,21-10-2023,Second Class,Corporate,Furniture,Tables,FUR-TA-10001307,1000,1050,5,4,138
1729,23-02-2023,Same Day,Consumer,Technology,Accessories,TEC-AC-10003063,80,100,4,3,1260
1730,26-02-2023,Same Day,Consumer,Office Supplies,Labels,OFF-LA-10001045,10,10,3,4,3154
1731,12-03-2023,Standard Class,Corporate,Office Supplies,Paper,OFF-PA-10001457,90,100,8,2,4811
1732,19-02-2023,Standard Class,Corporate,Office Supplies,Paper,OFF-PA-10001804,10,10,2,4,1844
1733,15-05-2022,Standard Class,Consumer,Office Supplies,Storage,OFF-ST-10000689,320,340,3,5,4655
1734,02-01-2023,Standard Class,Consumer,Office Supplies,Art,OFF-AR-10002135,140,150,4,5,3498
1735,02-05-2023,Second Class,Consumer,Office Supplies,Appliances,OFF-AP-10002082,20,30,2,2,1231
1736,02-08-2023,Second Class,Consumer,Technology,Phones,TEC-PH-10003442,20,20,5,4,883
1737,11-10-2023,Second Class,Consumer,Office Supplies,Art,OFF-AR-10002833,0,0,3,4,3377
1738,01-02-2022,Standard Class,Corporate,Office Supplies,Storage,OFF-ST-10001325,30,30,3,5,3702
1739,22-12-2022,Standard Class,Corporate,Technology,Accessories,TEC-AC-10003038,20,20,2,5,4471
1740,15-08-2022,Standard Class,Corporate,Technology,Accessories,TEC-AC-10003590,120,130,5,3,1000
1741,02-02-2022,Standard Class,Home Office,Office Supplies,Labels,OFF-LA-10000262,20,20,8,3,5067
1742,14-07-2022,Standard Class,Consumer,Office Supplies,Paper,OFF-PA-10004355,20,20,4,5,1265
1743,15-03-2023,Standard Class,Consumer,Furniture,Furnishings,FUR-FU-10004415,10,10,2,2,1940
1744,04-12-2023,Standard Class,Consumer,Office Supplies,Storage,OFF-ST-10002486,10,10,2,2,4711
1745,04-10-2023,Standard Class,Consumer,Technology,Accessories,TEC-AC-10001142,370,440,7,5,3030
1746,30-12-2023,First Class,Consumer,Office Supplies,Art,OFF-AR-10002656,10,10,2,3,1831
1747,26-12-2022,Second Class,Consumer,Office Supplies,Binders,OFF-BI-10000138,10,10,8,5,464
1748,12-01-2022,Second Class,Consumer,Office Supplies,Paper,OFF-PA-10004947,10,10,3,5,1904
1749,24-02-2023,Standard Class,Home Office,Office Supplies,Paper,OFF-PA-10003543,10,10,2,5,313
1750,06-09-2023,Standard Class,Home Office,Office Supplies,Art,OFF-AR-10002221,10,10,3,4,1368
1751,08-10-2022,Standard Class,Home Office,Furniture,Tables,FUR-TA-10004607,180,210,2,4,3124
1752,11-05-2023,First Class,Consumer,Furniture,Furnishings,FUR-FU-10001918,10,10,2,2,1900
1753,17-02-2022,First Class,Corporate,Office Supplies,Storage,OFF-ST-10004340,500,560,9,4,4839
1754,20-05-2022,First Class,Corporate,Office Supplies,Paper,OFF-PA-10004475,100,110,2,3,4396
1755,15-12-2022,First Class,Corporate,Office Supplies,Paper,OFF-PA-10003893,10,10,2,2,1991
1756,30-05-2022,Second Class,Home Office,Office Supplies,Paper,OFF-PA-10000100,300,360,11,3,618
1757,19-12-2022,Second Class,Home Office,Technology,Phones,TEC-PH-10001817,1510,1720,6,3,1623
1758,28-08-2022,First Class,Home Office,Office Supplies,Binders,OFF-BI-10001765,30,40,6,4,4612
1759,22-01-2022,Standard Class,Consumer,Technology,Accessories,TEC-AC-10001013,40,50,2,3,2567
1760,28-09-2022,Standard Class,Consumer,Office Supplies,Art,OFF-AR-10003478,20,20,3,5,474
1761,08-06-2022,Standard Class,Consumer,Furniture,Bookcases,FUR-BO-10000330,340,410,4,2,4788
1762,10-12-2022,Standard Class,Consumer,Office Supplies,Binders,OFF-BI-10001900,30,30,6,2,2249
1763,05-02-2023,Standard Class,Consumer,Furniture,Bookcases,FUR-BO-10003159,260,290,3,5,4645
1764,17-07-2022,Standard Class,Home Office,Office Supplies,Supplies,OFF-SU-10002573,40,40,2,5,1753
1765,25-02-2023,Standard Class,Home Office,Office Supplies,Labels,OFF-LA-10004484,0,0,1,3,4281
1766,18-03-2022,Standard Class,Home Office,Furniture,Furnishings,FUR-FU-10001591,100,110,9,4,1337
1767,05-12-2023,Standard Class,Home Office,Office Supplies,Labels,OFF-LA-10002034,10,10,2,2,764
1768,25-10-2023,Standard Class,Consumer,Office Supplies,Binders,OFF-BI-10004410,10,10,4,5,230
1769,19-10-2022,Standard Class,Consumer,Office Supplies,Binders,OFF-BI-10002735,40,50,5,2,1711
1770,20-04-2022,Standard Class,Corporate,Office Supplies,Supplies,OFF-SU-10001935,10,10,4,4,3346
1771,26-07-2022,Standard Class,Corporate,Office Supplies,Binders,OFF-BI-10003291,10,10,7,2,3591
1772,18-11-2022,Second Class,Corporate,Office Supplies,Storage,OFF-ST-10004337,80,100,2,5,798
1773,11-08-2023,Second Class,Corporate,Technology,Accessories,TEC-AC-10001266,50,60,6,2,4335
1774,17-11-2023,Standard Class,Corporate,Office Supplies,Binders,OFF-BI-10001628,20,20,2,5,502
1775,02-10-2022,Standard Class,Corporate,Office Supplies,Storage,OFF-ST-10000877,440,500,9,2,816
1776,20-04-2023,Standard Class,Corporate,Office Supplies,Art,OFF-AR-10004752,10,10,2,4,3894
1777,15-08-2022,Standard Class,Corporate,Office Supplies,Labels,OFF-LA-10000452,0,0,1,4,3467
1778,25-01-2022,Standard Class,Consumer,Office Supplies,Paper,OFF-PA-10000675,300,370,9,5,4358
1779,05-02-2023,Standard Class,Consumer,Office Supplies,Art,OFF-AR-10003045,10,10,5,3,5073
1780,01-04-2022,Standard Class,Consumer,Technology,Accessories,TEC-AC-10003447,50,60,3,4,2484
1781,11-10-2023,Standard Class,Consumer,Office Supplies,Storage,OFF-ST-10002276,70,80,1,3,3525
1782,30-06-2023,Standard Class,Corporate,Office Supplies,Paper,OFF-PA-10001609,10,10,2,5,1072
1783,22-10-2022,Standard Class,Corporate,Office Supplies,Binders,OFF-BI-10001597,100,120,3,3,1935
1784,16-11-2022,Standard Class,Corporate,Office Supplies,Paper,OFF-PA-10004475,210,220,4,3,577
1785,31-01-2023,Standard Class,Corporate,Technology,Accessories,TEC-AC-10004510,80,100,6,5,4670
1786,12-08-2023,Standard Class,Corporate,Office Supplies,Binders,OFF-BI-10002976,30,30,8,3,3733
1787,25-07-2022,Standard Class,Corporate,Technology,Phones,TEC-PH-10001615,80,90,3,4,2469
1788,27-11-2022,Standard Class,Corporate,Technology,Phones,TEC-PH-10001819,120,130,3,2,1551
1789,17-02-2023,Standard Class,Corporate,Technology,Phones,TEC-PH-10000560,570,700,2,4,2926
1790,20-04-2023,Standard Class,Corporate,Technology,Accessories,TEC-AC-10004568,130,140,5,3,672
1791,06-10-2022,Standard Class,Consumer,Office Supplies,Paper,OFF-PA-10004092,50,50,1,3,4848
1792,14-02-2023,First Class,Consumer,Furniture,Chairs,FUR-CH-10001854,2300,2810,8,5,611
1793,19-11-2023,First Class,Consumer,Office Supplies,Art,OFF-AR-10000475,40,50,4,3,1150
1794,02-09-2022,Standard Class,Corporate,Office Supplies,Storage,OFF-ST-10000777,60,60,2,5,1856
1795,17-06-2023,Standard Class,Home Office,Office Supplies,Art,OFF-AR-10004022,100,110,3,3,320
1796,30-09-2022,First Class,Home Office,Office Supplies,Storage,OFF-ST-10002352,50,60,8,2,2142
1797,20-10-2022,First Class,Home Office,Technology,Phones,TEC-PH-10000455,280,350,3,2,1757
1798,01-04-2022,First Class,Home Office,Office Supplies,Binders,OFF-BI-10003910,40,40,6,2,1617
1799,22-06-2022,Standard Class,Consumer,Furniture,Furnishings,FUR-FU-10003039,200,220,5,2,1570
1800,19-04-2023,Second Class,Consumer,Office Supplies,Fasteners,OFF-FA-10000585,10,10,4,4,4283
1801,13-03-2022,Second Class,Consumer,Office Supplies,Paper,OFF-PA-10001994,40,50,3,5,589
1802,07-10-2023,Standard Class,Home Office,Furniture,Furnishings,FUR-FU-10004270,0,0,1,4,1209
1803,15-10-2022,Second Class,Consumer,Office Supplies,Binders,OFF-BI-10002498,10,10,1,3,2170
1804,23-10-2023,Second Class,Consumer,Office Supplies,Supplies,OFF-SU-10002881,4150,4660,7,2,6
1805,19-11-2022,Second Class,Consumer,Technology,Accessories,TEC-AC-10002926,70,80,2,4,145
1806,03-08-2023,First Class,Corporate,Technology,Phones,TEC-PH-10002200,2400,2580,7,5,1037
1807,01-06-2022,First Class,Corporate,Office Supplies,Paper,OFF-PA-10002005,40,50,7,3,1307
1808,07-01-2022,First Class,Corporate,Technology,Accessories,TEC-AC-10001465,230,250,7,3,1077
1809,01-09-2022,First Class,Corporate,Technology,Phones,TEC-PH-10004897,60,70,7,3,919
1810,16-03-2023,Standard Class,Corporate,Furniture,Furnishings,FUR-FU-10001196,20,20,7,3,2900
1811,29-12-2023,Standard Class,Corporate,Office Supplies,Paper,OFF-PA-10000595,40,50,3,2,1613
1812,12-03-2022,Second Class,Consumer,Furniture,Tables,FUR-TA-10004534,1200,1440,7,5,1623
1813,06-05-2022,Standard Class,Consumer,Furniture,Furnishings,FUR-FU-10001861,70,80,5,4,3251
1814,05-11-2023,Standard Class,Consumer,Furniture,Furnishings,FUR-FU-10000206,0,0,2,2,2009
1815,25-07-2022,Standard Class,Corporate,Furniture,Tables,FUR-TA-10002607,150,170,3,2,3477
1816,11-04-2022,Same Day,Consumer,Office Supplies,Labels,OFF-LA-10000443,10,10,2,3,1035
1817,24-08-2022,Same Day,Consumer,Office Supplies,Art,OFF-AR-10004685,10,10,2,5,2800
1818,15-02-2023,Second Class,Consumer,Office Supplies,Labels,OFF-LA-10001771,10,10,2,4,3025
1819,24-02-2022,Standard Class,Consumer,Office Supplies,Appliances,OFF-AP-10001394,80,80,2,3,203
1820,24-07-2022,Standard Class,Consumer,Furniture,Furnishings,FUR-FU-10002553,30,30,2,3,4484
1821,08-12-2023,Standard Class,Corporate,Office Supplies,Appliances,OFF-AP-10004233,90,90,6,2,2282
1822,05-11-2022,Standard Class,Corporate,Office Supplies,Fasteners,OFF-FA-10000304,10,10,4,2,4222
1823,30-10-2022,Standard Class,Corporate,Furniture,Chairs,FUR-CH-10004754,60,60,3,4,1165
1824,22-12-2022,Standard Class,Corporate,Office Supplies,Paper,OFF-PA-10000809,10,10,1,2,3368
1825,27-03-2022,Standard Class,Consumer,Office Supplies,Binders,OFF-BI-10003694,20,30,10,3,2007
1826,02-09-2023,Standard Class,Consumer,Furniture,Furnishings,FUR-FU-10001935,10,10,4,3,4623
1827,20-11-2023,Standard Class,Consumer,Furniture,Furnishings,FUR-FU-10002878,20,20,1,5,4296
1828,01-09-2023,Second Class,Home Office,Technology,Phones,TEC-PH-10002624,1060,1130,3,3,4951
1829,01-09-2023,Second Class,Corporate,Office Supplies,Paper,OFF-PA-10000019,30,40,6,4,4947
1830,24-11-2023,Standard Class,Consumer,Technology,Phones,TEC-PH-10002885,670,780,2,4,4032
1831,27-05-2023,Same Day,Home Office,Technology,Phones,TEC-PH-10000895,1150,1440,8,5,2197
1832,11-06-2023,Same Day,Home Office,Furniture,Tables,FUR-TA-10002356,220,260,1,4,958
1833,10-02-2022,Standard Class,Corporate,Furniture,Chairs,FUR-CH-10001270,200,210,3,2,4597
1834,29-03-2023,Standard Class,Corporate,Technology,Machines,TEC-MA-10000488,1300,1440,3,3,190
1835,17-09-2022,Standard Class,Corporate,Office Supplies,Paper,OFF-PA-10003729,30,40,7,3,4479
1836,13-07-2023,First Class,Consumer,Office Supplies,Art,OFF-AR-10003056,20,20,5,3,4114
1837,09-05-2022,Second Class,Corporate,Office Supplies,Appliances,OFF-AP-10002518,1000,1250,7,4,4805
1838,10-05-2023,Standard Class,Corporate,Office Supplies,Labels,OFF-LA-10000240,20,20,3,3,3065
1839,19-03-2023,Standard Class,Corporate,Furniture,Furnishings,FUR-FU-10000629,30,40,4,5,3299
1840,09-04-2022,Standard Class,Corporate,Office Supplies,Appliances,OFF-AP-10001005,60,60,1,4,239
1841,17-01-2023,Standard Class,Corporate,Office Supplies,Paper,OFF-PA-10002377,70,80,2,5,1922
1842,14-06-2022,Standard Class,Corporate,Furniture,Chairs,FUR-CH-10000988,120,140,1,3,3758
1843,03-03-2022,Second Class,Corporate,Office Supplies,Labels,OFF-LA-10001074,40,40,4,2,883
1844,19-03-2022,Second Class,Corporate,Furniture,Furnishings,FUR-FU-10001986,40,40,2,2,620
1845,15-05-2023,Standard Class,Consumer,Technology,Accessories,TEC-AC-10003027,80,90,3,5,4986
1846,29-08-2023,Second Class,Home Office,Office Supplies,Paper,OFF-PA-10001804,30,40,6,2,3736
1847,06-01-2023,Second Class,Home Office,Furniture,Furnishings,FUR-FU-10004973,30,40,2,2,3102
1848,26-12-2022,Same Day,Corporate,Furniture,Chairs,FUR-CH-10002602,330,360,3,3,1697
1849,16-08-2023,Same Day,Corporate,Office Supplies,Binders,OFF-BI-10004140,10,10,2,3,433
1850,11-11-2022,Second Class,Consumer,Office Supplies,Storage,OFF-ST-10000464,30,30,1,5,535
1851,02-02-2023,Second Class,Consumer,Technology,Accessories,TEC-AC-10002253,690,830,5,2,2610
1852,25-11-2023,Second Class,Consumer,Office Supplies,Paper,OFF-PA-10000528,20,30,5,4,2720
1853,26-07-2022,Second Class,Consumer,Office Supplies,Envelopes,OFF-EN-10000483,90,110,7,2,4551
1854,10-02-2022,Second Class,Consumer,Office Supplies,Paper,OFF-PA-10003129,80,100,2,2,3177
1855,23-03-2023,Second Class,Consumer,Office Supplies,Storage,OFF-ST-10003442,120,140,5,5,3032
1856,23-02-2022,Standard Class,Corporate,Office Supplies,Art,OFF-AR-10003631,10,10,3,4,3682
1857,10-02-2022,Second Class,Corporate,Office Supplies,Storage,OFF-ST-10000563,120,130,5,4,947
1858,19-03-2023,Second Class,Corporate,Office Supplies,Binders,OFF-BI-10002133,30,30,4,2,4644
1859,22-05-2022,First Class,Corporate,Office Supplies,Appliances,OFF-AP-10002311,130,140,2,5,4656
1860,21-07-2022,First Class,Corporate,Technology,Phones,TEC-PH-10004959,90,100,1,4,2089
1861,10-08-2023,First Class,Consumer,Furniture,Bookcases,FUR-BO-10001918,230,260,2,5,1552
1862,11-07-2023,First Class,Consumer,Technology,Phones,TEC-PH-10004896,100,120,4,4,2113
1863,11-09-2022,Same Day,Consumer,Office Supplies,Storage,OFF-ST-10001328,50,50,4,2,187
1864,10-02-2022,Standard Class,Corporate,Furniture,Tables,FUR-TA-10004575,650,730,5,4,1816
1865,11-07-2022,Standard Class,Corporate,Furniture,Furnishings,FUR-FU-10001617,20,20,3,4,2542
1866,17-06-2023,Same Day,Corporate,Technology,Phones,TEC-PH-10002824,340,370,3,2,4154
1867,21-07-2023,First Class,Corporate,Furniture,Furnishings,FUR-FU-10004460,170,200,5,4,3460
1868,02-08-2022,Standard Class,Home Office,Office Supplies,Paper,OFF-PA-10003309,20,30,6,2,2998
1869,07-10-2023,Standard Class,Home Office,Office Supplies,Storage,OFF-ST-10002554,70,80,2,3,1539
1870,14-12-2023,Second Class,Consumer,Office Supplies,Paper,OFF-PA-10000019,10,10,1,2,4256
1871,13-06-2023,Standard Class,Corporate,Office Supplies,Art,OFF-AR-10002067,90,100,5,4,1157
1872,12-10-2022,Standard Class,Corporate,Furniture,Chairs,FUR-CH-10001215,660,800,2,3,1072
1873,02-02-2023,Standard Class,Corporate,Furniture,Tables,FUR-TA-10004175,230,270,1,5,2622
1874,24-11-2023,Standard Class,Consumer,Furniture,Tables,FUR-TA-10004767,60,70,1,5,3319
1875,20-11-2022,Standard Class,Home Office,Office Supplies,Paper,OFF-PA-10001685,20,20,2,5,423
1876,26-10-2023,Standard Class,Consumer,Furniture,Bookcases,FUR-BO-10003272,150,180,1,4,4048
1877,25-05-2023,Standard Class,Consumer,Technology,Phones,TEC-PH-10000984,450,470,3,3,898
1878,16-05-2023,Standard Class,Consumer,Furniture,Chairs,FUR-CH-10002880,330,390,4,2,2020
1879,15-08-2023,Standard Class,Consumer,Technology,Phones,TEC-PH-10002563,280,300,3,5,1748
1880,12-06-2022,Standard Class,Corporate,Office Supplies,Binders,OFF-BI-10001191,60,70,9,2,119
1881,04-03-2022,Same Day,Consumer,Office Supplies,Envelopes,OFF-EN-10002621,30,30,3,5,5058
1882,27-05-2023,Same Day,Consumer,Furniture,Chairs,FUR-CH-10001146,320,380,7,4,750
1883,03-04-2022,Same Day,Consumer,Office Supplies,Storage,OFF-ST-10000689,530,560,4,3,2511
1884,15-07-2023,Standard Class,Home Office,Office Supplies,Paper,OFF-PA-10001289,200,220,7,4,1033
1885,26-05-2023,Second Class,Consumer,Office Supplies,Labels,OFF-LA-10003714,10,10,2,4,449
1886,09-06-2023,Second Class,Consumer,Furniture,Furnishings,FUR-FU-10001889,20,30,3,2,2818
1887,26-10-2023,First Class,Home Office,Office Supplies,Fasteners,OFF-FA-10002815,10,10,2,5,120
1888,09-02-2023,First Class,Home Office,Office Supplies,Binders,OFF-BI-10004519,320,400,8,5,4357
1889,11-02-2023,First Class,Consumer,Office Supplies,Appliances,OFF-AP-10004708,110,120,4,4,978
1890,17-04-2022,First Class,Consumer,Furniture,Tables,FUR-TA-10000617,370,410,3,3,2136
1891,11-12-2023,Standard Class,Corporate,Office Supplies,Paper,OFF-PA-10001204,10,10,2,3,1843
1892,29-10-2023,Standard Class,Corporate,Office Supplies,Art,OFF-AR-10003723,0,0,1,4,3414
1893,21-12-2023,Second Class,Consumer,Office Supplies,Envelopes,OFF-EN-10002621,10,10,1,3,1243
1894,11-12-2023,Standard Class,Consumer,Office Supplies,Paper,OFF-PA-10000241,20,20,1,3,4553
1895,23-02-2022,First Class,Consumer,Office Supplies,Art,OFF-AR-10001446,30,30,3,5,1576
1896,19-04-2022,Standard Class,Consumer,Office Supplies,Binders,OFF-BI-10004632,410,490,2,2,3560
1897,15-07-2023,First Class,Consumer,Office Supplies,Binders,OFF-BI-10001359,1520,1790,2,4,1798
1898,27-01-2023,Second Class,Consumer,Office Supplies,Envelopes,OFF-EN-10001749,30,30,2,5,2950
1899,13-06-2022,Second Class,Consumer,Office Supplies,Binders,OFF-BI-10004390,430,510,4,4,3230
1900,19-01-2023,Second Class,Consumer,Furniture,Tables,FUR-TA-10001857,140,170,3,3,3187
1901,29-12-2022,Second Class,Consumer,Office Supplies,Storage,OFF-ST-10000563,180,190,6,3,740
1902,17-05-2022,First Class,Home Office,Technology,Phones,TEC-PH-10004924,10,10,2,3,3114
1903,27-03-2022,First Class,Corporate,Office Supplies,Paper,OFF-PA-10003953,10,10,1,5,3849
1904,12-02-2022,First Class,Corporate,Furniture,Chairs,FUR-CH-10000155,430,480,2,3,5042
1905,28-03-2022,First Class,Corporate,Technology,Accessories,TEC-AC-10003116,20,30,2,4,3634
1906,25-06-2023,First Class,Corporate,Office Supplies,Storage,OFF-ST-10002743,770,910,8,3,4366
1907,11-01-2023,Standard Class,Corporate,Office Supplies,Binders,OFF-BI-10001757,0,0,2,2,4288
1908,26-08-2022,Standard Class,Corporate,Office Supplies,Binders,OFF-BI-10000069,30,30,6,3,4781
1909,08-01-2022,First Class,Corporate,Furniture,Furnishings,FUR-FU-10004093,120,140,4,2,3148
1910,19-05-2023,Standard Class,Consumer,Furniture,Furnishings,FUR-FU-10001037,20,20,2,3,3239
1911,08-11-2022,Standard Class,Corporate,Technology,Accessories,TEC-AC-10003832,80,100,3,4,973
1912,07-08-2022,Second Class,Corporate,Office Supplies,Paper,OFF-PA-10001878,240,270,7,3,3543
1913,04-02-2023,Second Class,Corporate,Technology,Machines,TEC-MA-10003674,520,600,3,2,838
1914,19-05-2023,First Class,Consumer,Technology,Accessories,TEC-AC-10003628,130,150,5,3,743
1915,29-01-2022,Standard Class,Home Office,Office Supplies,Labels,OFF-LA-10003190,0,0,2,2,371
1916,14-05-2022,Standard Class,Home Office,Office Supplies,Art,OFF-AR-10002280,20,20,3,3,3650
1917,24-05-2022,Standard Class,Home Office,Office Supplies,Labels,OFF-LA-10001569,10,10,3,3,166
1918,15-08-2022,Standard Class,Consumer,Office Supplies,Art,OFF-AR-10001573,10,10,5,2,2121
1919,23-01-2023,Second Class,Home Office,Technology,Phones,TEC-PH-10001809,280,300,2,3,4842
1920,17-12-2022,First Class,Corporate,Office Supplies,Binders,OFF-BI-10003091,800,900,5,3,1331
1921,29-12-2023,First Class,Corporate,Furniture,Chairs,FUR-CH-10003981,400,460,2,2,3853
1922,29-09-2022,Standard Class,Corporate,Office Supplies,Storage,OFF-ST-10002562,20,20,2,2,3454
1923,06-02-2023,Second Class,Corporate,Technology,Phones,TEC-PH-10004345,720,860,9,5,1412
1924,01-06-2023,Second Class,Corporate,Office Supplies,Art,OFF-AR-10000588,40,50,3,3,3648
1925,15-04-2022,Second Class,Consumer,Office Supplies,Paper,OFF-PA-10003039,70,90,3,2,1368
1926,25-05-2022,Standard Class,Corporate,Technology,Accessories,TEC-AC-10001908,170,200,2,5,790
1927,02-01-2022,Standard Class,Consumer,Technology,Phones,TEC-PH-10001198,160,180,3,2,1057
1928,14-08-2023,First Class,Consumer,Office Supplies,Paper,OFF-PA-10004071,80,90,2,4,619
1929,04-06-2023,Second Class,Home Office,Office Supplies,Paper,OFF-PA-10001972,10,10,1,3,3699
1930,19-02-2022,Second Class,Home Office,Office Supplies,Storage,OFF-ST-10004180,40,50,1,5,4286
1931,07-09-2022,Second Class,Home Office,Technology,Phones,TEC-PH-10004165,590,660,3,5,2869
1932,28-06-2023,Second Class,Consumer,Technology,Phones,TEC-PH-10002483,240,270,1,2,221
1933,15-05-2022,Second Class,Consumer,Furniture,Bookcases,FUR-BO-10000468,140,150,3,3,3667
1934,12-04-2022,Second Class,Consumer,Furniture,Furnishings,FUR-FU-10001706,20,20,5,2,441
1935,07-02-2022,Standard Class,Corporate,Office Supplies,Paper,OFF-PA-10003129,210,240,5,3,3187
1936,04-10-2022,Standard Class,Corporate,Technology,Accessories,TEC-AC-10001284,140,170,8,2,3705
1937,28-03-2023,Second Class,Home Office,Furniture,Furnishings,FUR-FU-10002268,10,10,3,4,4141
1938,08-04-2022,Standard Class,Consumer,Office Supplies,Binders,OFF-BI-10002082,20,20,2,3,4534
1939,04-06-2022,Standard Class,Consumer,Office Supplies,Storage,OFF-ST-10001505,20,30,7,5,338
1940,13-11-2023,Standard Class,Consumer,Office Supplies,Binders,OFF-BI-10001634,10,10,4,3,3265
1941,03-01-2022,Standard Class,Consumer,Furniture,Chairs,FUR-CH-10004287,580,660,3,5,5093
1942,04-03-2023,First Class,Corporate,Office Supplies,Labels,OFF-LA-10004544,40,50,4,4,388
1943,01-03-2022,First Class,Corporate,Office Supplies,Storage,OFF-ST-10004507,30,30,2,3,2541
1944,20-05-2022,First Class,Corporate,Office Supplies,Binders,OFF-BI-10002012,0,0,9,2,2383
1945,22-11-2023,Standard Class,Corporate,Technology,Accessories,TEC-AC-10001109,90,100,4,4,3057
1946,23-10-2022,Standard Class,Corporate,Office Supplies,Paper,OFF-PA-10000809,10,10,2,2,313
1947,18-11-2022,Standard Class,Corporate,Office Supplies,Art,OFF-AR-10000658,20,20,2,4,1129
1948,20-08-2023,Standard Class,Corporate,Furniture,Furnishings,FUR-FU-10001196,10,10,2,4,261
1949,20-11-2022,Standard Class,Corporate,Furniture,Tables,FUR-TA-10001889,230,250,1,3,851
1950,03-04-2023,Standard Class,Corporate,Office Supplies,Appliances,OFF-AP-10000358,10,10,1,5,797
1951,04-10-2022,Standard Class,Corporate,Office Supplies,Binders,OFF-BI-10004970,20,30,8,3,3618
1952,29-04-2022,Standard Class,Corporate,Technology,Phones,TEC-PH-10003885,160,200,3,4,2163
1953,21-03-2022,Standard Class,Corporate,Office Supplies,Labels,OFF-LA-10001641,20,20,6,2,2881
1954,11-05-2023,Standard Class,Corporate,Furniture,Chairs,FUR-CH-10003379,1190,1280,5,3,4890
1955,24-05-2023,Standard Class,Corporate,Office Supplies,Art,OFF-AR-10004582,0,0,3,3,2102
1956,02-03-2023,Standard Class,Corporate,Technology,Accessories,TEC-AC-10002842,210,240,2,2,3612
1957,08-02-2023,Standard Class,Corporate,Technology,Accessories,TEC-AC-10000109,140,170,3,4,4934
1958,02-05-2023,Standard Class,Corporate,Office Supplies,Paper,OFF-PA-10003893,20,20,4,2,3578
1959,05-01-2023,Second Class,Consumer,Office Supplies,Binders,OFF-BI-10003669,20,20,3,2,4807
1960,21-01-2023,Second Class,Consumer,Office Supplies,Appliances,OFF-AP-10004785,30,30,3,2,3008
1961,23-12-2022,Second Class,Consumer,Technology,Accessories,TEC-AC-10003023,270,300,5,5,4134
1962,19-10-2022,Second Class,Consumer,Technology,Accessories,TEC-AC-10002217,90,110,6,4,2195
1963,05-04-2023,Second Class,Consumer,Office Supplies,Binders,OFF-BI-10002954,10,10,3,2,440
1964,05-09-2023,Second Class,Consumer,Office Supplies,Paper,OFF-PA-10002586,20,20,5,2,2040
1965,10-06-2022,Second Class,Consumer,Office Supplies,Storage,OFF-ST-10000025,250,290,3,2,3363
1966,22-07-2022,Second Class,Consumer,Office Supplies,Appliances,OFF-AP-10003281,20,20,2,4,4261
1967,04-04-2022,Standard Class,Consumer,Technology,Phones,TEC-PH-10002103,240,280,3,5,4849
1968,18-10-2022,Standard Class,Consumer,Office Supplies,Supplies,OFF-SU-10000898,60,70,5,5,4558
1969,11-01-2023,Standard Class,Consumer,Office Supplies,Paper,OFF-PA-10001144,140,170,3,5,4420
1970,02-06-2022,Standard Class,Consumer,Technology,Accessories,TEC-AC-10004659,230,290,4,4,334
1971,20-12-2022,Standard Class,Home Office,Office Supplies,Art,OFF-AR-10004752,10,10,3,5,1119
1972,25-06-2023,Standard Class,Home Office,Technology,Accessories,TEC-AC-10004659,380,410,7,3,2069
1973,30-04-2023,Standard Class,Consumer,Office Supplies,Binders,OFF-BI-10001249,10,10,4,4,2059
1974,05-02-2022,Standard Class,Consumer,Office Supplies,Fasteners,OFF-FA-10003059,0,0,2,4,1097
1975,21-06-2023,Standard Class,Consumer,Technology,Accessories,TEC-AC-10002718,40,40,3,2,3204
1976,05-07-2023,Second Class,Corporate,Office Supplies,Storage,OFF-ST-10001522,260,280,3,2,465
1977,27-09-2022,Second Class,Corporate,Technology,Phones,TEC-PH-10002352,1310,1390,5,5,4357
1978,05-06-2023,Second Class,Corporate,Furniture,Chairs,FUR-CH-10003774,470,550,6,2,2193
1979,05-01-2022,Standard Class,Consumer,Office Supplies,Art,OFF-AR-10000127,10,10,2,2,3260
1980,18-07-2022,Same Day,Consumer,Furniture,Chairs,FUR-CH-10004086,800,930,4,4,3331
1981,28-09-2023,Same Day,Consumer,Office Supplies,Storage,OFF-ST-10001228,40,40,4,5,817
1982,17-01-2022,Second Class,Corporate,Office Supplies,Binders,OFF-BI-10004187,0,0,2,2,2367
1983,27-03-2022,Standard Class,Consumer,Technology,Phones,TEC-PH-10003811,430,480,4,3,545
1984,22-05-2023,Second Class,Corporate,Office Supplies,Appliances,OFF-AP-10000240,280,320,6,4,2738
1985,01-07-2022,Second Class,Corporate,Furniture,Furnishings,FUR-FU-10001940,20,20,3,2,4291
1986,16-06-2022,Second Class,Corporate,Office Supplies,Paper,OFF-PA-10000575,30,30,4,2,2138
1987,20-10-2023,First Class,Consumer,Technology,Copiers,TEC-CO-10001449,1200,1440,4,5,3835
1988,14-04-2022,Standard Class,Consumer,Office Supplies,Binders,OFF-BI-10002393,20,20,3,3,2082
1989,09-02-2023,Standard Class,Consumer,Furniture,Tables,FUR-TA-10002855,870,1020,7,5,808
1990,29-01-2022,Standard Class,Consumer,Office Supplies,Envelopes,OFF-EN-10000781,30,30,3,4,1189
1991,17-04-2022,Standard Class,Consumer,Office Supplies,Paper,OFF-PA-10002160,20,20,3,5,1012
1992,16-07-2023,Standard Class,Consumer,Office Supplies,Binders,OFF-BI-10004970,0,0,4,4,2268
1993,04-11-2022,Standard Class,Home Office,Office Supplies,Labels,OFF-LA-10003923,60,70,6,2,485
1994,05-11-2023,Standard Class,Home Office,Office Supplies,Art,OFF-AR-10002257,10,10,2,3,1275
1995,22-11-2022,Standard Class,Home Office,Office Supplies,Fasteners,OFF-FA-10004395,10,10,3,4,338
1996,25-01-2023,Second Class,Consumer,Office Supplies,Appliances,OFF-AP-10002534,260,290,5,3,1363
1997,03-08-2022,Second Class,Consumer,Furniture,Furnishings,FUR-FU-10004020,10,10,4,3,666
1998,27-05-2023,First Class,Corporate,Office Supplies,Labels,OFF-LA-10002787,20,20,4,5,2389
1999,06-09-2022,First Class,Corporate,Technology,Phones,TEC-PH-10003645,140,160,1,2,4175
2000,17-04-2023,First Class,Corporate,Technology,Phones,TEC-PH-10001615,110,140,5,3,5060
2001,20-12-2023,Standard Class,Consumer,Technology,Accessories,TEC-AC-10001767,170,200,5,2,3496
2002,29-10-2022,Standard Class,Consumer,Office Supplies,Art,OFF-AR-10001221,30,40,7,3,2689
2003,16-07-2022,Second Class,Consumer,Office Supplies,Storage,OFF-ST-10000563,100,100,3,3,5083
2004,11-09-2022,Second Class,Consumer,Furniture,Chairs,FUR-CH-10001146,290,300,5,5,914
2005,02-07-2023,Standard Class,Home Office,Office Supplies,Binders,OFF-BI-10004738,10,10,3,4,1495
2006,08-03-2022,Standard Class,Corporate,Office Supplies,Art,OFF-AR-10000034,30,30,7,5,4373
2007,05-11-2023,Standard Class,Corporate,Technology,Accessories,TEC-AC-10000290,40,50,7,5,3038
2008,16-10-2023,First Class,Consumer,Furniture,Bookcases,FUR-BO-10003034,150,180,2,4,2824
2009,19-12-2023,Standard Class,Consumer,Office Supplies,Art,OFF-AR-10001315,0,0,3,5,2734
2010,10-03-2023,Standard Class,Consumer,Office Supplies,Appliances,OFF-AP-10002118,270,330,2,2,2073
2011,10-07-2022,Standard Class,Consumer,Office Supplies,Paper,OFF-PA-10002137,20,20,4,2,2848
2012,16-06-2022,Same Day,Consumer,Technology,Accessories,TEC-AC-10001606,150,160,2,4,611
2013,12-03-2023,Same Day,Consumer,Office Supplies,Storage,OFF-ST-10000943,50,50,3,3,1361
2014,10-08-2022,Standard Class,Consumer,Furniture,Chairs,FUR-CH-10001854,290,350,1,3,2186
2015,25-09-2023,Standard Class,Consumer,Office Supplies,Paper,OFF-PA-10000533,10,10,2,4,470
2016,06-09-2023,Standard Class,Consumer,Office Supplies,Storage,OFF-ST-10003716,820,900,4,4,4756
2017,17-01-2023,Standard Class,Consumer,Office Supplies,Binders,OFF-BI-10000088,20,20,2,4,4460
2018,05-05-2022,Standard Class,Consumer,Office Supplies,Labels,OFF-LA-10000240,10,10,2,3,3077
2019,04-02-2023,Standard Class,Consumer,Office Supplies,Supplies,OFF-SU-10001165,20,30,4,2,4350
2020,17-04-2023,Standard Class,Consumer,Office Supplies,Paper,OFF-PA-10002749,30,40,6,4,4567
2021,04-07-2023,First Class,Home Office,Office Supplies,Storage,OFF-ST-10001490,1430,1610,9,2,4976
2022,26-06-2023,First Class,Home Office,Office Supplies,Paper,OFF-PA-10002377,20,20,3,5,78
2023,01-11-2023,First Class,Home Office,Office Supplies,Binders,OFF-BI-10004826,50,50,3,2,1625
2024,23-12-2022,First Class,Home Office,Furniture,Chairs,FUR-CH-10004675,700,870,4,5,1234
2025,22-07-2022,Second Class,Consumer,Office Supplies,Binders,OFF-BI-10002867,200,240,5,3,1444
2026,11-12-2023,First Class,Consumer,Furniture,Bookcases,FUR-BO-10004409,110,140,2,2,164
2027,28-02-2022,Second Class,Home Office,Office Supplies,Binders,OFF-BI-10002225,30,30,2,2,4050
2028,01-02-2023,Second Class,Home Office,Office Supplies,Binders,OFF-BI-10001989,60,70,4,3,4356
2029,20-02-2023,Standard Class,Corporate,Office Supplies,Binders,OFF-BI-10000343,10,10,3,4,1983
2030,12-05-2023,Standard Class,Corporate,Office Supplies,Storage,OFF-ST-10001172,90,100,5,3,4823
2031,09-04-2023,Standard Class,Corporate,Office Supplies,Binders,OFF-BI-10003707,60,60,4,3,783
2032,05-10-2023,Standard Class,Corporate,Office Supplies,Paper,OFF-PA-10001274,10,10,3,2,3026
2033,19-07-2022,Standard Class,Corporate,Office Supplies,Paper,OFF-PA-10002250,10,10,2,4,970
2034,24-11-2023,Standard Class,Corporate,Office Supplies,Art,OFF-AR-10000475,10,10,1,5,5084
2035,14-06-2022,Standard Class,Consumer,Office Supplies,Binders,OFF-BI-10002976,10,10,2,3,370
2036,27-01-2023,Standard Class,Consumer,Furniture,Chairs,FUR-CH-10003061,250,270,3,5,1025
2037,12-06-2022,Standard Class,Home Office,Office Supplies,Paper,OFF-PA-10002893,20,30,3,3,2170
2038,12-12-2022,Standard Class,Home Office,Office Supplies,Labels,OFF-LA-10003077,10,10,2,3,2795
2039,01-12-2022,Standard Class,Home Office,Office Supplies,Paper,OFF-PA-10001661,10,10,3,3,2082
2040,26-12-2023,Standard Class,Home Office,Office Supplies,Binders,OFF-BI-10004656,0,0,7,3,2792
2041,02-11-2023,Standard Class,Home Office,Office Supplies,Binders,OFF-BI-10003707,10,10,2,4,1857
2042,04-08-2023,Standard Class,Home Office,Furniture,Furnishings,FUR-FU-10004973,70,80,5,5,3325
2043,13-09-2023,Standard Class,Corporate,Office Supplies,Binders,OFF-BI-10004817,50,60,6,2,2992
2044,25-06-2023,Standard Class,Corporate,Office Supplies,Art,OFF-AR-10001860,40,40,7,3,293
2045,12-02-2023,Standard Class,Corporate,Office Supplies,Paper,OFF-PA-10001639,20,20,3,4,2689
2046,19-10-2023,Standard Class,Corporate,Office Supplies,Appliances,OFF-AP-10004487,130,160,2,4,4424
2047,12-12-2023,Standard Class,Corporate,Technology,Phones,TEC-PH-10001760,500,600,3,4,4438
2048,10-06-2023,Standard Class,Corporate,Office Supplies,Paper,OFF-PA-10004071,50,60,1,4,549
2049,12-02-2022,First Class,Consumer,Furniture,Furnishings,FUR-FU-10004848,230,290,7,2,4114
2050,07-02-2023,First Class,Consumer,Office Supplies,Binders,OFF-BI-10004022,0,0,3,2,2477
2051,13-05-2023,First Class,Consumer,Office Supplies,Binders,OFF-BI-10003669,10,10,4,4,4355
2052,31-12-2022,First Class,Consumer,Furniture,Chairs,FUR-CH-10003833,280,340,8,4,4788
2053,12-12-2023,First Class,Consumer,Office Supplies,Art,OFF-AR-10003732,10,10,5,3,1522
2054,30-01-2022,First Class,Consumer,Furniture,Furnishings,FUR-FU-10003142,30,30,6,5,289
2055,19-03-2022,Standard Class,Consumer,Furniture,Furnishings,FUR-FU-10001196,20,20,3,4,2536
2056,03-03-2022,First Class,Consumer,Technology,Accessories,TEC-AC-10001114,170,200,5,4,1820
2057,03-09-2023,First Class,Consumer,Furniture,Chairs,FUR-CH-10002335,1510,1590,7,3,2327
2058,12-04-2023,First Class,Consumer,Technology,Accessories,TEC-AC-10000844,60,80,1,4,1210
2059,22-12-2023,First Class,Consumer,Furniture,Tables,FUR-TA-10004534,370,410,2,4,2902
2060,06-05-2022,Standard Class,Corporate,Office Supplies,Fasteners,OFF-FA-10002975,10,10,3,3,4792
2061,02-05-2022,Standard Class,Corporate,Office Supplies,Storage,OFF-ST-10003996,70,80,5,5,2753
2062,22-01-2022,Standard Class,Corporate,Office Supplies,Binders,OFF-BI-10002571,20,20,2,2,436
2063,17-01-2023,Standard Class,Corporate,Office Supplies,Paper,OFF-PA-10000477,50,60,13,5,2360
2064,22-11-2023,Standard Class,Corporate,Office Supplies,Binders,OFF-BI-10004209,20,20,3,5,676
2065,31-03-2022,Standard Class,Corporate,Office Supplies,Storage,OFF-ST-10001963,360,410,4,3,4558
2066,02-01-2022,Standard Class,Corporate,Furniture,Chairs,FUR-CH-10003833,130,150,3,2,1953
2067,04-05-2022,Standard Class,Corporate,Technology,Accessories,TEC-AC-10004568,210,250,9,3,4946
2068,01-09-2022,Standard Class,Corporate,Office Supplies,Art,OFF-AR-10001419,10,10,3,3,2180
2069,11-06-2023,Standard Class,Consumer,Technology,Accessories,TEC-AC-10002800,190,200,4,4,3429
2070,09-09-2023,Standard Class,Consumer,Furniture,Tables,FUR-TA-10003954,580,710,3,3,159
2071,02-07-2022,Second Class,Corporate,Office Supplies,Binders,OFF-BI-10000301,0,0,1,2,3086
2072,12-02-2023,Standard Class,Consumer,Furniture,Chairs,FUR-CH-10003956,240,280,5,4,756
2073,04-04-2023,Standard Class,Corporate,Office Supplies,Binders,OFF-BI-10002954,10,10,2,5,3328
2074,25-04-2022,Second Class,Home Office,Technology,Accessories,TEC-AC-10003289,50,60,3,2,2809
2075,02-10-2023,Second Class,Home Office,Technology,Phones,TEC-PH-10002468,640,760,7,2,368
2076,15-09-2023,Standard Class,Consumer,Furniture,Furnishings,FUR-FU-10001861,50,60,3,3,2027
2077,04-01-2023,First Class,Consumer,Office Supplies,Paper,OFF-PA-10004082,40,40,5,4,3399
2078,18-07-2023,First Class,Consumer,Office Supplies,Appliances,OFF-AP-10000358,80,90,7,3,1197
2079,07-04-2023,First Class,Consumer,Office Supplies,Paper,OFF-PA-10004243,70,90,5,4,1464
2080,19-01-2023,Standard Class,Consumer,Office Supplies,Paper,OFF-PA-10001295,100,110,7,4,144
2081,25-10-2023,Standard Class,Consumer,Technology,Phones,TEC-PH-10002170,100,110,2,2,2887
2082,05-08-2022,Standard Class,Consumer,Furniture,Furnishings,FUR-FU-10002885,10,10,2,3,308
2083,17-03-2022,Standard Class,Consumer,Office Supplies,Paper,OFF-PA-10002870,40,40,6,4,1033
2084,22-02-2023,Standard Class,Home Office,Office Supplies,Labels,OFF-LA-10003923,20,20,2,2,2788
2085,12-09-2023,Standard Class,Consumer,Office Supplies,Labels,OFF-LA-10003510,110,120,4,4,1360
2086,28-12-2023,Standard Class,Consumer,Office Supplies,Labels,OFF-LA-10000248,20,20,5,4,2260
2087,09-07-2022,Standard Class,Consumer,Office Supplies,Storage,OFF-ST-10000060,270,320,5,5,4539
2088,16-11-2023,Standard Class,Consumer,Office Supplies,Paper,OFF-PA-10003129,140,150,3,4,81
2089,27-04-2022,Standard Class,Consumer,Office Supplies,Fasteners,OFF-FA-10004076,0,0,2,4,397
2090,12-02-2023,Standard Class,Corporate,Office Supplies,Labels,OFF-LA-10004008,10,10,2,2,3009
2091,31-10-2022,Standard Class,Consumer,Office Supplies,Binders,OFF-BI-10004094,30,30,3,4,3788
2092,21-09-2023,Standard Class,Consumer,Furniture,Tables,FUR-TA-10004607,250,310,3,2,257
2093,09-06-2022,Standard Class,Home Office,Furniture,Chairs,FUR-CH-10004289,430,480,5,3,1545
2094,27-06-2022,Second Class,Consumer,Office Supplies,Supplies,OFF-SU-10004498,10,10,1,3,218
2095,08-08-2023,Standard Class,Consumer,Office Supplies,Art,OFF-AR-10001177,10,10,5,3,3381
2096,25-10-2023,Standard Class,Home Office,Office Supplies,Binders,OFF-BI-10001718,470,510,8,5,1215
2097,28-11-2022,Standard Class,Home Office,Office Supplies,Art,OFF-AR-10004602,80,90,4,4,4091
2098,26-04-2022,Standard Class,Home Office,Office Supplies,Art,OFF-AR-10003856,10,10,3,2,1652
2099,02-04-2023,Standard Class,Consumer,Office Supplies,Storage,OFF-ST-10000649,40,40,3,3,49
2100,30-08-2023,Standard Class,Consumer,Technology,Accessories,TEC-AC-10002926,240,280,7,3,2814
2101,03-03-2022,Standard Class,Consumer,Office Supplies,Storage,OFF-ST-10000078,520,640,3,2,5043
2102,21-11-2022,Standard Class,Consumer,Office Supplies,Art,OFF-AR-10001044,80,80,4,3,1556
2103,04-09-2022,Same Day,Home Office,Furniture,Chairs,FUR-CH-10002372,220,260,4,3,4810
2104,23-10-2023,Second Class,Corporate,Office Supplies,Paper,OFF-PA-10000357,180,220,4,5,3674
2105,26-12-2023,Second Class,Corporate,Technology,Accessories,TEC-AC-10001266,30,30,2,3,3856
2106,01-07-2022,Standard Class,Consumer,Office Supplies,Paper,OFF-PA-10004888,20,20,3,2,489
2107,30-11-2022,Same Day,Corporate,Office Supplies,Binders,OFF-BI-10003460,0,0,1,3,3636
2108,02-03-2022,Same Day,Consumer,Office Supplies,Paper,OFF-PA-10000157,20,20,1,4,743
2109,09-12-2022,Same Day,Consumer,Office Supplies,Binders,OFF-BI-10004519,340,400,3,3,593
2110,08-05-2022,Same Day,Consumer,Office Supplies,Art,OFF-AR-10004272,10,10,3,2,331
2111,25-07-2023,Same Day,Consumer,Office Supplies,Fasteners,OFF-FA-10000585,20,20,5,2,1167
2112,09-09-2022,Same Day,Consumer,Furniture,Chairs,FUR-CH-10004218,300,320,4,2,4926
2113,13-11-2022,Same Day,Consumer,Office Supplies,Supplies,OFF-SU-10004231,20,30,3,4,2612
2114,14-11-2022,Same Day,Consumer,Technology,Phones,TEC-PH-10001578,1090,1300,4,3,1304
2115,19-06-2023,Same Day,Consumer,Office Supplies,Storage,OFF-ST-10003638,50,50,2,4,4759
2116,03-10-2023,Same Day,Consumer,Furniture,Bookcases,FUR-BO-10002213,370,430,1,2,3014
2117,18-09-2022,Second Class,Consumer,Furniture,Tables,FUR-TA-10001307,180,210,1,3,4921
2118,24-11-2023,Standard Class,Consumer,Office Supplies,Paper,OFF-PA-10002222,140,160,7,4,700
2119,12-06-2023,First Class,Corporate,Office Supplies,Paper,OFF-PA-10002479,10,10,1,5,563
2120,06-04-2023,First Class,Corporate,Office Supplies,Binders,OFF-BI-10003091,860,900,5,3,3225
2121,20-09-2023,Standard Class,Consumer,Office Supplies,Binders,OFF-BI-10000145,0,0,3,4,1393
2122,04-02-2022,First Class,Corporate,Furniture,Chairs,FUR-CH-10003061,190,220,3,5,3225
2123,16-12-2023,Second Class,Home Office,Furniture,Bookcases,FUR-BO-10001972,190,240,2,3,4343
2124,29-09-2022,Second Class,Home Office,Office Supplies,Labels,OFF-LA-10000134,30,30,9,2,4262
2125,08-08-2023,Standard Class,Home Office,Office Supplies,Envelopes,OFF-EN-10003040,80,100,5,3,3586
2126,09-08-2022,Standard Class,Home Office,Technology,Phones,TEC-PH-10000923,50,60,7,3,630
2127,04-02-2023,Standard Class,Consumer,Technology,Accessories,TEC-AC-10000158,80,90,3,3,352
2128,13-11-2023,Standard Class,Home Office,Furniture,Furnishings,FUR-FU-10003623,50,60,3,3,2746
2129,06-10-2022,Standard Class,Home Office,Office Supplies,Paper,OFF-PA-10001293,20,20,4,4,65
2130,03-06-2023,Second Class,Corporate,Office Supplies,Appliances,OFF-AP-10000124,20,30,4,2,4789
2131,16-02-2023,Second Class,Corporate,Office Supplies,Art,OFF-AR-10004511,30,40,9,3,950
2132,24-03-2022,Second Class,Corporate,Furniture,Furnishings,FUR-FU-10000076,120,140,7,5,3839
2133,04-10-2023,Standard Class,Consumer,Office Supplies,Paper,OFF-PA-10003883,20,20,3,3,3151
2134,02-02-2022,Standard Class,Consumer,Office Supplies,Binders,OFF-BI-10003656,120,150,3,2,340
2135,13-01-2023,Standard Class,Consumer,Office Supplies,Fasteners,OFF-FA-10000053,10,10,7,5,2849
2136,09-11-2023,Standard Class,Consumer,Technology,Phones,TEC-PH-10002807,80,90,4,3,1688
2137,05-03-2023,Standard Class,Consumer,Furniture,Furnishings,FUR-FU-10002364,10,10,5,4,4621
2138,29-06-2022,Standard Class,Consumer,Office Supplies,Binders,OFF-BI-10002954,0,0,4,4,1435
2139,11-08-2023,Same Day,Consumer,Office Supplies,Paper,OFF-PA-10004092,140,150,3,5,129
2140,29-07-2023,Standard Class,Corporate,Office Supplies,Binders,OFF-BI-10003982,120,150,9,3,403
2141,06-11-2023,Standard Class,Corporate,Office Supplies,Supplies,OFF-SU-10001664,20,20,2,2,1065
2142,26-08-2022,Standard Class,Corporate,Furniture,Tables,FUR-TA-10003238,920,990,3,3,3401
2143,15-04-2022,Standard Class,Corporate,Office Supplies,Paper,OFF-PA-10004675,30,30,6,5,4821
2144,14-01-2023,Standard Class,Corporate,Technology,Phones,TEC-PH-10002293,20,20,2,3,111
2145,02-08-2022,Standard Class,Corporate,Office Supplies,Fasteners,OFF-FA-10002780,20,20,7,3,339
2146,07-01-2022,Standard Class,Corporate,Furniture,Chairs,FUR-CH-10002965,390,420,3,4,4948
2147,09-07-2023,Standard Class,Corporate,Office Supplies,Binders,OFF-BI-10004781,40,40,4,3,47
2148,18-03-2022,Standard Class,Corporate,Office Supplies,Storage,OFF-ST-10001713,210,250,6,3,3170
2149,02-04-2022,Standard Class,Consumer,Furniture,Furnishings,FUR-FU-10003975,40,40,1,4,2346
2150,31-05-2022,Standard Class,Consumer,Technology,Phones,TEC-PH-10001536,70,80,5,4,4056
2151,23-03-2023,Standard Class,Consumer,Furniture,Chairs,FUR-CH-10001973,210,230,3,3,2039
2152,11-10-2022,Second Class,Consumer,Technology,Accessories,TEC-AC-10001772,100,110,7,3,3578
2153,09-03-2023,Standard Class,Consumer,Office Supplies,Paper,OFF-PA-10002586,10,10,3,5,4488
2154,01-03-2023,Standard Class,Corporate,Office Supplies,Binders,OFF-BI-10004094,10,10,2,2,2149
2155,02-05-2022,Standard Class,Home Office,Furniture,Furnishings,FUR-FU-10004973,20,20,3,5,212
2156,20-05-2022,Second Class,Consumer,Office Supplies,Fasteners,OFF-FA-10000624,20,20,6,5,5047
2157,20-01-2023,First Class,Consumer,Office Supplies,Storage,OFF-ST-10001097,460,500,3,4,4260
2158,13-07-2022,First Class,Consumer,Office Supplies,Storage,OFF-ST-10001469,150,160,3,3,4413
2159,12-10-2022,Standard Class,Home Office,Office Supplies,Art,OFF-AR-10004956,20,20,4,2,3062
2160,30-03-2022,Standard Class,Consumer,Office Supplies,Binders,OFF-BI-10004236,10,10,3,2,804
2161,11-11-2022,Same Day,Consumer,Furniture,Furnishings,FUR-FU-10002937,70,80,1,4,3720
2162,20-08-2023,Standard Class,Home Office,Office Supplies,Art,OFF-AR-10003696,30,30,1,5,2327
2163,14-10-2022,Standard Class,Home Office,Office Supplies,Paper,OFF-PA-10004359,290,310,3,3,4261
2164,03-01-2023,Standard Class,Consumer,Technology,Accessories,TEC-AC-10002402,170,190,3,5,1315
2165,01-04-2022,Standard Class,Consumer,Office Supplies,Paper,OFF-PA-10000551,10,10,2,2,615
2166,23-07-2023,Standard Class,Consumer,Furniture,Furnishings,FUR-FU-10003394,130,140,5,2,2411
2167,05-12-2022,Standard Class,Consumer,Office Supplies,Art,OFF-AR-10002067,20,20,1,4,440
2168,12-11-2023,Standard Class,Consumer,Office Supplies,Binders,OFF-BI-10004140,10,10,7,5,576
2169,22-08-2023,Second Class,Consumer,Office Supplies,Art,OFF-AR-10004078,10,10,3,5,3664
2170,03-10-2023,Second Class,Consumer,Technology,Accessories,TEC-AC-10000927,60,70,3,3,3064
2171,30-07-2022,Second Class,Consumer,Technology,Phones,TEC-PH-10003931,100,110,3,2,3617
2172,17-09-2023,Standard Class,Corporate,Furniture,Chairs,FUR-CH-10004675,290,310,2,4,2310
2173,17-06-2022,First Class,Consumer,Office Supplies,Binders,OFF-BI-10004506,20,20,3,3,1982
2174,01-10-2022,Standard Class,Home Office,Office Supplies,Binders,OFF-BI-10002353,10,10,3,4,1276
2175,15-04-2022,Second Class,Corporate,Office Supplies,Storage,OFF-ST-10000943,50,60,4,3,3897
2176,28-07-2022,Standard Class,Home Office,Office Supplies,Paper,OFF-PA-10000740,50,50,2,2,4903
2177,24-08-2023,Standard Class,Home Office,Office Supplies,Paper,OFF-PA-10003001,50,60,9,2,723
2178,04-02-2023,Standard Class,Home Office,Office Supplies,Binders,OFF-BI-10001628,40,40,5,5,111
2179,11-06-2023,Standard Class,Home Office,Office Supplies,Paper,OFF-PA-10001509,70,70,8,5,3641
2180,03-05-2022,Standard Class,Consumer,Office Supplies,Binders,OFF-BI-10000309,80,90,7,2,1091
2181,20-06-2022,Standard Class,Consumer,Office Supplies,Labels,OFF-LA-10003923,40,40,3,5,2255
2182,11-06-2022,Standard Class,Consumer,Furniture,Chairs,FUR-CH-10002084,400,440,4,5,317
2183,28-02-2023,Standard Class,Consumer,Technology,Machines,TEC-MA-10000488,3480,4000,5,4,4048
2184,22-11-2023,Standard Class,Consumer,Technology,Accessories,TEC-AC-10001767,180,200,5,5,533
2185,19-11-2022,Standard Class,Consumer,Furniture,Furnishings,FUR-FU-10001940,50,60,8,5,1320
2186,17-06-2022,Second Class,Corporate,Office Supplies,Binders,OFF-BI-10002735,40,50,2,4,1341
2187,29-04-2022,Same Day,Consumer,Technology,Accessories,TEC-AC-10002345,30,30,2,3,1533
2188,03-01-2022,Standard Class,Consumer,Office Supplies,Envelopes,OFF-EN-10003134,60,70,6,2,516
2189,26-06-2022,Standard Class,Consumer,Furniture,Furnishings,FUR-FU-10003708,100,120,2,3,3088
2190,12-04-2023,Standard Class,Consumer,Technology,Phones,TEC-PH-10003645,1310,1450,9,3,3015
2191,30-01-2022,Standard Class,Consumer,Office Supplies,Appliances,OFF-AP-10000692,50,60,3,5,2154
2192,24-04-2022,Standard Class,Consumer,Office Supplies,Binders,OFF-BI-10001718,120,150,3,3,4921
2193,29-08-2022,Standard Class,Consumer,Office Supplies,Appliances,OFF-AP-10002082,70,70,3,4,94
2194,20-02-2022,Standard Class,Consumer,Office Supplies,Paper,OFF-PA-10001125,100,120,4,4,1204
2195,29-07-2023,Standard Class,Consumer,Office Supplies,Appliances,OFF-AP-10000252,30,40,3,3,4195
2196,10-06-2023,Standard Class,Consumer,Technology,Accessories,TEC-AC-10003038,40,40,5,3,494
2197,13-04-2022,Standard Class,Consumer,Office Supplies,Art,OFF-AR-10000940,0,0,2,4,636
2198,17-03-2023,Standard Class,Consumer,Office Supplies,Art,OFF-AR-10001954,10,10,3,5,2846
2199,15-12-2022,Standard Class,Consumer,Office Supplies,Paper,OFF-PA-10003177,20,20,3,3,4243
2200,23-02-2023,Standard Class,Consumer,Office Supplies,Paper,OFF-PA-10000533,10,10,1,2,1511
2201,18-02-2023,Standard Class,Consumer,Furniture,Furnishings,FUR-FU-10001935,20,20,6,4,918
2202,19-11-2022,Standard Class,Consumer,Technology,Phones,TEC-PH-10002563,810,880,7,2,4778
2203,12-05-2022,Standard Class,Home Office,Office Supplies,Binders,OFF-BI-10002160,10,10,2,5,259
2204,13-05-2023,Standard Class,Home Office,Furniture,Furnishings,FUR-FU-10004748,150,190,3,5,1876
2205,13-08-2023,Standard Class,Consumer,Furniture,Furnishings,FUR-FU-10001473,20,20,1,3,300
2206,31-03-2023,Second Class,Home Office,Office Supplies,Art,OFF-AR-10000538,60,70,3,4,3641
2207,02-11-2022,Standard Class,Home Office,Office Supplies,Binders,OFF-BI-10001098,20,30,7,2,3856
2208,30-06-2022,Standard Class,Home Office,Technology,Phones,TEC-PH-10001552,40,40,4,4,375
2209,13-11-2023,Standard Class,Home Office,Office Supplies,Art,OFF-AR-10000390,20,20,4,5,374
2210,09-03-2023,Second Class,Consumer,Technology,Phones,TEC-PH-10001079,680,830,7,4,4061
2211,23-03-2022,Second Class,Consumer,Office Supplies,Binders,OFF-BI-10003460,40,40,10,5,1953
2212,26-12-2022,First Class,Corporate,Office Supplies,Appliances,OFF-AP-10003842,160,170,6,5,2522
2213,23-03-2023,Standard Class,Consumer,Furniture,Furnishings,FUR-FU-10003535,20,30,1,5,761
2214,18-05-2022,First Class,Consumer,Office Supplies,Binders,OFF-BI-10002012,0,0,1,2,1567
2215,26-05-2023,First Class,Consumer,Office Supplies,Binders,OFF-BI-10001922,50,60,13,4,2555
2216,12-06-2022,First Class,Consumer,Office Supplies,Appliances,OFF-AP-10000576,200,240,2,3,3450
2217,04-03-2023,First Class,Consumer,Furniture,Chairs,FUR-CH-10000553,90,110,4,2,2840
2218,25-08-2023,Standard Class,Corporate,Office Supplies,Art,OFF-AR-10003469,0,0,2,3,2065
2219,22-02-2022,Standard Class,Corporate,Office Supplies,Binders,OFF-BI-10000145,10,10,4,5,1937
2220,29-11-2022,Standard Class,Corporate,Office Supplies,Storage,OFF-ST-10001580,10,10,1,4,321
2221,04-09-2023,Standard Class,Corporate,Technology,Phones,TEC-PH-10001817,1090,1150,4,3,3851
2222,23-10-2022,Same Day,Consumer,Technology,Phones,TEC-PH-10001578,450,490,2,5,145
2223,21-12-2022,Same Day,Consumer,Office Supplies,Art,OFF-AR-10004078,30,40,8,3,3756
2224,30-11-2022,Same Day,Consumer,Furniture,Chairs,FUR-CH-10004860,60,70,1,4,611
2225,13-05-2022,Standard Class,Corporate,Office Supplies,Paper,OFF-PA-10003790,50,50,3,3,3226
2226,02-02-2022,Second Class,Consumer,Furniture,Bookcases,FUR-BO-10002202,60,70,1,2,2468
2227,27-08-2022,Standard Class,Corporate,Office Supplies,Fasteners,OFF-FA-10003059,0,0,2,3,1340
2228,23-05-2023,Standard Class,Corporate,Technology,Phones,TEC-PH-10002496,110,120,1,2,1203
2229,03-04-2022,Standard Class,Consumer,Furniture,Tables,FUR-TA-10003238,310,330,1,3,2771
2230,25-01-2022,Standard Class,Consumer,Office Supplies,Binders,OFF-BI-10004390,540,670,2,3,2070
2231,28-05-2023,Standard Class,Consumer,Office Supplies,Appliances,OFF-AP-10002765,40,50,2,4,4443
2232,25-07-2022,Standard Class,Consumer,Furniture,Furnishings,FUR-FU-10000293,470,530,5,3,3147
2233,05-07-2023,Standard Class,Consumer,Office Supplies,Storage,OFF-ST-10003692,190,230,5,3,1934
2234,16-12-2022,Second Class,Consumer,Technology,Phones,TEC-PH-10001051,280,320,4,5,946
2235,11-07-2023,Standard Class,Corporate,Technology,Accessories,TEC-AC-10001013,200,210,7,3,3207
2236,20-02-2023,Second Class,Consumer,Office Supplies,Storage,OFF-ST-10000025,160,190,2,3,230
2237,11-04-2022,Second Class,Consumer,Office Supplies,Art,OFF-AR-10000817,20,20,8,4,3156
2238,14-02-2022,Standard Class,Home Office,Office Supplies,Supplies,OFF-SU-10000952,40,40,5,2,2577
2239,13-01-2022,Standard Class,Home Office,Furniture,Furnishings,FUR-FU-10004597,30,40,2,4,1167
2240,22-12-2022,Second Class,Consumer,Office Supplies,Binders,OFF-BI-10003527,820,1020,1,3,2695
2241,12-07-2022,Second Class,Consumer,Office Supplies,Binders,OFF-BI-10002982,30,40,7,2,2962
2242,01-02-2022,Standard Class,Consumer,Technology,Phones,TEC-PH-10004165,470,490,3,5,3317
2243,04-01-2023,Standard Class,Home Office,Office Supplies,Storage,OFF-ST-10003442,50,60,2,2,1001
2244,28-06-2023,Standard Class,Home Office,Office Supplies,Art,OFF-AR-10003856,10,10,2,3,797
2245,28-06-2022,Standard Class,Home Office,Office Supplies,Fasteners,OFF-FA-10004248,10,10,2,2,2144
2246,29-05-2023,Standard Class,Home Office,Office Supplies,Appliances,OFF-AP-10001492,10,10,1,2,447
2247,28-10-2022,Standard Class,Home Office,Technology,Phones,TEC-PH-10004165,570,660,3,2,3235
2248,25-07-2022,Second Class,Consumer,Office Supplies,Paper,OFF-PA-10004285,10,10,2,4,4308
2249,16-10-2022,Second Class,Consumer,Office Supplies,Binders,OFF-BI-10001628,30,40,5,3,1166
2250,29-03-2022,Second Class,Consumer,Office Supplies,Binders,OFF-BI-10000546,10,10,5,3,1347
2251,11-11-2022,Second Class,Consumer,Office Supplies,Appliances,OFF-AP-10001391,460,540,6,3,2078
2252,26-09-2023,Second Class,Consumer,Office Supplies,Paper,OFF-PA-10000477,20,20,3,5,1291
2253,19-08-2023,Second Class,Home Office,Office Supplies,Paper,OFF-PA-10004327,110,140,3,4,21
2254,19-08-2022,First Class,Corporate,Office Supplies,Appliances,OFF-AP-10000696,40,40,3,5,561
2255,08-01-2022,First Class,Corporate,Office Supplies,Appliances,OFF-AP-10002082,40,40,2,4,1318
2256,19-02-2022,Standard Class,Corporate,Technology,Phones,TEC-PH-10001944,410,440,3,2,3862
2257,02-01-2023,Standard Class,Corporate,Furniture,Furnishings,FUR-FU-10004952,100,110,2,2,3727
2258,09-05-2023,First Class,Consumer,Furniture,Chairs,FUR-CH-10000015,980,1210,7,4,1380
2259,26-01-2023,First Class,Consumer,Office Supplies,Paper,OFF-PA-10001776,20,20,2,5,3310
2260,07-05-2022,Second Class,Home Office,Office Supplies,Fasteners,OFF-FA-10002280,10,10,1,4,2366
2261,02-08-2023,Second Class,Home Office,Technology,Accessories,TEC-AC-10002049,330,370,3,5,3488
2262,15-09-2023,Same Day,Consumer,Technology,Accessories,TEC-AC-10002253,140,170,1,4,4210
2263,22-07-2023,First Class,Consumer,Furniture,Bookcases,FUR-BO-10004015,320,360,3,3,311
2264,16-05-2023,Second Class,Consumer,Technology,Accessories,TEC-AC-10004145,450,500,2,5,2664
2265,02-11-2022,Second Class,Consumer,Office Supplies,Paper,OFF-PA-10002479,10,10,1,4,1347
2266,23-03-2022,Second Class,Consumer,Office Supplies,Binders,OFF-BI-10004970,10,10,2,3,780
2267,14-05-2022,Same Day,Home Office,Office Supplies,Paper,OFF-PA-10003919,10,10,2,4,3459
2268,25-07-2023,Same Day,Consumer,Office Supplies,Paper,OFF-PA-10002001,10,10,2,3,5000
2269,30-10-2022,Standard Class,Corporate,Office Supplies,Paper,OFF-PA-10002787,10,10,1,5,1069
2270,02-11-2022,Standard Class,Corporate,Office Supplies,Binders,OFF-BI-10003291,10,10,1,4,4989
2271,07-07-2022,Standard Class,Corporate,Office Supplies,Art,OFF-AR-10004344,40,50,5,4,4418
2272,12-02-2022,Standard Class,Consumer,Office Supplies,Storage,OFF-ST-10003123,170,200,6,4,1336
2273,29-01-2023,Standard Class,Consumer,Furniture,Furnishings,FUR-FU-10000308,410,440,7,2,1692
2274,19-09-2022,Standard Class,Consumer,Technology,Copiers,TEC-CO-10003763,1060,1120,2,3,3261
2275,30-08-2023,Second Class,Corporate,Furniture,Tables,FUR-TA-10001866,110,140,1,2,4831
2276,22-12-2023,Second Class,Corporate,Furniture,Chairs,FUR-CH-10002774,110,120,3,2,2962
2277,14-07-2022,Standard Class,Consumer,Office Supplies,Storage,OFF-ST-10004337,260,310,5,5,879
2278,19-02-2023,Standard Class,Consumer,Furniture,Tables,FUR-TA-10001039,80,90,1,4,403
2279,23-01-2023,Standard Class,Consumer,Technology,Accessories,TEC-AC-10000109,180,220,4,3,2879
2280,16-06-2023,First Class,Consumer,Furniture,Chairs,FUR-CH-10003833,90,100,2,3,1283
2281,14-02-2023,First Class,Consumer,Furniture,Chairs,FUR-CH-10004289,550,610,8,5,4383
2282,13-12-2023,First Class,Consumer,Furniture,Bookcases,FUR-BO-10004467,180,200,2,5,3647
2283,13-04-2022,First Class,Corporate,Office Supplies,Paper,OFF-PA-10002713,40,50,7,3,53
2284,01-06-2023,Standard Class,Consumer,Technology,Phones,TEC-PH-10001552,20,20,2,3,1797
2285,30-10-2023,Standard Class,Consumer,Office Supplies,Appliances,OFF-AP-10002222,50,60,7,2,338
2286,25-10-2023,First Class,Corporate,Office Supplies,Paper,OFF-PA-10003971,10,10,3,2,2554
2287,28-07-2022,Standard Class,Consumer,Office Supplies,Appliances,OFF-AP-10004036,40,40,2,2,1577
2288,06-04-2022,Second Class,Corporate,Office Supplies,Appliances,OFF-AP-10002287,20,20,5,4,1554
2289,20-06-2023,First Class,Consumer,Office Supplies,Art,OFF-AR-10002375,20,20,5,5,1711
2290,12-05-2022,First Class,Corporate,Furniture,Tables,FUR-TA-10001950,770,890,2,5,3132
2291,30-07-2023,Standard Class,Corporate,Technology,Phones,TEC-PH-10001557,230,290,3,5,3882
2292,18-11-2023,Standard Class,Corporate,Furniture,Furnishings,FUR-FU-10002937,500,600,6,5,296
2293,28-04-2023,Standard Class,Corporate,Office Supplies,Paper,OFF-PA-10001166,10,10,2,2,332
2294,31-01-2023,Standard Class,Corporate,Technology,Phones,TEC-PH-10000347,0,0,1,2,2323
2295,21-07-2023,Standard Class,Corporate,Furniture,Furnishings,FUR-FU-10003708,160,180,3,4,3097
2296,20-12-2022,Standard Class,Consumer,Office Supplies,Paper,OFF-PA-10002659,10,10,4,5,2096
2297,28-05-2023,Standard Class,Consumer,Furniture,Furnishings,FUR-FU-10000965,210,260,5,4,667
2298,31-07-2022,Standard Class,Consumer,Technology,Phones,TEC-PH-10001527,40,40,1,4,3435
2299,15-07-2022,Standard Class,Consumer,Technology,Accessories,TEC-AC-10001838,1250,1400,7,4,3216
2300,13-05-2023,Standard Class,Consumer,Technology,Phones,TEC-PH-10002597,470,500,4,4,430
2301,13-07-2022,Standard Class,Consumer,Office Supplies,Binders,OFF-BI-10000756,10,10,3,2,4251
2302,28-11-2023,Standard Class,Consumer,Office Supplies,Binders,OFF-BI-10000546,10,10,4,4,4678
2303,23-04-2023,Standard Class,Corporate,Technology,Accessories,TEC-AC-10001142,300,320,4,4,5005
2304,08-07-2022,Second Class,Home Office,Furniture,Chairs,FUR-CH-10000785,580,720,4,2,4080
2305,06-10-2023,Second Class,Home Office,Office Supplies,Paper,OFF-PA-10000474,100,110,3,4,2802
2306,02-10-2023,First Class,Corporate,Furniture,Bookcases,FUR-BO-10003441,120,140,2,4,2594
2307,18-10-2022,First Class,Corporate,Office Supplies,Paper,OFF-PA-10004156,30,30,3,4,1179
2308,24-09-2023,Standard Class,Consumer,Technology,Accessories,TEC-AC-10001432,350,390,5,3,2619
2309,22-11-2023,First Class,Home Office,Furniture,Chairs,FUR-CH-10001394,260,280,1,4,4618
2310,06-12-2022,First Class,Home Office,Office Supplies,Storage,OFF-ST-10002370,60,70,4,2,1106
2311,16-07-2023,First Class,Home Office,Office Supplies,Art,OFF-AR-10002956,80,90,5,5,689
2312,10-01-2022,First Class,Home Office,Office Supplies,Art,OFF-AR-10001955,20,20,1,5,462
2313,04-02-2022,First Class,Home Office,Office Supplies,Storage,OFF-ST-10001809,190,220,3,3,3846
2314,09-03-2022,Standard Class,Corporate,Office Supplies,Labels,OFF-LA-10004093,10,10,2,3,28
2315,21-06-2022,Standard Class,Corporate,Office Supplies,Appliances,OFF-AP-10002118,400,420,2,2,5090
2316,28-10-2023,Standard Class,Corporate,Office Supplies,Binders,OFF-BI-10000404,30,40,5,4,845
2317,24-12-2022,Standard Class,Corporate,Furniture,Chairs,FUR-CH-10003833,170,180,3,2,2594
2318,14-03-2022,Standard Class,Corporate,Office Supplies,Binders,OFF-BI-10002072,50,60,7,3,565
2319,30-01-2023,Standard Class,Corporate,Technology,Accessories,TEC-AC-10003095,350,390,3,3,1219
2320,11-04-2023,First Class,Consumer,Office Supplies,Appliances,OFF-AP-10001563,180,190,4,5,1713
2321,28-06-2023,Standard Class,Corporate,Technology,Accessories,TEC-AC-10000358,240,270,7,5,1567
2322,27-07-2023,Second Class,Corporate,Office Supplies,Binders,OFF-BI-10004492,80,90,3,3,4954
2323,26-06-2022,Second Class,Corporate,Office Supplies,Binders,OFF-BI-10001072,60,60,4,2,1517
2324,01-11-2023,Second Class,Corporate,Office Supplies,Binders,OFF-BI-10003707,60,80,5,2,3456
2325,18-11-2022,Second Class,Corporate,Office Supplies,Binders,OFF-BI-10000977,300,360,12,3,444
2326,01-11-2023,Second Class,Corporate,Office Supplies,Binders,OFF-BI-10002082,70,80,3,5,2401
2327,23-06-2023,Second Class,Corporate,Furniture,Bookcases,FUR-BO-10004709,50,50,1,2,3873
2328,17-10-2023,Second Class,Corporate,Office Supplies,Paper,OFF-PA-10002365,10,10,2,4,416
2329,19-07-2022,First Class,Home Office,Office Supplies,Envelopes,OFF-EN-10004147,10,10,3,2,4736
2330,11-05-2023,Standard Class,Corporate,Furniture,Furnishings,FUR-FU-10001468,510,550,4,3,868
2331,20-03-2022,Second Class,Corporate,Office Supplies,Storage,OFF-ST-10000642,40,40,2,5,4866
2332,19-02-2023,Second Class,Corporate,Office Supplies,Paper,OFF-PA-10000380,30,40,5,3,367
2333,27-07-2022,Standard Class,Consumer,Office Supplies,Paper,OFF-PA-10004071,260,280,5,4,3609
2334,07-11-2023,Standard Class,Consumer,Office Supplies,Paper,OFF-PA-10004971,10,10,1,4,4935
2335,14-08-2023,Standard Class,Consumer,Office Supplies,Appliances,OFF-AP-10000696,60,70,6,2,2734
2336,10-02-2022,Same Day,Consumer,Office Supplies,Envelopes,OFF-EN-10004030,10,10,3,5,3840
2337,07-05-2023,Same Day,Consumer,Office Supplies,Appliances,OFF-AP-10000026,390,430,7,3,3570
2338,16-09-2023,Same Day,Consumer,Office Supplies,Paper,OFF-PA-10003936,20,30,4,5,1161
2339,06-01-2022,Same Day,Consumer,Office Supplies,Paper,OFF-PA-10004530,40,50,4,2,4439
2340,15-03-2022,Standard Class,Consumer,Office Supplies,Art,OFF-AR-10004930,10,10,2,5,4308
2341,07-12-2022,Standard Class,Consumer,Office Supplies,Art,OFF-AR-10004999,30,40,7,4,2661
2342,27-07-2022,First Class,Home Office,Furniture,Furnishings,FUR-FU-10002501,60,60,5,2,2877
2343,26-08-2023,First Class,Home Office,Technology,Accessories,TEC-AC-10000358,100,110,3,3,4462
2344,30-09-2023,Second Class,Consumer,Office Supplies,Storage,OFF-ST-10004804,110,120,3,4,2286
2345,11-06-2023,Standard Class,Home Office,Office Supplies,Appliances,OFF-AP-10001205,390,490,9,4,3893
2346,21-01-2023,Standard Class,Consumer,Office Supplies,Paper,OFF-PA-10000659,60,70,5,2,2374
2347,27-12-2022,Standard Class,Consumer,Office Supplies,Binders,OFF-BI-10004141,0,0,2,2,3124
2348,09-09-2022,Standard Class,Consumer,Furniture,Tables,FUR-TA-10004619,520,560,5,5,3190
2349,14-09-2022,Same Day,Corporate,Office Supplies,Binders,OFF-BI-10004187,10,10,6,4,4614
2350,02-04-2023,Same Day,Corporate,Office Supplies,Binders,OFF-BI-10000632,60,70,2,5,3759
2351,16-12-2023,Same Day,Corporate,Office Supplies,Paper,OFF-PA-10003724,10,10,2,5,198
2352,09-06-2022,Same Day,Corporate,Office Supplies,Appliances,OFF-AP-10002765,70,80,3,3,368
2353,16-03-2022,Same Day,Corporate,Office Supplies,Art,OFF-AR-10001868,10,10,6,2,1274
2354,23-11-2022,First Class,Corporate,Furniture,Bookcases,FUR-BO-10002545,1350,1550,7,3,1198
2355,27-02-2022,First Class,Corporate,Office Supplies,Binders,OFF-BI-10002735,120,140,5,4,786
2356,06-10-2023,First Class,Corporate,Technology,Accessories,TEC-AC-10004864,40,40,1,3,2756
2357,14-04-2022,First Class,Corporate,Technology,Machines,TEC-MA-10000597,190,240,3,5,4855
2358,28-03-2023,Standard Class,Corporate,Furniture,Tables,FUR-TA-10003473,1440,1580,7,3,4517
2359,08-10-2023,Standard Class,Corporate,Furniture,Tables,FUR-TA-10001950,900,1070,4,4,561
2360,23-01-2022,Standard Class,Corporate,Furniture,Tables,FUR-TA-10004175,500,610,3,5,1366
2361,19-06-2022,Standard Class,Corporate,Office Supplies,Paper,OFF-PA-10002960,30,30,7,2,4664
2362,02-09-2023,Standard Class,Corporate,Office Supplies,Paper,OFF-PA-10000919,140,160,4,3,596
2363,24-12-2022,Standard Class,Consumer,Office Supplies,Binders,OFF-BI-10001553,10,10,5,3,1393
2364,14-02-2023,Standard Class,Home Office,Furniture,Furnishings,FUR-FU-10004864,110,130,2,5,892
2365,26-09-2022,Standard Class,Home Office,Office Supplies,Appliances,OFF-AP-10004540,150,160,2,4,1586
2366,18-12-2022,Standard Class,Home Office,Office Supplies,Binders,OFF-BI-10004965,40,50,4,2,2622
2367,23-03-2023,Second Class,Consumer,Furniture,Chairs,FUR-CH-10001714,100,120,1,5,1372
2368,26-03-2022,First Class,Consumer,Office Supplies,Paper,OFF-PA-10002464,20,20,4,4,4797
2369,29-10-2022,Standard Class,Corporate,Furniture,Furnishings,FUR-FU-10002298,470,530,6,4,3821
2370,07-05-2023,Standard Class,Corporate,Office Supplies,Art,OFF-AR-10000315,0,0,2,5,2052
2371,20-12-2023,Second Class,Corporate,Technology,Accessories,TEC-AC-10004353,200,250,4,2,1306
2372,05-10-2022,Second Class,Corporate,Furniture,Furnishings,FUR-FU-10004973,50,60,8,3,2327
2373,26-02-2022,Second Class,Corporate,Office Supplies,Fasteners,OFF-FA-10000936,0,0,1,4,4230
2374,07-02-2023,Second Class,Corporate,Office Supplies,Paper,OFF-PA-10001609,20,20,9,5,1022
2375,22-02-2023,Second Class,Corporate,Furniture,Chairs,FUR-CH-10000785,220,250,2,2,4112
2376,24-11-2023,Standard Class,Consumer,Office Supplies,Fasteners,OFF-FA-10000053,10,10,3,3,1423
2377,02-08-2023,Second Class,Consumer,Office Supplies,Binders,OFF-BI-10001718,60,80,4,3,2647
2378,30-11-2023,Second Class,Consumer,Office Supplies,Supplies,OFF-SU-10004768,10,10,2,3,2919
2379,30-07-2023,Standard Class,Home Office,Office Supplies,Paper,OFF-PA-10003883,30,30,5,2,3184
2380,02-12-2022,Standard Class,Home Office,Office Supplies,Fasteners,OFF-FA-10004248,10,10,2,5,1853
2381,21-09-2022,Standard Class,Home Office,Office Supplies,Paper,OFF-PA-10002581,40,50,2,3,3606
2382,21-02-2023,Standard Class,Home Office,Furniture,Furnishings,FUR-FU-10004848,40,50,7,2,2657
2383,27-10-2022,First Class,Consumer,Office Supplies,Appliances,OFF-AP-10002403,150,180,4,2,954
2384,06-04-2022,First Class,Consumer,Office Supplies,Art,OFF-AR-10003087,20,20,9,2,4618
2385,26-04-2023,First Class,Consumer,Office Supplies,Binders,OFF-BI-10002026,180,190,4,4,1725
2386,25-05-2022,First Class,Consumer,Technology,Phones,TEC-PH-10000141,170,210,4,3,1124
2387,07-09-2023,First Class,Consumer,Technology,Copiers,TEC-CO-10000971,410,480,2,3,5047
2388,28-08-2023,First Class,Consumer,Office Supplies,Fasteners,OFF-FA-10001229,10,10,2,5,2112
2389,18-12-2023,First Class,Consumer,Office Supplies,Binders,OFF-BI-10002437,20,20,2,4,863
2390,26-05-2023,Standard Class,Consumer,Office Supplies,Paper,OFF-PA-10004255,10,10,1,5,4457
2391,22-03-2023,Standard Class,Consumer,Office Supplies,Paper,OFF-PA-10001184,40,40,7,4,2514
2392,09-04-2023,Standard Class,Consumer,Technology,Accessories,TEC-AC-10002637,1390,1620,9,4,1768
2393,31-10-2022,Standard Class,Consumer,Furniture,Furnishings,FUR-FU-10002878,100,110,4,2,4440
2394,09-07-2022,Standard Class,Consumer,Office Supplies,Art,OFF-AR-10000588,30,40,2,4,342
2395,24-11-2023,Standard Class,Corporate,Technology,Accessories,TEC-AC-10002217,40,40,2,4,4523
2396,23-04-2023,Standard Class,Corporate,Technology,Accessories,TEC-AC-10001267,50,60,2,5,342
2397,19-10-2023,Standard Class,Corporate,Office Supplies,Paper,OFF-PA-10004041,30,40,5,2,1067
2398,09-04-2022,Second Class,Consumer,Office Supplies,Labels,OFF-LA-10001613,10,10,2,2,993
2399,26-06-2022,Second Class,Consumer,Office Supplies,Art,OFF-AR-10000246,20,20,6,3,1456
2400,28-04-2022,Standard Class,Corporate,Office Supplies,Storage,OFF-ST-10001809,580,630,7,3,3053
2401,11-05-2022,Standard Class,Corporate,Office Supplies,Storage,OFF-ST-10002214,50,60,5,4,4259
2402,12-10-2022,Second Class,Consumer,Office Supplies,Storage,OFF-ST-10000649,70,90,6,5,1991
2403,07-06-2023,Second Class,Consumer,Office Supplies,Envelopes,OFF-EN-10001990,20,30,5,3,2220
2404,08-03-2023,Standard Class,Corporate,Furniture,Bookcases,FUR-BO-10000780,810,960,7,5,1528
2405,16-11-2022,Standard Class,Consumer,Technology,Accessories,TEC-AC-10002049,900,1120,9,4,301
2406,06-09-2023,Standard Class,Consumer,Technology,Phones,TEC-PH-10003555,120,130,7,3,3290
2407,04-05-2022,Standard Class,Consumer,Technology,Phones,TEC-PH-10000702,60,80,10,2,3069
2408,15-10-2023,Standard Class,Consumer,Office Supplies,Art,OFF-AR-10003631,20,20,5,3,872
2409,23-04-2023,Standard Class,Consumer,Technology,Phones,TEC-PH-10003072,300,360,3,3,3342
2410,20-12-2022,First Class,Home Office,Furniture,Furnishings,FUR-FU-10000758,190,210,8,4,4292
2411,25-08-2023,Standard Class,Home Office,Office Supplies,Fasteners,OFF-FA-10000992,10,10,2,2,3549
2412,16-07-2023,Second Class,Corporate,Office Supplies,Binders,OFF-BI-10004187,10,10,5,4,1835
2413,09-01-2023,Standard Class,Consumer,Office Supplies,Paper,OFF-PA-10001947,10,10,2,2,3444
2414,24-03-2022,Standard Class,Consumer,Furniture,Tables,FUR-TA-10002356,540,630,3,2,2074
2415,02-04-2022,Standard Class,Consumer,Furniture,Chairs,FUR-CH-10001714,650,750,5,5,608
2416,26-04-2022,Standard Class,Home Office,Furniture,Bookcases,FUR-BO-10002824,240,300,2,3,1257
2417,08-02-2023,Standard Class,Corporate,Technology,Accessories,TEC-AC-10002842,510,600,5,2,207
2418,06-07-2022,Standard Class,Corporate,Office Supplies,Binders,OFF-BI-10002082,70,80,3,2,3818
2419,03-05-2023,Standard Class,Corporate,Technology,Machines,TEC-MA-10000112,1970,2400,10,4,4278
2420,12-03-2022,Standard Class,Corporate,Office Supplies,Storage,OFF-ST-10002289,60,60,2,3,894
2421,20-01-2023,Standard Class,Corporate,Technology,Accessories,TEC-AC-10004171,100,100,1,5,2562
2422,24-10-2023,Standard Class,Home Office,Office Supplies,Storage,OFF-ST-10003656,220,230,3,5,176
2423,15-07-2023,Standard Class,Home Office,Office Supplies,Paper,OFF-PA-10001560,10,10,2,4,3065
2424,18-03-2023,Standard Class,Consumer,Technology,Accessories,TEC-AC-10002473,130,160,7,4,5015
2425,02-02-2023,Standard Class,Consumer,Office Supplies,Binders,OFF-BI-10000632,10,10,1,3,4051
2426,07-02-2022,Standard Class,Consumer,Furniture,Tables,FUR-TA-10002645,220,270,2,3,221
2427,01-09-2023,Standard Class,Consumer,Office Supplies,Fasteners,OFF-FA-10002975,30,40,13,3,2787
2428,21-06-2022,Standard Class,Corporate,Office Supplies,Binders,OFF-BI-10003784,0,0,4,4,2090
2429,07-03-2022,Standard Class,Corporate,Office Supplies,Binders,OFF-BI-10001617,10,10,4,2,1307
2430,25-11-2023,Standard Class,Corporate,Furniture,Furnishings,FUR-FU-10004415,10,10,7,3,265
2431,16-08-2022,Standard Class,Home Office,Office Supplies,Labels,OFF-LA-10000240,50,60,8,3,1939
2432,28-04-2023,Standard Class,Corporate,Furniture,Furnishings,FUR-FU-10001935,10,10,2,5,1851
2433,25-06-2023,Standard Class,Consumer,Furniture,Chairs,FUR-CH-10002439,340,370,7,5,3011
2434,12-08-2022,Standard Class,Consumer,Technology,Phones,TEC-PH-10001536,40,50,4,4,2180
2435,24-12-2023,First Class,Corporate,Office Supplies,Envelopes,OFF-EN-10001532,20,30,2,3,4638
2436,12-06-2023,First Class,Corporate,Office Supplies,Appliances,OFF-AP-10003057,770,830,3,2,4211
2437,11-05-2023,Standard Class,Consumer,Furniture,Furnishings,FUR-FU-10003708,470,550,9,2,454
2438,12-06-2022,Second Class,Consumer,Furniture,Tables,FUR-TA-10000849,130,150,2,3,2686
2439,26-06-2022,Second Class,Consumer,Office Supplies,Paper,OFF-PA-10002259,30,40,4,2,986
2440,11-07-2022,Standard Class,Consumer,Furniture,Furnishings,FUR-FU-10002597,10,10,2,2,3196
2441,17-03-2023,Standard Class,Consumer,Technology,Phones,TEC-PH-10004614,290,350,5,2,780
2442,14-12-2022,Standard Class,Consumer,Furniture,Tables,FUR-TA-10003748,140,170,2,5,4855
2443,17-05-2022,Standard Class,Consumer,Office Supplies,Appliances,OFF-AP-10003217,580,660,4,4,4677
2444,14-03-2022,Standard Class,Consumer,Technology,Accessories,TEC-AC-10002399,80,100,5,2,2176
2445,17-09-2023,Standard Class,Consumer,Office Supplies,Envelopes,OFF-EN-10002973,30,30,6,5,3490
2446,30-11-2023,Standard Class,Consumer,Technology,Phones,TEC-PH-10001336,210,260,2,3,343
2447,18-10-2022,Standard Class,Consumer,Office Supplies,Envelopes,OFF-EN-10000461,20,20,2,5,1958
2448,07-01-2023,Standard Class,Consumer,Furniture,Chairs,FUR-CH-10000988,420,490,5,5,311
2449,02-10-2022,Second Class,Consumer,Office Supplies,Storage,OFF-ST-10001809,260,270,3,3,2707
2450,29-01-2022,Standard Class,Home Office,Office Supplies,Binders,OFF-BI-10003963,30,30,5,2,838
2451,12-11-2022,Second Class,Consumer,Office Supplies,Labels,OFF-LA-10000081,20,20,5,5,3195
2452,23-12-2023,Second Class,Consumer,Technology,Phones,TEC-PH-10000149,100,120,6,3,5024
2453,08-05-2022,Second Class,Consumer,Office Supplies,Binders,OFF-BI-10000605,10,10,3,2,2831
2454,19-09-2023,Second Class,Consumer,Technology,Accessories,TEC-AC-10002399,50,60,3,2,145
2455,12-11-2022,Second Class,Consumer,Technology,Accessories,TEC-AC-10003038,60,70,8,3,1841
2456,13-04-2022,Second Class,Consumer,Office Supplies,Storage,OFF-ST-10000344,90,110,8,5,4717
2457,19-09-2022,Second Class,Consumer,Office Supplies,Labels,OFF-LA-10004093,10,10,1,3,4593
2458,30-07-2023,Second Class,Consumer,Office Supplies,Art,OFF-AR-10001683,50,60,6,4,1835
2459,08-04-2022,Second Class,Consumer,Office Supplies,Storage,OFF-ST-10003455,40,50,3,2,603
2460,01-12-2023,Standard Class,Consumer,Office Supplies,Appliances,OFF-AP-10002578,90,100,2,5,2807
2461,12-04-2023,Second Class,Consumer,Office Supplies,Paper,OFF-PA-10001763,30,30,3,4,1858
2462,20-06-2023,Second Class,Consumer,Office Supplies,Binders,OFF-BI-10001597,80,100,3,2,4011
2463,12-10-2023,Standard Class,Consumer,Office Supplies,Binders,OFF-BI-10001524,70,80,5,5,1178
2464,22-06-2022,Standard Class,Consumer,Office Supplies,Binders,OFF-BI-10001553,10,10,2,2,4857
2465,13-11-2023,Standard Class,Consumer,Technology,Phones,TEC-PH-10000576,120,140,1,5,848
2466,14-04-2022,Standard Class,Consumer,Office Supplies,Labels,OFF-LA-10001317,0,0,1,3,2912
2467,06-03-2022,Standard Class,Consumer,Office Supplies,Paper,OFF-PA-10000726,10,10,1,3,1707
2468,25-04-2023,Standard Class,Consumer,Office Supplies,Storage,OFF-ST-10003306,520,570,4,2,3453
2469,04-09-2023,Standard Class,Consumer,Office Supplies,Paper,OFF-PA-10004983,30,30,5,5,3674
2470,28-06-2022,Standard Class,Consumer,Office Supplies,Storage,OFF-ST-10001291,20,20,1,4,887
2471,22-10-2023,Standard Class,Consumer,Furniture,Furnishings,FUR-FU-10002107,10,10,8,3,1627
2472,01-01-2022,Standard Class,Consumer,Furniture,Bookcases,FUR-BO-10002213,410,450,4,3,2906
2473,04-02-2022,Standard Class,Consumer,Office Supplies,Appliances,OFF-AP-10000692,60,60,4,3,47
2474,06-04-2022,First Class,Consumer,Furniture,Chairs,FUR-CH-10001190,200,220,2,5,1350
2475,21-11-2023,First Class,Consumer,Technology,Accessories,TEC-AC-10000682,70,80,5,2,958
2476,03-05-2023,First Class,Consumer,Office Supplies,Labels,OFF-LA-10004545,70,90,7,4,1816
2477,27-06-2023,First Class,Consumer,Office Supplies,Appliances,OFF-AP-10003057,960,1100,4,2,5015
2478,13-10-2023,Second Class,Corporate,Furniture,Tables,FUR-TA-10000198,1110,1320,3,2,874
2479,17-01-2022,Standard Class,Consumer,Office Supplies,Art,OFF-AR-10002833,10,10,3,5,480
2480,29-01-2023,Standard Class,Consumer,Office Supplies,Supplies,OFF-SU-10002557,10,10,1,5,4797
2481,09-09-2023,Standard Class,Consumer,Office Supplies,Storage,OFF-ST-10003656,130,150,2,3,826
2482,02-09-2023,Standard Class,Consumer,Office Supplies,Storage,OFF-ST-10001097,900,1000,6,2,2470
2483,01-10-2022,Standard Class,Home Office,Technology,Phones,TEC-PH-10000912,40,40,4,3,424
2484,13-08-2022,Standard Class,Home Office,Furniture,Tables,FUR-TA-10000617,930,1140,5,5,2898
2485,31-08-2022,Standard Class,Home Office,Office Supplies,Binders,OFF-BI-10001658,90,100,5,4,284
2486,14-11-2023,Standard Class,Home Office,Office Supplies,Art,OFF-AR-10003856,10,10,2,3,668
2487,16-02-2022,Second Class,Corporate,Office Supplies,Storage,OFF-ST-10001837,80,90,2,2,1231
2488,09-03-2022,Second Class,Corporate,Office Supplies,Art,OFF-AR-10001473,10,10,3,2,3144
2489,15-10-2023,Second Class,Corporate,Office Supplies,Paper,OFF-PA-10004285,20,20,3,3,4250
2490,28-01-2023,Second Class,Consumer,Technology,Phones,TEC-PH-10001835,550,630,4,4,801
2491,22-03-2023,Second Class,Consumer,Office Supplies,Paper,OFF-PA-10002245,20,20,4,3,3135
2492,29-01-2022,Second Class,Consumer,Office Supplies,Paper,OFF-PA-10001457,70,90,6,5,2848
2493,23-04-2023,Standard Class,Consumer,Technology,Phones,TEC-PH-10002885,3730,4550,7,4,1276
2494,22-11-2023,Second Class,Consumer,Furniture,Tables,FUR-TA-10004086,250,300,5,3,4260
2495,12-03-2023,Second Class,Consumer,Technology,Phones,TEC-PH-10000895,580,720,5,2,5046
2496,07-11-2023,Standard Class,Consumer,Furniture,Chairs,FUR-CH-10000225,540,650,8,4,1797
2497,25-04-2023,Standard Class,Home Office,Office Supplies,Storage,OFF-ST-10002370,50,60,3,3,4549
2498,28-04-2022,Standard Class,Home Office,Office Supplies,Envelopes,OFF-EN-10000056,110,120,2,2,242
2499,14-12-2023,Standard Class,Corporate,Office Supplies,Binders,OFF-BI-10004817,10,10,1,5,3206
2500,05-11-2022,First Class,Consumer,Office Supplies,Envelopes,OFF-EN-10004483,30,40,3,3,1222
2501,28-10-2023,First Class,Corporate,Office Supplies,Paper,OFF-PA-10001892,10,10,2,5,1
2502,28-08-2022,First Class,Corporate,Office Supplies,Binders,OFF-BI-10000546,0,0,4,4,1925
2503,06-09-2022,First Class,Corporate,Office Supplies,Binders,OFF-BI-10001294,10,10,4,5,1095
2504,12-10-2023,Standard Class,Consumer,Office Supplies,Labels,OFF-LA-10000248,10,10,2,2,428
2505,24-10-2022,Second Class,Consumer,Office Supplies,Storage,OFF-ST-10001228,40,50,4,2,401
2506,19-04-2023,Second Class,Consumer,Office Supplies,Supplies,OFF-SU-10000151,7370,8190,5,5,2235
2507,26-11-2023,Second Class,Consumer,Furniture,Furnishings,FUR-FU-10004351,70,80,8,3,1008
2508,05-02-2023,Same Day,Consumer,Office Supplies,Appliances,OFF-AP-10001293,30,30,4,4,1991
2509,20-05-2023,Standard Class,Corporate,Technology,Phones,TEC-PH-10000675,190,200,3,5,3356
2510,24-12-2023,Standard Class,Corporate,Technology,Accessories,TEC-AC-10000580,390,480,6,4,2769
2511,05-05-2022,Standard Class,Home Office,Office Supplies,Storage,OFF-ST-10003470,1000,1120,4,4,801
2512,20-08-2022,First Class,Consumer,Technology,Accessories,TEC-AC-10003116,90,110,6,4,1532
2513,08-07-2022,Standard Class,Home Office,Office Supplies,Binders,OFF-BI-10002429,50,50,5,4,171
2514,11-08-2022,Standard Class,Corporate,Technology,Accessories,TEC-AC-10003280,90,100,4,3,3873
2515,15-11-2023,Standard Class,Corporate,Furniture,Chairs,FUR-CH-10004540,40,50,2,4,4587
2516,03-12-2022,Standard Class,Consumer,Office Supplies,Storage,OFF-ST-10000585,210,260,2,3,812
2517,31-08-2023,Standard Class,Consumer,Office Supplies,Envelopes,OFF-EN-10003001,500,600,9,2,1824
2518,12-12-2022,Standard Class,Corporate,Furniture,Furnishings,FUR-FU-10003975,110,130,3,2,3389
2519,20-11-2022,Standard Class,Home Office,Office Supplies,Labels,OFF-LA-10004559,20,20,7,3,3145
2520,19-04-2023,Standard Class,Home Office,Office Supplies,Labels,OFF-LA-10003223,20,30,6,2,4244
2521,12-10-2023,Standard Class,Home Office,Office Supplies,Appliances,OFF-AP-10002651,730,870,3,5,320
2522,10-07-2022,Standard Class,Home Office,Office Supplies,Paper,OFF-PA-10003177,10,10,2,4,4738
2523,11-03-2022,Standard Class,Home Office,Technology,Phones,TEC-PH-10003442,10,10,1,2,4798
2524,22-01-2022,Standard Class,Home Office,Office Supplies,Binders,OFF-BI-10000977,110,120,4,2,880
2525,01-05-2022,Standard Class,Consumer,Office Supplies,Art,OFF-AR-10004078,40,40,9,5,4737
2526,12-08-2022,Standard Class,Consumer,Technology,Accessories,TEC-AC-10002550,20,30,2,3,3660
2527,20-02-2022,Standard Class,Consumer,Office Supplies,Binders,OFF-BI-10004965,10,10,3,5,328
2528,07-08-2022,Standard Class,Consumer,Office Supplies,Binders,OFF-BI-10004209,10,10,6,4,4679
2529,29-08-2023,Standard Class,Consumer,Office Supplies,Paper,OFF-PA-10001526,10,10,2,4,50
2530,08-07-2023,Standard Class,Home Office,Office Supplies,Paper,OFF-PA-10000788,10,10,2,2,4212
2531,30-07-2022,Standard Class,Corporate,Office Supplies,Paper,OFF-PA-10000595,100,110,5,2,1443
2532,10-06-2022,Standard Class,Corporate,Office Supplies,Binders,OFF-BI-10000829,20,20,4,4,3032
2533,28-10-2023,Standard Class,Corporate,Office Supplies,Fasteners,OFF-FA-10002676,10,10,7,3,1527
2534,31-01-2022,Standard Class,Corporate,Technology,Accessories,TEC-AC-10000844,320,340,4,4,2632
2535,11-04-2023,Second Class,Corporate,Office Supplies,Storage,OFF-ST-10004459,1580,1800,6,3,3408
2536,23-04-2022,First Class,Corporate,Technology,Accessories,TEC-AC-10003499,50,50,4,5,3023
2537,23-08-2023,Second Class,Consumer,Furniture,Chairs,FUR-CH-10000513,160,180,2,5,726
2538,26-02-2023,Second Class,Consumer,Technology,Phones,TEC-PH-10000895,350,430,4,4,3413
2539,23-10-2022,Second Class,Consumer,Technology,Phones,TEC-PH-10002555,150,160,1,3,3541
2540,30-11-2023,Same Day,Corporate,Furniture,Chairs,FUR-CH-10003312,1280,1350,6,3,4835
2541,19-01-2022,Same Day,Corporate,Furniture,Chairs,FUR-CH-10004086,590,700,3,2,442
2542,08-12-2022,Standard Class,Corporate,Furniture,Furnishings,FUR-FU-10002759,90,110,7,4,1392
2543,13-02-2022,Second Class,Corporate,Office Supplies,Appliances,OFF-AP-10002191,130,140,3,2,3482
2544,21-06-2023,Standard Class,Home Office,Furniture,Bookcases,FUR-BO-10003450,160,170,3,3,1134
2545,15-09-2023,Standard Class,Home Office,Office Supplies,Labels,OFF-LA-10000248,10,10,4,3,4904
2546,27-06-2023,Standard Class,Consumer,Office Supplies,Storage,OFF-ST-10004804,180,210,4,4,150
2547,10-09-2023,Standard Class,Consumer,Furniture,Bookcases,FUR-BO-10001337,80,100,1,4,4901
2548,16-11-2023,Standard Class,Consumer,Office Supplies,Art,OFF-AR-10002255,0,0,1,5,2102
2549,07-01-2023,Standard Class,Consumer,Technology,Phones,TEC-PH-10002624,1520,1880,5,3,2
2550,10-04-2023,Standard Class,Consumer,Office Supplies,Paper,OFF-PA-10001878,260,310,8,3,4121
2551,07-03-2023,Standard Class,Consumer,Office Supplies,Labels,OFF-LA-10000452,10,10,2,2,1885
2552,31-07-2023,Standard Class,Consumer,Furniture,Furnishings,FUR-FU-10004665,750,820,6,2,606
2553,30-04-2022,Standard Class,Consumer,Office Supplies,Binders,OFF-BI-10000088,20,20,2,4,3160
2554,14-08-2022,Standard Class,Home Office,Office Supplies,Paper,OFF-PA-10000029,30,30,4,2,1715
2555,13-10-2022,Standard Class,Consumer,Technology,Phones,TEC-PH-10000369,670,710,7,4,825
2556,14-12-2023,Standard Class,Consumer,Technology,Accessories,TEC-AC-10001590,40,50,2,4,4423
2557,19-08-2022,Standard Class,Corporate,Furniture,Furnishings,FUR-FU-10004909,40,50,8,5,205
2558,04-06-2023,Standard Class,Corporate,Office Supplies,Appliances,OFF-AP-10002287,10,10,2,5,1411
2559,30-11-2022,Standard Class,Consumer,Furniture,Bookcases,FUR-BO-10004357,1340,1410,7,4,2426
2560,17-06-2022,Standard Class,Consumer,Office Supplies,Labels,OFF-LA-10003766,20,20,5,4,4523
2561,06-02-2022,Standard Class,Consumer,Office Supplies,Storage,OFF-ST-10000046,290,320,2,5,4833
2562,25-03-2023,Standard Class,Consumer,Office Supplies,Labels,OFF-LA-10003190,10,10,4,2,3738
2563,19-06-2023,Standard Class,Consumer,Office Supplies,Paper,OFF-PA-10002787,10,10,2,4,2368
2564,21-12-2022,Second Class,Corporate,Technology,Accessories,TEC-AC-10000387,20,20,1,5,1566
2565,27-04-2022,Second Class,Corporate,Office Supplies,Storage,OFF-ST-10001291,20,30,2,3,3746
2566,21-03-2022,First Class,Consumer,Technology,Accessories,TEC-AC-10003116,60,70,4,5,2209
2567,08-02-2022,Second Class,Consumer,Office Supplies,Binders,OFF-BI-10001308,30,30,5,2,1426
2568,21-01-2023,Second Class,Consumer,Furniture,Tables,FUR-TA-10003954,2540,2670,9,5,1036
2569,03-12-2022,Standard Class,Corporate,Office Supplies,Storage,OFF-ST-10003282,390,480,8,4,4067
2570,19-07-2023,Same Day,Corporate,Technology,Phones,TEC-PH-10000576,150,160,2,4,86
2571,09-01-2023,Same Day,Corporate,Office Supplies,Art,OFF-AR-10004441,10,10,4,4,2439
2572,16-07-2022,Standard Class,Home Office,Office Supplies,Art,OFF-AR-10003759,0,0,2,3,2323
2573,02-11-2023,Second Class,Consumer,Technology,Accessories,TEC-AC-10004145,1270,1400,7,5,142
2574,20-12-2022,Standard Class,Home Office,Furniture,Furnishings,FUR-FU-10000293,460,530,5,4,3070
2575,01-02-2022,Standard Class,Corporate,Office Supplies,Envelopes,OFF-EN-10004955,20,20,3,3,647
2576,20-01-2022,Standard Class,Corporate,Office Supplies,Binders,OFF-BI-10001071,290,320,5,2,3804
2577,12-09-2022,Standard Class,Corporate,Office Supplies,Envelopes,OFF-EN-10001990,10,10,2,4,4980
2578,20-03-2022,Standard Class,Corporate,Office Supplies,Appliances,OFF-AP-10002734,570,680,3,5,1261
2579,14-11-2023,Standard Class,Home Office,Furniture,Furnishings,FUR-FU-10004587,50,60,3,3,4137
2580,27-05-2023,Standard Class,Home Office,Office Supplies,Storage,OFF-ST-10004337,400,490,8,3,768
2581,09-04-2022,Standard Class,Home Office,Office Supplies,Paper,OFF-PA-10003072,20,20,3,5,1261
2582,20-07-2023,Standard Class,Home Office,Office Supplies,Paper,OFF-PA-10000380,20,20,2,3,4958
2583,14-08-2022,Standard Class,Home Office,Technology,Phones,TEC-PH-10004833,140,160,13,3,490
2584,27-03-2023,Standard Class,Home Office,Furniture,Furnishings,FUR-FU-10001847,10,10,3,4,466
2585,28-01-2022,Standard Class,Home Office,Technology,Phones,TEC-PH-10002103,170,190,2,2,1521
2586,25-09-2023,Standard Class,Corporate,Office Supplies,Envelopes,OFF-EN-10001137,10,10,2,4,4860
2587,01-07-2023,Standard Class,Consumer,Office Supplies,Storage,OFF-ST-10001476,210,250,7,5,1794
2588,11-01-2022,Standard Class,Consumer,Furniture,Furnishings,FUR-FU-10002045,20,20,1,5,1077
2589,23-07-2022,Standard Class,Home Office,Office Supplies,Storage,OFF-ST-10001505,10,10,1,5,4155
2590,02-07-2023,Standard Class,Home Office,Technology,Phones,TEC-PH-10001433,200,250,3,4,232
2591,03-11-2022,Standard Class,Consumer,Furniture,Furnishings,FUR-FU-10004671,10,10,2,4,475
2592,25-09-2022,Standard Class,Consumer,Furniture,Tables,FUR-TA-10003569,500,600,3,4,1547
2593,06-02-2023,Second Class,Corporate,Technology,Phones,TEC-PH-10002807,80,80,2,3,2220
2594,21-12-2022,Second Class,Corporate,Office Supplies,Binders,OFF-BI-10001597,270,330,8,2,3833
2595,04-06-2023,Standard Class,Corporate,Office Supplies,Envelopes,OFF-EN-10003296,160,180,2,3,2195
2596,03-11-2023,Standard Class,Corporate,Office Supplies,Binders,OFF-BI-10004632,840,910,3,2,1208
2597,23-09-2022,Standard Class,Corporate,Technology,Phones,TEC-PH-10002310,500,590,3,3,2798
2598,10-04-2022,Standard Class,Corporate,Office Supplies,Storage,OFF-ST-10000078,460,530,2,3,976
2599,10-10-2022,Standard Class,Corporate,Office Supplies,Paper,OFF-PA-10001752,10,10,3,3,5025
2600,04-02-2022,Standard Class,Consumer,Office Supplies,Appliances,OFF-AP-10000026,100,120,2,4,3010
2601,27-08-2022,Standard Class,Consumer,Office Supplies,Supplies,OFF-SU-10002573,100,120,7,3,1770
2602,17-08-2022,Same Day,Consumer,Office Supplies,Paper,OFF-PA-10000349,10,10,3,4,3110
2603,14-09-2023,Same Day,Consumer,Technology,Machines,TEC-MA-10003356,1240,1350,3,5,1017
2604,13-12-2023,Same Day,Consumer,Furniture,Bookcases,FUR-BO-10000362,110,140,1,3,1831
2605,07-06-2022,Same Day,Consumer,Furniture,Furnishings,FUR-FU-10003878,50,60,4,4,2125
2606,15-04-2022,Standard Class,Corporate,Office Supplies,Binders,OFF-BI-10000591,0,0,1,2,3759
2607,05-08-2023,Standard Class,Home Office,Office Supplies,Art,OFF-AR-10003727,20,20,1,2,2791
2608,26-12-2022,Standard Class,Corporate,Technology,Accessories,TEC-AC-10001635,20,20,3,5,406
2609,06-11-2023,Standard Class,Corporate,Office Supplies,Labels,OFF-LA-10001317,0,0,1,4,330
2610,11-12-2023,Standard Class,Corporate,Furniture,Tables,FUR-TA-10000577,1160,1220,5,2,517
2611,02-07-2022,Standard Class,Corporate,Office Supplies,Labels,OFF-LA-10000248,10,10,2,3,2038
2612,17-12-2022,Standard Class,Corporate,Office Supplies,Paper,OFF-PA-10000955,20,20,3,2,4831
2613,16-10-2023,Standard Class,Corporate,Furniture,Furnishings,FUR-FU-10000221,10,10,3,3,3427
2614,13-12-2023,Standard Class,Corporate,Furniture,Chairs,FUR-CH-10002304,40,40,2,4,1026
2615,21-05-2023,Standard Class,Corporate,Furniture,Chairs,FUR-CH-10004886,210,230,3,2,2197
2616,02-03-2022,Standard Class,Corporate,Office Supplies,Binders,OFF-BI-10001525,20,20,6,4,2674
2617,04-04-2022,Standard Class,Consumer,Office Supplies,Labels,OFF-LA-10003663,10,10,2,3,3275
2618,14-05-2022,Standard Class,Consumer,Office Supplies,Binders,OFF-BI-10001294,100,120,13,5,4330
2619,01-10-2023,Standard Class,Corporate,Office Supplies,Art,OFF-AR-10000369,0,0,3,5,3388
2620,05-11-2022,Standard Class,Corporate,Technology,Phones,TEC-PH-10001300,60,70,4,4,4108
2621,25-11-2022,Standard Class,Corporate,Office Supplies,Storage,OFF-ST-10000876,30,40,3,2,3679
2622,28-12-2023,Standard Class,Corporate,Office Supplies,Labels,OFF-LA-10001404,20,20,5,4,2105
2623,28-02-2023,Second Class,Corporate,Office Supplies,Paper,OFF-PA-10001972,30,30,4,2,1561
2624,11-04-2023,First Class,Home Office,Technology,Copiers,TEC-CO-10004722,10300,11200,4,2,4134
2625,17-12-2022,First Class,Home Office,Technology,Phones,TEC-PH-10001494,2160,2400,8,5,1952
2626,16-09-2023,First Class,Home Office,Office Supplies,Envelopes,OFF-EN-10002500,60,60,5,5,1474
2627,15-01-2022,First Class,Home Office,Technology,Phones,TEC-PH-10003800,50,50,1,3,3614
2628,11-05-2023,First Class,Corporate,Technology,Accessories,TEC-AC-10002399,60,60,4,3,4219
2629,29-06-2023,First Class,Corporate,Technology,Machines,TEC-MA-10002210,550,650,7,5,2978
2630,15-12-2023,First Class,Corporate,Office Supplies,Binders,OFF-BI-10003196,10,10,10,3,4861
2631,15-06-2023,Standard Class,Consumer,Office Supplies,Paper,OFF-PA-10000477,10,10,3,3,2241
2632,04-01-2022,Standard Class,Consumer,Furniture,Furnishings,FUR-FU-10000076,40,40,2,2,4341
2633,22-03-2022,Standard Class,Consumer,Furniture,Chairs,FUR-CH-10002017,30,40,2,4,899
2634,16-04-2022,Standard Class,Consumer,Furniture,Chairs,FUR-CH-10004287,180,220,1,5,409
2635,09-03-2023,Second Class,Corporate,Furniture,Furnishings,FUR-FU-10003829,0,0,2,3,4828
2636,03-05-2022,Second Class,Corporate,Office Supplies,Binders,OFF-BI-10004728,10,10,5,4,374
2637,24-02-2022,Standard Class,Corporate,Office Supplies,Storage,OFF-ST-10000046,300,320,2,5,4376
2638,27-04-2023,Standard Class,Consumer,Office Supplies,Paper,OFF-PA-10000697,20,20,4,3,784
2639,08-05-2023,Standard Class,Consumer,Office Supplies,Binders,OFF-BI-10000848,10,10,3,5,4504
2640,16-07-2022,Standard Class,Consumer,Office Supplies,Art,OFF-AR-10004691,60,60,3,3,3629
2641,26-05-2023,Standard Class,Consumer,Furniture,Chairs,FUR-CH-10000595,760,860,4,3,901
2642,02-09-2023,Standard Class,Consumer,Technology,Accessories,TEC-AC-10000927,30,30,1,4,2969
2643,21-09-2022,First Class,Consumer,Office Supplies,Paper,OFF-PA-10001289,160,190,6,5,4324
2644,02-05-2022,Second Class,Home Office,Technology,Phones,TEC-PH-10003092,40,40,1,2,1318
2645,15-10-2022,Second Class,Home Office,Furniture,Furnishings,FUR-FU-10000206,20,20,8,3,2563
2646,27-01-2022,Second Class,Consumer,Furniture,Furnishings,FUR-FU-10004270,50,60,3,3,4047
2647,09-04-2022,Second Class,Consumer,Office Supplies,Binders,OFF-BI-10000948,40,40,3,5,1007
2648,07-12-2022,Second Class,Consumer,Office Supplies,Paper,OFF-PA-10000223,10,10,2,3,4208
2649,08-02-2022,Second Class,Consumer,Furniture,Furnishings,FUR-FU-10004665,690,820,6,4,4551
2650,27-10-2022,Second Class,Consumer,Technology,Phones,TEC-PH-10000215,90,100,3,3,4262
2651,23-07-2022,Standard Class,Corporate,Furniture,Bookcases,FUR-BO-10004467,350,420,5,5,4487
2652,13-04-2023,Second Class,Corporate,Office Supplies,Binders,OFF-BI-10000829,10,10,3,4,3876
2653,09-06-2023,Second Class,Corporate,Office Supplies,Binders,OFF-BI-10003712,10,10,3,4,4432
2654,02-01-2023,Second Class,Corporate,Office Supplies,Paper,OFF-PA-10000062,140,160,3,4,1766
2655,30-10-2022,Second Class,Corporate,Furniture,Bookcases,FUR-BO-10003404,1080,1290,3,4,2943
2656,01-06-2022,Second Class,Corporate,Office Supplies,Binders,OFF-BI-10004233,30,30,2,5,357
2657,08-11-2023,Second Class,Corporate,Office Supplies,Storage,OFF-ST-10001272,220,260,2,2,4975
2658,13-12-2022,Second Class,Corporate,Office Supplies,Labels,OFF-LA-10001175,10,10,5,2,4193
2659,21-08-2022,Standard Class,Consumer,Office Supplies,Envelopes,OFF-EN-10004030,10,10,3,5,1375
2660,10-07-2022,Standard Class,Corporate,Furniture,Chairs,FUR-CH-10004287,720,880,4,5,3136
2661,25-08-2023,Standard Class,Corporate,Technology,Phones,TEC-PH-10002834,1580,1980,11,2,114
2662,15-09-2023,Standard Class,Corporate,Office Supplies,Envelopes,OFF-EN-10003055,70,80,2,4,411
2663,18-02-2023,First Class,Home Office,Office Supplies,Binders,OFF-BI-10003460,10,10,2,5,2532
2664,31-03-2023,First Class,Consumer,Office Supplies,Labels,OFF-LA-10001569,0,0,1,5,1982
2665,01-10-2022,First Class,Consumer,Furniture,Tables,FUR-TA-10004534,300,370,3,4,4144
2666,04-04-2023,First Class,Consumer,Office Supplies,Binders,OFF-BI-10002954,0,0,2,5,1074
2667,22-06-2023,Same Day,Consumer,Technology,Accessories,TEC-AC-10003832,60,80,3,3,1204
2668,30-09-2023,Same Day,Consumer,Office Supplies,Paper,OFF-PA-10000474,30,30,1,2,3122
2669,23-05-2023,Standard Class,Home Office,Furniture,Chairs,FUR-CH-10002774,30,40,1,3,3760
2670,14-06-2022,Standard Class,Home Office,Office Supplies,Appliances,OFF-AP-10002765,100,110,4,2,2620
2671,09-11-2022,Second Class,Corporate,Office Supplies,Paper,OFF-PA-10001144,140,170,3,2,3814
2672,25-11-2022,Second Class,Corporate,Furniture,Chairs,FUR-CH-10003761,730,790,6,4,4672
2673,15-02-2022,Second Class,Corporate,Office Supplies,Paper,OFF-PA-10004665,20,30,2,2,3859
2674,06-01-2023,Second Class,Corporate,Office Supplies,Storage,OFF-ST-10000078,1100,1330,5,5,249
2675,16-10-2022,Same Day,Consumer,Office Supplies,Paper,OFF-PA-10000357,140,170,3,5,4041
2676,23-06-2023,Standard Class,Consumer,Office Supplies,Art,OFF-AR-10000422,10,10,5,3,4908
2677,24-03-2022,Standard Class,Consumer,Office Supplies,Appliances,OFF-AP-10001205,30,40,1,4,2568
2678,30-11-2023,Same Day,Consumer,Office Supplies,Binders,OFF-BI-10001116,10,10,7,5,2686
2679,20-12-2022,Same Day,Consumer,Office Supplies,Binders,OFF-BI-10002931,30,30,2,2,5080
2680,23-11-2022,Standard Class,Home Office,Office Supplies,Binders,OFF-BI-10000546,10,10,5,2,1259
2681,15-02-2023,Standard Class,Home Office,Technology,Accessories,TEC-AC-10002049,520,620,5,4,4868
2682,18-03-2023,Standard Class,Home Office,Office Supplies,Binders,OFF-BI-10001196,70,90,4,2,3793
2683,08-04-2022,Standard Class,Home Office,Technology,Machines,TEC-MA-10002981,310,350,3,5,5002
2684,17-07-2022,Standard Class,Home Office,Technology,Phones,TEC-PH-10003601,130,160,1,5,2079
2685,26-09-2022,Standard Class,Consumer,Office Supplies,Binders,OFF-BI-10000632,250,310,9,2,1399
2686,19-01-2023,Standard Class,Consumer,Office Supplies,Envelopes,OFF-EN-10003055,90,100,3,3,3505
2687,03-11-2023,Standard Class,Consumer,Office Supplies,Binders,OFF-BI-10001031,0,0,2,3,1515
2688,17-01-2022,First Class,Consumer,Office Supplies,Binders,OFF-BI-10002003,0,0,5,5,2104
2689,09-02-2022,First Class,Corporate,Office Supplies,Paper,OFF-PA-10003016,20,20,5,5,385
2690,21-10-2022,First Class,Consumer,Office Supplies,Art,OFF-AR-10004582,10,10,4,4,752
2691,24-03-2022,Standard Class,Consumer,Office Supplies,Binders,OFF-BI-10004364,10,10,3,2,1624
2692,12-04-2022,Standard Class,Consumer,Office Supplies,Paper,OFF-PA-10002246,20,20,3,2,2200
2693,30-07-2023,Standard Class,Consumer,Technology,Phones,TEC-PH-10002890,100,110,3,5,3607
2694,11-11-2022,Standard Class,Corporate,Furniture,Furnishings,FUR-FU-10001475,90,110,5,4,3399
2695,15-11-2022,Standard Class,Consumer,Furniture,Furnishings,FUR-FU-10004270,20,20,1,5,5015
2696,24-12-2022,First Class,Consumer,Office Supplies,Paper,OFF-PA-10003465,30,30,2,5,4172
2697,26-08-2022,Standard Class,Home Office,Technology,Machines,TEC-MA-10003626,760,820,4,4,2213
2698,13-10-2023,Standard Class,Home Office,Technology,Machines,TEC-MA-10002412,18110,22640,6,4,1378
2699,05-09-2023,Standard Class,Home Office,Office Supplies,Paper,OFF-PA-10001804,20,20,4,2,342
2700,28-04-2022,Standard Class,Home Office,Office Supplies,Art,OFF-AR-10003183,10,10,3,4,1015
2701,06-01-2022,Standard Class,Home Office,Furniture,Furnishings,FUR-FU-10004270,30,30,2,3,384
2702,22-04-2022,Standard Class,Home Office,Office Supplies,Fasteners,OFF-FA-10003112,20,20,3,3,2511
2703,07-09-2022,Standard Class,Home Office,Furniture,Furnishings,FUR-FU-10001986,100,120,3,3,4831
2704,16-12-2023,Standard Class,Consumer,Office Supplies,Paper,OFF-PA-10002319,110,120,3,2,688
2705,13-09-2022,Second Class,Consumer,Technology,Accessories,TEC-AC-10002323,120,130,6,4,1076
2706,14-09-2023,Standard Class,Home Office,Office Supplies,Supplies,OFF-SU-10001165,20,20,2,5,4365
2707,19-05-2022,Standard Class,Home Office,Office Supplies,Paper,OFF-PA-10001246,20,20,3,2,3515
2708,07-02-2023,Standard Class,Home Office,Office Supplies,Paper,OFF-PA-10001815,160,190,4,5,3191
2709,09-01-2023,Standard Class,Consumer,Furniture,Furnishings,FUR-FU-10001876,200,230,7,2,3527
2710,30-04-2023,Standard Class,Consumer,Technology,Machines,TEC-MA-10000488,1650,1920,3,3,78
2711,08-04-2023,Standard Class,Consumer,Office Supplies,Binders,OFF-BI-10001098,10,10,2,5,406
2712,27-08-2022,First Class,Corporate,Furniture,Furnishings,FUR-FU-10003577,50,50,4,5,2265
2713,28-11-2022,Second Class,Consumer,Office Supplies,Art,OFF-AR-10002656,50,60,9,2,2945
2714,04-08-2022,Standard Class,Consumer,Technology,Phones,TEC-PH-10004531,260,300,3,5,3881
2715,13-11-2023,Standard Class,Home Office,Office Supplies,Art,OFF-AR-10003251,10,10,5,5,969
2716,20-03-2023,Standard Class,Corporate,Technology,Phones,TEC-PH-10000673,120,130,2,5,3541
2717,31-07-2022,Standard Class,Home Office,Technology,Accessories,TEC-AC-10000158,70,70,2,2,1904
2718,24-05-2022,Standard Class,Consumer,Technology,Phones,TEC-PH-10002075,320,380,3,4,427
2719,20-09-2022,Standard Class,Consumer,Office Supplies,Storage,OFF-ST-10004340,100,120,2,4,4576
2720,20-10-2023,Second Class,Consumer,Furniture,Furnishings,FUR-FU-10002759,20,20,3,4,4851
2721,04-02-2022,Second Class,Corporate,Office Supplies,Fasteners,OFF-FA-10000585,10,10,3,3,2541
2722,04-07-2023,Second Class,Corporate,Office Supplies,Appliances,OFF-AP-10004859,50,60,5,3,3612
2723,13-12-2022,Second Class,Consumer,Office Supplies,Storage,OFF-ST-10001558,70,80,5,2,3900
2724,21-10-2023,Standard Class,Consumer,Office Supplies,Labels,OFF-LA-10004689,10,10,5,2,2361
2725,07-01-2023,Standard Class,Consumer,Office Supplies,Binders,OFF-BI-10002867,90,100,2,3,1467
2726,01-08-2023,Standard Class,Consumer,Technology,Phones,TEC-PH-10003811,310,360,5,5,4480
2727,08-07-2022,Standard Class,Consumer,Furniture,Tables,FUR-TA-10000849,300,350,4,2,233
2728,18-08-2023,First Class,Consumer,Office Supplies,Binders,OFF-BI-10000848,0,0,1,2,962
2729,16-02-2023,First Class,Consumer,Technology,Phones,TEC-PH-10003072,600,630,7,3,1640
2730,31-10-2023,Standard Class,Consumer,Office Supplies,Art,OFF-AR-10001547,10,10,3,3,665
2731,17-04-2022,Standard Class,Consumer,Technology,Accessories,TEC-AC-10001838,680,800,4,5,3025
2732,08-01-2023,Standard Class,Consumer,Furniture,Furnishings,FUR-FU-10004017,100,110,1,4,817
2733,04-11-2023,Standard Class,Consumer,Technology,Phones,TEC-PH-10002923,70,70,2,3,2298
2734,06-05-2023,Standard Class,Consumer,Office Supplies,Art,OFF-AR-10000716,10,10,1,5,74
2735,04-09-2022,Second Class,Consumer,Office Supplies,Paper,OFF-PA-10000249,40,50,4,3,4641
2736,24-04-2023,Standard Class,Consumer,Technology,Phones,TEC-PH-10003691,360,380,3,5,2457
2737,04-02-2023,Standard Class,Consumer,Office Supplies,Paper,OFF-PA-10001560,40,40,7,3,1682
2738,23-07-2022,Standard Class,Consumer,Furniture,Bookcases,FUR-BO-10004467,270,300,3,3,4632
2739,12-11-2022,Standard Class,Consumer,Technology,Phones,TEC-PH-10001819,80,90,2,3,65
2740,23-09-2022,First Class,Corporate,Office Supplies,Supplies,OFF-SU-10000157,400,480,4,3,177
2741,31-10-2022,First Class,Corporate,Technology,Accessories,TEC-AC-10004227,20,30,2,2,4396
2742,30-07-2022,Second Class,Consumer,Office Supplies,Envelopes,OFF-EN-10003134,50,50,5,5,643
2743,10-01-2023,Standard Class,Consumer,Furniture,Furnishings,FUR-FU-10004671,40,40,2,4,3398
2744,31-08-2023,Second Class,Corporate,Furniture,Furnishings,FUR-FU-10002253,220,260,6,5,1648
2745,23-04-2022,Second Class,Corporate,Technology,Phones,TEC-PH-10002726,110,130,3,5,69
2746,12-09-2022,Second Class,Consumer,Technology,Accessories,TEC-AC-10004571,60,80,1,3,831
2747,30-05-2023,Standard Class,Consumer,Furniture,Tables,FUR-TA-10002228,590,700,3,3,4591
2748,27-02-2023,Standard Class,Home Office,Technology,Accessories,TEC-AC-10004127,30,30,4,5,162
2749,16-02-2022,Standard Class,Consumer,Office Supplies,Binders,OFF-BI-10001553,10,10,3,3,3324
2750,22-06-2022,Standard Class,Consumer,Furniture,Chairs,FUR-CH-10002758,510,590,3,5,3073
2751,16-08-2023,Second Class,Consumer,Office Supplies,Storage,OFF-ST-10000532,390,420,11,4,246
2752,24-05-2022,Standard Class,Consumer,Furniture,Chairs,FUR-CH-10000988,180,230,2,2,2301
2753,14-12-2022,Standard Class,Consumer,Office Supplies,Art,OFF-AR-10003251,10,10,2,3,742
2754,31-10-2022,Standard Class,Consumer,Technology,Accessories,TEC-AC-10003174,290,320,3,2,1381
2755,13-11-2022,Standard Class,Consumer,Technology,Phones,TEC-PH-10002310,740,780,5,2,3528
2756,13-12-2023,Standard Class,Consumer,Office Supplies,Appliances,OFF-AP-10002651,1330,1450,5,3,549
2757,30-10-2022,Standard Class,Consumer,Office Supplies,Paper,OFF-PA-10001184,10,10,2,2,321
2758,15-03-2023,Second Class,Consumer,Technology,Accessories,TEC-AC-10002402,200,240,3,5,3730
2759,22-05-2023,Standard Class,Home Office,Furniture,Furnishings,FUR-FU-10004270,70,80,4,2,2961
2760,16-06-2022,Standard Class,Home Office,Office Supplies,Storage,OFF-ST-10001526,430,480,4,5,2390
2761,02-06-2023,First Class,Home Office,Office Supplies,Paper,OFF-PA-10002893,40,50,5,4,1662
2762,08-04-2022,First Class,Home Office,Technology,Accessories,TEC-AC-10003709,0,0,1,3,3581
2763,16-05-2023,First Class,Home Office,Office Supplies,Binders,OFF-BI-10001191,90,100,5,2,3852
2764,14-05-2023,Standard Class,Home Office,Office Supplies,Binders,OFF-BI-10003166,10,10,3,3,3300
2765,06-08-2022,Standard Class,Home Office,Office Supplies,Binders,OFF-BI-10003982,20,30,5,4,835
2766,27-04-2022,Standard Class,Home Office,Office Supplies,Storage,OFF-ST-10004835,10,10,2,2,4520
2767,12-12-2022,First Class,Consumer,Office Supplies,Appliances,OFF-AP-10000159,30,30,1,5,1675
2768,28-02-2022,First Class,Consumer,Office Supplies,Appliances,OFF-AP-10002945,1590,1920,8,5,2854
2769,18-07-2023,Standard Class,Consumer,Office Supplies,Appliances,OFF-AP-10001242,20,30,2,4,3580
2770,11-06-2022,Standard Class,Consumer,Technology,Accessories,TEC-AC-10003038,40,50,7,2,1240
2771,16-11-2023,Standard Class,Consumer,Technology,Accessories,TEC-AC-10003289,40,50,3,4,1117
2772,20-09-2022,Standard Class,Consumer,Office Supplies,Storage,OFF-ST-10000918,50,50,5,5,980
2773,15-09-2022,First Class,Consumer,Furniture,Furnishings,FUR-FU-10001940,20,20,3,3,4466
2774,04-08-2023,Standard Class,Consumer,Office Supplies,Binders,OFF-BI-10002852,40,50,3,2,3530
2775,13-05-2023,Standard Class,Home Office,Office Supplies,Paper,OFF-PA-10004451,10,10,2,2,4465
2776,19-10-2022,Standard Class,Consumer,Office Supplies,Storage,OFF-ST-10004804,140,150,3,3,137
2777,06-09-2022,Standard Class,Corporate,Office Supplies,Appliances,OFF-AP-10003971,60,60,7,5,999
2778,22-01-2023,Second Class,Consumer,Furniture,Bookcases,FUR-BO-10003159,160,200,2,3,4433
2779,10-08-2022,Standard Class,Corporate,Furniture,Furnishings,FUR-FU-10001935,20,20,8,3,2838
2780,25-08-2023,Standard Class,Corporate,Technology,Accessories,TEC-AC-10003433,0,0,3,4,1692
2781,13-05-2023,First Class,Consumer,Office Supplies,Labels,OFF-LA-10004544,50,60,4,5,612
2782,17-11-2022,Standard Class,Consumer,Office Supplies,Art,OFF-AR-10001026,20,20,10,4,3649
2783,26-02-2022,Standard Class,Consumer,Technology,Phones,TEC-PH-10001336,220,260,2,2,4409
2784,26-10-2022,Standard Class,Corporate,Technology,Phones,TEC-PH-10003187,20,20,2,3,2729
2785,29-10-2022,Standard Class,Corporate,Technology,Phones,TEC-PH-10004897,20,20,4,4,3548
2786,08-05-2022,First Class,Home Office,Furniture,Chairs,FUR-CH-10004997,530,600,4,4,4622
2787,02-04-2022,First Class,Home Office,Office Supplies,Fasteners,OFF-FA-10002763,10,10,2,5,1666
2788,16-12-2022,Standard Class,Corporate,Furniture,Furnishings,FUR-FU-10001588,60,60,5,4,3175
2789,17-06-2022,Standard Class,Corporate,Office Supplies,Art,OFF-AR-10000940,20,20,7,4,2884
2790,30-04-2023,Standard Class,Corporate,Furniture,Furnishings,FUR-FU-10002759,30,40,5,3,652
2791,07-09-2023,First Class,Corporate,Office Supplies,Appliances,OFF-AP-10000358,30,30,2,4,2568
2792,04-06-2022,First Class,Corporate,Office Supplies,Appliances,OFF-AP-10003281,40,40,3,4,2876
2793,27-06-2022,First Class,Corporate,Office Supplies,Paper,OFF-PA-10000029,10,10,1,5,3812
2794,24-09-2023,Standard Class,Corporate,Technology,Phones,TEC-PH-10001557,950,1080,14,5,2090
2795,29-12-2022,Standard Class,Corporate,Technology,Phones,TEC-PH-10000576,390,440,4,2,4616
2796,03-11-2023,Standard Class,Corporate,Office Supplies,Binders,OFF-BI-10002764,20,20,7,2,1392
2797,23-05-2022,Standard Class,Corporate,Furniture,Bookcases,FUR-BO-10001337,290,310,3,3,3848
2798,18-05-2022,Standard Class,Consumer,Office Supplies,Art,OFF-AR-10002257,10,10,4,2,4950
2799,22-08-2023,Standard Class,Consumer,Office Supplies,Paper,OFF-PA-10001019,40,40,2,4,3566
2800,20-03-2022,Standard Class,Consumer,Office Supplies,Binders,OFF-BI-10003364,130,150,5,2,4313
2801,07-12-2022,First Class,Corporate,Technology,Phones,TEC-PH-10000984,620,780,5,5,3638
2802,23-06-2022,First Class,Consumer,Office Supplies,Art,OFF-AR-10001683,10,10,1,4,3549
2803,13-12-2023,Standard Class,Consumer,Furniture,Furnishings,FUR-FU-10000629,30,40,3,4,2795
2804,21-06-2023,Standard Class,Consumer,Office Supplies,Paper,OFF-PA-10003893,10,10,3,2,1623
2805,04-06-2023,Standard Class,Consumer,Office Supplies,Paper,OFF-PA-10004239,30,30,6,5,1769
2806,07-05-2022,Standard Class,Consumer,Furniture,Chairs,FUR-CH-10000553,40,50,2,4,1307
2807,13-01-2022,Second Class,Consumer,Office Supplies,Fasteners,OFF-FA-10004395,10,10,2,2,2068
2808,23-08-2022,Second Class,Consumer,Office Supplies,Paper,OFF-PA-10004782,10,10,2,3,1755
2809,22-01-2023,Second Class,Consumer,Furniture,Bookcases,FUR-BO-10002213,600,700,5,4,3512
2810,14-03-2022,Second Class,Consumer,Furniture,Chairs,FUR-CH-10001854,480,560,2,5,1776
2811,21-11-2023,Second Class,Home Office,Office Supplies,Paper,OFF-PA-10000157,160,180,9,4,2579
2812,20-05-2022,Second Class,Home Office,Furniture,Furnishings,FUR-FU-10001185,150,190,6,4,2154
2813,11-10-2023,Second Class,Home Office,Furniture,Tables,FUR-TA-10001520,180,210,3,4,3595
2814,02-12-2023,Second Class,Home Office,Technology,Accessories,TEC-AC-10004145,910,1000,4,2,4858
2815,01-04-2022,Second Class,Home Office,Furniture,Tables,FUR-TA-10000688,550,650,3,3,2761
2816,24-01-2022,Standard Class,Home Office,Office Supplies,Binders,OFF-BI-10001510,100,110,5,2,2789
2817,07-01-2023,Standard Class,Home Office,Furniture,Chairs,FUR-CH-10003817,60,60,1,4,1034
2818,13-02-2023,Standard Class,Home Office,Furniture,Furnishings,FUR-FU-10000308,100,120,2,5,1174
2819,18-04-2022,Standard Class,Home Office,Office Supplies,Storage,OFF-ST-10003208,880,1090,6,4,1008
2820,26-04-2022,First Class,Consumer,Office Supplies,Binders,OFF-BI-10003784,10,10,5,2,2790
2821,26-04-2022,First Class,Consumer,Furniture,Tables,FUR-TA-10003748,290,300,3,3,4813
2822,03-02-2023,Standard Class,Consumer,Technology,Phones,TEC-PH-10002563,270,300,3,2,5044
2823,09-03-2023,First Class,Consumer,Office Supplies,Art,OFF-AR-10000122,10,10,2,2,4444
2824,14-10-2023,First Class,Consumer,Office Supplies,Storage,OFF-ST-10000352,40,50,2,3,4387
2825,12-09-2022,Standard Class,Home Office,Office Supplies,Paper,OFF-PA-10003270,30,30,8,3,482
2826,12-03-2022,Standard Class,Home Office,Furniture,Bookcases,FUR-BO-10003272,240,300,2,4,3058
2827,06-11-2022,Standard Class,Home Office,Office Supplies,Binders,OFF-BI-10002982,0,0,2,3,3725
2828,10-11-2022,Standard Class,Home Office,Office Supplies,Envelopes,OFF-EN-10001509,0,0,2,5,3162
2829,29-07-2023,First Class,Consumer,Office Supplies,Paper,OFF-PA-10002421,100,110,6,3,633
2830,20-11-2023,First Class,Consumer,Office Supplies,Storage,OFF-ST-10000760,50,60,5,4,1444
2831,28-01-2022,First Class,Consumer,Office Supplies,Paper,OFF-PA-10002923,70,80,2,5,5006
2832,29-04-2022,Standard Class,Consumer,Office Supplies,Storage,OFF-ST-10001128,410,440,5,2,1853
2833,17-08-2022,Standard Class,Consumer,Technology,Phones,TEC-PH-10000673,150,160,3,3,1426
2834,17-03-2023,Second Class,Corporate,Office Supplies,Art,OFF-AR-10001547,20,20,7,5,140
2835,14-01-2023,Second Class,Corporate,Office Supplies,Binders,OFF-BI-10001890,10,10,2,3,1875
2836,29-09-2023,Standard Class,Consumer,Office Supplies,Appliances,OFF-AP-10003971,10,10,1,2,2541
2837,15-02-2023,Standard Class,Consumer,Office Supplies,Paper,OFF-PA-10000520,20,20,3,5,655
2838,20-02-2023,Standard Class,Consumer,Office Supplies,Binders,OFF-BI-10000977,110,120,5,2,2295
2839,03-02-2023,First Class,Consumer,Technology,Machines,TEC-MA-10002178,560,700,2,3,3648
2840,27-04-2022,Second Class,Corporate,Office Supplies,Storage,OFF-ST-10001526,100,120,1,3,3715
2841,08-08-2022,Standard Class,Home Office,Furniture,Chairs,FUR-CH-10003379,980,1140,4,3,4784
2842,05-08-2023,Second Class,Consumer,Office Supplies,Paper,OFF-PA-10000100,180,230,7,5,3407
2843,22-04-2023,Standard Class,Consumer,Office Supplies,Storage,OFF-ST-10001809,120,140,2,3,1950
2844,19-11-2022,Standard Class,Consumer,Technology,Accessories,TEC-AC-10000387,40,40,3,2,1376
2845,30-09-2023,Standard Class,Corporate,Furniture,Chairs,FUR-CH-10004853,710,850,8,3,1294
2846,30-06-2022,First Class,Consumer,Office Supplies,Art,OFF-AR-10001958,50,50,3,5,1037
2847,24-06-2022,Standard Class,Home Office,Office Supplies,Binders,OFF-BI-10003527,680,760,3,3,4442
2848,04-03-2022,Standard Class,Corporate,Furniture,Furnishings,FUR-FU-10003832,60,60,6,5,2702
2849,14-12-2022,Standard Class,Corporate,Office Supplies,Binders,OFF-BI-10001359,2390,2690,3,3,191
2850,02-07-2022,Standard Class,Corporate,Office Supplies,Binders,OFF-BI-10002976,10,10,6,2,4343
2851,17-08-2023,First Class,Corporate,Office Supplies,Storage,OFF-ST-10000736,50,60,1,4,2327
2852,26-01-2023,Standard Class,Home Office,Office Supplies,Paper,OFF-PA-10001745,30,30,4,5,757
2853,27-06-2022,Second Class,Consumer,Furniture,Furnishings,FUR-FU-10000409,10,10,1,5,1031
2854,23-12-2022,Second Class,Consumer,Furniture,Furnishings,FUR-FU-10000221,20,20,4,3,1318
2855,14-07-2022,Same Day,Corporate,Office Supplies,Storage,OFF-ST-10000344,40,40,3,2,2620
2856,08-12-2023,Standard Class,Consumer,Office Supplies,Labels,OFF-LA-10003663,20,20,7,4,2372
2857,03-03-2022,First Class,Corporate,Furniture,Chairs,FUR-CH-10001215,1490,1600,4,3,2005
2858,11-07-2023,Second Class,Consumer,Furniture,Chairs,FUR-CH-10000988,180,230,2,3,949
2859,21-09-2023,Standard Class,Consumer,Technology,Accessories,TEC-AC-10003441,60,70,4,3,2784
2860,29-05-2023,Standard Class,Consumer,Technology,Phones,TEC-PH-10004389,310,380,3,3,1711
2861,24-02-2023,Standard Class,Consumer,Furniture,Bookcases,FUR-BO-10004695,1340,1630,9,5,3064
2862,16-08-2022,Standard Class,Consumer,Office Supplies,Paper,OFF-PA-10000100,240,290,7,3,4843
2863,02-09-2022,Standard Class,Consumer,Office Supplies,Paper,OFF-PA-10000223,20,20,4,2,4897
2864,03-10-2023,Same Day,Consumer,Office Supplies,Storage,OFF-ST-10001325,30,30,3,5,2968
2865,03-01-2022,Same Day,Consumer,Office Supplies,Appliances,OFF-AP-10004249,70,80,7,4,3085
2866,27-05-2023,Same Day,Consumer,Office Supplies,Art,OFF-AR-10000588,50,60,3,4,5023
2867,10-02-2022,Same Day,Consumer,Office Supplies,Supplies,OFF-SU-10000946,20,30,4,2,1512
2868,19-05-2023,Second Class,Consumer,Office Supplies,Supplies,OFF-SU-10001225,10,10,5,4,1897
2869,31-05-2023,Second Class,Consumer,Office Supplies,Storage,OFF-ST-10001558,40,40,3,5,4668
2870,29-04-2023,Standard Class,Consumer,Furniture,Furnishings,FUR-FU-10001546,20,20,2,5,1051
2871,05-10-2023,Standard Class,Corporate,Office Supplies,Paper,OFF-PA-10002581,60,70,3,5,853
2872,26-03-2023,Standard Class,Corporate,Furniture,Chairs,FUR-CH-10001482,270,310,3,3,2256
2873,15-09-2022,Standard Class,Consumer,Office Supplies,Art,OFF-AR-10002399,0,0,1,3,4551
2874,17-07-2023,Standard Class,Consumer,Office Supplies,Storage,OFF-ST-10001963,750,810,8,2,1839
2875,18-04-2023,First Class,Consumer,Office Supplies,Fasteners,OFF-FA-10002988,10,10,3,4,4260
2876,16-02-2022,Second Class,Consumer,Furniture,Chairs,FUR-CH-10004289,120,150,2,2,1153
2877,15-05-2022,Second Class,Consumer,Furniture,Chairs,FUR-CH-10000785,920,1010,7,5,33
2878,31-08-2023,Standard Class,Home Office,Office Supplies,Envelopes,OFF-EN-10003040,50,50,2,4,3333
2879,15-12-2022,Standard Class,Home Office,Office Supplies,Art,OFF-AR-10001573,0,0,2,5,95
2880,11-09-2023,Standard Class,Home Office,Technology,Accessories,TEC-AC-10000844,210,250,3,5,3612
2881,28-06-2023,Second Class,Home Office,Office Supplies,Binders,OFF-BI-10000756,30,30,6,2,3600
2882,06-11-2022,Second Class,Home Office,Office Supplies,Supplies,OFF-SU-10000381,30,30,3,5,2217
2883,12-07-2022,Standard Class,Consumer,Office Supplies,Binders,OFF-BI-10004094,10,10,5,5,388
2884,19-01-2023,Second Class,Consumer,Furniture,Furnishings,FUR-FU-10001852,10,10,4,5,479
2885,24-06-2023,Standard Class,Consumer,Office Supplies,Binders,OFF-BI-10000014,20,20,2,4,4133
2886,12-09-2023,Standard Class,Consumer,Furniture,Chairs,FUR-CH-10003396,290,310,5,5,967
2887,17-09-2022,First Class,Consumer,Office Supplies,Art,OFF-AR-10003811,10,10,3,2,4705
2888,01-02-2023,First Class,Consumer,Office Supplies,Paper,OFF-PA-10003172,10,10,2,2,1055
2889,12-07-2023,First Class,Consumer,Office Supplies,Paper,OFF-PA-10000289,20,30,5,5,4202
2890,08-01-2023,Standard Class,Corporate,Office Supplies,Paper,OFF-PA-10000791,20,20,5,5,4264
2891,26-08-2022,Second Class,Consumer,Furniture,Chairs,FUR-CH-10002304,40,50,2,2,4054
2892,08-07-2023,Second Class,Consumer,Office Supplies,Binders,OFF-BI-10000136,20,20,3,2,3490
2893,31-05-2022,Standard Class,Corporate,Office Supplies,Paper,OFF-PA-10003739,10,10,2,5,2485
2894,31-03-2023,Standard Class,Corporate,Office Supplies,Paper,OFF-PA-10002479,30,30,5,4,4212
2895,14-02-2022,Standard Class,Corporate,Furniture,Furnishings,FUR-FU-10000771,60,70,11,5,4899
2896,11-09-2022,Standard Class,Corporate,Technology,Phones,TEC-PH-10001552,40,40,3,2,4932
2897,03-02-2022,Standard Class,Consumer,Office Supplies,Art,OFF-AR-10001915,50,50,5,4,2996
2898,02-07-2022,Standard Class,Corporate,Technology,Copiers,TEC-CO-10000971,890,960,4,2,4120
2899,24-02-2022,Standard Class,Consumer,Furniture,Chairs,FUR-CH-10004086,330,410,2,5,4353
2900,27-07-2022,Standard Class,Consumer,Technology,Copiers,TEC-CO-10000971,410,480,2,2,2891
2901,22-12-2022,Standard Class,Consumer,Office Supplies,Labels,OFF-LA-10001317,10,10,4,4,141
2902,09-10-2022,Standard Class,Home Office,Office Supplies,Paper,OFF-PA-10003656,150,180,7,5,991
2903,05-10-2022,Standard Class,Consumer,Office Supplies,Paper,OFF-PA-10002160,20,20,5,4,4230
2904,15-10-2022,Standard Class,Corporate,Office Supplies,Paper,OFF-PA-10000575,30,40,7,5,3200
2905,25-03-2022,Standard Class,Corporate,Furniture,Chairs,FUR-CH-10003981,470,540,3,5,3752
2906,15-02-2022,Standard Class,Home Office,Office Supplies,Storage,OFF-ST-10002615,290,310,2,4,924
2907,13-10-2023,Standard Class,Consumer,Office Supplies,Paper,OFF-PA-10000327,10,10,2,4,3640
2908,11-07-2023,Standard Class,Consumer,Office Supplies,Storage,OFF-ST-10001325,40,50,5,2,2937
2909,06-05-2023,Standard Class,Consumer,Office Supplies,Labels,OFF-LA-10001771,10,10,3,3,2664
2910,26-07-2022,Standard Class,Consumer,Office Supplies,Fasteners,OFF-FA-10004968,10,10,3,5,2044
2911,14-06-2022,Standard Class,Consumer,Office Supplies,Appliances,OFF-AP-10000576,330,390,4,2,3092
2912,17-01-2023,Standard Class,Consumer,Office Supplies,Envelopes,OFF-EN-10003286,30,40,5,2,2468
2913,23-07-2022,Standard Class,Consumer,Office Supplies,Art,OFF-AR-10003772,30,40,4,5,3003
2914,06-07-2022,Standard Class,Consumer,Office Supplies,Binders,OFF-BI-10002852,30,40,3,4,2916
2915,22-01-2023,Second Class,Consumer,Technology,Phones,TEC-PH-10002890,110,140,3,2,1976
2916,14-03-2023,Second Class,Consumer,Office Supplies,Binders,OFF-BI-10001308,10,10,2,2,887
2917,01-12-2023,Second Class,Consumer,Technology,Phones,TEC-PH-10001750,230,260,4,5,1805
2918,20-12-2022,First Class,Consumer,Office Supplies,Art,OFF-AR-10003338,10,10,1,3,1021
2919,22-03-2022,Same Day,Corporate,Office Supplies,Fasteners,OFF-FA-10002763,20,20,5,2,3811
2920,23-11-2022,Same Day,Corporate,Furniture,Furnishings,FUR-FU-10002088,10,10,2,3,1653
2921,06-09-2022,Same Day,Corporate,Furniture,Furnishings,FUR-FU-10003976,60,70,7,3,1135
2922,12-04-2022,Same Day,Consumer,Office Supplies,Storage,OFF-ST-10001511,120,130,2,4,293
2923,09-10-2022,Second Class,Home Office,Office Supplies,Binders,OFF-BI-10000301,0,0,3,3,4945
2924,24-07-2022,Standard Class,Corporate,Office Supplies,Fasteners,OFF-FA-10003495,10,10,1,4,306
2925,10-12-2022,First Class,Consumer,Office Supplies,Appliances,OFF-AP-10001303,20,20,1,4,1992
2926,18-04-2023,First Class,Consumer,Furniture,Furnishings,FUR-FU-10002116,60,70,1,3,3174
2927,02-10-2023,Second Class,Consumer,Furniture,Furnishings,FUR-FU-10000771,20,20,3,3,1932
2928,14-04-2022,Standard Class,Consumer,Office Supplies,Art,OFF-AR-10002255,10,10,3,5,619
2929,11-04-2022,Standard Class,Home Office,Office Supplies,Binders,OFF-BI-10004995,1340,1630,4,5,730
2930,22-10-2022,Standard Class,Home Office,Furniture,Furnishings,FUR-FU-10002597,20,20,4,5,4917
2931,19-07-2023,Same Day,Consumer,Office Supplies,Binders,OFF-BI-10004970,10,10,2,2,4438
2932,03-07-2023,Same Day,Consumer,Office Supplies,Binders,OFF-BI-10002557,10,10,2,3,4944
2933,25-03-2023,Same Day,Consumer,Furniture,Chairs,FUR-CH-10000785,120,140,1,4,4459
2934,10-02-2023,Standard Class,Consumer,Technology,Phones,TEC-PH-10002310,140,160,1,4,532
2935,22-03-2023,Standard Class,Consumer,Technology,Phones,TEC-PH-10002834,370,430,3,5,1776
2936,11-10-2023,Standard Class,Consumer,Office Supplies,Envelopes,OFF-EN-10000927,30,40,1,3,3431
2937,17-08-2022,Standard Class,Consumer,Office Supplies,Binders,OFF-BI-10001636,40,50,7,4,1638
2938,19-04-2023,Standard Class,Consumer,Office Supplies,Paper,OFF-PA-10001736,220,250,7,3,1260
2939,27-03-2023,Standard Class,Consumer,Office Supplies,Paper,OFF-PA-10000482,160,190,5,4,4348
2940,22-10-2022,Standard Class,Consumer,Office Supplies,Binders,OFF-BI-10001658,50,60,3,3,1693
2941,18-10-2023,Standard Class,Corporate,Furniture,Chairs,FUR-CH-10000422,80,90,1,3,3192
2942,10-10-2023,Standard Class,Corporate,Furniture,Chairs,FUR-CH-10004675,1390,1530,7,5,419
2943,28-07-2022,Standard Class,Corporate,Furniture,Chairs,FUR-CH-10002880,350,370,3,5,2892
2944,05-09-2022,Standard Class,Consumer,Office Supplies,Storage,OFF-ST-10000675,290,310,9,3,306
2945,09-10-2023,Standard Class,Consumer,Furniture,Furnishings,FUR-FU-10002685,20,20,1,3,1599
2946,23-02-2022,First Class,Consumer,Furniture,Furnishings,FUR-FU-10004020,40,40,7,2,2562
2947,06-11-2022,Standard Class,Home Office,Furniture,Furnishings,FUR-FU-10004963,20,30,3,4,763
2948,13-01-2022,Standard Class,Home Office,Office Supplies,Binders,OFF-BI-10000174,50,60,14,3,2723
2949,11-07-2023,Standard Class,Home Office,Office Supplies,Envelopes,OFF-EN-10000461,30,40,5,4,2758
2950,22-07-2022,Same Day,Home Office,Technology,Accessories,TEC-AC-10001266,40,40,4,3,2828
2951,16-05-2022,Same Day,Home Office,Office Supplies,Paper,OFF-PA-10002160,20,20,5,4,2407
2952,01-04-2023,Same Day,Home Office,Furniture,Chairs,FUR-CH-10004875,100,110,2,3,2436
2953,06-09-2023,Same Day,Home Office,Furniture,Furnishings,FUR-FU-10000305,90,110,2,5,3153
2954,16-07-2022,Same Day,Home Office,Technology,Phones,TEC-PH-10000347,10,10,2,2,4231
2955,28-07-2022,Same Day,Home Office,Technology,Phones,TEC-PH-10001459,590,670,2,4,3662
2956,21-08-2023,Standard Class,Corporate,Technology,Phones,TEC-PH-10000439,30,40,1,5,3521
2957,08-09-2023,Standard Class,Home Office,Furniture,Chairs,FUR-CH-10002647,180,190,3,4,3476
2958,31-12-2023,Standard Class,Consumer,Office Supplies,Binders,OFF-BI-10003910,0,0,1,3,3059
2959,25-03-2023,Standard Class,Consumer,Office Supplies,Binders,OFF-BI-10001097,20,20,4,3,4967
2960,06-04-2023,Standard Class,Consumer,Office Supplies,Fasteners,OFF-FA-10004854,40,50,4,3,3448
2961,21-07-2023,Standard Class,Home Office,Office Supplies,Paper,OFF-PA-10003673,20,20,3,3,3620
2962,07-12-2022,Standard Class,Home Office,Office Supplies,Labels,OFF-LA-10002034,40,40,8,3,2975
2963,20-02-2022,Second Class,Corporate,Furniture,Chairs,FUR-CH-10002774,70,80,2,5,1133
2964,17-05-2023,Second Class,Corporate,Furniture,Chairs,FUR-CH-10003817,80,100,2,2,4698
2965,11-04-2023,Second Class,Corporate,Office Supplies,Binders,OFF-BI-10002949,20,20,5,2,3551
2966,28-02-2022,Second Class,Corporate,Furniture,Furnishings,FUR-FU-10002445,20,20,2,2,4555
2967,11-11-2022,Standard Class,Consumer,Furniture,Furnishings,FUR-FU-10001473,30,30,6,4,3588
2968,21-11-2023,Standard Class,Consumer,Office Supplies,Storage,OFF-ST-10002562,30,30,4,4,4321
2969,23-04-2023,Second Class,Consumer,Office Supplies,Appliances,OFF-AP-10002118,410,500,3,2,3779
2970,05-02-2022,Second Class,Consumer,Office Supplies,Paper,OFF-PA-10001800,30,30,6,2,4596
2971,23-12-2023,Second Class,Consumer,Office Supplies,Binders,OFF-BI-10002827,10,10,8,4,1440
2972,16-12-2023,Second Class,Consumer,Furniture,Furnishings,FUR-FU-10004671,30,30,2,4,2838
2973,28-05-2022,Second Class,Consumer,Office Supplies,Storage,OFF-ST-10000736,240,260,4,5,4314
2974,07-03-2023,Standard Class,Consumer,Office Supplies,Binders,OFF-BI-10004656,10,10,5,4,2857
2975,23-01-2022,Standard Class,Consumer,Furniture,Tables,FUR-TA-10001095,210,240,2,2,4955
2976,19-06-2022,Standard Class,Consumer,Office Supplies,Paper,OFF-PA-10000213,20,20,4,4,1221
2977,15-12-2022,Same Day,Corporate,Furniture,Chairs,FUR-CH-10001797,160,190,7,2,4185
2978,24-02-2022,Second Class,Consumer,Office Supplies,Storage,OFF-ST-10002214,20,20,2,2,2442
2979,12-04-2022,Second Class,Consumer,Furniture,Chairs,FUR-CH-10000422,460,550,6,3,1231
2980,15-02-2023,Standard Class,Consumer,Office Supplies,Paper,OFF-PA-10003848,20,20,4,4,1664
2981,13-06-2022,Standard Class,Consumer,Furniture,Furnishings,FUR-FU-10003623,40,40,2,5,4624
2982,01-05-2023,Standard Class,Consumer,Furniture,Chairs,FUR-CH-10001797,100,120,4,4,2935
2983,09-12-2022,Standard Class,Consumer,Office Supplies,Binders,OFF-BI-10003094,10,10,4,3,3881
2984,07-09-2023,Second Class,Consumer,Office Supplies,Storage,OFF-ST-10002205,50,50,3,3,2542
2985,28-01-2022,Second Class,Consumer,Furniture,Tables,FUR-TA-10003238,230,280,1,4,821
2986,31-07-2023,Standard Class,Home Office,Furniture,Furnishings,FUR-FU-10000755,20,20,4,2,4041
2987,30-01-2023,Standard Class,Home Office,Office Supplies,Paper,OFF-PA-10002893,20,20,2,3,528
2988,25-05-2022,Standard Class,Home Office,Office Supplies,Storage,OFF-ST-10000689,1140,1270,9,5,2586
2989,05-04-2022,Second Class,Corporate,Technology,Accessories,TEC-AC-10004227,10,10,1,2,350
2990,08-06-2022,Second Class,Corporate,Office Supplies,Binders,OFF-BI-10000174,20,20,4,2,2795
2991,22-05-2023,Second Class,Corporate,Office Supplies,Storage,OFF-ST-10001809,410,450,5,5,1697
2992,05-04-2022,Second Class,Corporate,Office Supplies,Binders,OFF-BI-10002309,30,30,7,5,840
2993,15-08-2023,Standard Class,Corporate,Office Supplies,Appliances,OFF-AP-10004532,50,60,3,5,4124
2994,25-05-2022,Standard Class,Consumer,Office Supplies,Binders,OFF-BI-10003091,840,900,4,5,3706
2995,20-06-2022,Second Class,Consumer,Office Supplies,Binders,OFF-BI-10004654,50,60,4,2,115
2996,15-02-2023,Standard Class,Consumer,Office Supplies,Storage,OFF-ST-10000760,50,60,5,3,3712
2997,29-11-2022,Standard Class,Consumer,Office Supplies,Envelopes,OFF-EN-10001539,20,20,4,5,5004
2998,08-10-2022,Standard Class,Consumer,Furniture,Furnishings,FUR-FU-10000550,0,0,1,3,11
2999,29-07-2022,Standard Class,Consumer,Technology,Accessories,TEC-AC-10003628,90,100,4,2,2846
3000,24-05-2022,Standard Class,Consumer,Technology,Machines,TEC-MA-10004521,200,210,3,4,4384
3001,07-03-2022,Standard Class,Consumer,Office Supplies,Appliances,OFF-AP-10003860,40,40,2,4,631
3002,29-04-2023,Standard Class,Consumer,Office Supplies,Binders,OFF-BI-10000069,10,10,2,3,1724
3003,01-04-2022,Standard Class,Home Office,Office Supplies,Binders,OFF-BI-10003655,20,20,5,5,2494
3004,30-08-2022,Standard Class,Home Office,Office Supplies,Binders,OFF-BI-10001628,30,30,4,2,578
3005,09-01-2023,First Class,Home Office,Office Supplies,Appliances,OFF-AP-10003779,190,210,1,3,3720
3006,15-07-2022,Standard Class,Home Office,Office Supplies,Binders,OFF-BI-10000666,80,90,3,4,476
3007,29-04-2022,First Class,Consumer,Office Supplies,Appliances,OFF-AP-10000828,720,900,5,5,1802
3008,24-02-2022,Standard Class,Consumer,Office Supplies,Binders,OFF-BI-10002706,30,30,3,5,3447
3009,26-01-2023,First Class,Consumer,Furniture,Furnishings,FUR-FU-10004748,160,190,3,2,31
3010,29-07-2022,Standard Class,Corporate,Office Supplies,Appliances,OFF-AP-10000026,210,240,5,4,2470
3011,09-03-2023,Standard Class,Home Office,Office Supplies,Binders,OFF-BI-10000773,10,10,5,2,1038
3012,16-01-2022,Standard Class,Home Office,Technology,Machines,TEC-MA-10000822,2190,2550,5,5,1937
3013,01-08-2022,Standard Class,Home Office,Office Supplies,Binders,OFF-BI-10001543,20,20,2,5,3154
3014,23-10-2023,Standard Class,Home Office,Office Supplies,Binders,OFF-BI-10003355,10,10,6,3,4473
3015,26-11-2023,Standard Class,Home Office,Office Supplies,Paper,OFF-PA-10002005,20,20,4,4,4127
3016,09-07-2023,Standard Class,Home Office,Furniture,Tables,FUR-TA-10004154,290,340,2,4,4833
3017,06-07-2023,Standard Class,Home Office,Office Supplies,Storage,OFF-ST-10002743,650,730,8,2,491
3018,04-09-2023,Standard Class,Home Office,Furniture,Furnishings,FUR-FU-10004973,20,20,3,5,2860
3019,02-10-2022,Standard Class,Home Office,Technology,Accessories,TEC-AC-10002842,590,670,7,5,3347
3020,27-08-2023,Standard Class,Consumer,Office Supplies,Fasteners,OFF-FA-10002701,10,10,3,3,1750
3021,10-03-2023,Standard Class,Consumer,Office Supplies,Paper,OFF-PA-10001125,80,90,3,2,3719
3022,23-02-2022,Standard Class,Consumer,Furniture,Furnishings,FUR-FU-10004090,60,70,3,5,2934
3023,20-10-2023,Standard Class,Consumer,Office Supplies,Binders,OFF-BI-10001510,80,90,5,4,4781
3024,12-09-2022,Standard Class,Consumer,Furniture,Bookcases,FUR-BO-10002202,260,330,2,2,3239
3025,13-06-2023,Standard Class,Consumer,Office Supplies,Binders,OFF-BI-10001922,40,50,11,5,155
3026,11-09-2023,Standard Class,Consumer,Office Supplies,Paper,OFF-PA-10001667,20,20,3,2,399
3027,18-09-2023,Standard Class,Home Office,Furniture,Furnishings,FUR-FU-10001488,220,250,3,2,1435
3028,06-11-2023,Same Day,Corporate,Office Supplies,Binders,OFF-BI-10002799,10,10,2,4,4271
3029,30-05-2022,Standard Class,Consumer,Furniture,Chairs,FUR-CH-10003846,400,500,5,3,4267
3030,17-06-2023,Standard Class,Corporate,Technology,Phones,TEC-PH-10003691,340,400,4,5,1486
3031,11-09-2022,Standard Class,Corporate,Furniture,Bookcases,FUR-BO-10000468,150,190,4,5,4523
3032,12-01-2023,Standard Class,Corporate,Office Supplies,Art,OFF-AR-10001044,30,30,1,5,643
3033,03-01-2023,Standard Class,Consumer,Furniture,Chairs,FUR-CH-10003833,190,200,4,4,2362
3034,04-12-2022,Standard Class,Home Office,Office Supplies,Paper,OFF-PA-10004355,20,20,4,3,1464
3035,20-10-2023,Standard Class,Consumer,Technology,Accessories,TEC-AC-10003038,40,50,6,2,664
3036,10-08-2023,Standard Class,Consumer,Office Supplies,Binders,OFF-BI-10002799,40,40,7,5,2612
3037,18-03-2022,Standard Class,Consumer,Office Supplies,Art,OFF-AR-10003582,50,60,2,3,3133
3038,14-04-2023,Standard Class,Consumer,Office Supplies,Paper,OFF-PA-10004451,20,30,5,4,392
3039,19-02-2023,Standard Class,Consumer,Furniture,Furnishings,FUR-FU-10004666,30,30,2,3,1488
3040,12-01-2023,Standard Class,Corporate,Furniture,Tables,FUR-TA-10001520,160,170,3,4,4984
3041,28-09-2022,Standard Class,Consumer,Furniture,Furnishings,FUR-FU-10004270,20,20,5,3,686
3042,11-04-2022,Same Day,Home Office,Office Supplies,Paper,OFF-PA-10003172,10,10,2,5,2361
3043,22-06-2023,Same Day,Home Office,Office Supplies,Envelopes,OFF-EN-10002312,20,20,2,4,3339
3044,13-08-2023,Same Day,Home Office,Furniture,Chairs,FUR-CH-10002320,1850,2050,8,2,4686
3045,20-12-2023,Second Class,Consumer,Technology,Phones,TEC-PH-10001530,900,1020,5,3,4672
3046,24-01-2023,Second Class,Home Office,Office Supplies,Art,OFF-AR-10001216,10,10,5,3,1953
3047,14-12-2023,Second Class,Home Office,Office Supplies,Paper,OFF-PA-10003127,20,30,1,3,1787
3048,07-04-2022,Standard Class,Consumer,Office Supplies,Binders,OFF-BI-10003910,30,40,7,4,4844
3049,04-05-2022,First Class,Home Office,Furniture,Tables,FUR-TA-10004534,380,410,2,3,984
3050,03-08-2022,First Class,Home Office,Technology,Accessories,TEC-AC-10000892,320,360,4,3,522
3051,19-05-2023,Standard Class,Home Office,Furniture,Furnishings,FUR-FU-10003247,30,40,2,2,4213
3052,18-11-2022,Standard Class,Home Office,Office Supplies,Appliances,OFF-AP-10004336,220,230,4,3,3656
3053,04-04-2023,Standard Class,Home Office,Office Supplies,Paper,OFF-PA-10001295,40,40,2,4,3446
3054,25-01-2023,Second Class,Home Office,Technology,Phones,TEC-PH-10002555,480,520,2,5,3078
3055,18-09-2023,Second Class,Home Office,Office Supplies,Binders,OFF-BI-10000831,10,10,2,3,1961
3056,26-03-2023,Standard Class,Corporate,Technology,Copiers,TEC-CO-10001046,2630,2800,5,5,4895
3057,21-01-2023,Second Class,Corporate,Office Supplies,Envelopes,OFF-EN-10002973,10,10,2,2,1296
3058,02-12-2022,Second Class,Corporate,Office Supplies,Labels,OFF-LA-10001641,30,30,10,5,1301
3059,11-09-2022,Second Class,Corporate,Furniture,Furnishings,FUR-FU-10003878,30,30,2,3,707
3060,16-12-2022,Second Class,Corporate,Furniture,Tables,FUR-TA-10003837,20,20,2,4,2935
3061,09-07-2022,Standard Class,Corporate,Technology,Accessories,TEC-AC-10002800,100,120,3,3,2797
3062,22-02-2022,Standard Class,Consumer,Office Supplies,Paper,OFF-PA-10001307,30,30,8,3,5064
3063,01-10-2023,First Class,Corporate,Technology,Phones,TEC-PH-10002350,70,80,3,3,1173
3064,03-01-2022,First Class,Corporate,Technology,Accessories,TEC-AC-10000397,100,100,3,2,1757
3065,06-07-2023,Second Class,Home Office,Office Supplies,Storage,OFF-ST-10000615,80,90,8,4,4189
3066,13-10-2022,Second Class,Home Office,Technology,Phones,TEC-PH-10004531,120,140,8,3,4907
3067,30-09-2023,Second Class,Home Office,Technology,Accessories,TEC-AC-10004001,180,210,5,2,1392
3068,12-01-2023,Second Class,Home Office,Office Supplies,Paper,OFF-PA-10001534,40,50,7,4,4936
3069,15-04-2022,Second Class,Home Office,Office Supplies,Paper,OFF-PA-10001815,250,290,6,4,4658
3070,05-10-2023,Same Day,Home Office,Office Supplies,Appliances,OFF-AP-10003779,550,660,4,2,4497
3071,14-02-2022,Standard Class,Corporate,Office Supplies,Storage,OFF-ST-10002011,2400,2930,7,3,836
3072,09-01-2022,Standard Class,Corporate,Furniture,Furnishings,FUR-FU-10002379,100,120,3,5,5005
3073,11-08-2022,Standard Class,Corporate,Office Supplies,Art,OFF-AR-10003752,50,60,5,2,4175
3074,12-09-2023,First Class,Consumer,Office Supplies,Storage,OFF-ST-10003692,100,110,2,5,1818
3075,18-12-2022,Standard Class,Consumer,Furniture,Bookcases,FUR-BO-10004409,100,120,2,2,2084
3076,08-10-2023,Standard Class,Home Office,Office Supplies,Storage,OFF-ST-10003306,290,340,3,4,69
3077,16-12-2023,Standard Class,Home Office,Furniture,Furnishings,FUR-FU-10003724,20,20,5,5,185
3078,08-07-2023,Standard Class,Home Office,Furniture,Chairs,FUR-CH-10002024,880,980,2,2,2325
3079,14-06-2023,Standard Class,Home Office,Office Supplies,Art,OFF-AR-10003514,30,30,8,2,2928
3080,07-07-2022,First Class,Home Office,Office Supplies,Paper,OFF-PA-10001800,10,10,2,5,4890
3081,12-08-2022,First Class,Home Office,Technology,Phones,TEC-PH-10003589,30,40,3,4,2524
3082,17-01-2022,Standard Class,Home Office,Office Supplies,Binders,OFF-BI-10003364,50,60,2,4,4393
3083,24-09-2023,Standard Class,Home Office,Technology,Phones,TEC-PH-10002834,460,540,3,3,2265
3084,18-09-2023,Standard Class,Consumer,Office Supplies,Binders,OFF-BI-10000343,0,0,1,3,532
3085,18-02-2022,Standard Class,Consumer,Office Supplies,Binders,OFF-BI-10004584,230,250,4,3,4557
3086,02-11-2023,Standard Class,Consumer,Technology,Accessories,TEC-AC-10002402,110,130,2,4,4180
3087,25-12-2022,Standard Class,Consumer,Furniture,Furnishings,FUR-FU-10000550,0,0,2,5,3622
3088,09-11-2022,Standard Class,Consumer,Office Supplies,Appliances,OFF-AP-10000055,10,10,2,2,349
3089,30-09-2022,Second Class,Home Office,Furniture,Furnishings,FUR-FU-10001591,50,60,5,5,3447
3090,23-10-2023,Second Class,Home Office,Technology,Phones,TEC-PH-10000526,590,670,7,4,1752
3091,06-08-2023,Standard Class,Consumer,Office Supplies,Binders,OFF-BI-10001071,390,450,7,3,4709
3092,06-10-2023,Standard Class,Consumer,Technology,Phones,TEC-PH-10001557,410,480,5,4,645
3093,28-01-2023,Standard Class,Consumer,Office Supplies,Paper,OFF-PA-10001977,140,170,3,4,4018
3094,14-01-2022,Same Day,Consumer,Office Supplies,Supplies,OFF-SU-10004231,20,30,4,3,2282
3095,22-07-2022,Same Day,Consumer,Office Supplies,Paper,OFF-PA-10000809,10,10,2,5,2247
3096,08-04-2022,Same Day,Consumer,Office Supplies,Fasteners,OFF-FA-10003021,10,10,8,3,1924
3097,13-05-2022,Same Day,Consumer,Office Supplies,Appliances,OFF-AP-10000696,10,10,2,5,2635
3098,03-09-2022,Standard Class,Corporate,Office Supplies,Labels,OFF-LA-10001158,30,30,4,2,3870
3099,06-06-2023,Standard Class,Corporate,Furniture,Bookcases,FUR-BO-10002268,200,220,4,4,2939
3100,06-12-2022,Standard Class,Consumer,Office Supplies,Binders,OFF-BI-10000829,10,10,3,3,3606
3101,05-03-2023,Standard Class,Consumer,Furniture,Bookcases,FUR-BO-10003441,210,240,3,4,251
3102,07-03-2023,Second Class,Corporate,Office Supplies,Supplies,OFF-SU-10003505,660,700,6,5,2600
3103,30-06-2022,Second Class,Corporate,Furniture,Bookcases,FUR-BO-10003660,210,220,1,2,2319
3104,31-07-2023,Standard Class,Home Office,Office Supplies,Binders,OFF-BI-10001267,10,10,7,3,2161
3105,14-09-2022,Standard Class,Consumer,Office Supplies,Paper,OFF-PA-10002741,30,30,6,3,4685
3106,11-03-2022,Standard Class,Corporate,Office Supplies,Labels,OFF-LA-10004345,20,20,4,3,2419
3107,31-03-2022,Standard Class,Home Office,Office Supplies,Storage,OFF-ST-10004340,240,300,6,5,3344
3108,21-05-2023,Standard Class,Consumer,Office Supplies,Paper,OFF-PA-10001471,20,20,3,2,1326
3109,07-04-2022,Standard Class,Consumer,Office Supplies,Storage,OFF-ST-10002344,220,240,3,5,5054
3110,07-01-2023,Standard Class,Consumer,Office Supplies,Paper,OFF-PA-10001892,10,10,1,2,2772
3111,10-06-2022,Standard Class,Consumer,Office Supplies,Paper,OFF-PA-10001934,40,50,8,5,571
3112,11-10-2023,Standard Class,Consumer,Office Supplies,Storage,OFF-ST-10000078,230,270,1,2,5037
3113,24-09-2023,Standard Class,Consumer,Technology,Machines,TEC-MA-10001972,690,840,3,5,3900
3114,01-02-2023,Standard Class,Consumer,Office Supplies,Envelopes,OFF-EN-10002504,110,140,5,5,3357
3115,05-03-2023,Standard Class,Consumer,Office Supplies,Paper,OFF-PA-10002160,30,30,6,2,3317
3116,01-02-2023,Standard Class,Consumer,Furniture,Chairs,FUR-CH-10001973,450,530,6,4,1650
3117,31-12-2023,Standard Class,Consumer,Office Supplies,Appliances,OFF-AP-10001492,30,40,5,5,2816
3118,04-01-2023,Standard Class,Consumer,Office Supplies,Supplies,OFF-SU-10002189,20,20,4,4,1083
3119,19-06-2022,First Class,Corporate,Furniture,Chairs,FUR-CH-10003312,990,1120,5,4,622
3120,15-05-2023,First Class,Corporate,Technology,Phones,TEC-PH-10002496,230,250,2,5,4588
3121,05-02-2022,First Class,Corporate,Furniture,Furnishings,FUR-FU-10003464,40,50,3,3,2491
3122,07-07-2023,First Class,Corporate,Office Supplies,Art,OFF-AR-10000380,50,60,2,2,2662
3123,04-06-2023,First Class,Corporate,Office Supplies,Binders,OFF-BI-10004593,70,80,5,2,2807
3124,22-10-2022,First Class,Corporate,Office Supplies,Binders,OFF-BI-10001308,0,0,2,4,734
3125,30-12-2023,First Class,Corporate,Office Supplies,Storage,OFF-ST-10001780,840,1040,2,2,4341
3126,10-02-2022,First Class,Corporate,Office Supplies,Storage,OFF-ST-10003816,460,560,4,4,523
3127,26-08-2022,Standard Class,Consumer,Technology,Phones,TEC-PH-10002200,230,260,2,5,3246
3128,09-07-2023,Standard Class,Consumer,Office Supplies,Paper,OFF-PA-10004438,50,50,4,2,1512
3129,06-07-2022,First Class,Home Office,Furniture,Furnishings,FUR-FU-10004090,30,40,2,4,2223
3130,06-02-2023,First Class,Home Office,Furniture,Chairs,FUR-CH-10002602,200,240,2,2,4902
3131,21-07-2023,First Class,Home Office,Technology,Accessories,TEC-AC-10001142,340,400,5,3,5036
3132,15-04-2022,First Class,Home Office,Technology,Phones,TEC-PH-10004977,560,630,4,5,1674
3133,10-03-2022,First Class,Corporate,Furniture,Furnishings,FUR-FU-10004586,10,10,2,3,3298
3134,07-12-2022,First Class,Corporate,Office Supplies,Binders,OFF-BI-10001116,10,10,3,3,3479
3135,30-01-2022,Standard Class,Home Office,Office Supplies,Binders,OFF-BI-10000666,30,30,5,2,3636
3136,21-02-2022,Standard Class,Home Office,Office Supplies,Storage,OFF-ST-10002583,70,80,3,5,4846
3137,08-01-2023,Standard Class,Home Office,Technology,Phones,TEC-PH-10004908,60,70,1,3,4538
3138,17-10-2023,Standard Class,Home Office,Office Supplies,Envelopes,OFF-EN-10001219,10,10,2,4,1850
3139,07-08-2022,Standard Class,Home Office,Technology,Accessories,TEC-AC-10004568,40,40,2,3,492
3140,21-12-2023,Standard Class,Home Office,Furniture,Furnishings,FUR-FU-10001756,20,20,3,5,323
3141,16-10-2022,First Class,Consumer,Office Supplies,Appliances,OFF-AP-10002311,190,210,3,5,3255
3142,02-06-2022,Same Day,Corporate,Office Supplies,Binders,OFF-BI-10003650,180,210,2,3,2426
3143,06-06-2022,Second Class,Consumer,Technology,Accessories,TEC-AC-10003628,100,120,5,3,4819
3144,28-08-2023,Second Class,Consumer,Office Supplies,Art,OFF-AR-10001547,10,10,6,3,4294
3145,07-07-2022,Standard Class,Corporate,Furniture,Chairs,FUR-CH-10002647,320,350,7,4,3082
3146,08-03-2022,Second Class,Corporate,Furniture,Chairs,FUR-CH-10004495,770,960,4,2,2731
3147,19-10-2022,Second Class,Corporate,Technology,Phones,TEC-PH-10002923,80,90,3,5,3268
3148,16-05-2022,Second Class,Corporate,Office Supplies,Art,OFF-AR-10001374,30,30,5,4,3283
3149,07-04-2023,First Class,Home Office,Office Supplies,Paper,OFF-PA-10003441,20,30,5,3,1473
3150,19-08-2023,Standard Class,Consumer,Office Supplies,Labels,OFF-LA-10002043,20,30,3,5,2293
3151,28-02-2022,First Class,Consumer,Technology,Accessories,TEC-AC-10002049,1730,2030,6,2,1782
3152,12-01-2023,First Class,Consumer,Technology,Machines,TEC-MA-10000418,1690,1800,2,3,3694
3153,28-03-2022,First Class,Consumer,Technology,Phones,TEC-PH-10004908,90,100,2,4,4196
3154,04-11-2022,First Class,Consumer,Furniture,Furnishings,FUR-FU-10004091,230,260,7,4,4976
3155,28-07-2022,Standard Class,Corporate,Office Supplies,Binders,OFF-BI-10004600,640,740,2,2,4766
3156,16-11-2022,Second Class,Home Office,Office Supplies,Paper,OFF-PA-10001289,80,90,3,4,1205
3157,30-03-2022,Standard Class,Corporate,Furniture,Tables,FUR-TA-10001539,220,280,2,2,4124
3158,17-10-2022,Standard Class,Corporate,Technology,Accessories,TEC-AC-10001266,30,30,2,3,778
3159,23-06-2023,First Class,Consumer,Office Supplies,Storage,OFF-ST-10001291,70,70,5,4,462
3160,25-01-2022,First Class,Consumer,Technology,Accessories,TEC-AC-10001314,100,120,3,4,4907
3161,16-01-2023,Second Class,Consumer,Office Supplies,Binders,OFF-BI-10004040,10,10,5,4,2789
3162,21-01-2023,Standard Class,Consumer,Office Supplies,Envelopes,OFF-EN-10001539,20,20,2,2,2823
3163,26-02-2022,Standard Class,Consumer,Office Supplies,Envelopes,OFF-EN-10004483,70,80,5,4,2537
3164,24-04-2022,Standard Class,Consumer,Office Supplies,Art,OFF-AR-10001615,50,60,3,2,1528
3165,12-03-2023,Standard Class,Consumer,Office Supplies,Paper,OFF-PA-10000327,40,40,9,2,4076
3166,25-12-2022,Standard Class,Consumer,Technology,Phones,TEC-PH-10001299,210,240,2,3,464
3167,27-12-2022,Standard Class,Consumer,Office Supplies,Paper,OFF-PA-10002246,20,20,3,5,2
3168,12-10-2022,First Class,Consumer,Furniture,Furnishings,FUR-FU-10002671,70,70,5,2,4827
3169,08-09-2022,Standard Class,Corporate,Furniture,Chairs,FUR-CH-10003833,370,390,8,2,4958
3170,09-11-2022,Standard Class,Corporate,Office Supplies,Paper,OFF-PA-10001667,50,60,13,4,4029
3171,15-02-2023,Second Class,Consumer,Office Supplies,Binders,OFF-BI-10002003,20,20,6,4,474
3172,05-06-2022,Standard Class,Consumer,Office Supplies,Binders,OFF-BI-10004465,0,0,2,3,3486
3173,18-03-2023,Standard Class,Consumer,Furniture,Chairs,FUR-CH-10000665,450,530,5,3,51
3174,15-07-2022,Standard Class,Consumer,Office Supplies,Art,OFF-AR-10004956,10,10,3,3,824
3175,15-12-2023,Standard Class,Consumer,Office Supplies,Art,OFF-AR-10004260,160,180,7,5,4684
3176,25-05-2023,Standard Class,Consumer,Furniture,Bookcases,FUR-BO-10001811,160,180,2,4,1996
3177,23-09-2022,Standard Class,Consumer,Technology,Accessories,TEC-AC-10003280,40,50,2,4,1215
3178,28-09-2022,Same Day,Consumer,Office Supplies,Paper,OFF-PA-10004911,20,20,2,2,2021
3179,09-03-2023,Standard Class,Corporate,Furniture,Furnishings,FUR-FU-10001487,20,20,3,4,3747
3180,23-01-2022,Standard Class,Corporate,Furniture,Furnishings,FUR-FU-10000521,50,60,2,5,3249
3181,19-02-2023,Standard Class,Corporate,Office Supplies,Appliances,OFF-AP-10001271,220,250,5,5,3470
3182,01-03-2023,Second Class,Corporate,Office Supplies,Binders,OFF-BI-10004728,10,10,2,2,1455
3183,12-03-2023,Second Class,Corporate,Technology,Accessories,TEC-AC-10004666,660,830,3,2,2628
3184,01-12-2023,Second Class,Corporate,Office Supplies,Storage,OFF-ST-10003208,1500,1630,9,2,3241
3185,08-05-2022,Second Class,Corporate,Office Supplies,Storage,OFF-ST-10003208,500,540,3,2,1941
3186,18-04-2023,First Class,Corporate,Office Supplies,Binders,OFF-BI-10000632,20,30,3,5,3507
3187,25-11-2022,First Class,Corporate,Office Supplies,Envelopes,OFF-EN-10004773,70,70,3,4,1015
3188,15-01-2023,Standard Class,Corporate,Technology,Phones,TEC-PH-10004700,60,70,7,5,2704
3189,16-07-2022,Second Class,Corporate,Office Supplies,Labels,OFF-LA-10003714,0,0,1,4,1644
3190,23-12-2023,Second Class,Corporate,Office Supplies,Binders,OFF-BI-10001787,20,20,4,5,4300
3191,23-11-2023,Standard Class,Home Office,Office Supplies,Storage,OFF-ST-10002957,10,10,3,4,1984
3192,14-10-2022,Standard Class,Corporate,Technology,Phones,TEC-PH-10002115,70,70,1,3,2683
3193,22-01-2023,Standard Class,Corporate,Office Supplies,Binders,OFF-BI-10002557,10,10,7,5,3522
3194,15-08-2023,First Class,Consumer,Office Supplies,Binders,OFF-BI-10002949,0,0,3,5,1322
3195,15-11-2023,First Class,Consumer,Office Supplies,Paper,OFF-PA-10004100,30,30,6,3,546
3196,04-11-2022,Standard Class,Home Office,Office Supplies,Fasteners,OFF-FA-10001883,20,20,3,3,1303
3197,26-03-2022,Standard Class,Corporate,Technology,Phones,TEC-PH-10000702,30,30,3,4,2432
3198,22-11-2022,Same Day,Consumer,Office Supplies,Binders,OFF-BI-10003196,0,0,3,4,4259
3199,03-02-2023,Standard Class,Consumer,Technology,Phones,TEC-PH-10001644,100,100,4,4,4748
3200,26-03-2022,Standard Class,Corporate,Office Supplies,Art,OFF-AR-10003183,20,20,7,3,3799
3201,24-02-2022,Second Class,Consumer,Furniture,Furnishings,FUR-FU-10000308,120,150,3,2,4157
3202,05-10-2023,Second Class,Consumer,Office Supplies,Paper,OFF-PA-10001526,20,20,4,2,301
3203,02-11-2023,Standard Class,Consumer,Technology,Phones,TEC-PH-10002103,510,600,8,2,4422
3204,24-08-2022,Standard Class,Consumer,Technology,Accessories,TEC-AC-10004209,10,10,1,4,4665
3205,05-08-2023,Standard Class,Consumer,Furniture,Furnishings,FUR-FU-10000397,40,40,2,3,3495
3206,05-07-2023,Standard Class,Consumer,Office Supplies,Paper,OFF-PA-10002137,50,60,8,2,5000
3207,08-09-2023,Standard Class,Consumer,Furniture,Furnishings,FUR-FU-10001867,40,50,5,2,5095
3208,08-05-2023,Standard Class,Consumer,Office Supplies,Labels,OFF-LA-10000407,40,40,8,2,3731
3209,07-11-2023,Standard Class,Corporate,Technology,Accessories,TEC-AC-10000420,330,350,5,4,2895
3210,28-01-2022,Standard Class,Corporate,Technology,Phones,TEC-PH-10002726,350,380,9,2,2078
3211,12-10-2022,Standard Class,Corporate,Office Supplies,Envelopes,OFF-EN-10001415,10,10,3,2,3282
3212,03-11-2022,Standard Class,Corporate,Office Supplies,Binders,OFF-BI-10000773,10,10,7,3,1483
3213,14-04-2023,Standard Class,Consumer,Office Supplies,Appliances,OFF-AP-10002350,190,210,11,2,2354
3214,14-02-2023,Standard Class,Corporate,Office Supplies,Art,OFF-AR-10001919,0,0,1,4,4751
3215,26-02-2022,Standard Class,Corporate,Office Supplies,Appliances,OFF-AP-10002082,30,30,2,2,4975
3216,09-01-2023,First Class,Consumer,Office Supplies,Labels,OFF-LA-10002762,70,80,6,3,1368
3217,18-01-2023,Standard Class,Consumer,Technology,Accessories,TEC-AC-10002800,120,150,3,4,1603
3218,04-12-2023,Standard Class,Corporate,Office Supplies,Binders,OFF-BI-10003925,860,930,3,5,4462
3219,12-09-2023,Standard Class,Corporate,Technology,Phones,TEC-PH-10002200,340,430,2,3,3637
3220,16-02-2023,Standard Class,Corporate,Office Supplies,Paper,OFF-PA-10001295,80,90,5,3,2379
3221,20-07-2022,Standard Class,Corporate,Office Supplies,Envelopes,OFF-EN-10002500,40,50,4,5,3338
3222,12-04-2022,Standard Class,Corporate,Technology,Accessories,TEC-AC-10000892,70,90,1,2,5060
3223,23-08-2023,First Class,Corporate,Office Supplies,Paper,OFF-PA-10001838,10,10,2,3,2351
3224,10-02-2023,First Class,Corporate,Office Supplies,Fasteners,OFF-FA-10000735,0,0,2,3,3759
3225,18-03-2022,First Class,Corporate,Technology,Phones,TEC-PH-10001760,270,320,2,5,547
3226,22-10-2023,First Class,Corporate,Office Supplies,Envelopes,OFF-EN-10004846,10,10,6,5,3467
3227,07-02-2022,First Class,Corporate,Office Supplies,Supplies,OFF-SU-10003567,20,20,2,4,3784
3228,01-10-2022,First Class,Corporate,Technology,Phones,TEC-PH-10001557,220,230,3,3,3122
3229,15-12-2022,First Class,Corporate,Technology,Accessories,TEC-AC-10003038,10,10,1,3,1500
3230,24-04-2023,Standard Class,Consumer,Office Supplies,Storage,OFF-ST-10004459,330,380,1,4,1630
3231,14-07-2023,Second Class,Consumer,Furniture,Furnishings,FUR-FU-10004960,100,110,5,2,2875
3232,17-07-2023,Standard Class,Consumer,Office Supplies,Binders,OFF-BI-10000632,30,30,3,2,2258
3233,21-08-2023,Standard Class,Consumer,Office Supplies,Binders,OFF-BI-10001107,0,0,1,2,2194
3234,15-09-2022,Standard Class,Consumer,Office Supplies,Storage,OFF-ST-10002301,30,30,2,2,1405
3235,26-10-2023,First Class,Consumer,Office Supplies,Binders,OFF-BI-10003355,0,0,1,5,2874
3236,08-06-2023,Same Day,Consumer,Furniture,Tables,FUR-TA-10002903,160,180,1,2,4603
3237,27-10-2022,Same Day,Consumer,Office Supplies,Storage,OFF-ST-10001580,40,40,3,3,4414
3238,14-02-2023,Same Day,Consumer,Office Supplies,Binders,OFF-BI-10000315,40,50,3,2,1433
3239,26-08-2022,Standard Class,Corporate,Furniture,Chairs,FUR-CH-10003774,280,320,5,5,3189
3240,09-05-2022,Standard Class,Corporate,Technology,Phones,TEC-PH-10003095,100,120,7,5,1235
3241,10-06-2022,Standard Class,Corporate,Furniture,Furnishings,FUR-FU-10000023,10,10,3,5,2416
3242,29-09-2022,First Class,Corporate,Office Supplies,Storage,OFF-ST-10002214,50,60,5,2,776
3243,16-12-2022,Second Class,Consumer,Office Supplies,Binders,OFF-BI-10002799,10,10,13,4,1306
3244,15-08-2022,Standard Class,Consumer,Technology,Phones,TEC-PH-10004912,190,220,5,4,743
3245,06-01-2022,Standard Class,Consumer,Furniture,Chairs,FUR-CH-10002602,270,320,3,5,2316
3246,13-10-2022,Second Class,Corporate,Technology,Accessories,TEC-AC-10004510,40,50,3,2,1341
3247,15-11-2023,Second Class,Corporate,Office Supplies,Storage,OFF-ST-10000060,270,320,5,4,405
3248,20-12-2023,Second Class,Corporate,Office Supplies,Art,OFF-AR-10000799,20,20,3,3,3690
3249,10-11-2023,Standard Class,Home Office,Furniture,Chairs,FUR-CH-10004875,100,110,2,4,1719
3250,16-06-2022,Standard Class,Home Office,Technology,Phones,TEC-PH-10002085,100,110,2,2,368
3251,06-04-2022,Standard Class,Corporate,Office Supplies,Fasteners,OFF-FA-10000992,20,20,7,2,2953
3252,06-09-2022,First Class,Consumer,Furniture,Furnishings,FUR-FU-10001473,50,60,3,5,3645
3253,07-04-2023,Second Class,Home Office,Office Supplies,Art,OFF-AR-10003045,10,10,3,4,232
3254,07-12-2023,Second Class,Home Office,Technology,Phones,TEC-PH-10001536,30,30,2,2,3354
3255,22-01-2023,Standard Class,Consumer,Technology,Phones,TEC-PH-10001580,90,110,1,3,5095
3256,10-07-2022,Standard Class,Consumer,Office Supplies,Binders,OFF-BI-10004209,20,20,3,5,4512
3257,21-04-2023,Standard Class,Corporate,Office Supplies,Labels,OFF-LA-10001613,0,0,2,3,2090
3258,20-02-2022,Second Class,Corporate,Furniture,Tables,FUR-TA-10001676,60,80,3,5,710
3259,23-11-2022,Second Class,Corporate,Office Supplies,Binders,OFF-BI-10003712,0,0,2,2,3484
3260,12-10-2022,Standard Class,Home Office,Office Supplies,Binders,OFF-BI-10000285,0,0,2,2,2238
3261,24-11-2023,First Class,Corporate,Office Supplies,Paper,OFF-PA-10004609,20,20,4,5,4464
3262,01-12-2023,First Class,Corporate,Technology,Accessories,TEC-AC-10001314,80,100,2,4,205
3263,16-01-2022,First Class,Corporate,Office Supplies,Paper,OFF-PA-10003395,590,730,7,5,1154
3264,08-01-2022,First Class,Corporate,Office Supplies,Appliances,OFF-AP-10001242,190,240,3,2,4103
3265,15-03-2023,Second Class,Corporate,Office Supplies,Labels,OFF-LA-10001641,10,10,4,4,2930
3266,14-07-2023,Standard Class,Consumer,Office Supplies,Storage,OFF-ST-10003816,230,280,2,4,2800
3267,10-11-2023,Standard Class,Consumer,Office Supplies,Envelopes,OFF-EN-10002230,190,200,3,4,1614
3268,06-09-2023,Standard Class,Consumer,Technology,Phones,TEC-PH-10002660,120,140,2,2,1980
3269,15-12-2022,Standard Class,Consumer,Technology,Phones,TEC-PH-10003171,40,40,1,2,4603
3270,13-08-2022,Standard Class,Corporate,Technology,Accessories,TEC-AC-10003709,0,0,3,2,688
3271,23-01-2022,Standard Class,Corporate,Office Supplies,Fasteners,OFF-FA-10000304,10,10,3,5,4299
3272,05-01-2022,Second Class,Corporate,Technology,Accessories,TEC-AC-10003709,10,10,8,2,3333
3273,14-07-2022,Standard Class,Consumer,Furniture,Chairs,FUR-CH-10002774,180,200,5,2,3255
3274,13-11-2023,Standard Class,Home Office,Technology,Copiers,TEC-CO-10001046,2760,3360,6,4,808
3275,24-08-2023,Standard Class,Corporate,Office Supplies,Fasteners,OFF-FA-10003495,20,20,3,5,614
3276,30-12-2023,Standard Class,Corporate,Office Supplies,Art,OFF-AR-10004685,30,30,6,3,3402
3277,05-11-2022,Second Class,Corporate,Office Supplies,Art,OFF-AR-10004757,20,20,7,2,603
3278,03-10-2023,Second Class,Corporate,Technology,Phones,TEC-PH-10001615,30,30,1,4,2632
3279,06-11-2023,Second Class,Corporate,Office Supplies,Paper,OFF-PA-10003349,10,10,2,5,1250
3280,07-11-2023,Second Class,Corporate,Office Supplies,Art,OFF-AR-10000127,20,20,7,3,1811
3281,21-02-2023,Second Class,Corporate,Office Supplies,Supplies,OFF-SU-10002881,3790,4160,5,5,3740
3282,06-03-2023,Standard Class,Consumer,Technology,Accessories,TEC-AC-10001109,50,50,2,4,1914
3283,25-03-2022,Standard Class,Consumer,Office Supplies,Paper,OFF-PA-10000682,0,0,1,5,4230
3284,28-09-2022,Standard Class,Corporate,Furniture,Furnishings,FUR-FU-10000221,20,20,3,4,3228
3285,21-07-2023,Standard Class,Consumer,Office Supplies,Binders,OFF-BI-10002429,50,60,7,3,4554
3286,11-10-2023,Standard Class,Home Office,Office Supplies,Art,OFF-AR-10002375,10,10,2,3,4335
3287,29-07-2023,Standard Class,Home Office,Office Supplies,Appliances,OFF-AP-10000595,10,10,3,3,2577
3288,28-05-2022,First Class,Consumer,Technology,Phones,TEC-PH-10001530,440,490,3,2,354
3289,24-12-2023,First Class,Consumer,Office Supplies,Binders,OFF-BI-10000050,30,30,5,2,1983
3290,26-01-2022,First Class,Consumer,Technology,Accessories,TEC-AC-10001552,210,250,5,3,5001
3291,01-05-2022,First Class,Consumer,Technology,Accessories,TEC-AC-10003399,40,40,1,3,3527
3292,16-03-2022,Standard Class,Consumer,Office Supplies,Art,OFF-AR-10004078,10,10,2,5,476
3293,01-05-2023,Standard Class,Consumer,Office Supplies,Supplies,OFF-SU-10002189,10,10,3,5,854
3294,19-03-2023,Standard Class,Consumer,Furniture,Furnishings,FUR-FU-10001852,0,0,2,5,3860
3295,05-01-2022,First Class,Consumer,Office Supplies,Binders,OFF-BI-10003638,30,30,8,2,4920
3296,08-02-2023,First Class,Home Office,Technology,Machines,TEC-MA-10002428,1620,1700,11,3,3547
3297,27-03-2023,Standard Class,Consumer,Office Supplies,Binders,OFF-BI-10001036,20,20,7,5,1214
3298,23-06-2022,Standard Class,Consumer,Office Supplies,Appliances,OFF-AP-10004708,110,120,4,4,745
3299,23-11-2022,Same Day,Corporate,Technology,Machines,TEC-MA-10000488,1540,1920,3,4,473
3300,11-08-2023,Standard Class,Consumer,Office Supplies,Binders,OFF-BI-10003656,40,50,1,3,213
3301,26-01-2023,Standard Class,Consumer,Office Supplies,Storage,OFF-ST-10003656,70,80,1,5,2852
3302,15-03-2022,Standard Class,Consumer,Technology,Phones,TEC-PH-10001128,500,540,6,4,2236
3303,06-12-2023,Standard Class,Consumer,Furniture,Furnishings,FUR-FU-10001473,50,60,3,3,3682
3304,29-11-2022,Standard Class,Consumer,Office Supplies,Binders,OFF-BI-10004656,0,0,3,5,316
3305,02-02-2023,Second Class,Corporate,Office Supplies,Envelopes,OFF-EN-10004955,10,10,3,2,1699
3306,12-03-2023,Second Class,Corporate,Technology,Phones,TEC-PH-10002468,210,220,2,4,1700
3307,22-09-2022,Second Class,Corporate,Technology,Phones,TEC-PH-10000576,280,330,3,3,4131
3308,31-01-2022,Second Class,Corporate,Office Supplies,Binders,OFF-BI-10002160,0,0,3,4,2002
3309,21-10-2023,Second Class,Corporate,Technology,Accessories,TEC-AC-10003628,50,50,2,3,173
3310,01-09-2023,Standard Class,Corporate,Office Supplies,Binders,OFF-BI-10001116,30,30,6,2,4892
3311,01-02-2023,Standard Class,Consumer,Office Supplies,Binders,OFF-BI-10002026,220,230,5,3,4352
3312,21-02-2022,Second Class,Corporate,Furniture,Furnishings,FUR-FU-10003691,80,90,7,4,3820
3313,17-05-2022,Standard Class,Consumer,Furniture,Chairs,FUR-CH-10002602,530,600,5,3,3218
3314,27-09-2023,Standard Class,Consumer,Office Supplies,Paper,OFF-PA-10000675,70,80,2,2,1715
3315,24-08-2022,Standard Class,Consumer,Furniture,Chairs,FUR-CH-10002602,240,270,2,5,4062
3316,30-12-2022,Standard Class,Consumer,Office Supplies,Binders,OFF-BI-10001900,10,10,3,5,3872
3317,27-08-2023,Second Class,Corporate,Furniture,Furnishings,FUR-FU-10001468,280,340,5,3,1349
3318,28-07-2023,Standard Class,Consumer,Office Supplies,Art,OFF-AR-10004648,140,180,9,2,4146
3319,05-07-2022,Standard Class,Consumer,Office Supplies,Labels,OFF-LA-10003190,10,10,3,3,581
3320,22-01-2023,Standard Class,Consumer,Office Supplies,Appliances,OFF-AP-10004868,40,40,7,2,4375
3321,27-03-2022,Standard Class,Consumer,Furniture,Chairs,FUR-CH-10004287,600,660,3,4,3743
3322,07-03-2022,Standard Class,Consumer,Office Supplies,Paper,OFF-PA-10002689,30,30,5,5,199
3323,10-08-2023,Standard Class,Home Office,Office Supplies,Appliances,OFF-AP-10002892,60,70,3,2,1689
3324,02-02-2022,Standard Class,Home Office,Furniture,Furnishings,FUR-FU-10002253,110,130,3,2,1927
3325,04-04-2023,Standard Class,Consumer,Office Supplies,Binders,OFF-BI-10001359,790,900,5,5,378
3326,12-04-2022,Standard Class,Consumer,Office Supplies,Binders,OFF-BI-10001267,0,0,1,4,2944
3327,02-05-2023,Standard Class,Consumer,Office Supplies,Art,OFF-AR-10003582,60,70,3,4,2009
3328,17-09-2023,Standard Class,Consumer,Office Supplies,Paper,OFF-PA-10003724,20,20,5,3,2551
3329,11-12-2023,Standard Class,Consumer,Office Supplies,Paper,OFF-PA-10001033,240,260,8,4,3356
3330,19-01-2022,Standard Class,Consumer,Technology,Phones,TEC-PH-10003505,130,150,2,2,4394
3331,20-12-2022,Standard Class,Consumer,Technology,Phones,TEC-PH-10004959,210,240,3,3,3891
3332,24-11-2023,Standard Class,Home Office,Technology,Accessories,TEC-AC-10000474,210,230,3,3,4134
3333,16-04-2022,Standard Class,Home Office,Technology,Phones,TEC-PH-10003095,40,50,3,4,2253
3334,28-06-2023,Standard Class,Home Office,Furniture,Furnishings,FUR-FU-10002963,0,0,1,3,1982
3335,11-07-2023,First Class,Consumer,Office Supplies,Art,OFF-AR-10000203,20,20,4,5,4534
3336,26-06-2023,First Class,Consumer,Technology,Phones,TEC-PH-10004667,370,430,4,4,2849
3337,30-01-2022,First Class,Consumer,Furniture,Furnishings,FUR-FU-10000193,110,130,4,2,3789
3338,03-12-2022,First Class,Consumer,Furniture,Tables,FUR-TA-10001539,490,570,3,4,1100
3339,13-11-2023,First Class,Consumer,Office Supplies,Binders,OFF-BI-10000962,100,120,9,5,3075
3340,13-06-2023,First Class,Consumer,Office Supplies,Appliances,OFF-AP-10002867,180,200,3,2,4217
3341,16-12-2023,First Class,Consumer,Office Supplies,Labels,OFF-LA-10001158,40,50,5,5,4364
3342,03-03-2023,Second Class,Consumer,Office Supplies,Paper,OFF-PA-10000675,110,120,3,3,3646
3343,01-08-2022,Second Class,Consumer,Furniture,Tables,FUR-TA-10001307,200,240,1,3,1054
3344,02-01-2023,Second Class,Consumer,Technology,Phones,TEC-PH-10000011,50,60,3,5,2946
3345,19-03-2022,Second Class,Consumer,Office Supplies,Paper,OFF-PA-10002666,70,80,9,5,2284
3346,31-07-2023,Second Class,Consumer,Office Supplies,Fasteners,OFF-FA-10000735,10,10,4,3,243
3347,06-08-2023,Second Class,Consumer,Office Supplies,Binders,OFF-BI-10000174,20,30,5,2,3406
3348,03-02-2022,Standard Class,Corporate,Office Supplies,Art,OFF-AR-10003156,40,50,5,2,1061
3349,06-10-2022,First Class,Corporate,Office Supplies,Binders,OFF-BI-10000474,20,20,5,5,1612
3350,31-01-2023,Standard Class,Consumer,Office Supplies,Binders,OFF-BI-10003712,20,20,4,2,3216
3351,28-02-2023,Standard Class,Consumer,Technology,Accessories,TEC-AC-10003280,80,90,3,4,3547
3352,06-11-2022,Standard Class,Corporate,Furniture,Bookcases,FUR-BO-10002916,380,440,3,3,4747
3353,11-11-2023,Standard Class,Corporate,Technology,Phones,TEC-PH-10002726,70,80,2,2,329
3354,15-04-2023,Standard Class,Corporate,Technology,Phones,TEC-PH-10000895,320,360,2,4,3623
3355,21-08-2022,Standard Class,Corporate,Furniture,Tables,FUR-TA-10004152,60,70,1,4,4040
3356,28-07-2023,Standard Class,Corporate,Office Supplies,Binders,OFF-BI-10003694,20,20,2,3,3454
3357,14-02-2022,Standard Class,Corporate,Office Supplies,Binders,OFF-BI-10002160,0,0,1,3,2800
3358,30-05-2022,Standard Class,Home Office,Office Supplies,Paper,OFF-PA-10001685,70,70,9,2,1967
3359,16-10-2023,Standard Class,Consumer,Office Supplies,Binders,OFF-BI-10000773,0,0,2,4,553
3360,02-12-2023,Standard Class,Consumer,Technology,Accessories,TEC-AC-10004510,30,30,2,5,2409
3361,03-07-2022,Second Class,Home Office,Office Supplies,Paper,OFF-PA-10004569,20,30,4,3,3174
3362,30-04-2022,Second Class,Home Office,Furniture,Furnishings,FUR-FU-10000672,40,40,3,5,2013
3363,13-04-2023,Standard Class,Home Office,Office Supplies,Paper,OFF-PA-10004451,20,20,3,4,2033
3364,09-10-2023,Standard Class,Home Office,Office Supplies,Binders,OFF-BI-10004738,40,40,2,2,4559
3365,18-10-2022,Second Class,Corporate,Furniture,Furnishings,FUR-FU-10001940,10,10,3,3,1924
3366,18-04-2023,First Class,Consumer,Furniture,Bookcases,FUR-BO-10003966,230,290,2,4,2629
3367,09-10-2023,Standard Class,Corporate,Office Supplies,Paper,OFF-PA-10003072,10,10,2,3,1355
3368,01-03-2022,Standard Class,Corporate,Office Supplies,Paper,OFF-PA-10002245,10,10,3,4,2563
3369,10-11-2023,Standard Class,Consumer,Furniture,Bookcases,FUR-BO-10002598,110,140,2,4,1470
3370,03-01-2022,Standard Class,Consumer,Office Supplies,Binders,OFF-BI-10002225,60,70,4,3,2771
3371,13-12-2023,Same Day,Consumer,Technology,Accessories,TEC-AC-10003832,1070,1290,5,4,3558
3372,27-02-2022,Standard Class,Consumer,Office Supplies,Binders,OFF-BI-10000822,20,30,6,4,1787
3373,26-08-2023,Standard Class,Consumer,Office Supplies,Appliances,OFF-AP-10001242,130,160,2,4,2663
3374,26-10-2023,Standard Class,Consumer,Furniture,Furnishings,FUR-FU-10002445,20,30,3,5,4990
3375,21-10-2022,Standard Class,Consumer,Furniture,Chairs,FUR-CH-10002372,290,360,5,2,3479
3376,05-09-2023,Standard Class,Consumer,Technology,Phones,TEC-PH-10000376,40,40,4,5,5094
3377,29-06-2022,Standard Class,Consumer,Furniture,Chairs,FUR-CH-10002965,290,360,2,5,3644
3378,05-12-2022,First Class,Corporate,Office Supplies,Storage,OFF-ST-10004950,90,110,9,2,340
3379,08-08-2023,Standard Class,Home Office,Office Supplies,Binders,OFF-BI-10003166,10,10,6,3,4807
3380,17-10-2023,Standard Class,Home Office,Office Supplies,Paper,OFF-PA-10004610,10,10,3,5,1664
3381,28-02-2022,First Class,Consumer,Furniture,Furnishings,FUR-FU-10000320,20,20,9,3,2993
3382,25-12-2023,First Class,Corporate,Office Supplies,Envelopes,OFF-EN-10004030,0,0,1,5,935
3383,21-05-2022,Second Class,Consumer,Office Supplies,Envelopes,OFF-EN-10004147,20,20,3,4,4338
3384,09-04-2022,Second Class,Consumer,Furniture,Chairs,FUR-CH-10003535,350,380,7,4,1937
3385,12-12-2023,Second Class,Consumer,Technology,Phones,TEC-PH-10004586,1530,1800,5,2,560
3386,30-05-2023,Standard Class,Home Office,Office Supplies,Storage,OFF-ST-10003208,520,580,4,3,1999
3387,05-06-2023,Standard Class,Home Office,Office Supplies,Fasteners,OFF-FA-10003112,20,20,3,4,2569
3388,13-02-2022,Standard Class,Home Office,Technology,Phones,TEC-PH-10004447,180,220,2,3,1940
3389,06-10-2023,Standard Class,Home Office,Office Supplies,Binders,OFF-BI-10002854,40,50,6,2,919
3390,30-11-2022,Standard Class,Home Office,Furniture,Tables,FUR-TA-10001039,140,150,3,5,4105
3391,24-01-2022,Second Class,Consumer,Office Supplies,Paper,OFF-PA-10004239,10,10,2,2,3397
3392,21-06-2023,Standard Class,Home Office,Technology,Phones,TEC-PH-10001530,900,1090,4,5,2383
3393,05-07-2023,Standard Class,Home Office,Technology,Phones,TEC-PH-10000038,200,220,2,3,1761
3394,20-04-2023,First Class,Consumer,Office Supplies,Binders,OFF-BI-10001765,10,10,1,5,4865
3395,24-08-2022,Same Day,Consumer,Office Supplies,Paper,OFF-PA-10000380,40,40,6,4,554
3396,20-11-2022,Standard Class,Home Office,Office Supplies,Storage,OFF-ST-10001128,390,440,4,2,349
3397,21-01-2023,Standard Class,Home Office,Office Supplies,Binders,OFF-BI-10003656,150,170,1,5,1005
3398,14-09-2023,Standard Class,Home Office,Office Supplies,Paper,OFF-PA-10003441,20,30,4,3,4400
3399,29-11-2022,Standard Class,Corporate,Technology,Phones,TEC-PH-10002923,30,40,1,5,4700
3400,24-01-2022,Standard Class,Corporate,Office Supplies,Paper,OFF-PA-10004359,560,630,6,2,2802
3401,05-06-2022,Standard Class,Corporate,Office Supplies,Storage,OFF-ST-10001511,180,190,3,2,1495
3402,30-03-2023,Standard Class,Corporate,Office Supplies,Art,OFF-AR-10002833,10,10,3,3,82
3403,17-04-2023,First Class,Corporate,Furniture,Furnishings,FUR-FU-10001940,20,20,7,5,501
3404,28-05-2023,Standard Class,Consumer,Furniture,Furnishings,FUR-FU-10003919,70,70,4,2,4485
3405,04-11-2023,Same Day,Consumer,Office Supplies,Storage,OFF-ST-10003479,70,80,2,4,1942
3406,25-10-2022,Standard Class,Home Office,Furniture,Chairs,FUR-CH-10002965,230,280,2,4,2220
3407,06-11-2022,Standard Class,Home Office,Furniture,Chairs,FUR-CH-10002965,250,280,2,2,1940
3408,25-02-2022,Standard Class,Home Office,Office Supplies,Binders,OFF-BI-10000145,10,10,8,3,2612
3409,08-02-2023,Standard Class,Home Office,Furniture,Furnishings,FUR-FU-10002191,20,20,4,5,3779
3410,28-09-2023,Standard Class,Consumer,Office Supplies,Paper,OFF-PA-10004451,10,10,2,3,2761
3411,03-08-2022,Standard Class,Corporate,Office Supplies,Paper,OFF-PA-10001471,60,70,9,4,3874
3412,20-10-2022,Standard Class,Corporate,Office Supplies,Binders,OFF-BI-10003656,250,270,2,5,3761
3413,08-02-2022,Standard Class,Corporate,Office Supplies,Art,OFF-AR-10000940,10,10,4,2,1258
3414,09-05-2023,Standard Class,Corporate,Office Supplies,Paper,OFF-PA-10002319,80,80,2,4,4743
3415,28-04-2022,Standard Class,Corporate,Office Supplies,Binders,OFF-BI-10000977,50,50,2,2,2527
3416,31-10-2022,Same Day,Consumer,Office Supplies,Fasteners,OFF-FA-10002676,0,0,1,3,4348
3417,01-10-2023,Same Day,Consumer,Office Supplies,Binders,OFF-BI-10004970,10,10,2,4,3511
3418,05-04-2023,Standard Class,Home Office,Office Supplies,Appliances,OFF-AP-10003971,40,40,5,3,5041
3419,15-01-2023,Standard Class,Home Office,Office Supplies,Supplies,OFF-SU-10001574,10,10,2,4,3406
3420,13-11-2022,Standard Class,Home Office,Furniture,Chairs,FUR-CH-10000665,250,270,2,3,1411
3421,21-07-2023,Standard Class,Consumer,Office Supplies,Appliances,OFF-AP-10000891,240,260,2,4,3186
3422,02-10-2022,Standard Class,Consumer,Office Supplies,Paper,OFF-PA-10003790,160,180,8,4,2065
3423,02-01-2023,Standard Class,Consumer,Technology,Accessories,TEC-AC-10002217,110,130,7,4,709
3424,04-07-2023,Standard Class,Consumer,Office Supplies,Binders,OFF-BI-10002215,20,20,4,5,3513
3425,09-05-2023,Standard Class,Consumer,Technology,Machines,TEC-MA-10001972,520,560,2,4,3296
3426,28-08-2023,Standard Class,Home Office,Office Supplies,Binders,OFF-BI-10001525,20,20,4,3,3130
3427,17-10-2023,Standard Class,Home Office,Furniture,Chairs,FUR-CH-10000988,1130,1410,10,4,1413
3428,23-01-2022,Second Class,Home Office,Office Supplies,Paper,OFF-PA-10000174,30,30,4,5,3480
3429,07-05-2023,Second Class,Home Office,Furniture,Tables,FUR-TA-10002041,180,220,2,4,3632
3430,04-12-2023,Second Class,Home Office,Office Supplies,Paper,OFF-PA-10002246,30,30,6,2,4331
3431,14-06-2023,First Class,Consumer,Office Supplies,Storage,OFF-ST-10003327,30,30,3,3,1644
3432,21-05-2023,First Class,Consumer,Furniture,Furnishings,FUR-FU-10002703,110,130,2,3,4678
3433,08-07-2022,First Class,Consumer,Office Supplies,Paper,OFF-PA-10003651,50,60,9,5,666
3434,11-02-2023,Standard Class,Consumer,Office Supplies,Binders,OFF-BI-10001617,20,20,3,2,2318
3435,07-02-2022,Standard Class,Consumer,Office Supplies,Binders,OFF-BI-10000145,10,10,6,3,1801
3436,19-03-2023,First Class,Consumer,Office Supplies,Binders,OFF-BI-10001670,20,20,2,4,2975
3437,21-06-2022,First Class,Consumer,Furniture,Furnishings,FUR-FU-10003849,20,20,3,3,716
3438,07-08-2023,Same Day,Consumer,Furniture,Furnishings,FUR-FU-10003849,20,20,2,4,3159
3439,26-02-2022,Same Day,Consumer,Furniture,Tables,FUR-TA-10002041,230,250,2,3,4083
3440,10-04-2022,Same Day,Consumer,Office Supplies,Storage,OFF-ST-10002214,50,50,6,3,1484
3441,13-11-2022,Same Day,Home Office,Office Supplies,Binders,OFF-BI-10001078,0,0,1,3,1741
3442,01-01-2022,Second Class,Consumer,Office Supplies,Paper,OFF-PA-10002137,100,110,14,2,4412
3443,20-01-2023,Standard Class,Corporate,Office Supplies,Envelopes,OFF-EN-10001415,20,20,3,4,2991
3444,07-03-2022,Standard Class,Corporate,Office Supplies,Appliances,OFF-AP-10003849,2350,2500,7,4,1816
3445,14-03-2022,Standard Class,Corporate,Office Supplies,Storage,OFF-ST-10001713,70,80,2,2,3488
3446,11-01-2022,Standard Class,Consumer,Office Supplies,Storage,OFF-ST-10001505,20,30,5,3,4127
3447,21-02-2023,First Class,Corporate,Office Supplies,Paper,OFF-PA-10000474,60,70,2,3,1188
3448,08-08-2023,Standard Class,Home Office,Office Supplies,Art,OFF-AR-10001919,0,0,2,4,1546
3449,16-04-2023,Standard Class,Consumer,Office Supplies,Binders,OFF-BI-10004001,20,30,2,5,2741
3450,17-04-2022,Standard Class,Home Office,Office Supplies,Appliances,OFF-AP-10004785,50,60,5,3,4455
3451,26-10-2023,Standard Class,Home Office,Office Supplies,Storage,OFF-ST-10002406,10,10,1,4,2416
3452,02-10-2022,Standard Class,Home Office,Office Supplies,Fasteners,OFF-FA-10002988,0,0,2,3,1988
3453,26-08-2022,Second Class,Home Office,Technology,Phones,TEC-PH-10002415,410,470,2,4,3524
3454,09-11-2022,Second Class,Consumer,Office Supplies,Binders,OFF-BI-10004236,50,60,4,5,2953
3455,05-07-2022,Standard Class,Consumer,Office Supplies,Art,OFF-AR-10000657,10,10,3,2,3303
3456,12-02-2022,Standard Class,Consumer,Office Supplies,Paper,OFF-PA-10004996,20,20,2,2,2302
3457,18-08-2022,First Class,Consumer,Technology,Accessories,TEC-AC-10001109,60,70,3,3,4602
3458,13-01-2023,First Class,Consumer,Furniture,Furnishings,FUR-FU-10003832,20,20,3,5,5
3459,05-08-2023,First Class,Consumer,Office Supplies,Binders,OFF-BI-10002393,0,0,2,4,4785
3460,08-12-2022,First Class,Consumer,Office Supplies,Binders,OFF-BI-10001359,450,540,2,4,2665
3461,23-11-2022,First Class,Consumer,Technology,Accessories,TEC-AC-10003628,40,50,2,3,842
3462,15-03-2023,Second Class,Corporate,Technology,Phones,TEC-PH-10003012,400,490,4,3,1882
3463,07-12-2023,Second Class,Consumer,Office Supplies,Art,OFF-AR-10003903,240,290,7,5,4890
3464,01-11-2022,Standard Class,Home Office,Office Supplies,Paper,OFF-PA-10004675,10,10,1,4,3075
3465,02-07-2022,Second Class,Consumer,Technology,Accessories,TEC-AC-10001990,40,50,1,2,731
3466,12-06-2022,Standard Class,Corporate,Office Supplies,Appliances,OFF-AP-10003842,50,60,2,2,1132
3467,20-09-2023,Standard Class,Corporate,Furniture,Bookcases,FUR-BO-10004695,340,360,2,5,4751
3468,23-01-2023,Standard Class,Corporate,Office Supplies,Paper,OFF-PA-10003039,220,280,9,5,207
3469,01-11-2022,Standard Class,Consumer,Furniture,Furnishings,FUR-FU-10002045,110,130,6,3,1239
3470,03-01-2022,Standard Class,Consumer,Office Supplies,Paper,OFF-PA-10001019,50,50,3,4,249
3471,30-05-2022,Standard Class,Consumer,Furniture,Furnishings,FUR-FU-10003724,20,20,2,3,4178
3472,30-12-2023,Standard Class,Corporate,Office Supplies,Paper,OFF-PA-10003673,10,10,2,4,73
3473,08-04-2022,Standard Class,Corporate,Technology,Accessories,TEC-AC-10003614,20,20,2,4,3257
3474,07-04-2023,Standard Class,Consumer,Furniture,Chairs,FUR-CH-10000785,140,180,1,2,107
3475,26-01-2023,Standard Class,Consumer,Technology,Accessories,TEC-AC-10002926,90,100,2,5,4189
3476,24-09-2023,First Class,Corporate,Technology,Accessories,TEC-AC-10004633,30,30,5,4,4847
3477,16-03-2023,First Class,Corporate,Office Supplies,Binders,OFF-BI-10000977,140,150,5,4,2787
3478,11-10-2023,Standard Class,Consumer,Technology,Accessories,TEC-AC-10001635,70,90,9,4,4680
3479,13-02-2022,Standard Class,Corporate,Office Supplies,Art,OFF-AR-10003056,10,10,2,2,1750
3480,14-10-2023,Standard Class,Corporate,Office Supplies,Paper,OFF-PA-10003363,40,50,7,5,1846
3481,29-11-2022,Standard Class,Corporate,Furniture,Tables,FUR-TA-10003954,1350,1420,6,5,484
3482,26-08-2022,First Class,Consumer,Furniture,Furnishings,FUR-FU-10004415,10,10,2,2,3197
3483,28-09-2022,First Class,Corporate,Technology,Phones,TEC-PH-10000455,540,580,5,4,2507
3484,27-02-2022,First Class,Corporate,Furniture,Furnishings,FUR-FU-10002456,30,30,4,2,3192
3485,30-04-2023,First Class,Corporate,Furniture,Tables,FUR-TA-10003569,1000,1200,3,4,623
3486,05-08-2022,Standard Class,Corporate,Office Supplies,Binders,OFF-BI-10002813,10,10,4,4,4399
3487,09-12-2023,Same Day,Consumer,Technology,Phones,TEC-PH-10002890,30,40,1,4,1558
3488,05-10-2023,Standard Class,Home Office,Office Supplies,Storage,OFF-ST-10001522,120,150,2,5,3064
3489,13-06-2023,Standard Class,Consumer,Furniture,Chairs,FUR-CH-10004086,360,410,2,2,3051
3490,25-02-2023,Standard Class,Consumer,Furniture,Chairs,FUR-CH-10003774,340,380,6,4,4318
3491,05-05-2023,Standard Class,Consumer,Office Supplies,Storage,OFF-ST-10004507,60,70,5,4,2268
3492,05-06-2022,Standard Class,Consumer,Office Supplies,Storage,OFF-ST-10003208,410,440,3,2,776
3493,24-10-2023,Standard Class,Consumer,Office Supplies,Paper,OFF-PA-10000659,10,10,2,2,1464
3494,03-07-2022,Standard Class,Corporate,Technology,Accessories,TEC-AC-10002305,60,70,4,5,1782
3495,23-09-2022,Standard Class,Corporate,Technology,Accessories,TEC-AC-10000990,590,660,5,2,379
3496,22-06-2023,Standard Class,Corporate,Furniture,Chairs,FUR-CH-10000665,530,600,4,5,4891
3497,22-08-2022,Standard Class,Home Office,Furniture,Tables,FUR-TA-10001932,430,510,2,5,128
3498,15-06-2023,Standard Class,Home Office,Office Supplies,Appliances,OFF-AP-10004487,390,490,6,4,74
3499,06-03-2022,Standard Class,Home Office,Office Supplies,Binders,OFF-BI-10002160,20,20,5,5,2504
3500,21-01-2022,Standard Class,Consumer,Technology,Accessories,TEC-AC-10000420,170,210,3,3,2624
3501,03-10-2023,Standard Class,Consumer,Office Supplies,Binders,OFF-BI-10001989,60,60,3,4,4570
3502,12-11-2023,Standard Class,Consumer,Office Supplies,Art,OFF-AR-10001149,30,30,9,4,19
3503,23-09-2022,Same Day,Consumer,Office Supplies,Paper,OFF-PA-10004101,10,10,2,3,1853
3504,30-11-2023,Same Day,Consumer,Technology,Accessories,TEC-AC-10001714,90,100,3,4,2618
3505,12-02-2022,Second Class,Home Office,Office Supplies,Storage,OFF-ST-10003716,800,900,4,4,1317
3506,24-06-2023,Standard Class,Consumer,Technology,Phones,TEC-PH-10000369,180,200,2,4,4145
3507,04-08-2022,Standard Class,Consumer,Office Supplies,Binders,OFF-BI-10000756,0,0,4,5,3403
3508,26-04-2023,Standard Class,Consumer,Furniture,Bookcases,FUR-BO-10001608,180,190,4,3,3274
3509,22-05-2022,Standard Class,Consumer,Office Supplies,Paper,OFF-PA-10001166,20,20,3,3,3893
3510,13-08-2023,Standard Class,Consumer,Office Supplies,Paper,OFF-PA-10000587,10,10,2,5,4573
3511,24-03-2022,Standard Class,Consumer,Technology,Machines,TEC-MA-10001972,390,420,2,3,4207
3512,22-03-2022,Standard Class,Consumer,Office Supplies,Storage,OFF-ST-10004123,440,510,7,2,4869
3513,11-04-2023,First Class,Corporate,Furniture,Bookcases,FUR-BO-10000112,760,830,9,3,2906
3514,16-11-2023,First Class,Corporate,Office Supplies,Paper,OFF-PA-10004041,20,20,3,3,726
3515,23-08-2022,First Class,Corporate,Office Supplies,Art,OFF-AR-10001149,10,10,3,3,2586
3516,30-09-2022,Standard Class,Consumer,Technology,Accessories,TEC-AC-10002323,60,70,3,2,3105
3517,15-04-2022,First Class,Consumer,Office Supplies,Paper,OFF-PA-10000130,30,30,9,4,46
3518,04-02-2023,First Class,Consumer,Technology,Phones,TEC-PH-10002350,30,40,2,2,2433
3519,22-08-2023,First Class,Consumer,Office Supplies,Appliances,OFF-AP-10002518,540,570,4,4,3221
3520,07-08-2022,First Class,Home Office,Furniture,Tables,FUR-TA-10002645,650,800,7,4,52
3521,13-09-2023,Standard Class,Corporate,Office Supplies,Binders,OFF-BI-10000773,10,10,2,2,3854
3522,23-11-2022,Second Class,Corporate,Office Supplies,Paper,OFF-PA-10003845,40,40,7,5,1085
3523,20-01-2023,Second Class,Corporate,Technology,Phones,TEC-PH-10001580,360,400,3,2,4926
3524,27-02-2022,Standard Class,Corporate,Technology,Accessories,TEC-AC-10002345,100,120,8,5,494
3525,09-09-2022,Standard Class,Consumer,Technology,Phones,TEC-PH-10004120,590,660,6,2,4493
3526,10-10-2022,Second Class,Home Office,Technology,Accessories,TEC-AC-10001838,520,600,3,4,583
3527,06-01-2022,Second Class,Home Office,Technology,Phones,TEC-PH-10000148,40,40,3,4,1069
3528,05-01-2022,Second Class,Home Office,Office Supplies,Binders,OFF-BI-10003476,50,50,8,4,4678
3529,28-08-2022,Standard Class,Consumer,Technology,Phones,TEC-PH-10004833,30,40,4,3,1000
3530,02-01-2023,Standard Class,Consumer,Technology,Accessories,TEC-AC-10001465,80,90,3,5,1040
3531,22-03-2022,Standard Class,Corporate,Office Supplies,Art,OFF-AR-10003056,20,20,5,2,3070
3532,22-03-2023,Same Day,Corporate,Office Supplies,Supplies,OFF-SU-10001218,50,50,5,4,2895
3533,16-11-2022,Standard Class,Consumer,Technology,Machines,TEC-MA-10002859,260,290,4,4,2052
3534,14-02-2023,Standard Class,Consumer,Office Supplies,Art,OFF-AR-10002375,10,10,4,3,2753
3535,24-04-2022,Standard Class,Consumer,Office Supplies,Art,OFF-AR-10000657,10,10,5,5,4203
3536,17-05-2023,Standard Class,Consumer,Office Supplies,Fasteners,OFF-FA-10000134,10,10,2,2,4890
3537,23-11-2022,Second Class,Consumer,Office Supplies,Storage,OFF-ST-10000419,40,40,3,3,27
3538,22-10-2023,Same Day,Corporate,Office Supplies,Storage,OFF-ST-10000107,70,80,3,5,2601
3539,24-11-2022,Same Day,Corporate,Office Supplies,Labels,OFF-LA-10001641,10,10,3,5,3559
3540,29-05-2023,Same Day,Corporate,Office Supplies,Labels,OFF-LA-10003121,20,20,5,2,346
3541,12-10-2023,Same Day,Corporate,Office Supplies,Paper,OFF-PA-10002689,40,50,7,3,86
3542,24-06-2022,First Class,Consumer,Furniture,Furnishings,FUR-FU-10002107,10,10,3,5,4411
3543,27-12-2023,First Class,Consumer,Furniture,Chairs,FUR-CH-10002647,90,100,2,3,1761
3544,12-02-2022,First Class,Consumer,Office Supplies,Art,OFF-AR-10002257,0,0,1,3,5082
3545,27-02-2023,Second Class,Consumer,Office Supplies,Paper,OFF-PA-10004519,30,30,8,3,4609
3546,02-06-2023,Second Class,Consumer,Office Supplies,Appliances,OFF-AP-10001947,20,30,8,5,2815
3547,27-01-2022,First Class,Home Office,Office Supplies,Storage,OFF-ST-10004963,100,110,7,2,982
3548,06-03-2022,First Class,Home Office,Office Supplies,Supplies,OFF-SU-10002573,30,40,2,3,3534
3549,12-04-2023,First Class,Home Office,Furniture,Chairs,FUR-CH-10000553,30,30,1,3,2618
3550,17-04-2022,First Class,Home Office,Office Supplies,Labels,OFF-LA-10001982,30,30,8,5,5053
3551,23-10-2023,Second Class,Home Office,Office Supplies,Paper,OFF-PA-10001295,40,50,3,4,2002
3552,10-11-2023,Second Class,Home Office,Furniture,Chairs,FUR-CH-10002965,680,840,6,4,2238
3553,23-01-2023,Second Class,Home Office,Technology,Phones,TEC-PH-10001254,750,810,8,2,24
3554,06-03-2023,Second Class,Corporate,Office Supplies,Binders,OFF-BI-10001658,10,10,1,4,5030
3555,07-11-2022,Second Class,Consumer,Office Supplies,Storage,OFF-ST-10000585,310,330,2,5,2128
3556,25-07-2023,Second Class,Consumer,Technology,Phones,TEC-PH-10003484,500,600,6,4,3605
3557,31-08-2022,Standard Class,Consumer,Office Supplies,Paper,OFF-PA-10004735,40,50,7,5,640
3558,08-08-2023,Standard Class,Consumer,Office Supplies,Binders,OFF-BI-10003429,10,10,2,2,2138
3559,14-05-2022,Standard Class,Consumer,Office Supplies,Binders,OFF-BI-10002982,20,20,4,3,4997
3560,06-12-2023,Standard Class,Consumer,Technology,Accessories,TEC-AC-10004975,370,440,4,3,3281
3561,21-10-2022,Second Class,Consumer,Office Supplies,Art,OFF-AR-10002335,10,10,4,4,4937
3562,24-11-2022,Second Class,Consumer,Office Supplies,Binders,OFF-BI-10004001,30,30,5,2,2391
3563,23-05-2023,Second Class,Consumer,Office Supplies,Binders,OFF-BI-10001634,0,0,2,3,667
3564,29-03-2023,Second Class,Consumer,Office Supplies,Paper,OFF-PA-10000007,10,10,4,5,358
3565,22-12-2023,First Class,Consumer,Office Supplies,Paper,OFF-PA-10000552,10,10,2,2,4772
3566,07-09-2022,First Class,Consumer,Office Supplies,Fasteners,OFF-FA-10001135,0,0,2,2,4973
3567,05-09-2022,Standard Class,Home Office,Office Supplies,Binders,OFF-BI-10003650,1490,1580,3,3,1827
3568,12-02-2023,Second Class,Home Office,Furniture,Furnishings,FUR-FU-10003832,20,20,4,4,1455
3569,19-03-2022,Same Day,Home Office,Technology,Accessories,TEC-AC-10003628,60,60,2,4,4666
3570,11-06-2023,Same Day,Home Office,Technology,Machines,TEC-MA-10001148,2280,2400,6,4,3433
3571,07-02-2022,Same Day,Home Office,Technology,Accessories,TEC-AC-10002049,1470,1690,4,2,4924
3572,23-06-2022,Same Day,Home Office,Technology,Phones,TEC-PH-10000702,10,10,1,4,131
3573,28-04-2022,Standard Class,Corporate,Office Supplies,Paper,OFF-PA-10003953,10,10,1,2,1032
3574,08-10-2022,Standard Class,Consumer,Office Supplies,Art,OFF-AR-10003602,10,10,2,3,3031
3575,16-02-2022,Standard Class,Consumer,Office Supplies,Art,OFF-AR-10004062,90,100,10,3,2915
3576,25-07-2023,Standard Class,Consumer,Office Supplies,Paper,OFF-PA-10001560,10,10,3,3,4718
3577,16-11-2023,Standard Class,Home Office,Office Supplies,Binders,OFF-BI-10003305,0,0,1,4,602
3578,03-05-2022,Standard Class,Home Office,Office Supplies,Paper,OFF-PA-10004000,0,0,1,3,3379
3579,27-09-2022,Standard Class,Consumer,Office Supplies,Storage,OFF-ST-10000321,10,10,1,3,3596
3580,19-07-2022,Standard Class,Consumer,Office Supplies,Paper,OFF-PA-10004665,70,70,5,4,591
3581,19-05-2022,Standard Class,Consumer,Furniture,Tables,FUR-TA-10004915,2020,2430,8,3,4423
3582,07-05-2022,Standard Class,Consumer,Office Supplies,Paper,OFF-PA-10000994,90,100,1,2,296
3583,10-08-2022,Standard Class,Corporate,Office Supplies,Art,OFF-AR-10001149,0,0,2,5,3024
3584,26-06-2022,Standard Class,Corporate,Furniture,Tables,FUR-TA-10003569,660,800,2,2,403
3585,14-05-2022,Standard Class,Corporate,Furniture,Chairs,FUR-CH-10004289,170,190,2,2,150
3586,26-08-2023,Standard Class,Corporate,Office Supplies,Labels,OFF-LA-10001045,0,0,1,3,1698
3587,30-06-2022,Standard Class,Corporate,Office Supplies,Art,OFF-AR-10002053,10,10,2,4,2761
3588,12-03-2022,Standard Class,Home Office,Technology,Phones,TEC-PH-10002885,1090,1170,3,5,209
3589,08-12-2022,First Class,Consumer,Office Supplies,Supplies,OFF-SU-10002881,1450,1670,2,2,30
3590,18-03-2022,Standard Class,Home Office,Office Supplies,Binders,OFF-BI-10000546,0,0,1,3,619
3591,27-09-2022,Standard Class,Home Office,Office Supplies,Storage,OFF-ST-10001526,1220,1440,12,4,39
3592,25-02-2023,Second Class,Consumer,Office Supplies,Supplies,OFF-SU-10001574,0,0,1,4,1652
3593,03-07-2022,Second Class,Consumer,Office Supplies,Storage,OFF-ST-10002615,400,470,3,2,3307
3594,13-09-2022,Standard Class,Home Office,Office Supplies,Binders,OFF-BI-10001658,20,20,3,2,643
3595,02-02-2022,Standard Class,Home Office,Office Supplies,Storage,OFF-ST-10002562,40,40,5,3,3332
3596,07-10-2022,Standard Class,Corporate,Office Supplies,Art,OFF-AR-10004757,0,0,1,5,2204
3597,29-12-2022,Second Class,Consumer,Office Supplies,Paper,OFF-PA-10000788,20,20,3,4,1988
3598,17-08-2022,Second Class,Consumer,Technology,Accessories,TEC-AC-10002134,50,60,6,3,4693
3599,09-11-2022,Second Class,Consumer,Furniture,Furnishings,FUR-FU-10002456,20,20,3,3,4963
3600,07-11-2022,Second Class,Consumer,Technology,Phones,TEC-PH-10002549,130,140,1,3,5074
3601,01-04-2023,Standard Class,Consumer,Technology,Accessories,TEC-AC-10001990,350,430,9,5,2927
3602,08-04-2023,Standard Class,Consumer,Office Supplies,Paper,OFF-PA-10002137,10,10,2,3,749
3603,10-07-2023,Standard Class,Consumer,Furniture,Chairs,FUR-CH-10004997,560,660,5,4,308
3604,25-12-2023,Standard Class,Home Office,Office Supplies,Paper,OFF-PA-10000357,240,280,5,4,2924
3605,19-02-2023,Standard Class,Home Office,Furniture,Furnishings,FUR-FU-10003976,30,30,2,4,2884
3606,27-10-2022,Standard Class,Home Office,Furniture,Furnishings,FUR-FU-10004960,80,90,4,2,13
3607,27-09-2022,Second Class,Consumer,Office Supplies,Envelopes,OFF-EN-10001099,30,30,3,4,176
3608,04-04-2023,Second Class,Consumer,Office Supplies,Binders,OFF-BI-10002026,130,140,3,5,680
3609,04-03-2023,Standard Class,Corporate,Office Supplies,Labels,OFF-LA-10001613,10,10,3,2,4637
3610,21-11-2023,Standard Class,Corporate,Office Supplies,Storage,OFF-ST-10002214,30,30,3,4,1237
3611,09-10-2023,Standard Class,Corporate,Office Supplies,Storage,OFF-ST-10001128,150,180,2,2,926
3612,02-06-2023,Second Class,Corporate,Technology,Accessories,TEC-AC-10004864,60,60,2,4,2030
3613,22-07-2023,Standard Class,Home Office,Office Supplies,Paper,OFF-PA-10000174,20,20,2,5,2020
3614,29-12-2023,Standard Class,Home Office,Technology,Accessories,TEC-AC-10000171,40,40,2,3,2132
3615,27-05-2023,First Class,Corporate,Furniture,Tables,FUR-TA-10002622,580,720,6,2,4420
3616,14-10-2023,First Class,Corporate,Office Supplies,Art,OFF-AR-10001915,20,30,4,4,4283
3617,04-05-2023,Standard Class,Consumer,Office Supplies,Binders,OFF-BI-10004410,10,10,5,5,463
3618,25-04-2023,Standard Class,Consumer,Office Supplies,Binders,OFF-BI-10004632,400,490,2,5,1157
3619,02-07-2022,Standard Class,Consumer,Technology,Phones,TEC-PH-10002185,10,10,1,5,728
3620,05-07-2022,Standard Class,Consumer,Office Supplies,Storage,OFF-ST-10002974,190,220,5,4,222
3621,14-07-2022,Standard Class,Corporate,Office Supplies,Art,OFF-AR-10003727,40,40,3,4,3879
3622,14-02-2023,Standard Class,Corporate,Technology,Phones,TEC-PH-10004071,50,60,8,3,3083
3623,06-05-2022,Standard Class,Consumer,Furniture,Furnishings,FUR-FU-10002878,120,140,5,4,1161
3624,22-07-2022,Standard Class,Consumer,Office Supplies,Binders,OFF-BI-10001890,10,10,2,4,4295
3625,03-07-2022,Second Class,Home Office,Furniture,Chairs,FUR-CH-10002647,560,680,12,5,3878
3626,01-06-2023,Second Class,Home Office,Office Supplies,Art,OFF-AR-10001315,0,0,2,4,1467
3627,12-11-2022,Second Class,Home Office,Office Supplies,Art,OFF-AR-10000122,10,10,1,3,4353
3628,30-07-2022,Second Class,Home Office,Technology,Accessories,TEC-AC-10001465,40,40,1,2,686
3629,15-01-2022,Standard Class,Consumer,Office Supplies,Binders,OFF-BI-10004600,1730,2060,7,3,612
3630,11-07-2022,Standard Class,Corporate,Office Supplies,Appliances,OFF-AP-10002082,50,50,3,3,1943
3631,29-08-2023,Standard Class,Corporate,Office Supplies,Appliances,OFF-AP-10004708,170,210,7,3,2222
3632,01-05-2022,Second Class,Corporate,Office Supplies,Storage,OFF-ST-10000464,60,70,2,3,5045
3633,12-04-2022,Second Class,Corporate,Office Supplies,Storage,OFF-ST-10000025,680,760,8,4,2980
3634,20-05-2022,Standard Class,Home Office,Office Supplies,Labels,OFF-LA-10001613,10,10,4,2,2712
3635,23-08-2023,Standard Class,Home Office,Technology,Phones,TEC-PH-10000376,30,40,7,5,289
3636,29-08-2022,Standard Class,Home Office,Office Supplies,Paper,OFF-PA-10004039,80,90,2,2,671
3637,07-02-2022,Standard Class,Home Office,Office Supplies,Paper,OFF-PA-10001776,20,20,3,4,2636
3638,22-06-2022,Standard Class,Home Office,Office Supplies,Appliances,OFF-AP-10002457,310,330,4,5,2726
3639,29-08-2022,Standard Class,Home Office,Furniture,Furnishings,FUR-FU-10000758,130,150,7,3,4314
3640,21-08-2023,Standard Class,Home Office,Office Supplies,Paper,OFF-PA-10000682,0,0,1,5,3862
3641,18-08-2022,Standard Class,Home Office,Technology,Accessories,TEC-AC-10002550,140,180,7,4,2966
3642,26-06-2023,Standard Class,Home Office,Office Supplies,Binders,OFF-BI-10002082,60,70,7,3,904
3643,26-04-2022,Second Class,Consumer,Office Supplies,Binders,OFF-BI-10004632,470,490,2,2,894
3644,20-12-2023,Second Class,Consumer,Office Supplies,Art,OFF-AR-10001725,50,50,2,2,323
3645,23-04-2022,Second Class,Consumer,Office Supplies,Art,OFF-AR-10004269,0,0,1,5,2020
3646,20-01-2023,Second Class,Consumer,Office Supplies,Binders,OFF-BI-10003007,150,160,5,5,1433
3647,03-09-2022,Second Class,Home Office,Office Supplies,Paper,OFF-PA-10002195,10,10,1,2,4989
3648,05-02-2022,Second Class,Home Office,Office Supplies,Supplies,OFF-SU-10002522,20,20,4,3,2414
3649,11-03-2023,Standard Class,Consumer,Office Supplies,Binders,OFF-BI-10003712,0,0,2,2,4996
3650,23-01-2023,Standard Class,Consumer,Office Supplies,Fasteners,OFF-FA-10004854,50,60,6,2,4642
3651,17-05-2022,Second Class,Consumer,Technology,Accessories,TEC-AC-10004859,80,100,6,3,187
3652,03-12-2022,Second Class,Consumer,Office Supplies,Art,OFF-AR-10001860,30,30,5,2,1518
3653,01-07-2022,Second Class,Consumer,Office Supplies,Binders,OFF-BI-10001636,30,30,4,3,2633
3654,10-04-2022,Second Class,Consumer,Office Supplies,Paper,OFF-PA-10000349,10,10,3,5,1142
3655,21-06-2022,Standard Class,Consumer,Office Supplies,Appliances,OFF-AP-10002439,530,640,9,5,4046
3656,08-02-2022,Standard Class,Corporate,Office Supplies,Storage,OFF-ST-10001370,90,110,2,3,1948
3657,10-06-2022,Standard Class,Corporate,Technology,Accessories,TEC-AC-10002558,10,10,1,4,5085
3658,16-04-2023,Standard Class,Corporate,Office Supplies,Envelopes,OFF-EN-10004030,10,10,3,5,183
3659,05-06-2023,Standard Class,Corporate,Furniture,Furnishings,FUR-FU-10003194,20,30,4,5,3457
3660,30-04-2023,Standard Class,Corporate,Furniture,Furnishings,FUR-FU-10001731,10,10,3,5,3812
3661,08-08-2023,Standard Class,Corporate,Office Supplies,Supplies,OFF-SU-10004782,30,30,5,2,533
3662,11-08-2022,Second Class,Home Office,Technology,Phones,TEC-PH-10003484,300,380,3,5,3439
3663,24-09-2023,Standard Class,Home Office,Technology,Accessories,TEC-AC-10003590,210,260,10,5,1121
3664,12-05-2023,Standard Class,Home Office,Office Supplies,Paper,OFF-PA-10001970,20,20,2,4,2224
3665,29-10-2022,Standard Class,Consumer,Office Supplies,Labels,OFF-LA-10001569,30,30,7,2,3572
3666,26-05-2022,Standard Class,Consumer,Office Supplies,Binders,OFF-BI-10001132,10,10,4,5,3005
3667,11-01-2022,Standard Class,Consumer,Technology,Phones,TEC-PH-10003095,50,50,3,2,604
3668,04-12-2022,Standard Class,Consumer,Office Supplies,Supplies,OFF-SU-10000432,10,10,5,2,4039
3669,31-10-2023,Standard Class,Consumer,Technology,Accessories,TEC-AC-10004227,100,100,10,4,951
3670,27-02-2022,Standard Class,Consumer,Office Supplies,Labels,OFF-LA-10004409,10,10,5,3,461
3671,23-05-2022,Standard Class,Consumer,Office Supplies,Paper,OFF-PA-10001569,10,10,2,4,748
3672,25-01-2023,Standard Class,Consumer,Office Supplies,Storage,OFF-ST-10001031,30,40,3,2,4589
3673,22-04-2023,Standard Class,Home Office,Office Supplies,Envelopes,OFF-EN-10002312,10,10,1,4,3557
3674,02-10-2022,Standard Class,Home Office,Office Supplies,Binders,OFF-BI-10004224,110,120,6,4,1219
3675,30-12-2023,Standard Class,Consumer,Furniture,Chairs,FUR-CH-10003774,110,130,2,3,2263
3676,26-05-2023,Standard Class,Consumer,Office Supplies,Paper,OFF-PA-10000157,50,50,3,2,4887
3677,06-11-2022,Standard Class,Corporate,Furniture,Furnishings,FUR-FU-10004090,30,40,2,5,2648
3678,10-09-2022,Standard Class,Consumer,Office Supplies,Fasteners,OFF-FA-10002763,20,20,4,5,2998
3679,05-07-2023,Standard Class,Consumer,Technology,Machines,TEC-MA-10002428,390,460,3,2,3418
3680,09-08-2023,Standard Class,Consumer,Furniture,Furnishings,FUR-FU-10002918,150,180,2,4,2279
3681,21-09-2022,Standard Class,Consumer,Office Supplies,Labels,OFF-LA-10000476,10,10,3,4,3355
3682,26-09-2022,Standard Class,Consumer,Office Supplies,Binders,OFF-BI-10002854,70,80,3,2,465
3683,03-10-2022,Standard Class,Consumer,Office Supplies,Art,OFF-AR-10002987,60,80,4,2,1734
3684,25-09-2022,Standard Class,Consumer,Office Supplies,Binders,OFF-BI-10004001,140,150,9,3,171
3685,10-05-2022,Standard Class,Consumer,Office Supplies,Binders,OFF-BI-10001634,40,40,6,4,3786
3686,06-07-2022,Standard Class,Consumer,Office Supplies,Storage,OFF-ST-10003722,90,100,7,5,2612
3687,06-12-2022,Standard Class,Consumer,Office Supplies,Art,OFF-AR-10004757,10,10,3,4,1575
3688,20-09-2022,Standard Class,Consumer,Office Supplies,Binders,OFF-BI-10004140,0,0,2,2,2940
3689,27-02-2023,Second Class,Consumer,Office Supplies,Paper,OFF-PA-10002479,20,30,6,4,4658
3690,20-09-2023,Second Class,Consumer,Office Supplies,Envelopes,OFF-EN-10001141,30,40,5,3,1700
3691,13-09-2022,Second Class,Corporate,Technology,Machines,TEC-MA-10000597,50,60,2,3,1657
3692,30-03-2023,Second Class,Corporate,Technology,Copiers,TEC-CO-10001571,420,440,1,2,4120
3693,05-02-2023,Second Class,Corporate,Technology,Phones,TEC-PH-10004531,80,90,5,5,1762
3694,15-02-2023,Second Class,Corporate,Furniture,Furnishings,FUR-FU-10003026,20,20,4,3,2366
3695,25-11-2022,Standard Class,Corporate,Office Supplies,Binders,OFF-BI-10002082,190,230,7,3,4549
3696,26-05-2022,Standard Class,Corporate,Office Supplies,Envelopes,OFF-EN-10002312,60,70,6,4,3886
3697,06-09-2022,Standard Class,Corporate,Office Supplies,Appliances,OFF-AP-10000696,30,40,3,2,3383
3698,11-09-2023,Second Class,Home Office,Furniture,Furnishings,FUR-FU-10000305,120,140,2,5,1089
3699,03-08-2023,Standard Class,Corporate,Office Supplies,Storage,OFF-ST-10001034,70,80,5,2,1541
3700,16-11-2022,Second Class,Home Office,Technology,Accessories,TEC-AC-10004114,130,160,4,2,2000
3701,28-03-2022,Standard Class,Corporate,Furniture,Furnishings,FUR-FU-10001602,30,40,1,3,564
3702,21-02-2022,Second Class,Corporate,Furniture,Furnishings,FUR-FU-10002445,20,20,2,4,3510
3703,09-01-2023,Standard Class,Corporate,Office Supplies,Art,OFF-AR-10004269,20,20,6,2,2304
3704,26-07-2023,Standard Class,Corporate,Office Supplies,Binders,OFF-BI-10001249,20,20,3,5,4712
3705,09-11-2023,Standard Class,Corporate,Technology,Copiers,TEC-CO-10004202,820,900,3,2,2031
3706,23-05-2023,Standard Class,Corporate,Office Supplies,Paper,OFF-PA-10003363,30,30,5,5,3084
3707,02-03-2022,Standard Class,Consumer,Office Supplies,Art,OFF-AR-10001915,20,20,3,3,2757
3708,30-12-2022,Standard Class,Corporate,Furniture,Furnishings,FUR-FU-10001940,10,10,2,2,1176
3709,04-05-2022,Standard Class,Corporate,Office Supplies,Appliances,OFF-AP-10004336,30,30,3,5,2821
3710,16-05-2023,Standard Class,Corporate,Technology,Accessories,TEC-AC-10003709,10,10,7,3,2705
3711,20-01-2022,First Class,Corporate,Furniture,Tables,FUR-TA-10001705,480,510,3,4,5056
3712,24-12-2023,First Class,Corporate,Office Supplies,Paper,OFF-PA-10000675,170,200,5,2,4319
3713,02-01-2022,First Class,Consumer,Technology,Accessories,TEC-AC-10000521,10,10,1,4,4507
3714,09-09-2022,First Class,Consumer,Furniture,Furnishings,FUR-FU-10004622,130,160,3,3,1468
3715,29-05-2022,Second Class,Consumer,Office Supplies,Paper,OFF-PA-10001954,40,50,2,2,3725
3716,05-01-2023,Second Class,Consumer,Furniture,Chairs,FUR-CH-10002602,540,600,5,4,4110
3717,06-10-2023,Standard Class,Home Office,Office Supplies,Fasteners,OFF-FA-10004395,20,20,5,3,4598
3718,23-09-2023,Standard Class,Consumer,Office Supplies,Supplies,OFF-SU-10003002,10,10,2,3,925
3719,12-04-2023,Standard Class,Consumer,Technology,Accessories,TEC-AC-10002926,200,250,5,5,3174
3720,26-01-2023,Standard Class,Corporate,Office Supplies,Art,OFF-AR-10002656,20,30,5,3,3355
3721,18-06-2022,Standard Class,Home Office,Furniture,Furnishings,FUR-FU-10001918,20,20,4,4,828
3722,01-04-2023,Standard Class,Home Office,Office Supplies,Binders,OFF-BI-10003910,20,20,2,3,4856
3723,01-05-2022,Standard Class,Consumer,Office Supplies,Art,OFF-AR-10000122,40,40,8,5,3234
3724,19-03-2023,Standard Class,Corporate,Office Supplies,Binders,OFF-BI-10004600,470,550,5,3,3839
3725,23-03-2022,First Class,Consumer,Office Supplies,Art,OFF-AR-10003045,10,10,3,3,1604
3726,23-09-2022,Standard Class,Corporate,Office Supplies,Appliances,OFF-AP-10000252,20,20,2,2,2225
3727,26-10-2022,Standard Class,Consumer,Office Supplies,Storage,OFF-ST-10001496,320,360,2,4,1452
3728,29-05-2022,Standard Class,Consumer,Office Supplies,Art,OFF-AR-10000122,10,10,2,2,136
3729,28-10-2022,Standard Class,Consumer,Office Supplies,Labels,OFF-LA-10000407,10,10,3,4,215
3730,04-06-2023,Standard Class,Corporate,Office Supplies,Storage,OFF-ST-10004950,30,40,2,5,4669
3731,12-05-2022,Standard Class,Corporate,Office Supplies,Storage,OFF-ST-10004123,570,640,7,5,1947
3732,26-04-2023,Standard Class,Corporate,Technology,Phones,TEC-PH-10000730,450,500,1,5,4843
3733,20-12-2022,Standard Class,Corporate,Technology,Phones,TEC-PH-10000895,1180,1260,7,5,1741
3734,23-04-2022,Standard Class,Corporate,Office Supplies,Binders,OFF-BI-10000962,60,70,4,5,834
3735,21-11-2022,Second Class,Consumer,Office Supplies,Paper,OFF-PA-10002254,30,30,1,3,4337
3736,23-01-2022,Second Class,Consumer,Furniture,Furnishings,FUR-FU-10002554,60,70,3,3,2815
3737,27-05-2022,Same Day,Consumer,Technology,Phones,TEC-PH-10000673,120,130,2,2,1827
3738,11-07-2023,Same Day,Consumer,Office Supplies,Binders,OFF-BI-10000962,30,30,2,2,1902
3739,25-11-2022,Standard Class,Consumer,Technology,Phones,TEC-PH-10003988,10,10,1,2,4160
3740,07-04-2023,Standard Class,Consumer,Technology,Accessories,TEC-AC-10001109,50,60,2,3,3446
3741,05-05-2022,Standard Class,Consumer,Office Supplies,Appliances,OFF-AP-10002311,50,60,1,3,2892
3742,06-10-2023,Standard Class,Consumer,Office Supplies,Envelopes,OFF-EN-10001137,20,20,4,4,740
3743,27-09-2022,Standard Class,Consumer,Office Supplies,Paper,OFF-PA-10004285,50,60,9,3,2711
3744,17-05-2022,Standard Class,Consumer,Office Supplies,Binders,OFF-BI-10002225,40,50,3,2,2885
3745,04-06-2022,Same Day,Consumer,Office Supplies,Fasteners,OFF-FA-10002763,10,10,3,2,5083
3746,03-12-2022,Second Class,Consumer,Office Supplies,Storage,OFF-ST-10003058,110,120,5,4,121
3747,08-02-2023,Second Class,Consumer,Furniture,Chairs,FUR-CH-10002084,350,370,3,2,185
3748,17-12-2023,Second Class,Corporate,Furniture,Furnishings,FUR-FU-10002937,160,200,2,2,2507
3749,07-09-2022,Second Class,Corporate,Office Supplies,Appliances,OFF-AP-10001242,290,320,4,5,4541
3750,03-12-2023,Second Class,Corporate,Technology,Copiers,TEC-CO-10001571,800,880,2,3,1379
3751,06-03-2023,Second Class,Corporate,Office Supplies,Supplies,OFF-SU-10002503,30,30,5,5,4306
3752,14-02-2023,Second Class,Corporate,Furniture,Chairs,FUR-CH-10004886,190,230,3,4,4670
3753,23-04-2023,Second Class,Corporate,Office Supplies,Paper,OFF-PA-10001289,100,120,3,2,2410
3754,18-03-2023,Second Class,Corporate,Office Supplies,Binders,OFF-BI-10003650,700,840,2,3,4864
3755,17-03-2022,Second Class,Corporate,Office Supplies,Storage,OFF-ST-10001370,290,350,5,4,4513
3756,25-03-2023,First Class,Corporate,Office Supplies,Paper,OFF-PA-10001892,30,40,7,3,822
3757,16-10-2022,First Class,Corporate,Furniture,Chairs,FUR-CH-10004983,500,560,5,4,1813
3758,15-10-2022,Standard Class,Consumer,Office Supplies,Art,OFF-AR-10001615,90,110,7,5,2076
3759,26-11-2022,Standard Class,Corporate,Office Supplies,Art,OFF-AR-10003602,10,10,2,3,1320
3760,05-10-2022,Standard Class,Corporate,Office Supplies,Supplies,OFF-SU-10004782,20,20,2,5,5067
3761,11-03-2023,Standard Class,Corporate,Furniture,Furnishings,FUR-FU-10001591,20,20,2,4,3575
3762,01-12-2023,Standard Class,Consumer,Office Supplies,Paper,OFF-PA-10000659,80,90,5,3,2117
3763,28-12-2022,Second Class,Corporate,Furniture,Bookcases,FUR-BO-10001337,190,240,2,3,769
3764,07-07-2023,Second Class,Corporate,Office Supplies,Binders,OFF-BI-10003529,10,10,3,2,370
3765,08-04-2023,Standard Class,Consumer,Office Supplies,Binders,OFF-BI-10002609,0,0,3,5,457
3766,22-07-2023,Standard Class,Corporate,Furniture,Tables,FUR-TA-10004767,90,100,2,4,1975
3767,30-10-2022,Standard Class,Corporate,Office Supplies,Art,OFF-AR-10001868,0,0,1,4,327
3768,05-03-2023,Second Class,Home Office,Technology,Phones,TEC-PH-10004896,100,120,5,5,2426
3769,14-05-2023,Second Class,Corporate,Furniture,Chairs,FUR-CH-10000988,880,1010,9,2,3722
3770,10-03-2022,Second Class,Corporate,Office Supplies,Fasteners,OFF-FA-10000490,0,0,2,2,720
3771,02-01-2023,Standard Class,Consumer,Furniture,Tables,FUR-TA-10004256,1660,2000,6,2,2319
3772,17-02-2023,Standard Class,Corporate,Office Supplies,Storage,OFF-ST-10004804,80,80,2,5,627
3773,24-06-2022,Second Class,Consumer,Technology,Accessories,TEC-AC-10000023,50,60,3,5,3032
3774,11-07-2022,Second Class,Consumer,Office Supplies,Fasteners,OFF-FA-10001332,10,10,3,2,3881
3775,29-06-2022,Second Class,Consumer,Technology,Accessories,TEC-AC-10002001,350,380,3,2,752
3776,10-11-2023,Second Class,Consumer,Office Supplies,Paper,OFF-PA-10000029,10,10,2,4,1629
3777,25-12-2022,Second Class,Consumer,Technology,Accessories,TEC-AC-10001874,300,340,7,3,2028
3778,01-01-2022,Standard Class,Home Office,Furniture,Furnishings,FUR-FU-10002298,620,670,6,2,308
3779,18-12-2023,Second Class,Home Office,Technology,Phones,TEC-PH-10002564,60,70,3,3,2053
3780,16-02-2022,Standard Class,Consumer,Office Supplies,Paper,OFF-PA-10003465,30,40,2,5,5028
3781,09-07-2022,Standard Class,Home Office,Technology,Phones,TEC-PH-10000038,220,270,2,2,921
3782,15-04-2023,Second Class,Consumer,Technology,Phones,TEC-PH-10003072,230,270,3,5,3813
3783,25-03-2022,Second Class,Consumer,Office Supplies,Paper,OFF-PA-10003424,10,10,3,2,311
3784,19-06-2022,Second Class,Consumer,Office Supplies,Storage,OFF-ST-10003716,670,720,4,3,4285
3785,28-09-2022,Standard Class,Home Office,Technology,Accessories,TEC-AC-10003590,30,40,2,4,2750
3786,22-04-2023,Standard Class,Home Office,Office Supplies,Binders,OFF-BI-10000494,0,0,2,3,3431
3787,27-05-2022,Standard Class,Corporate,Office Supplies,Storage,OFF-ST-10002615,990,1090,7,2,3824
3788,14-05-2023,Standard Class,Consumer,Office Supplies,Art,OFF-AR-10002804,0,0,1,4,1527
3789,30-11-2022,Standard Class,Consumer,Office Supplies,Art,OFF-AR-10001044,50,60,3,5,1353
3790,19-08-2023,Standard Class,Home Office,Office Supplies,Fasteners,OFF-FA-10000134,30,30,5,3,4156
3791,01-01-2022,Standard Class,Home Office,Office Supplies,Binders,OFF-BI-10001670,150,180,6,4,2590
3792,16-05-2022,First Class,Corporate,Office Supplies,Binders,OFF-BI-10000343,0,0,3,4,3438
3793,08-08-2022,First Class,Corporate,Office Supplies,Art,OFF-AR-10002257,20,20,6,3,2071
3794,18-07-2022,Standard Class,Consumer,Office Supplies,Art,OFF-AR-10001915,30,30,3,5,3422
3795,02-08-2023,Standard Class,Consumer,Office Supplies,Storage,OFF-ST-10003692,60,60,1,5,1958
3796,26-12-2023,Standard Class,Consumer,Furniture,Tables,FUR-TA-10003469,270,330,3,4,2544
3797,15-01-2023,Standard Class,Consumer,Office Supplies,Art,OFF-AR-10003179,40,40,4,4,2499
3798,19-04-2022,First Class,Consumer,Office Supplies,Paper,OFF-PA-10003395,230,250,3,2,2017
3799,31-05-2023,First Class,Corporate,Furniture,Tables,FUR-TA-10004575,420,520,3,4,2695
3800,28-02-2022,First Class,Corporate,Technology,Phones,TEC-PH-10002483,1130,1360,5,5,1559
3801,24-05-2022,Standard Class,Consumer,Furniture,Chairs,FUR-CH-10003606,90,100,1,5,3484
3802,16-07-2023,Standard Class,Consumer,Technology,Accessories,TEC-AC-10002473,20,20,1,2,4019
3803,28-04-2022,Standard Class,Consumer,Office Supplies,Paper,OFF-PA-10002319,80,90,3,5,2633
3804,09-05-2022,Standard Class,Consumer,Office Supplies,Supplies,OFF-SU-10000946,10,10,2,3,2774
3805,24-11-2022,Standard Class,Consumer,Office Supplies,Envelopes,OFF-EN-10001335,40,40,4,3,2484
3806,02-12-2022,Standard Class,Consumer,Office Supplies,Paper,OFF-PA-10002377,40,40,1,4,3616
3807,30-03-2022,Standard Class,Corporate,Office Supplies,Art,OFF-AR-10001246,10,10,5,4,670
3808,13-09-2023,Standard Class,Corporate,Office Supplies,Binders,OFF-BI-10003291,10,10,2,5,699
3809,26-05-2022,Standard Class,Corporate,Office Supplies,Binders,OFF-BI-10002799,0,0,3,5,3615
3810,20-01-2022,Standard Class,Corporate,Furniture,Chairs,FUR-CH-10003298,450,520,5,3,3160
3811,04-05-2023,Standard Class,Corporate,Technology,Phones,TEC-PH-10000441,80,100,1,2,4558
3812,30-07-2023,Standard Class,Corporate,Furniture,Chairs,FUR-CH-10004477,140,150,3,5,4112
3813,29-03-2023,Same Day,Consumer,Office Supplies,Labels,OFF-LA-10003537,20,30,2,5,793
3814,15-05-2023,Standard Class,Consumer,Office Supplies,Labels,OFF-LA-10004484,20,20,6,2,765
3815,24-03-2022,Same Day,Consumer,Technology,Phones,TEC-PH-10002824,690,820,5,4,4091
3816,18-11-2022,Same Day,Consumer,Office Supplies,Paper,OFF-PA-10004965,20,20,2,2,2322
3817,16-03-2022,Standard Class,Consumer,Furniture,Tables,FUR-TA-10003569,690,800,2,2,1558
3818,31-01-2023,Standard Class,Consumer,Technology,Phones,TEC-PH-10003187,50,60,3,3,4083
3819,29-11-2022,Standard Class,Consumer,Furniture,Chairs,FUR-CH-10004853,860,1060,7,4,4467
3820,04-01-2023,Standard Class,Consumer,Office Supplies,Binders,OFF-BI-10001031,10,10,3,3,3367
3821,06-06-2023,Standard Class,Consumer,Furniture,Bookcases,FUR-BO-10003034,280,310,3,2,911
3822,30-03-2023,Standard Class,Consumer,Office Supplies,Paper,OFF-PA-10000069,20,20,2,4,744
3823,24-03-2023,Standard Class,Consumer,Office Supplies,Binders,OFF-BI-10003655,20,20,6,3,4996
3824,25-07-2022,Standard Class,Consumer,Office Supplies,Storage,OFF-ST-10000585,810,990,6,3,4140
3825,21-05-2022,Standard Class,Consumer,Technology,Copiers,TEC-CO-10001571,840,880,2,3,9
3826,21-11-2023,Standard Class,Consumer,Office Supplies,Binders,OFF-BI-10002012,10,10,9,4,1724
3827,03-06-2023,Standard Class,Corporate,Office Supplies,Storage,OFF-ST-10001228,100,110,10,5,496
3828,16-07-2023,Standard Class,Corporate,Furniture,Chairs,FUR-CH-10004086,1310,1460,5,4,366
3829,26-07-2023,Standard Class,Corporate,Furniture,Chairs,FUR-CH-10002017,30,30,1,4,4816
3830,10-02-2023,Standard Class,Corporate,Furniture,Chairs,FUR-CH-10000595,390,480,2,3,2491
3831,01-07-2023,Standard Class,Corporate,Office Supplies,Appliances,OFF-AP-10001563,70,90,2,5,2749
3832,30-06-2022,Standard Class,Consumer,Furniture,Furnishings,FUR-FU-10004017,70,80,3,3,1636
3833,21-11-2023,Standard Class,Consumer,Office Supplies,Binders,OFF-BI-10002571,20,20,2,4,2042
3834,17-05-2023,Same Day,Corporate,Technology,Phones,TEC-PH-10000560,900,1050,5,5,5013
3835,30-04-2022,Same Day,Corporate,Furniture,Chairs,FUR-CH-10000847,500,610,3,5,2345
3836,07-07-2022,Standard Class,Corporate,Office Supplies,Fasteners,OFF-FA-10000611,0,0,2,5,1673
3837,04-04-2023,Standard Class,Corporate,Office Supplies,Paper,OFF-PA-10004733,20,20,3,2,1349
3838,20-11-2023,Standard Class,Consumer,Technology,Phones,TEC-PH-10001363,860,910,2,2,1056
3839,09-08-2023,Standard Class,Consumer,Furniture,Chairs,FUR-CH-10003312,630,670,3,4,2241
3840,27-01-2023,Standard Class,Consumer,Furniture,Furnishings,FUR-FU-10004018,120,130,9,3,4751
3841,30-05-2022,Standard Class,Consumer,Technology,Accessories,TEC-AC-10004814,140,170,3,5,1209
3842,12-08-2023,Standard Class,Corporate,Furniture,Chairs,FUR-CH-10002647,160,170,3,2,5099
3843,14-12-2023,First Class,Corporate,Office Supplies,Binders,OFF-BI-10004140,10,10,2,3,2238
3844,28-07-2023,First Class,Corporate,Office Supplies,Supplies,OFF-SU-10002301,10,10,2,2,2783
3845,28-02-2023,First Class,Corporate,Office Supplies,Supplies,OFF-SU-10000646,460,480,2,4,321
3846,28-05-2023,First Class,Corporate,Furniture,Bookcases,FUR-BO-10001337,530,620,6,4,191
3847,16-04-2023,First Class,Corporate,Office Supplies,Storage,OFF-ST-10003442,120,140,5,5,1211
3848,28-02-2022,Second Class,Home Office,Office Supplies,Storage,OFF-ST-10001097,470,500,3,5,48
3849,18-07-2023,First Class,Consumer,Office Supplies,Binders,OFF-BI-10004318,560,690,4,2,4988
3850,25-08-2023,First Class,Consumer,Technology,Accessories,TEC-AC-10004633,30,30,5,3,2711
3851,08-12-2023,Standard Class,Corporate,Office Supplies,Paper,OFF-PA-10001970,80,90,7,3,4882
3852,17-03-2022,Same Day,Home Office,Furniture,Furnishings,FUR-FU-10004006,80,90,2,2,501
3853,14-10-2023,First Class,Consumer,Office Supplies,Binders,OFF-BI-10001524,30,30,8,4,1072
3854,27-10-2022,Standard Class,Home Office,Furniture,Furnishings,FUR-FU-10004164,0,0,1,2,1324
3855,05-12-2023,Standard Class,Home Office,Office Supplies,Storage,OFF-ST-10002957,30,30,5,3,1895
3856,13-02-2022,Second Class,Consumer,Office Supplies,Binders,OFF-BI-10004364,0,0,3,4,2438
3857,11-12-2023,Second Class,Consumer,Technology,Phones,TEC-PH-10002824,660,820,5,3,2384
3858,24-08-2022,Second Class,Consumer,Office Supplies,Art,OFF-AR-10000634,10,10,3,2,4630
3859,03-12-2022,Same Day,Consumer,Technology,Accessories,TEC-AC-10001539,400,450,7,2,2886
3860,07-07-2022,Standard Class,Home Office,Furniture,Tables,FUR-TA-10001932,410,480,3,2,970
3861,26-05-2023,Standard Class,Home Office,Technology,Phones,TEC-PH-10002789,110,120,1,3,218
3862,02-05-2023,Standard Class,Consumer,Office Supplies,Binders,OFF-BI-10004828,30,40,3,2,1287
3863,05-05-2023,Standard Class,Consumer,Office Supplies,Binders,OFF-BI-10003981,10,10,3,3,2095
3864,21-10-2022,Second Class,Consumer,Office Supplies,Art,OFF-AR-10001770,10,10,4,4,4407
3865,11-04-2023,Standard Class,Consumer,Furniture,Furnishings,FUR-FU-10004904,120,150,5,2,4702
3866,19-01-2023,Second Class,Consumer,Technology,Accessories,TEC-AC-10002842,190,240,2,5,5081
3867,20-02-2023,Second Class,Consumer,Technology,Accessories,TEC-AC-10003590,150,160,6,5,3079
3868,20-01-2023,Second Class,Consumer,Technology,Accessories,TEC-AC-10000710,120,150,9,3,2258
3869,27-06-2023,Second Class,Consumer,Furniture,Chairs,FUR-CH-10004495,210,240,1,3,4543
3870,29-04-2023,Second Class,Consumer,Furniture,Chairs,FUR-CH-10004540,160,190,7,3,309
3871,05-07-2023,Second Class,Consumer,Office Supplies,Paper,OFF-PA-10004971,10,10,2,4,885
3872,06-02-2022,Second Class,Consumer,Office Supplies,Envelopes,OFF-EN-10002600,10,10,4,4,2082
3873,01-04-2023,Second Class,Consumer,Furniture,Chairs,FUR-CH-10001854,700,840,3,2,3849
3874,03-03-2023,Second Class,Consumer,Office Supplies,Envelopes,OFF-EN-10001099,20,20,3,2,628
3875,23-05-2023,Second Class,Consumer,Office Supplies,Binders,OFF-BI-10001597,90,90,7,2,4231
3876,01-09-2022,Second Class,Consumer,Technology,Phones,TEC-PH-10002660,100,110,2,5,4715
3877,16-01-2023,Second Class,Consumer,Office Supplies,Paper,OFF-PA-10000327,10,10,3,2,3003
3878,14-12-2023,Standard Class,Consumer,Office Supplies,Binders,OFF-BI-10001191,40,40,5,4,3179
3879,27-05-2022,First Class,Corporate,Office Supplies,Storage,OFF-ST-10003455,50,50,4,2,4629
3880,08-11-2022,First Class,Corporate,Office Supplies,Storage,OFF-ST-10001031,40,50,4,4,2366
3881,22-09-2022,Standard Class,Consumer,Office Supplies,Paper,OFF-PA-10002245,10,10,2,2,4931
3882,26-09-2023,Standard Class,Consumer,Office Supplies,Storage,OFF-ST-10004804,70,80,2,4,3827
3883,31-01-2022,Standard Class,Consumer,Furniture,Furnishings,FUR-FU-10004904,320,360,6,4,417
3884,18-12-2023,Standard Class,Consumer,Furniture,Furnishings,FUR-FU-10002396,40,40,4,2,4635
3885,04-11-2023,Standard Class,Corporate,Office Supplies,Art,OFF-AR-10002833,0,0,3,3,53
3886,14-10-2022,Standard Class,Consumer,Office Supplies,Binders,OFF-BI-10001072,10,10,4,4,387
3887,25-10-2022,Second Class,Consumer,Technology,Phones,TEC-PH-10003171,110,130,3,2,3479
3888,12-12-2023,Standard Class,Consumer,Office Supplies,Art,OFF-AR-10004511,10,10,2,3,3335
3889,29-01-2022,Standard Class,Consumer,Technology,Phones,TEC-PH-10001425,200,240,3,3,368
3890,23-07-2022,Standard Class,Consumer,Office Supplies,Storage,OFF-ST-10001490,300,360,2,3,83
3891,21-08-2022,Standard Class,Corporate,Technology,Accessories,TEC-AC-10003033,550,660,2,4,4454
3892,21-07-2022,Standard Class,Corporate,Furniture,Chairs,FUR-CH-10001394,1510,1680,6,2,2755
3893,17-01-2023,Standard Class,Corporate,Technology,Accessories,TEC-AC-10000420,480,560,8,4,4640
3894,07-11-2023,Standard Class,Consumer,Technology,Accessories,TEC-AC-10004901,230,280,7,2,17
3895,09-10-2023,Standard Class,Home Office,Office Supplies,Binders,OFF-BI-10002571,10,10,5,2,2381
3896,07-11-2023,Standard Class,Home Office,Technology,Accessories,TEC-AC-10002331,40,50,5,2,4484
3897,02-02-2023,Standard Class,Corporate,Office Supplies,Fasteners,OFF-FA-10000611,0,0,3,4,2114
3898,04-10-2022,Standard Class,Corporate,Office Supplies,Paper,OFF-PA-10000304,20,20,3,4,3119
3899,25-04-2022,Standard Class,Consumer,Office Supplies,Fasteners,OFF-FA-10000611,0,0,2,5,1269
3900,03-06-2022,First Class,Consumer,Technology,Accessories,TEC-AC-10002567,110,130,2,3,136
3901,18-11-2022,Standard Class,Corporate,Office Supplies,Paper,OFF-PA-10001937,10,10,2,5,4368
3902,29-11-2022,Standard Class,Home Office,Technology,Accessories,TEC-AC-10001090,40,50,2,3,111
3903,04-05-2022,Second Class,Home Office,Office Supplies,Storage,OFF-ST-10000943,250,270,14,4,3189
3904,29-10-2023,Standard Class,Home Office,Office Supplies,Appliances,OFF-AP-10004036,80,100,7,5,702
3905,18-02-2022,Standard Class,Home Office,Office Supplies,Storage,OFF-ST-10003816,470,560,4,3,366
3906,08-08-2023,Standard Class,Home Office,Office Supplies,Binders,OFF-BI-10002072,10,10,4,5,827
3907,26-07-2023,Standard Class,Home Office,Furniture,Furnishings,FUR-FU-10001468,490,550,4,5,499
3908,02-02-2023,Standard Class,Home Office,Technology,Phones,TEC-PH-10000347,10,10,5,4,314
3909,29-11-2023,Standard Class,Home Office,Technology,Phones,TEC-PH-10002844,40,40,2,2,256
3910,19-05-2023,Standard Class,Home Office,Furniture,Furnishings,FUR-FU-10001037,10,10,1,2,3114
3911,03-07-2022,Standard Class,Home Office,Furniture,Bookcases,FUR-BO-10004218,280,350,5,2,2693
3912,08-03-2022,First Class,Consumer,Technology,Phones,TEC-PH-10001619,420,470,3,3,622
3913,08-09-2022,Standard Class,Corporate,Office Supplies,Paper,OFF-PA-10001639,20,20,3,4,4557
3914,23-02-2022,Standard Class,Corporate,Furniture,Furnishings,FUR-FU-10002268,10,10,2,3,1636
3915,30-06-2022,Standard Class,Consumer,Furniture,Tables,FUR-TA-10001932,750,800,5,3,2647
3916,14-02-2022,Standard Class,Consumer,Furniture,Chairs,FUR-CH-10004218,140,160,2,5,3051
3917,04-05-2023,Standard Class,Consumer,Office Supplies,Paper,OFF-PA-10000246,20,20,2,2,2306
3918,27-06-2022,Standard Class,Consumer,Office Supplies,Binders,OFF-BI-10003350,10,10,4,3,1521
3919,16-12-2022,Standard Class,Consumer,Furniture,Chairs,FUR-CH-10000513,270,310,3,4,319
3920,28-10-2022,Standard Class,Corporate,Office Supplies,Storage,OFF-ST-10001321,60,60,4,5,4936
3921,27-01-2023,Standard Class,Corporate,Office Supplies,Binders,OFF-BI-10004233,60,60,4,5,1506
3922,26-01-2022,Second Class,Consumer,Technology,Phones,TEC-PH-10001299,310,360,3,4,512
3923,03-03-2022,Standard Class,Consumer,Office Supplies,Paper,OFF-PA-10002479,20,30,6,4,2165
3924,15-02-2022,Standard Class,Consumer,Office Supplies,Paper,OFF-PA-10001461,30,30,5,2,3633
3925,15-08-2022,Standard Class,Consumer,Office Supplies,Storage,OFF-ST-10004963,30,30,2,5,2611
3926,26-08-2023,Standard Class,Consumer,Office Supplies,Storage,OFF-ST-10000943,50,60,3,4,2527
3927,29-12-2022,Standard Class,Consumer,Furniture,Furnishings,FUR-FU-10004671,30,40,2,2,4705
3928,06-05-2023,Standard Class,Consumer,Office Supplies,Binders,OFF-BI-10002735,130,140,5,5,3358
3929,03-07-2023,First Class,Consumer,Furniture,Bookcases,FUR-BO-10004409,190,240,5,2,238
3930,18-07-2022,First Class,Consumer,Office Supplies,Paper,OFF-PA-10001934,10,10,1,2,4314
3931,17-10-2022,First Class,Consumer,Office Supplies,Art,OFF-AR-10001044,130,150,7,4,4136
3932,26-03-2023,Standard Class,Corporate,Office Supplies,Art,OFF-AR-10004165,10,10,3,2,338
3933,04-04-2023,Standard Class,Corporate,Technology,Accessories,TEC-AC-10001109,50,50,2,5,334
3934,28-05-2022,Standard Class,Consumer,Office Supplies,Art,OFF-AR-10001919,10,10,5,3,2489
3935,05-02-2022,Standard Class,Consumer,Office Supplies,Labels,OFF-LA-10004544,70,70,5,2,4345
3936,21-10-2023,Standard Class,Consumer,Technology,Phones,TEC-PH-10003484,180,200,2,5,3217
3937,26-09-2023,Standard Class,Consumer,Office Supplies,Envelopes,OFF-EN-10001028,20,30,3,4,3527
3938,24-10-2022,Standard Class,Consumer,Office Supplies,Paper,OFF-PA-10004156,30,30,3,3,1177
3939,20-05-2023,Standard Class,Consumer,Furniture,Chairs,FUR-CH-10001708,190,200,2,2,4693
3940,24-07-2023,Same Day,Consumer,Furniture,Chairs,FUR-CH-10003379,1350,1420,5,4,1026
3941,22-07-2022,Standard Class,Consumer,Furniture,Furnishings,FUR-FU-10002456,10,10,2,4,760
3942,17-02-2022,Standard Class,Consumer,Office Supplies,Binders,OFF-BI-10000605,0,0,1,4,2452
3943,04-05-2022,Second Class,Consumer,Office Supplies,Paper,OFF-PA-10001166,20,30,5,3,284
3944,08-04-2023,Standard Class,Consumer,Office Supplies,Supplies,OFF-SU-10000157,770,840,7,3,4277
3945,20-06-2023,Second Class,Consumer,Office Supplies,Paper,OFF-PA-10004971,20,20,3,5,5044
3946,23-05-2022,Standard Class,Consumer,Office Supplies,Paper,OFF-PA-10001977,30,40,1,3,3513
3947,08-11-2022,Standard Class,Consumer,Office Supplies,Supplies,OFF-SU-10001225,0,0,1,3,3287
3948,22-09-2022,Standard Class,Home Office,Office Supplies,Art,OFF-AR-10003514,10,10,2,2,3303
3949,18-04-2022,Standard Class,Home Office,Office Supplies,Labels,OFF-LA-10003510,50,50,2,2,1386
3950,11-09-2023,Standard Class,Home Office,Office Supplies,Paper,OFF-PA-10001970,20,20,2,3,1568
3951,11-01-2023,Standard Class,Home Office,Furniture,Chairs,FUR-CH-10003817,240,260,6,2,492
3952,20-01-2022,Second Class,Consumer,Office Supplies,Binders,OFF-BI-10003676,20,20,2,2,3738
3953,22-01-2022,Standard Class,Corporate,Technology,Phones,TEC-PH-10003535,130,160,2,4,2038
3954,25-07-2022,Standard Class,Consumer,Office Supplies,Paper,OFF-PA-10004675,10,10,2,2,14
3955,02-12-2022,Standard Class,Consumer,Furniture,Furnishings,FUR-FU-10004020,10,10,1,2,752
3956,24-12-2023,Standard Class,Consumer,Office Supplies,Art,OFF-AR-10001955,70,80,4,3,3765
3957,09-06-2022,Standard Class,Consumer,Furniture,Furnishings,FUR-FU-10002364,20,20,3,2,4504
3958,17-11-2022,Standard Class,Consumer,Office Supplies,Binders,OFF-BI-10002414,10,10,3,2,2656
3959,13-04-2022,Standard Class,Consumer,Office Supplies,Art,OFF-AR-10003732,0,0,2,5,3011
3960,01-02-2023,Standard Class,Consumer,Furniture,Furnishings,FUR-FU-10001085,40,40,3,4,3322
3961,26-07-2023,Standard Class,Corporate,Office Supplies,Binders,OFF-BI-10001249,30,40,6,2,1793
3962,04-03-2023,Standard Class,Corporate,Technology,Phones,TEC-PH-10002564,120,150,5,4,2238
3963,10-02-2022,First Class,Home Office,Office Supplies,Art,OFF-AR-10000634,10,10,3,5,4913
3964,26-07-2022,First Class,Home Office,Furniture,Furnishings,FUR-FU-10004018,40,40,3,4,2700
3965,27-05-2022,Standard Class,Consumer,Office Supplies,Art,OFF-AR-10003481,10,10,3,4,868
3966,15-01-2022,Second Class,Corporate,Office Supplies,Art,OFF-AR-10003651,10,10,3,3,3457
3967,23-12-2022,Standard Class,Consumer,Office Supplies,Art,OFF-AR-10002956,80,90,4,2,4974
3968,28-06-2022,First Class,Home Office,Office Supplies,Binders,OFF-BI-10003638,30,40,7,3,893
3969,10-09-2022,Standard Class,Corporate,Office Supplies,Binders,OFF-BI-10001890,10,10,8,5,1424
3970,20-03-2023,Standard Class,Corporate,Office Supplies,Paper,OFF-PA-10002606,30,40,10,4,4158
3971,26-12-2022,Standard Class,Consumer,Office Supplies,Paper,OFF-PA-10002245,40,50,9,4,155
3972,05-07-2022,Second Class,Home Office,Office Supplies,Art,OFF-AR-10001615,70,80,4,5,3215
3973,28-09-2022,Standard Class,Consumer,Office Supplies,Paper,OFF-PA-10000466,10,10,2,2,1986
3974,25-08-2023,Standard Class,Consumer,Office Supplies,Binders,OFF-BI-10003708,30,30,5,2,1290
3975,17-10-2023,Standard Class,Consumer,Furniture,Furnishings,FUR-FU-10004848,350,410,8,4,3001
3976,02-04-2023,Standard Class,Consumer,Office Supplies,Binders,OFF-BI-10000320,30,40,7,3,3659
3977,26-06-2022,First Class,Consumer,Furniture,Furnishings,FUR-FU-10003731,30,40,4,5,3358
3978,20-10-2022,Standard Class,Home Office,Office Supplies,Fasteners,OFF-FA-10002780,10,10,3,3,794
3979,13-02-2023,Standard Class,Home Office,Technology,Phones,TEC-PH-10003800,70,80,2,3,193
3980,08-01-2023,Standard Class,Corporate,Furniture,Tables,FUR-TA-10001676,50,50,2,2,4815
3981,22-12-2023,Standard Class,Corporate,Office Supplies,Appliances,OFF-AP-10002350,50,60,3,2,3725
3982,04-12-2022,Standard Class,Home Office,Furniture,Furnishings,FUR-FU-10003096,20,20,3,3,2937
3983,21-05-2023,Second Class,Consumer,Furniture,Chairs,FUR-CH-10003061,240,290,4,3,565
3984,18-05-2023,Second Class,Consumer,Technology,Copiers,TEC-CO-10003763,2350,2800,5,2,3799
3985,17-09-2022,Second Class,Consumer,Office Supplies,Paper,OFF-PA-10002923,40,50,1,2,2397
3986,13-03-2022,Standard Class,Consumer,Furniture,Bookcases,FUR-BO-10003441,210,260,3,4,1326
3987,12-01-2022,Standard Class,Home Office,Office Supplies,Storage,OFF-ST-10001780,2120,2590,4,5,2590
3988,19-12-2023,Standard Class,Home Office,Office Supplies,Appliances,OFF-AP-10001962,30,40,5,4,839
3989,16-08-2022,Standard Class,Corporate,Furniture,Furnishings,FUR-FU-10003798,70,80,5,5,2029
3990,11-05-2022,Second Class,Consumer,Furniture,Furnishings,FUR-FU-10001095,50,50,2,3,5018
3991,02-07-2023,Standard Class,Consumer,Office Supplies,Supplies,OFF-SU-10000157,270,290,3,2,2957
3992,03-11-2022,Standard Class,Corporate,Furniture,Furnishings,FUR-FU-10001095,50,60,3,4,4011
3993,04-08-2023,Standard Class,Corporate,Office Supplies,Supplies,OFF-SU-10004261,40,40,3,3,2908
3994,01-09-2022,Standard Class,Corporate,Office Supplies,Art,OFF-AR-10004022,140,170,6,2,3448
3995,20-04-2022,Standard Class,Consumer,Furniture,Bookcases,FUR-BO-10002916,410,510,3,3,3018
3996,01-07-2022,Standard Class,Consumer,Furniture,Chairs,FUR-CH-10002084,730,860,7,4,2128
3997,03-10-2023,Standard Class,Consumer,Technology,Phones,TEC-PH-10003012,660,770,5,2,1121
3998,02-10-2023,Standard Class,Consumer,Office Supplies,Art,OFF-AR-10002704,10,10,1,3,4878
3999,12-12-2022,Standard Class,Consumer,Furniture,Furnishings,FUR-FU-10000308,310,370,6,2,4876
4000,09-01-2022,Second Class,Corporate,Furniture,Bookcases,FUR-BO-10004709,200,230,5,5,4302
4001,26-08-2022,Standard Class,Home Office,Furniture,Furnishings,FUR-FU-10001196,50,60,11,5,3598
4002,13-08-2023,Standard Class,Home Office,Technology,Accessories,TEC-AC-10002942,290,350,5,4,4641
4003,03-06-2023,Standard Class,Consumer,Furniture,Tables,FUR-TA-10004915,520,640,3,5,1922
4004,06-04-2022,Standard Class,Consumer,Technology,Machines,TEC-MA-10001016,240,290,3,4,1353
4005,20-12-2022,Standard Class,Consumer,Office Supplies,Envelopes,OFF-EN-10000483,30,40,3,4,1164
4006,21-05-2022,Standard Class,Consumer,Office Supplies,Art,OFF-AR-10003087,0,0,1,3,510
4007,05-07-2023,Standard Class,Consumer,Office Supplies,Paper,OFF-PA-10000520,30,30,4,3,2629
4008,14-08-2023,Standard Class,Consumer,Technology,Accessories,TEC-AC-10001553,90,100,6,2,3644
4009,12-09-2022,Standard Class,Corporate,Office Supplies,Art,OFF-AR-10000634,10,10,2,2,401
4010,18-09-2022,Standard Class,Consumer,Furniture,Furnishings,FUR-FU-10001215,380,470,11,5,2228
4011,15-07-2023,First Class,Consumer,Office Supplies,Paper,OFF-PA-10001204,10,10,2,3,2678
4012,04-02-2023,First Class,Consumer,Office Supplies,Storage,OFF-ST-10002444,40,40,4,4,1375
4013,31-07-2022,Standard Class,Home Office,Office Supplies,Art,OFF-AR-10000203,20,20,4,3,15
4014,27-01-2022,Standard Class,Consumer,Office Supplies,Appliances,OFF-AP-10000828,480,540,3,3,41
4015,08-02-2023,Standard Class,Consumer,Office Supplies,Labels,OFF-LA-10003190,10,10,3,3,2874
4016,27-02-2023,Standard Class,Consumer,Office Supplies,Paper,OFF-PA-10002319,160,190,5,2,4109
4017,25-10-2022,Standard Class,Consumer,Office Supplies,Paper,OFF-PA-10003893,20,20,5,5,3289
4018,25-01-2023,Standard Class,Consumer,Office Supplies,Paper,OFF-PA-10002499,90,100,2,5,3789
4019,30-10-2022,Standard Class,Consumer,Technology,Accessories,TEC-AC-10004568,200,250,9,5,4554
4020,28-10-2022,Standard Class,Consumer,Office Supplies,Appliances,OFF-AP-10001492,20,30,3,2,3341
4021,04-02-2022,Standard Class,Consumer,Furniture,Chairs,FUR-CH-10004698,140,170,3,4,4161
4022,20-01-2022,Standard Class,Consumer,Technology,Phones,TEC-PH-10004093,70,80,3,3,334
4023,01-05-2022,Standard Class,Consumer,Furniture,Chairs,FUR-CH-10000454,770,850,5,4,2522
4024,04-05-2023,First Class,Corporate,Furniture,Bookcases,FUR-BO-10003034,450,560,5,2,2921
4025,22-01-2022,First Class,Corporate,Technology,Phones,TEC-PH-10003215,100,100,4,5,1629
4026,12-05-2023,First Class,Corporate,Office Supplies,Paper,OFF-PA-10001776,30,30,4,5,2889
4027,24-11-2022,First Class,Corporate,Office Supplies,Art,OFF-AR-10004582,10,10,7,2,404
4028,19-05-2023,First Class,Corporate,Technology,Phones,TEC-PH-10001557,130,150,2,3,2777
4029,06-01-2022,First Class,Corporate,Office Supplies,Binders,OFF-BI-10004209,10,10,8,2,3035
4030,05-06-2022,Standard Class,Consumer,Technology,Machines,TEC-MA-10003183,400,480,3,2,2263
4031,09-04-2022,Standard Class,Consumer,Furniture,Chairs,FUR-CH-10002439,190,230,4,3,3612
4032,18-03-2023,Standard Class,Home Office,Office Supplies,Appliances,OFF-AP-10000576,220,240,6,5,4199
4033,14-02-2022,Standard Class,Home Office,Office Supplies,Paper,OFF-PA-10004040,20,30,5,5,2229
4034,28-05-2023,Standard Class,Home Office,Technology,Accessories,TEC-AC-10003063,90,100,4,4,1149
4035,08-05-2022,Same Day,Corporate,Office Supplies,Binders,OFF-BI-10003982,20,20,3,5,3547
4036,20-10-2023,Same Day,Corporate,Technology,Accessories,TEC-AC-10002567,330,380,6,5,1697
4037,20-12-2023,Standard Class,Consumer,Office Supplies,Storage,OFF-ST-10004950,20,20,2,5,3620
4038,22-01-2022,Standard Class,Corporate,Furniture,Furnishings,FUR-FU-10000550,20,20,5,2,4940
4039,24-05-2023,Standard Class,Corporate,Office Supplies,Paper,OFF-PA-10000528,20,20,4,5,2164
4040,06-04-2022,Standard Class,Corporate,Technology,Machines,TEC-MA-10003183,630,770,6,3,4194
4041,29-07-2023,Standard Class,Corporate,Office Supplies,Binders,OFF-BI-10003305,10,10,3,5,640
4042,12-02-2022,Standard Class,Corporate,Technology,Phones,TEC-PH-10001425,160,190,3,4,2908
4043,28-01-2023,Standard Class,Corporate,Office Supplies,Labels,OFF-LA-10001474,230,270,9,4,2854
4044,08-03-2023,Standard Class,Corporate,Furniture,Furnishings,FUR-FU-10000672,60,70,6,4,2857
4045,16-11-2023,Standard Class,Consumer,Furniture,Furnishings,FUR-FU-10001979,170,200,5,3,611
4046,11-08-2022,Standard Class,Corporate,Office Supplies,Binders,OFF-BI-10003707,10,10,3,3,1554
4047,14-11-2023,Standard Class,Consumer,Office Supplies,Appliances,OFF-AP-10002191,20,20,2,5,3104
4048,10-04-2023,First Class,Corporate,Office Supplies,Paper,OFF-PA-10000501,70,80,3,5,4887
4049,05-07-2023,First Class,Corporate,Technology,Accessories,TEC-AC-10001990,560,600,10,3,4772
4050,02-08-2022,Second Class,Consumer,Furniture,Furnishings,FUR-FU-10003601,260,280,3,4,3863
4051,24-12-2022,Second Class,Consumer,Furniture,Chairs,FUR-CH-10001891,150,170,2,2,1145
4052,04-02-2023,Standard Class,Corporate,Office Supplies,Art,OFF-AR-10003469,0,0,3,3,2520
4053,29-08-2022,Standard Class,Corporate,Furniture,Tables,FUR-TA-10004175,360,410,2,4,1870
4054,14-08-2022,Standard Class,Corporate,Office Supplies,Labels,OFF-LA-10002945,60,60,11,3,3022
4055,13-02-2023,Standard Class,Corporate,Office Supplies,Paper,OFF-PA-10000533,20,20,4,3,107
4056,25-07-2023,Standard Class,Corporate,Office Supplies,Storage,OFF-ST-10004459,1640,1800,6,4,3078
4057,14-03-2023,Standard Class,Corporate,Furniture,Tables,FUR-TA-10004147,60,70,1,2,829
4058,06-02-2023,Standard Class,Consumer,Office Supplies,Storage,OFF-ST-10000046,570,650,5,4,1583
4059,13-08-2022,Standard Class,Consumer,Technology,Phones,TEC-PH-10004774,60,70,7,4,1582
4060,04-09-2022,Standard Class,Consumer,Furniture,Chairs,FUR-CH-10000595,460,570,3,3,3105
4061,21-01-2022,Standard Class,Consumer,Technology,Accessories,TEC-AC-10002473,60,70,3,3,4052
4062,28-03-2022,First Class,Corporate,Office Supplies,Binders,OFF-BI-10001628,30,30,3,2,1471
4063,27-03-2023,Standard Class,Consumer,Technology,Accessories,TEC-AC-10002800,40,40,1,5,1315
4064,30-06-2023,First Class,Consumer,Office Supplies,Art,OFF-AR-10002766,20,20,9,2,3020
4065,05-02-2023,First Class,Consumer,Office Supplies,Supplies,OFF-SU-10002522,0,0,1,3,3157
4066,05-07-2022,Standard Class,Corporate,Office Supplies,Fasteners,OFF-FA-10003021,10,10,5,5,2915
4067,02-04-2022,Standard Class,Corporate,Office Supplies,Art,OFF-AR-10000634,10,10,3,5,3070
4068,25-10-2023,Standard Class,Corporate,Office Supplies,Labels,OFF-LA-10001771,40,50,12,3,4266
4069,05-12-2022,Standard Class,Corporate,Technology,Phones,TEC-PH-10004434,900,980,9,4,699
4070,12-04-2022,First Class,Consumer,Office Supplies,Binders,OFF-BI-10000050,10,10,9,3,1549
4071,02-10-2023,First Class,Consumer,Office Supplies,Binders,OFF-BI-10002414,10,10,4,5,4783
4072,03-09-2022,First Class,Consumer,Furniture,Bookcases,FUR-BO-10003159,140,160,2,3,1078
4073,11-04-2022,Second Class,Home Office,Technology,Copiers,TEC-CO-10002095,920,1000,2,2,2569
4074,26-01-2022,First Class,Home Office,Technology,Phones,TEC-PH-10004120,780,820,6,5,1670
4075,17-07-2022,Standard Class,Consumer,Furniture,Furnishings,FUR-FU-10003553,200,220,4,2,4480
4076,27-03-2022,Standard Class,Consumer,Furniture,Furnishings,FUR-FU-10001488,280,340,4,4,1560
4077,09-03-2023,Second Class,Corporate,Office Supplies,Binders,OFF-BI-10003094,10,10,2,4,1429
4078,13-04-2023,Second Class,Corporate,Office Supplies,Fasteners,OFF-FA-10003472,10,10,4,3,3693
4079,23-08-2022,Second Class,Corporate,Office Supplies,Paper,OFF-PA-10001289,100,120,3,3,4375
4080,10-10-2023,First Class,Consumer,Technology,Phones,TEC-PH-10002293,50,50,3,2,575
4081,27-05-2023,Standard Class,Corporate,Office Supplies,Paper,OFF-PA-10000380,50,60,9,5,1881
4082,11-01-2023,Standard Class,Corporate,Office Supplies,Binders,OFF-BI-10004828,10,10,1,2,4741
4083,08-08-2023,Standard Class,Corporate,Office Supplies,Binders,OFF-BI-10004632,160,180,3,3,1538
4084,19-04-2023,Standard Class,Corporate,Office Supplies,Paper,OFF-PA-10000327,10,10,3,3,3794
4085,06-01-2022,First Class,Home Office,Office Supplies,Binders,OFF-BI-10003291,10,10,3,3,871
4086,13-10-2022,Second Class,Corporate,Technology,Phones,TEC-PH-10002275,260,300,2,2,2611
4087,18-01-2023,Second Class,Corporate,Office Supplies,Binders,OFF-BI-10003291,20,20,3,3,1027
4088,31-07-2023,Second Class,Corporate,Office Supplies,Binders,OFF-BI-10000343,10,10,3,5,2694
4089,17-04-2022,Standard Class,Consumer,Furniture,Bookcases,FUR-BO-10000711,590,640,9,2,4402
4090,20-06-2022,Standard Class,Corporate,Office Supplies,Labels,OFF-LA-10001297,20,20,2,2,3205
4091,23-07-2023,Standard Class,Corporate,Office Supplies,Supplies,OFF-SU-10001574,10,10,3,4,523
4092,09-08-2022,Standard Class,Corporate,Office Supplies,Binders,OFF-BI-10003305,10,10,3,2,275
4093,05-12-2022,First Class,Consumer,Office Supplies,Storage,OFF-ST-10002574,200,220,2,4,90
4094,09-09-2023,Standard Class,Consumer,Technology,Machines,TEC-MA-10000864,2770,3080,7,2,2899
4095,28-10-2022,Standard Class,Consumer,Technology,Accessories,TEC-AC-10003289,70,80,4,2,2698
4096,10-05-2022,Standard Class,Consumer,Technology,Phones,TEC-PH-10001619,530,590,3,2,4367
4097,21-05-2022,Standard Class,Consumer,Office Supplies,Paper,OFF-PA-10004888,20,30,5,3,3726
4098,22-02-2023,Standard Class,Consumer,Office Supplies,Storage,OFF-ST-10000736,350,400,5,4,1177
4099,27-02-2023,Standard Class,Consumer,Office Supplies,Binders,OFF-BI-10001120,8410,9450,5,2,3336
4100,05-12-2023,Standard Class,Consumer,Office Supplies,Binders,OFF-BI-10000301,10,10,2,2,1265
4101,18-04-2023,Standard Class,Consumer,Office Supplies,Appliances,OFF-AP-10004655,0,0,1,3,1121
4102,05-02-2022,Standard Class,Consumer,Office Supplies,Appliances,OFF-AP-10002906,0,0,1,2,2845
4103,12-01-2022,Standard Class,Consumer,Office Supplies,Paper,OFF-PA-10000740,130,150,8,4,4259
4104,03-02-2023,Same Day,Home Office,Furniture,Furnishings,FUR-FU-10001940,20,20,2,3,1835
4105,04-03-2022,Standard Class,Consumer,Technology,Phones,TEC-PH-10000439,140,160,5,4,3835
4106,07-05-2023,Standard Class,Consumer,Office Supplies,Binders,OFF-BI-10000404,10,10,2,3,1505
4107,11-11-2023,Standard Class,Consumer,Office Supplies,Binders,OFF-BI-10003676,0,0,2,2,3399
4108,25-10-2022,Same Day,Consumer,Office Supplies,Storage,OFF-ST-10002486,10,10,2,5,3595
4109,17-10-2022,Same Day,Consumer,Furniture,Tables,FUR-TA-10003837,20,30,3,3,2099
4110,20-01-2022,Standard Class,Corporate,Technology,Phones,TEC-PH-10002923,60,70,2,2,1574
4111,01-07-2023,Standard Class,Corporate,Furniture,Bookcases,FUR-BO-10004360,130,160,1,2,2886
4112,06-03-2022,Standard Class,Corporate,Office Supplies,Paper,OFF-PA-10002160,20,20,3,2,4221
4113,24-04-2023,Standard Class,Corporate,Office Supplies,Art,OFF-AR-10002375,0,0,1,3,4311
4114,15-06-2022,Standard Class,Corporate,Office Supplies,Labels,OFF-LA-10000443,10,10,3,5,3644
4115,28-08-2022,Standard Class,Corporate,Technology,Phones,TEC-PH-10001750,140,160,3,2,87
4116,19-06-2023,First Class,Consumer,Office Supplies,Binders,OFF-BI-10004632,1150,1220,5,4,690
4117,19-02-2022,Standard Class,Consumer,Office Supplies,Binders,OFF-BI-10002813,0,0,2,3,177
4118,09-04-2022,Standard Class,Consumer,Office Supplies,Paper,OFF-PA-10002005,20,20,3,5,4096
4119,18-12-2022,Standard Class,Consumer,Office Supplies,Storage,OFF-ST-10000060,370,450,7,2,1348
4120,13-10-2023,Standard Class,Consumer,Office Supplies,Binders,OFF-BI-10002706,80,90,8,3,2496
4121,22-01-2022,Standard Class,Consumer,Technology,Accessories,TEC-AC-10000199,20,20,4,3,1075
4122,06-01-2022,Same Day,Consumer,Office Supplies,Paper,OFF-PA-10002870,40,40,6,3,1872
4123,03-11-2023,Same Day,Consumer,Office Supplies,Labels,OFF-LA-10004545,40,40,3,2,2244
4124,09-02-2023,Same Day,Consumer,Office Supplies,Binders,OFF-BI-10000962,30,30,2,2,3749
4125,06-01-2022,Standard Class,Corporate,Office Supplies,Appliances,OFF-AP-10004249,40,40,3,2,4751
4126,01-08-2023,Second Class,Consumer,Furniture,Furnishings,FUR-FU-10001602,80,90,3,5,1028
4127,24-06-2022,First Class,Consumer,Office Supplies,Art,OFF-AR-10003179,50,50,6,4,3057
4128,12-07-2023,Standard Class,Consumer,Office Supplies,Storage,OFF-ST-10003722,60,70,6,2,662
4129,07-06-2022,Standard Class,Consumer,Technology,Machines,TEC-MA-10001127,2310,2620,3,3,1481
4130,06-11-2023,Standard Class,Consumer,Office Supplies,Appliances,OFF-AP-10001947,60,70,4,3,4454
4131,05-09-2023,Standard Class,Corporate,Office Supplies,Binders,OFF-BI-10001107,10,10,5,4,2008
4132,07-12-2022,Standard Class,Consumer,Office Supplies,Paper,OFF-PA-10000349,10,10,3,4,2364
4133,11-12-2022,Standard Class,Consumer,Office Supplies,Paper,OFF-PA-10003349,20,20,3,2,4595
4134,24-02-2022,Standard Class,Consumer,Office Supplies,Fasteners,OFF-FA-10002280,50,50,9,4,3591
4135,21-12-2023,Standard Class,Consumer,Technology,Machines,TEC-MA-10000029,190,210,3,3,4250
4136,18-02-2022,Standard Class,Home Office,Office Supplies,Binders,OFF-BI-10002854,90,110,5,5,1371
4137,08-08-2022,Standard Class,Home Office,Office Supplies,Storage,OFF-ST-10003716,1500,1580,7,3,1110
4138,08-05-2023,Standard Class,Consumer,Office Supplies,Fasteners,OFF-FA-10000624,30,30,7,4,422
4139,06-06-2023,First Class,Corporate,Office Supplies,Binders,OFF-BI-10004654,10,10,6,4,640
4140,30-11-2023,First Class,Consumer,Office Supplies,Storage,OFF-ST-10001228,30,40,3,3,1708
4141,28-05-2023,First Class,Consumer,Furniture,Furnishings,FUR-FU-10003798,80,80,5,2,4963
4142,28-01-2022,Standard Class,Consumer,Office Supplies,Labels,OFF-LA-10003148,20,20,3,2,1745
4143,09-06-2023,Standard Class,Consumer,Office Supplies,Binders,OFF-BI-10001249,50,60,9,4,4483
4144,08-12-2022,Standard Class,Home Office,Office Supplies,Art,OFF-AR-10003759,10,10,7,2,1820
4145,03-01-2022,Standard Class,Home Office,Office Supplies,Art,OFF-AR-10001227,10,10,3,5,2660
4146,24-12-2022,Standard Class,Home Office,Furniture,Chairs,FUR-CH-10000863,100,120,1,5,1249
4147,15-11-2023,Standard Class,Consumer,Furniture,Furnishings,FUR-FU-10004017,280,320,3,2,2415
4148,29-05-2023,Standard Class,Consumer,Office Supplies,Binders,OFF-BI-10000962,10,10,3,5,5000
4149,15-07-2022,Standard Class,Consumer,Office Supplies,Storage,OFF-ST-10004507,10,10,1,3,2401
4150,27-02-2023,Standard Class,Consumer,Technology,Accessories,TEC-AC-10002942,50,60,1,2,921
4151,24-08-2023,Standard Class,Consumer,Office Supplies,Storage,OFF-ST-10002344,240,260,4,3,650
4152,10-08-2023,Standard Class,Consumer,Office Supplies,Labels,OFF-LA-10002475,30,30,5,3,1119
4153,04-02-2022,Standard Class,Consumer,Office Supplies,Paper,OFF-PA-10003072,20,20,3,4,353
4154,11-12-2023,Standard Class,Consumer,Office Supplies,Envelopes,OFF-EN-10001509,0,0,3,2,1030
4155,09-11-2022,Standard Class,Corporate,Office Supplies,Binders,OFF-BI-10004781,30,40,4,5,2259
4156,24-06-2022,Standard Class,Corporate,Office Supplies,Binders,OFF-BI-10000145,0,0,3,4,606
4157,30-03-2022,Second Class,Consumer,Technology,Accessories,TEC-AC-10003280,40,50,2,3,2066
4158,07-12-2023,Second Class,Consumer,Office Supplies,Binders,OFF-BI-10001107,30,30,6,2,524
4159,08-06-2023,Standard Class,Corporate,Office Supplies,Paper,OFF-PA-10000533,20,20,3,2,1943
4160,21-03-2022,Standard Class,Consumer,Office Supplies,Art,OFF-AR-10003056,10,10,3,3,1682
4161,19-12-2022,Standard Class,Consumer,Technology,Phones,TEC-PH-10002834,480,540,3,5,1861
4162,09-05-2022,Standard Class,Consumer,Office Supplies,Storage,OFF-ST-10002214,20,20,2,2,2050
4163,26-05-2022,Standard Class,Consumer,Office Supplies,Labels,OFF-LA-10004484,20,20,4,3,4941
4164,20-08-2022,Standard Class,Consumer,Office Supplies,Binders,OFF-BI-10003091,570,670,3,5,2977
4165,19-12-2022,First Class,Corporate,Technology,Accessories,TEC-AC-10003027,140,170,7,3,2930
4166,12-10-2022,First Class,Corporate,Office Supplies,Storage,OFF-ST-10003638,160,170,9,5,1554
4167,14-12-2022,Standard Class,Corporate,Office Supplies,Paper,OFF-PA-10003848,20,20,3,3,5069
4168,17-02-2022,First Class,Consumer,Office Supplies,Storage,OFF-ST-10002352,30,30,4,2,3403
4169,23-11-2023,First Class,Consumer,Furniture,Chairs,FUR-CH-10000229,400,430,2,2,2634
4170,09-11-2022,First Class,Home Office,Office Supplies,Paper,OFF-PA-10000788,30,30,6,5,3077
4171,07-01-2023,First Class,Home Office,Office Supplies,Paper,OFF-PA-10002968,40,50,3,3,3299
4172,20-03-2023,Standard Class,Consumer,Office Supplies,Storage,OFF-ST-10002486,50,50,7,3,2310
4173,19-06-2022,Same Day,Consumer,Office Supplies,Binders,OFF-BI-10002215,10,10,2,2,4198
4174,24-10-2022,Same Day,Consumer,Office Supplies,Paper,OFF-PA-10000788,10,10,2,5,3674
4175,18-09-2022,Same Day,Consumer,Office Supplies,Binders,OFF-BI-10003364,50,60,2,4,1693
4176,25-05-2023,First Class,Home Office,Office Supplies,Art,OFF-AR-10003582,50,60,2,2,3084
4177,31-01-2023,Standard Class,Corporate,Technology,Phones,TEC-PH-10003273,540,630,5,3,903
4178,26-05-2023,Standard Class,Corporate,Office Supplies,Paper,OFF-PA-10000100,100,120,3,4,375
4179,17-10-2023,Second Class,Consumer,Office Supplies,Paper,OFF-PA-10001776,40,50,5,3,4375
4180,29-07-2022,Standard Class,Home Office,Office Supplies,Binders,OFF-BI-10004182,10,10,9,3,4719
4181,25-12-2022,Standard Class,Consumer,Office Supplies,Binders,OFF-BI-10000756,0,0,5,4,2030
4182,21-06-2022,Standard Class,Home Office,Technology,Accessories,TEC-AC-10001539,260,320,4,3,4596
4183,08-06-2023,Standard Class,Home Office,Office Supplies,Paper,OFF-PA-10002377,20,20,3,3,3432
4184,25-04-2022,Standard Class,Home Office,Office Supplies,Storage,OFF-ST-10000991,290,340,3,5,3510
4185,10-04-2022,First Class,Corporate,Furniture,Bookcases,FUR-BO-10002853,70,80,1,2,2638
4186,27-10-2023,First Class,Consumer,Technology,Accessories,TEC-AC-10004510,90,100,6,5,3340
4187,11-08-2022,Standard Class,Corporate,Office Supplies,Binders,OFF-BI-10003712,10,10,7,4,3226
4188,18-12-2023,Standard Class,Corporate,Office Supplies,Binders,OFF-BI-10002571,0,0,1,4,2281
4189,10-02-2023,Standard Class,Corporate,Office Supplies,Storage,OFF-ST-10004835,10,10,2,2,806
4190,19-04-2022,Second Class,Corporate,Office Supplies,Paper,OFF-PA-10004022,10,10,1,2,3567
4191,29-11-2022,Standard Class,Consumer,Technology,Copiers,TEC-CO-10004722,9240,10500,3,5,1656
4192,15-08-2022,Same Day,Consumer,Office Supplies,Paper,OFF-PA-10004248,20,20,5,4,3030
4193,20-05-2022,Standard Class,Corporate,Furniture,Tables,FUR-TA-10000577,630,700,2,5,3301
4194,13-04-2022,Standard Class,Corporate,Technology,Phones,TEC-PH-10001254,270,300,3,2,437
4195,03-08-2023,Standard Class,Consumer,Office Supplies,Art,OFF-AR-10001044,50,50,2,2,3640
4196,19-03-2023,Standard Class,Consumer,Furniture,Furnishings,FUR-FU-10002597,20,20,5,2,909
4197,12-06-2023,Second Class,Consumer,Office Supplies,Labels,OFF-LA-10004093,20,20,3,4,2793
4198,06-12-2022,Standard Class,Consumer,Office Supplies,Appliances,OFF-AP-10000179,350,390,4,2,958
4199,15-07-2022,Standard Class,Consumer,Office Supplies,Binders,OFF-BI-10001072,20,20,4,3,1835
4200,29-01-2022,Same Day,Home Office,Office Supplies,Labels,OFF-LA-10004093,10,10,1,2,1205
4201,19-11-2022,Same Day,Home Office,Technology,Copiers,TEC-CO-10002095,660,800,2,5,4749
4202,03-03-2022,Same Day,Home Office,Office Supplies,Paper,OFF-PA-10002713,40,40,6,4,1680
4203,29-06-2022,Same Day,Home Office,Office Supplies,Paper,OFF-PA-10002254,170,180,7,3,3494
4204,09-02-2023,Second Class,Consumer,Office Supplies,Art,OFF-AR-10001683,40,50,5,4,308
4205,24-02-2022,Second Class,Consumer,Office Supplies,Paper,OFF-PA-10002195,10,10,2,5,2363
4206,11-04-2022,Second Class,Consumer,Furniture,Furnishings,FUR-FU-10002364,10,10,2,4,2041
4207,22-03-2023,Second Class,Consumer,Office Supplies,Binders,OFF-BI-10004001,30,30,2,3,2650
4208,02-06-2023,Second Class,Consumer,Furniture,Furnishings,FUR-FU-10000023,20,20,3,3,4749
4209,13-02-2023,Second Class,Consumer,Furniture,Chairs,FUR-CH-10002320,1470,1600,5,5,2317
4210,12-10-2022,Second Class,Consumer,Furniture,Tables,FUR-TA-10003238,360,390,1,4,1910
4211,13-11-2023,Standard Class,Consumer,Office Supplies,Paper,OFF-PA-10004965,20,20,2,4,4519
4212,08-11-2023,Second Class,Consumer,Office Supplies,Paper,OFF-PA-10003016,10,10,3,5,3830
4213,08-03-2023,Second Class,Consumer,Office Supplies,Art,OFF-AR-10003651,10,10,2,2,2603
4214,02-01-2022,Second Class,Consumer,Office Supplies,Paper,OFF-PA-10001363,20,20,2,2,5061
4215,05-10-2023,Standard Class,Consumer,Office Supplies,Binders,OFF-BI-10003876,120,130,3,5,285
4216,12-09-2022,Standard Class,Consumer,Office Supplies,Envelopes,OFF-EN-10004007,50,60,4,3,3226
4217,16-07-2023,Standard Class,Corporate,Office Supplies,Labels,OFF-LA-10002271,10,10,3,2,4263
4218,29-06-2022,First Class,Corporate,Furniture,Bookcases,FUR-BO-10003894,390,480,8,2,523
4219,30-07-2023,First Class,Corporate,Technology,Machines,TEC-MA-10000418,4030,4800,2,2,2594
4220,05-12-2023,Second Class,Consumer,Office Supplies,Paper,OFF-PA-10004243,40,40,2,4,379
4221,08-01-2022,Second Class,Consumer,Office Supplies,Binders,OFF-BI-10001759,20,20,6,2,787
4222,28-08-2022,Second Class,Consumer,Technology,Machines,TEC-MA-10001570,370,390,5,5,3035
4223,20-05-2023,Second Class,Consumer,Office Supplies,Storage,OFF-ST-10004804,90,100,2,4,2630
4224,09-08-2023,Second Class,Consumer,Furniture,Bookcases,FUR-BO-10001519,160,170,3,5,4851
4225,06-05-2023,First Class,Consumer,Office Supplies,Binders,OFF-BI-10000343,0,0,2,3,2450
4226,17-03-2022,Standard Class,Corporate,Furniture,Furnishings,FUR-FU-10003930,80,90,3,2,2905
4227,15-11-2022,Standard Class,Consumer,Office Supplies,Fasteners,OFF-FA-10004854,40,50,4,2,3725
4228,09-08-2022,Standard Class,Home Office,Furniture,Chairs,FUR-CH-10003396,50,60,1,5,3545
4229,22-06-2023,First Class,Corporate,Office Supplies,Paper,OFF-PA-10001994,20,20,1,3,802
4230,06-11-2022,Standard Class,Corporate,Furniture,Furnishings,FUR-FU-10003601,290,330,9,2,1
4231,21-03-2023,Standard Class,Corporate,Office Supplies,Binders,OFF-BI-10003429,10,10,9,5,2127
4232,23-12-2023,Standard Class,Corporate,Office Supplies,Paper,OFF-PA-10000232,20,20,3,3,3071
4233,16-09-2022,Standard Class,Corporate,Office Supplies,Paper,OFF-PA-10002195,20,30,6,3,2752
4234,13-02-2022,Standard Class,Corporate,Office Supplies,Binders,OFF-BI-10004492,10,10,1,5,3637
4235,25-03-2023,First Class,Home Office,Office Supplies,Paper,OFF-PA-10004000,10,10,3,4,1501
4236,13-04-2023,First Class,Home Office,Office Supplies,Labels,OFF-LA-10004425,20,20,9,3,2614
4237,14-08-2023,Standard Class,Home Office,Office Supplies,Binders,OFF-BI-10000948,10,10,4,3,3466
4238,16-06-2022,Second Class,Corporate,Office Supplies,Art,OFF-AR-10001972,10,10,7,3,3521
4239,11-08-2023,First Class,Home Office,Office Supplies,Art,OFF-AR-10004587,20,20,1,4,2652
4240,30-09-2023,Standard Class,Corporate,Office Supplies,Paper,OFF-PA-10000994,200,210,2,2,4083
4241,02-12-2023,Standard Class,Home Office,Office Supplies,Appliances,OFF-AP-10001366,40,40,4,5,2156
4242,03-11-2022,Standard Class,Home Office,Office Supplies,Binders,OFF-BI-10001636,20,20,3,5,3570
4243,24-02-2022,First Class,Home Office,Technology,Phones,TEC-PH-10001448,130,150,3,2,55
4244,11-03-2023,First Class,Home Office,Office Supplies,Paper,OFF-PA-10001776,30,30,3,3,4752
4245,04-03-2022,Standard Class,Corporate,Technology,Accessories,TEC-AC-10002323,60,70,3,4,2371
4246,05-02-2022,Standard Class,Home Office,Office Supplies,Art,OFF-AR-10004582,0,0,1,5,2903
4247,06-02-2023,Standard Class,Home Office,Furniture,Furnishings,FUR-FU-10000576,1000,1050,5,5,4341
4248,30-07-2023,Standard Class,Home Office,Furniture,Furnishings,FUR-FU-10004270,20,20,5,5,4212
4249,09-02-2023,Second Class,Consumer,Office Supplies,Binders,OFF-BI-10004236,80,90,6,5,405
4250,28-02-2022,Second Class,Consumer,Furniture,Chairs,FUR-CH-10004997,670,750,4,4,2849
4251,12-12-2023,Same Day,Corporate,Furniture,Chairs,FUR-CH-10000988,840,890,7,3,1455
4252,18-07-2023,Same Day,Consumer,Technology,Phones,TEC-PH-10004897,50,60,7,5,220
4253,05-07-2022,Same Day,Consumer,Office Supplies,Art,OFF-AR-10002656,10,10,2,4,1847
4254,06-11-2023,Same Day,Consumer,Technology,Phones,TEC-PH-10004924,10,10,2,3,1082
4255,09-08-2022,First Class,Consumer,Office Supplies,Paper,OFF-PA-10003127,50,60,3,3,437
4256,31-10-2023,First Class,Consumer,Office Supplies,Binders,OFF-BI-10000778,80,100,4,2,4138
4257,16-11-2023,First Class,Consumer,Furniture,Furnishings,FUR-FU-10001424,10,10,3,5,3382
4258,16-05-2023,Standard Class,Corporate,Office Supplies,Binders,OFF-BI-10000962,10,10,2,4,306
4259,16-10-2023,First Class,Corporate,Furniture,Chairs,FUR-CH-10002880,170,200,2,2,1356
4260,24-12-2022,Second Class,Corporate,Office Supplies,Envelopes,OFF-EN-10004386,40,50,2,4,1872
4261,10-03-2022,Second Class,Corporate,Office Supplies,Labels,OFF-LA-10001045,10,10,5,4,2919
4262,12-10-2023,Standard Class,Consumer,Technology,Accessories,TEC-AC-10002006,50,60,4,2,3023
4263,08-08-2023,Standard Class,Consumer,Office Supplies,Appliances,OFF-AP-10001242,70,80,1,4,4213
4264,14-04-2023,Standard Class,Consumer,Office Supplies,Binders,OFF-BI-10000216,10,10,3,4,2029
4265,29-12-2023,Standard Class,Consumer,Furniture,Tables,FUR-TA-10002774,720,860,8,3,2406
4266,28-06-2023,Standard Class,Consumer,Office Supplies,Binders,OFF-BI-10004364,0,0,3,3,3686
4267,05-07-2023,Standard Class,Consumer,Furniture,Bookcases,FUR-BO-10000780,830,960,7,4,940
4268,02-02-2022,Standard Class,Consumer,Office Supplies,Binders,OFF-BI-10001989,10,10,3,2,4966
4269,13-12-2023,Standard Class,Consumer,Technology,Accessories,TEC-AC-10004001,150,170,5,4,4217
4270,09-08-2022,Second Class,Consumer,Furniture,Tables,FUR-TA-10000688,700,870,4,2,3031
4271,28-01-2023,Standard Class,Corporate,Furniture,Furnishings,FUR-FU-10003930,570,690,11,3,887
4272,22-03-2023,Second Class,Corporate,Furniture,Furnishings,FUR-FU-10000965,170,210,4,5,4120
4273,09-06-2022,Same Day,Consumer,Technology,Phones,TEC-PH-10004071,60,70,9,4,5009
4274,21-11-2022,Same Day,Consumer,Office Supplies,Art,OFF-AR-10001044,20,30,1,4,1692
4275,17-08-2023,Standard Class,Corporate,Office Supplies,Binders,OFF-BI-10004140,0,0,1,3,1220
4276,05-10-2023,Standard Class,Corporate,Office Supplies,Appliances,OFF-AP-10002684,40,50,2,5,2916
4277,18-08-2023,Standard Class,Home Office,Office Supplies,Storage,OFF-ST-10000046,270,320,2,3,1443
4278,03-01-2023,Standard Class,Corporate,Technology,Machines,TEC-MA-10001047,7640,9100,7,3,3202
4279,01-01-2022,Standard Class,Corporate,Furniture,Furnishings,FUR-FU-10000550,10,10,2,3,1842
4280,30-12-2022,Standard Class,Corporate,Office Supplies,Binders,OFF-BI-10002432,20,30,5,4,693
4281,13-10-2023,Standard Class,Home Office,Office Supplies,Paper,OFF-PA-10004470,10,10,2,2,75
4282,05-04-2022,Standard Class,Home Office,Furniture,Chairs,FUR-CH-10001797,70,70,2,3,2057
4283,30-11-2022,First Class,Consumer,Office Supplies,Labels,OFF-LA-10003720,0,0,1,4,4683
4284,12-11-2022,First Class,Consumer,Office Supplies,Binders,OFF-BI-10004600,960,1100,3,5,1060
4285,24-02-2022,Second Class,Corporate,Furniture,Bookcases,FUR-BO-10003965,240,250,2,4,1493
4286,01-01-2023,Second Class,Corporate,Office Supplies,Labels,OFF-LA-10000240,10,10,2,4,1439
4287,13-05-2023,Second Class,Corporate,Technology,Copiers,TEC-CO-10001571,390,440,1,5,680
4288,15-01-2022,Standard Class,Home Office,Office Supplies,Storage,OFF-ST-10000736,50,60,1,3,3339
4289,18-10-2023,Standard Class,Corporate,Office Supplies,Binders,OFF-BI-10002082,30,30,5,3,866
4290,24-12-2023,Standard Class,Corporate,Office Supplies,Paper,OFF-PA-10002250,10,10,3,4,3076
4291,20-01-2022,Second Class,Home Office,Office Supplies,Art,OFF-AR-10000122,10,10,2,3,400
4292,06-08-2022,Second Class,Home Office,Furniture,Tables,FUR-TA-10003748,800,900,9,3,2535
4293,18-05-2023,Second Class,Home Office,Office Supplies,Appliances,OFF-AP-10001394,170,190,1,3,555
4294,12-02-2023,Standard Class,Consumer,Technology,Phones,TEC-PH-10004896,50,50,3,3,556
4295,17-02-2023,Standard Class,Corporate,Furniture,Tables,FUR-TA-10002607,170,180,5,4,4101
4296,24-09-2022,Standard Class,Consumer,Furniture,Furnishings,FUR-FU-10001215,110,130,3,5,989
4297,19-07-2022,Standard Class,Corporate,Office Supplies,Storage,OFF-ST-10000419,50,50,4,3,2646
4298,22-09-2022,Second Class,Consumer,Technology,Phones,TEC-PH-10001459,3630,4370,13,5,1700
4299,11-10-2023,Second Class,Consumer,Office Supplies,Paper,OFF-PA-10000241,40,50,2,3,3166
4300,02-05-2023,Second Class,Consumer,Office Supplies,Appliances,OFF-AP-10003040,140,160,6,4,2244
4301,02-04-2023,Second Class,Consumer,Furniture,Furnishings,FUR-FU-10001852,0,0,2,4,270
4302,29-08-2023,Second Class,Consumer,Office Supplies,Paper,OFF-PA-10000141,10,10,5,2,1816
4303,02-08-2023,Second Class,Home Office,Office Supplies,Art,OFF-AR-10002804,0,0,1,3,725
4304,22-07-2023,Same Day,Consumer,Office Supplies,Envelopes,OFF-EN-10003862,50,60,7,3,3724
4305,14-04-2023,Second Class,Consumer,Furniture,Furnishings,FUR-FU-10000448,60,60,4,4,2390
4306,08-05-2022,Second Class,Consumer,Technology,Phones,TEC-PH-10000526,320,380,5,3,3367
4307,01-06-2022,Same Day,Corporate,Office Supplies,Binders,OFF-BI-10002764,10,10,3,5,198
4308,19-09-2023,Same Day,Corporate,Office Supplies,Binders,OFF-BI-10001524,30,30,2,4,3662
4309,26-10-2023,Standard Class,Consumer,Technology,Phones,TEC-PH-10001079,620,670,7,4,2346
4310,26-04-2023,Standard Class,Consumer,Furniture,Tables,FUR-TA-10002041,470,570,4,2,2993
4311,29-11-2023,Standard Class,Consumer,Office Supplies,Binders,OFF-BI-10001036,20,20,3,4,1030
4312,09-12-2022,Standard Class,Consumer,Office Supplies,Paper,OFF-PA-10000223,20,20,3,3,108
4313,13-03-2022,Standard Class,Consumer,Technology,Machines,TEC-MA-10003246,390,450,4,3,2254
4314,17-09-2023,Standard Class,Corporate,Office Supplies,Appliances,OFF-AP-10001962,20,20,2,5,2808
4315,10-01-2023,Standard Class,Consumer,Office Supplies,Art,OFF-AR-10004062,20,20,2,3,765
4316,07-12-2022,Standard Class,Consumer,Office Supplies,Binders,OFF-BI-10004330,80,90,3,3,4201
4317,03-04-2023,Standard Class,Consumer,Office Supplies,Storage,OFF-ST-10001963,260,300,3,3,2114
4318,14-10-2022,Standard Class,Consumer,Office Supplies,Envelopes,OFF-EN-10002230,160,170,2,2,3025
4319,14-08-2022,Standard Class,Consumer,Furniture,Furnishings,FUR-FU-10000175,70,80,6,4,2383
4320,12-12-2023,Second Class,Consumer,Technology,Phones,TEC-PH-10004897,20,20,3,4,2853
4321,24-08-2023,Second Class,Consumer,Office Supplies,Storage,OFF-ST-10003123,30,30,1,2,3460
4322,28-05-2023,Standard Class,Consumer,Office Supplies,Binders,OFF-BI-10001658,10,10,2,5,4942
4323,23-04-2022,Standard Class,Consumer,Technology,Phones,TEC-PH-10002834,290,320,3,3,1497
4324,20-10-2022,Standard Class,Consumer,Office Supplies,Binders,OFF-BI-10002160,0,0,2,4,4615
4325,16-07-2023,Standard Class,Consumer,Office Supplies,Art,OFF-AR-10004999,10,10,3,3,790
4326,19-11-2023,Standard Class,Consumer,Technology,Accessories,TEC-AC-10003280,60,70,3,2,2182
4327,12-03-2022,First Class,Corporate,Office Supplies,Art,OFF-AR-10000315,10,10,3,2,617
4328,10-06-2022,First Class,Corporate,Office Supplies,Paper,OFF-PA-10000007,20,20,5,5,21
4329,04-11-2023,Standard Class,Consumer,Office Supplies,Paper,OFF-PA-10000791,30,40,9,5,2256
4330,04-05-2022,Standard Class,Consumer,Office Supplies,Paper,OFF-PA-10000556,20,20,3,4,4904
4331,03-04-2023,Standard Class,Consumer,Office Supplies,Appliances,OFF-AP-10000804,20,20,5,3,2521
4332,06-06-2022,Standard Class,Consumer,Technology,Accessories,TEC-AC-10001998,20,20,1,3,192
4333,24-06-2023,Standard Class,Consumer,Office Supplies,Binders,OFF-BI-10003476,20,20,5,2,1526
4334,08-09-2023,Standard Class,Consumer,Technology,Accessories,TEC-AC-10003237,50,50,6,3,903
4335,17-11-2023,Standard Class,Consumer,Office Supplies,Envelopes,OFF-EN-10003798,20,30,2,5,4599
4336,01-04-2023,Standard Class,Consumer,Office Supplies,Envelopes,OFF-EN-10003068,10,10,1,4,2855
4337,18-08-2023,Standard Class,Consumer,Furniture,Furnishings,FUR-FU-10002088,10,10,2,2,4972
4338,07-08-2022,Standard Class,Home Office,Technology,Accessories,TEC-AC-10000158,90,110,3,4,1645
4339,24-11-2022,Standard Class,Home Office,Office Supplies,Paper,OFF-PA-10000482,100,110,3,2,1058
4340,29-07-2023,Standard Class,Consumer,Office Supplies,Paper,OFF-PA-10004888,10,10,1,4,753
4341,23-11-2023,Same Day,Consumer,Office Supplies,Art,OFF-AR-10003478,20,20,2,5,161
4342,07-06-2022,Standard Class,Consumer,Office Supplies,Storage,OFF-ST-10003208,500,540,3,4,3057
4343,18-12-2022,First Class,Consumer,Office Supplies,Binders,OFF-BI-10004970,20,20,6,4,109
4344,11-12-2022,First Class,Consumer,Technology,Phones,TEC-PH-10000038,580,660,6,2,893
4345,17-03-2022,First Class,Consumer,Technology,Accessories,TEC-AC-10001552,90,100,2,4,3782
4346,23-03-2022,First Class,Consumer,Technology,Accessories,TEC-AC-10002926,160,200,4,4,2148
4347,15-10-2023,Standard Class,Consumer,Furniture,Chairs,FUR-CH-10001394,590,630,2,5,3363
4348,15-04-2022,Standard Class,Consumer,Furniture,Furnishings,FUR-FU-10004053,60,60,3,3,4921
4349,01-09-2023,Second Class,Consumer,Office Supplies,Binders,OFF-BI-10004230,20,20,2,3,2610
4350,31-10-2023,Second Class,Consumer,Office Supplies,Storage,OFF-ST-10000060,380,420,8,2,4244
4351,23-12-2023,Standard Class,Consumer,Office Supplies,Storage,OFF-ST-10001325,20,20,2,5,2344
4352,09-08-2023,Standard Class,Consumer,Technology,Accessories,TEC-AC-10003441,30,30,2,2,2993
4353,07-01-2023,Second Class,Consumer,Technology,Phones,TEC-PH-10003215,90,100,4,3,1477
4354,10-07-2022,Second Class,Consumer,Office Supplies,Paper,OFF-PA-10002005,10,10,2,2,4325
4355,27-05-2022,Second Class,Corporate,Office Supplies,Binders,OFF-BI-10004465,20,20,8,2,996
4356,28-02-2022,Second Class,Consumer,Office Supplies,Binders,OFF-BI-10000545,1300,1600,7,4,2933
4357,27-01-2022,Second Class,Consumer,Office Supplies,Art,OFF-AR-10003752,30,40,4,3,1097
4358,25-11-2023,Same Day,Consumer,Office Supplies,Paper,OFF-PA-10001937,10,10,2,4,963
4359,31-07-2023,Same Day,Consumer,Furniture,Furnishings,FUR-FU-10004306,60,80,1,5,2615
4360,12-07-2023,Same Day,Consumer,Furniture,Chairs,FUR-CH-10003973,440,520,2,4,4917
4361,31-01-2022,First Class,Corporate,Office Supplies,Paper,OFF-PA-10000565,90,110,2,3,114
4362,15-12-2023,Second Class,Consumer,Technology,Phones,TEC-PH-10003875,30,30,3,4,4825
4363,05-10-2023,Second Class,Consumer,Office Supplies,Art,OFF-AR-10001953,100,130,3,3,5094
4364,24-05-2022,Second Class,Consumer,Office Supplies,Art,OFF-AR-10001374,20,30,4,2,1573
4365,14-10-2023,Second Class,Consumer,Office Supplies,Storage,OFF-ST-10003816,580,700,4,5,939
4366,28-03-2023,Second Class,Consumer,Office Supplies,Fasteners,OFF-FA-10001843,10,10,3,3,162
4367,29-08-2023,Second Class,Consumer,Office Supplies,Art,OFF-AR-10000657,20,20,10,5,312
4368,19-03-2023,Second Class,Consumer,Office Supplies,Fasteners,OFF-FA-10000936,10,10,4,4,1805
4369,17-02-2023,Second Class,Consumer,Office Supplies,Paper,OFF-PA-10003657,20,20,6,3,360
4370,20-11-2022,Standard Class,Home Office,Office Supplies,Binders,OFF-BI-10001989,90,100,5,4,2506
4371,08-07-2023,Standard Class,Home Office,Office Supplies,Art,OFF-AR-10002987,30,40,2,2,831
4372,22-09-2022,Standard Class,Home Office,Office Supplies,Labels,OFF-LA-10000414,40,50,5,3,3303
4373,09-09-2022,Second Class,Consumer,Office Supplies,Art,OFF-AR-10003602,10,10,2,4,3277
4374,09-10-2022,Second Class,Consumer,Technology,Accessories,TEC-AC-10002550,130,160,5,3,1505
4375,11-08-2023,Standard Class,Corporate,Office Supplies,Appliances,OFF-AP-10002998,90,100,6,2,2516
4376,21-01-2022,Standard Class,Home Office,Furniture,Furnishings,FUR-FU-10003708,280,300,5,5,2189
4377,30-09-2023,Standard Class,Home Office,Office Supplies,Appliances,OFF-AP-10001391,220,270,3,5,3127
4378,18-04-2023,Standard Class,Home Office,Furniture,Chairs,FUR-CH-10003973,1280,1490,5,2,5017
4379,12-08-2022,Second Class,Home Office,Office Supplies,Envelopes,OFF-EN-10000461,20,20,2,5,3488
4380,24-01-2023,Second Class,Home Office,Office Supplies,Envelopes,OFF-EN-10002831,70,70,2,4,4137
4381,05-06-2022,Standard Class,Consumer,Office Supplies,Art,OFF-AR-10004648,50,60,3,3,1045
4382,20-09-2022,Standard Class,Consumer,Furniture,Tables,FUR-TA-10001857,210,250,3,4,4953
4383,18-02-2022,Standard Class,Consumer,Office Supplies,Binders,OFF-BI-10000546,0,0,5,3,2189
4384,11-12-2022,Standard Class,Consumer,Furniture,Bookcases,FUR-BO-10004690,360,380,4,2,2677
4385,03-02-2022,Standard Class,Consumer,Technology,Phones,TEC-PH-10001557,140,150,2,2,5099
4386,06-07-2022,Standard Class,Consumer,Furniture,Bookcases,FUR-BO-10002545,780,910,5,3,1021
4387,08-09-2023,Standard Class,Corporate,Office Supplies,Appliances,OFF-AP-10001366,40,40,4,2,2714
4388,05-02-2023,Standard Class,Corporate,Office Supplies,Binders,OFF-BI-10001628,30,30,3,2,4022
4389,14-11-2022,First Class,Consumer,Office Supplies,Paper,OFF-PA-10003651,40,50,7,5,4710
4390,28-11-2023,First Class,Consumer,Furniture,Bookcases,FUR-BO-10003159,170,180,2,5,3070
4391,18-10-2023,First Class,Consumer,Technology,Phones,TEC-PH-10001459,1080,1260,3,3,3446
4392,28-11-2023,First Class,Consumer,Office Supplies,Art,OFF-AR-10004602,60,70,3,3,2602
4393,12-08-2023,Standard Class,Corporate,Office Supplies,Art,OFF-AR-10001953,60,70,2,4,4820
4394,23-12-2023,Standard Class,Corporate,Technology,Phones,TEC-PH-10000923,50,60,5,2,3330
4395,10-06-2023,Same Day,Consumer,Office Supplies,Storage,OFF-ST-10002583,30,30,1,4,2391
4396,09-06-2023,Same Day,Consumer,Office Supplies,Binders,OFF-BI-10000977,30,30,3,5,959
4397,02-10-2023,Standard Class,Corporate,Technology,Phones,TEC-PH-10002549,320,360,2,3,3759
4398,28-07-2023,Standard Class,Consumer,Furniture,Chairs,FUR-CH-10002880,150,170,2,3,1267
4399,21-12-2023,Standard Class,Consumer,Furniture,Furnishings,FUR-FU-10003039,60,70,2,4,2824
4400,27-03-2023,Same Day,Consumer,Office Supplies,Envelopes,OFF-EN-10003055,180,200,5,2,2146
4401,30-06-2022,Same Day,Consumer,Office Supplies,Appliances,OFF-AP-10002945,850,900,3,2,2312
4402,03-06-2022,Same Day,Consumer,Furniture,Furnishings,FUR-FU-10004306,830,970,5,5,1543
4403,29-04-2022,First Class,Consumer,Office Supplies,Art,OFF-AR-10002445,10,10,2,5,2715
4404,28-07-2023,First Class,Consumer,Office Supplies,Art,OFF-AR-10002445,20,20,3,2,1142
4405,14-10-2022,Standard Class,Consumer,Technology,Accessories,TEC-AC-10002345,30,30,3,2,1664
4406,19-08-2023,Standard Class,Consumer,Office Supplies,Storage,OFF-ST-10001558,30,40,3,3,86
4407,30-04-2023,Standard Class,Corporate,Office Supplies,Paper,OFF-PA-10001622,10,10,2,4,4036
4408,03-08-2023,Standard Class,Corporate,Office Supplies,Paper,OFF-PA-10000418,280,310,3,2,1269
4409,23-09-2023,Standard Class,Corporate,Office Supplies,Binders,OFF-BI-10000343,0,0,1,5,3787
4410,17-07-2022,Standard Class,Home Office,Office Supplies,Labels,OFF-LA-10004425,10,10,2,2,4535
4411,08-03-2023,Standard Class,Home Office,Office Supplies,Art,OFF-AR-10001897,100,110,6,5,1841
4412,18-09-2023,First Class,Consumer,Office Supplies,Paper,OFF-PA-10003883,20,20,3,5,2192
4413,03-11-2023,First Class,Consumer,Technology,Phones,TEC-PH-10003963,500,620,3,3,4925
4414,13-06-2023,First Class,Consumer,Office Supplies,Appliances,OFF-AP-10001303,50,60,3,5,2035
4415,29-06-2022,Standard Class,Corporate,Office Supplies,Binders,OFF-BI-10003925,360,390,1,5,4163
4416,14-06-2023,Standard Class,Consumer,Technology,Phones,TEC-PH-10004586,490,580,2,2,4547
4417,29-01-2022,Standard Class,Consumer,Office Supplies,Fasteners,OFF-FA-10003495,20,30,5,2,1449
4418,23-10-2022,Second Class,Consumer,Office Supplies,Binders,OFF-BI-10002867,420,480,8,3,885
4419,15-06-2023,Standard Class,Consumer,Furniture,Furnishings,FUR-FU-10003773,180,190,3,4,1501
4420,29-07-2022,Standard Class,Consumer,Office Supplies,Binders,OFF-BI-10002954,10,10,4,5,2951
4421,11-03-2022,Second Class,Consumer,Office Supplies,Supplies,OFF-SU-10002537,40,40,5,4,3336
4422,05-12-2023,Standard Class,Consumer,Office Supplies,Art,OFF-AR-10001374,20,20,3,5,4827
4423,01-03-2022,First Class,Corporate,Office Supplies,Appliances,OFF-AP-10001492,20,20,2,5,935
4424,22-07-2023,First Class,Corporate,Furniture,Bookcases,FUR-BO-10003546,280,300,3,4,4323
4425,02-06-2023,First Class,Corporate,Technology,Phones,TEC-PH-10002185,30,30,5,4,3026
4426,29-12-2022,First Class,Corporate,Office Supplies,Binders,OFF-BI-10000315,100,110,6,5,4892
4427,20-03-2022,First Class,Corporate,Technology,Phones,TEC-PH-10002350,50,60,2,2,549
4428,30-07-2022,Standard Class,Corporate,Office Supplies,Paper,OFF-PA-10002666,20,30,3,3,4158
4429,21-10-2023,Standard Class,Consumer,Furniture,Chairs,FUR-CH-10004495,1470,1810,6,2,1080
4430,13-10-2022,Same Day,Consumer,Office Supplies,Art,OFF-AR-10001725,60,70,3,4,4106
4431,29-03-2022,Second Class,Consumer,Office Supplies,Fasteners,OFF-FA-10002280,20,20,4,3,2567
4432,16-11-2023,Second Class,Consumer,Office Supplies,Art,OFF-AR-10001770,10,10,3,4,4989
4433,13-06-2023,Second Class,Consumer,Furniture,Furnishings,FUR-FU-10002885,20,20,5,4,682
4434,22-01-2023,Second Class,Consumer,Office Supplies,Art,OFF-AR-10003772,10,10,1,3,4393
4435,18-11-2023,Second Class,Consumer,Furniture,Tables,FUR-TA-10003392,740,840,3,4,3774
4436,28-11-2023,Standard Class,Consumer,Office Supplies,Binders,OFF-BI-10000014,0,0,1,2,3000
4437,19-04-2022,Standard Class,Consumer,Office Supplies,Art,OFF-AR-10003217,30,30,7,2,1684
4438,02-01-2022,Standard Class,Consumer,Office Supplies,Appliances,OFF-AP-10002403,20,30,3,5,685
4439,28-11-2022,Standard Class,Consumer,Office Supplies,Paper,OFF-PA-10001972,10,10,2,4,2116
4440,09-08-2022,Standard Class,Consumer,Office Supplies,Paper,OFF-PA-10004041,20,20,4,3,2386
4441,24-11-2022,Standard Class,Consumer,Technology,Accessories,TEC-AC-10004975,100,110,1,2,3560
4442,26-12-2023,Standard Class,Consumer,Office Supplies,Storage,OFF-ST-10001932,870,970,5,3,4175
4443,18-08-2023,Standard Class,Consumer,Office Supplies,Art,OFF-AR-10001761,30,30,5,2,2728
4444,21-02-2023,Standard Class,Consumer,Office Supplies,Paper,OFF-PA-10002262,20,30,5,2,2654
4445,25-05-2022,Standard Class,Home Office,Office Supplies,Envelopes,OFF-EN-10004483,70,80,5,3,1196
4446,18-10-2022,Standard Class,Home Office,Office Supplies,Paper,OFF-PA-10003270,20,30,6,2,2308
4447,10-06-2022,Standard Class,Home Office,Office Supplies,Binders,OFF-BI-10001634,20,30,4,2,2905
4448,15-08-2022,Standard Class,Home Office,Office Supplies,Storage,OFF-ST-10000675,160,170,5,4,1273
4449,18-05-2023,Standard Class,Consumer,Furniture,Furnishings,FUR-FU-10000732,10,10,2,4,3557
4450,13-09-2023,Standard Class,Consumer,Office Supplies,Paper,OFF-PA-10004355,10,10,1,5,191
4451,10-11-2023,Standard Class,Consumer,Office Supplies,Envelopes,OFF-EN-10000056,160,190,3,5,3315
4452,07-12-2022,First Class,Consumer,Furniture,Furnishings,FUR-FU-10000221,30,30,5,3,2249
4453,15-01-2022,First Class,Consumer,Office Supplies,Envelopes,OFF-EN-10003567,40,40,2,2,4736
4454,18-06-2022,First Class,Consumer,Furniture,Bookcases,FUR-BO-10001811,1080,1280,5,2,2490
4455,29-06-2022,First Class,Consumer,Office Supplies,Storage,OFF-ST-10002486,20,30,4,5,3678
4456,04-01-2022,Standard Class,Home Office,Furniture,Chairs,FUR-CH-10002372,110,130,2,4,3138
4457,13-07-2023,Standard Class,Home Office,Office Supplies,Binders,OFF-BI-10003274,10,10,2,3,868
4458,26-08-2022,Standard Class,Consumer,Office Supplies,Paper,OFF-PA-10001878,210,240,5,3,370
4459,05-02-2023,Standard Class,Consumer,Office Supplies,Supplies,OFF-SU-10002881,1180,1330,2,5,1598
4460,26-06-2022,First Class,Home Office,Furniture,Furnishings,FUR-FU-10001979,30,30,1,4,4967
4461,23-12-2023,First Class,Home Office,Office Supplies,Storage,OFF-ST-10001522,140,150,2,4,5023
4462,23-01-2023,First Class,Home Office,Technology,Accessories,TEC-AC-10003657,50,50,2,3,865
4463,01-04-2022,First Class,Home Office,Office Supplies,Binders,OFF-BI-10001718,70,80,4,4,3171
4464,19-07-2023,First Class,Home Office,Office Supplies,Paper,OFF-PA-10003022,10,10,3,3,4988
4465,04-05-2022,First Class,Home Office,Office Supplies,Appliances,OFF-AP-10000891,180,210,2,2,979
4466,27-06-2023,Standard Class,Corporate,Office Supplies,Binders,OFF-BI-10004970,0,0,1,5,1935
4467,17-01-2023,Standard Class,Consumer,Office Supplies,Art,OFF-AR-10003759,20,20,9,5,855
4468,13-09-2022,Standard Class,Consumer,Office Supplies,Envelopes,OFF-EN-10003001,150,170,2,5,1902
4469,28-12-2023,Standard Class,Consumer,Furniture,Bookcases,FUR-BO-10000780,290,320,2,2,1724
4470,10-11-2022,Standard Class,Consumer,Office Supplies,Paper,OFF-PA-10001972,10,10,2,3,35
4471,07-01-2022,Standard Class,Corporate,Furniture,Chairs,FUR-CH-10003535,120,130,3,4,3419
4472,16-09-2022,Same Day,Home Office,Furniture,Chairs,FUR-CH-10003774,50,60,1,2,3590
4473,15-07-2022,Same Day,Home Office,Technology,Accessories,TEC-AC-10004571,210,240,3,3,4047
4474,12-08-2023,Same Day,Home Office,Furniture,Tables,FUR-TA-10004442,280,340,2,3,5005
4475,25-12-2023,Same Day,Home Office,Office Supplies,Paper,OFF-PA-10002787,20,20,3,2,3326
4476,06-01-2022,Same Day,Home Office,Furniture,Furnishings,FUR-FU-10004586,20,20,4,2,941
4477,27-09-2022,Same Day,Home Office,Office Supplies,Paper,OFF-PA-10002606,10,10,2,4,4274
4478,25-09-2022,Same Day,Consumer,Office Supplies,Storage,OFF-ST-10000129,290,330,3,5,2605
4479,14-02-2023,Same Day,Consumer,Furniture,Tables,FUR-TA-10003748,220,250,2,2,1572
4480,09-12-2023,Standard Class,Consumer,Office Supplies,Paper,OFF-PA-10004948,20,20,5,2,4725
4481,10-12-2022,Standard Class,Consumer,Office Supplies,Fasteners,OFF-FA-10001561,20,20,7,2,4526
4482,10-05-2022,Standard Class,Consumer,Office Supplies,Appliances,OFF-AP-10002998,40,40,2,4,2865
4483,08-07-2023,Standard Class,Consumer,Office Supplies,Binders,OFF-BI-10003981,30,40,12,4,75
4484,24-08-2023,Standard Class,Consumer,Office Supplies,Paper,OFF-PA-10001725,100,120,3,5,125
4485,06-11-2022,Standard Class,Consumer,Office Supplies,Binders,OFF-BI-10002071,10,10,2,2,2048
4486,08-10-2022,Standard Class,Consumer,Office Supplies,Paper,OFF-PA-10000477,20,20,3,2,2871
4487,14-08-2022,Standard Class,Consumer,Office Supplies,Paper,OFF-PA-10004359,260,310,3,3,4909
4488,10-08-2023,Standard Class,Home Office,Office Supplies,Binders,OFF-BI-10000962,20,20,5,3,1205
4489,01-12-2023,Standard Class,Home Office,Office Supplies,Supplies,OFF-SU-10003567,70,70,9,4,3287
4490,09-08-2023,Standard Class,Home Office,Office Supplies,Binders,OFF-BI-10003708,0,0,3,3,292
4491,24-11-2022,Standard Class,Consumer,Furniture,Tables,FUR-TA-10001095,370,420,3,4,4381
4492,16-12-2022,Second Class,Consumer,Technology,Copiers,TEC-CO-10001571,590,660,2,3,136
4493,19-03-2023,Second Class,Consumer,Furniture,Furnishings,FUR-FU-10000221,10,10,2,4,3200
4494,28-06-2022,Second Class,Consumer,Office Supplies,Paper,OFF-PA-10001972,30,40,7,5,1815
4495,31-01-2022,Second Class,Consumer,Furniture,Chairs,FUR-CH-10000015,750,910,6,5,4505
4496,20-04-2023,Standard Class,Consumer,Furniture,Bookcases,FUR-BO-10004015,800,920,9,4,1919
4497,07-10-2022,Standard Class,Consumer,Office Supplies,Paper,OFF-PA-10002036,30,40,6,2,1911
4498,01-04-2022,Standard Class,Consumer,Office Supplies,Binders,OFF-BI-10003650,560,630,4,2,4860
4499,25-09-2022,Standard Class,Corporate,Office Supplies,Paper,OFF-PA-10003309,10,10,2,5,5081
4500,11-08-2022,Standard Class,Corporate,Office Supplies,Paper,OFF-PA-10002787,10,10,2,2,4283
4501,27-05-2022,Standard Class,Corporate,Office Supplies,Binders,OFF-BI-10000174,20,20,5,5,4901
4502,21-09-2023,Standard Class,Corporate,Office Supplies,Paper,OFF-PA-10002005,30,30,5,2,3539
4503,29-01-2022,Standard Class,Corporate,Office Supplies,Fasteners,OFF-FA-10002815,20,20,6,2,4339
4504,24-04-2022,Standard Class,Home Office,Technology,Phones,TEC-PH-10000213,160,170,7,5,3726
4505,15-08-2022,Standard Class,Home Office,Office Supplies,Appliances,OFF-AP-10000828,320,360,2,4,3646
4506,08-04-2022,Standard Class,Home Office,Technology,Accessories,TEC-AC-10004708,50,60,3,5,85
4507,28-02-2023,Standard Class,Home Office,Technology,Phones,TEC-PH-10001530,710,820,3,5,468
4508,15-12-2023,Standard Class,Home Office,Office Supplies,Storage,OFF-ST-10002301,20,20,1,4,2062
4509,01-05-2023,Standard Class,Home Office,Furniture,Furnishings,FUR-FU-10002554,20,20,1,4,4294
4510,11-06-2023,Standard Class,Consumer,Furniture,Tables,FUR-TA-10001520,140,170,3,2,1080
4511,10-01-2022,Standard Class,Corporate,Furniture,Furnishings,FUR-FU-10001085,40,40,2,3,3231
4512,06-01-2023,Standard Class,Corporate,Office Supplies,Binders,OFF-BI-10001597,70,80,2,4,1023
4513,09-04-2022,First Class,Consumer,Office Supplies,Binders,OFF-BI-10002429,50,50,6,3,741
4514,10-04-2023,First Class,Consumer,Office Supplies,Storage,OFF-ST-10001590,10,10,1,4,1480
4515,25-01-2023,Second Class,Consumer,Furniture,Chairs,FUR-CH-10000847,270,290,1,3,2612
4516,13-10-2023,Standard Class,Home Office,Office Supplies,Art,OFF-AR-10003179,30,40,4,3,1149
4517,24-10-2022,Standard Class,Consumer,Office Supplies,Paper,OFF-PA-10000807,20,20,5,4,3400
4518,02-11-2023,Standard Class,Consumer,Office Supplies,Binders,OFF-BI-10002103,50,50,7,2,468
4519,12-08-2023,Standard Class,Consumer,Office Supplies,Art,OFF-AR-10004441,20,20,4,4,15
4520,14-03-2023,Standard Class,Corporate,Office Supplies,Storage,OFF-ST-10003805,1190,1350,8,3,297
4521,29-08-2023,Standard Class,Corporate,Technology,Accessories,TEC-AC-10001284,50,60,3,3,258
4522,06-02-2023,Standard Class,Corporate,Furniture,Furnishings,FUR-FU-10000221,20,20,4,3,1710
4523,30-01-2022,Second Class,Corporate,Office Supplies,Fasteners,OFF-FA-10001229,10,10,3,3,4177
4524,30-10-2023,Standard Class,Consumer,Office Supplies,Labels,OFF-LA-10001569,30,30,7,3,3505
4525,01-07-2023,Standard Class,Consumer,Furniture,Furnishings,FUR-FU-10004018,70,90,6,5,2960
4526,12-08-2022,Standard Class,Home Office,Technology,Phones,TEC-PH-10004536,250,270,2,2,4945
4527,17-07-2022,Standard Class,Home Office,Office Supplies,Paper,OFF-PA-10004353,90,100,5,3,218
4528,04-01-2022,Standard Class,Home Office,Furniture,Furnishings,FUR-FU-10004848,40,40,4,3,2477
4529,08-08-2023,Second Class,Corporate,Technology,Accessories,TEC-AC-10004864,100,120,4,5,2627
4530,18-12-2023,Standard Class,Consumer,Office Supplies,Binders,OFF-BI-10002393,0,0,2,3,1999
4531,05-12-2022,First Class,Consumer,Furniture,Chairs,FUR-CH-10002335,360,410,2,4,1645
4532,04-05-2022,First Class,Consumer,Office Supplies,Storage,OFF-ST-10001590,30,40,3,3,3322
4533,21-01-2022,Same Day,Home Office,Furniture,Chairs,FUR-CH-10002774,100,120,3,4,368
4534,02-09-2023,Same Day,Home Office,Office Supplies,Envelopes,OFF-EN-10001219,20,20,2,2,3261
4535,15-03-2023,Standard Class,Corporate,Office Supplies,Paper,OFF-PA-10001947,10,10,2,4,1769
4536,01-02-2023,Standard Class,Home Office,Furniture,Furnishings,FUR-FU-10003142,20,20,3,4,539
4537,26-09-2023,Standard Class,Home Office,Office Supplies,Binders,OFF-BI-10001543,90,90,3,4,2494
4538,12-11-2022,Standard Class,Home Office,Office Supplies,Art,OFF-AR-10003560,20,20,3,2,1353
4539,28-08-2023,Standard Class,Home Office,Office Supplies,Art,OFF-AR-10004757,10,10,4,5,3690
4540,07-02-2023,Standard Class,Corporate,Technology,Phones,TEC-PH-10003800,100,110,2,4,4598
4541,20-08-2023,Standard Class,Corporate,Furniture,Tables,FUR-TA-10004152,430,490,7,5,2016
4542,22-11-2022,Standard Class,Corporate,Office Supplies,Binders,OFF-BI-10000756,10,10,7,3,2030
4543,02-02-2022,First Class,Consumer,Office Supplies,Envelopes,OFF-EN-10004206,280,330,2,2,3382
4544,21-12-2022,Second Class,Consumer,Furniture,Chairs,FUR-CH-10004477,350,380,9,4,2865
4545,10-04-2022,Second Class,Consumer,Technology,Phones,TEC-PH-10003505,120,150,2,3,4927
4546,22-04-2022,Second Class,Consumer,Technology,Phones,TEC-PH-10000526,510,540,7,4,1723
4547,23-08-2022,Second Class,Consumer,Office Supplies,Binders,OFF-BI-10003314,0,0,2,2,739
4548,07-05-2023,Second Class,Consumer,Office Supplies,Art,OFF-AR-10003190,10,10,3,2,238
4549,18-08-2023,Second Class,Consumer,Furniture,Furnishings,FUR-FU-10001861,10,10,1,3,3221
4550,21-07-2022,Second Class,Consumer,Technology,Phones,TEC-PH-10003963,560,660,4,5,3139
4551,30-01-2023,First Class,Consumer,Office Supplies,Labels,OFF-LA-10003388,10,10,2,5,459
4552,18-03-2023,Standard Class,Corporate,Furniture,Tables,FUR-TA-10002855,300,350,3,3,1037
4553,30-08-2022,Standard Class,Consumer,Furniture,Chairs,FUR-CH-10004886,200,230,3,4,321
4554,09-06-2023,Standard Class,Consumer,Office Supplies,Paper,OFF-PA-10003657,10,10,3,3,1366
4555,20-11-2022,Second Class,Consumer,Office Supplies,Binders,OFF-BI-10004738,50,60,3,4,722
4556,01-06-2023,First Class,Consumer,Office Supplies,Fasteners,OFF-FA-10003112,20,30,4,5,3249
4557,20-07-2022,First Class,Consumer,Office Supplies,Storage,OFF-ST-10002486,20,30,4,4,110
4558,17-11-2022,Standard Class,Consumer,Office Supplies,Binders,OFF-BI-10003984,10,10,1,4,3317
4559,18-01-2023,Standard Class,Corporate,Office Supplies,Envelopes,OFF-EN-10004773,40,50,2,4,4835
4560,07-12-2023,First Class,Consumer,Furniture,Chairs,FUR-CH-10001146,120,130,3,3,2386
4561,18-05-2022,Second Class,Corporate,Office Supplies,Envelopes,OFF-EN-10003296,260,270,3,5,1347
4562,05-01-2023,Second Class,Corporate,Technology,Phones,TEC-PH-10000193,90,110,3,4,263
4563,08-11-2023,Second Class,Corporate,Furniture,Furnishings,FUR-FU-10002111,40,40,5,5,714
4564,06-12-2023,Standard Class,Home Office,Furniture,Chairs,FUR-CH-10003298,390,420,4,5,3107
4565,30-07-2022,Standard Class,Corporate,Office Supplies,Storage,OFF-ST-10004950,90,100,6,3,1008
4566,26-08-2022,Standard Class,Consumer,Office Supplies,Appliances,OFF-AP-10002350,40,50,3,2,3338
4567,28-03-2022,Standard Class,Consumer,Office Supplies,Binders,OFF-BI-10004233,30,30,6,2,1180
4568,14-04-2022,Standard Class,Consumer,Office Supplies,Paper,OFF-PA-10001892,20,20,4,3,1721
4569,22-12-2023,Standard Class,Consumer,Office Supplies,Binders,OFF-BI-10003291,10,10,6,2,4880
4570,26-04-2022,Second Class,Home Office,Furniture,Furnishings,FUR-FU-10004017,80,80,3,3,1897
4571,02-05-2022,Second Class,Home Office,Office Supplies,Art,OFF-AR-10002445,20,20,3,3,2720
4572,26-01-2023,Second Class,Home Office,Office Supplies,Binders,OFF-BI-10001718,110,130,2,3,990
4573,11-12-2022,Standard Class,Home Office,Technology,Copiers,TEC-CO-10004202,420,480,2,5,1545
4574,19-12-2022,Standard Class,Home Office,Technology,Phones,TEC-PH-10002103,580,660,7,2,2382
4575,15-03-2022,Standard Class,Home Office,Furniture,Furnishings,FUR-FU-10003724,30,30,4,3,4465
4576,03-12-2022,Standard Class,Home Office,Office Supplies,Art,OFF-AR-10003732,10,10,5,3,4865
4577,13-12-2023,Standard Class,Home Office,Office Supplies,Storage,OFF-ST-10000885,30,30,2,3,2401
4578,17-02-2022,Standard Class,Consumer,Office Supplies,Binders,OFF-BI-10004817,10,10,1,3,1644
4579,05-12-2022,Standard Class,Home Office,Office Supplies,Binders,OFF-BI-10001670,100,110,3,4,3616
4580,06-07-2023,Standard Class,Corporate,Office Supplies,Paper,OFF-PA-10002709,70,70,11,4,2824
4581,23-02-2023,Standard Class,Corporate,Technology,Accessories,TEC-AC-10004469,220,240,6,5,2321
4582,17-10-2023,First Class,Home Office,Furniture,Furnishings,FUR-FU-10003424,30,30,3,3,486
4583,20-07-2023,First Class,Consumer,Office Supplies,Labels,OFF-LA-10003720,20,20,8,4,2343
4584,07-10-2023,Second Class,Corporate,Office Supplies,Art,OFF-AR-10000390,10,10,2,4,1737
4585,17-05-2022,Second Class,Home Office,Office Supplies,Envelopes,OFF-EN-10001335,70,80,7,3,2788
4586,17-12-2022,Second Class,Home Office,Office Supplies,Art,OFF-AR-10003469,10,10,5,2,3037
4587,28-04-2022,Second Class,Home Office,Office Supplies,Binders,OFF-BI-10003718,500,590,6,5,2920
4588,23-03-2023,Second Class,Home Office,Office Supplies,Fasteners,OFF-FA-10004838,10,10,3,5,2332
4589,13-04-2023,Second Class,Home Office,Furniture,Furnishings,FUR-FU-10002508,30,30,3,3,4109
4590,28-05-2022,Second Class,Home Office,Office Supplies,Storage,OFF-ST-10001511,380,450,7,5,669
4591,13-09-2022,Standard Class,Corporate,Office Supplies,Supplies,OFF-SU-10000952,20,20,2,2,1194
4592,17-06-2022,Standard Class,Corporate,Technology,Phones,TEC-PH-10002275,270,300,2,4,1517
4593,03-08-2023,Standard Class,Corporate,Furniture,Chairs,FUR-CH-10003535,130,150,3,3,3792
4594,30-09-2022,Standard Class,Corporate,Office Supplies,Appliances,OFF-AP-10004052,10,10,2,2,5012
4595,02-11-2023,Standard Class,Corporate,Furniture,Tables,FUR-TA-10003473,790,900,3,5,2024
4596,10-12-2022,Standard Class,Corporate,Office Supplies,Art,OFF-AR-10001897,40,50,3,5,1040
4597,16-05-2022,Second Class,Home Office,Office Supplies,Art,OFF-AR-10000034,20,30,8,2,3280
4598,07-02-2022,Standard Class,Home Office,Office Supplies,Supplies,OFF-SU-10004115,20,20,3,5,583
4599,03-06-2022,Standard Class,Home Office,Office Supplies,Appliances,OFF-AP-10001947,80,90,5,2,3771
4600,23-01-2023,Standard Class,Home Office,Furniture,Chairs,FUR-CH-10004853,130,150,1,3,294
4601,08-10-2022,Standard Class,Home Office,Office Supplies,Envelopes,OFF-EN-10000483,130,140,9,5,3064
4602,12-01-2022,Standard Class,Home Office,Office Supplies,Fasteners,OFF-FA-10001332,10,10,4,2,3547
4603,02-09-2023,Second Class,Home Office,Office Supplies,Paper,OFF-PA-10003790,20,20,1,5,1963
4604,23-02-2023,Second Class,Home Office,Office Supplies,Paper,OFF-PA-10003134,140,150,4,3,4217
4605,20-11-2023,Second Class,Home Office,Office Supplies,Envelopes,OFF-EN-10004459,10,10,2,2,579
4606,11-07-2023,Second Class,Home Office,Technology,Accessories,TEC-AC-10003628,160,170,7,4,636
4607,25-09-2022,Standard Class,Consumer,Technology,Phones,TEC-PH-10004093,40,50,1,3,1873
4608,06-06-2023,Standard Class,Consumer,Office Supplies,Storage,OFF-ST-10001490,440,540,3,2,3862
4609,11-12-2023,Standard Class,Consumer,Office Supplies,Binders,OFF-BI-10000605,10,10,2,5,3525
4610,31-10-2023,Standard Class,Consumer,Office Supplies,Paper,OFF-PA-10004255,40,50,7,3,4165
4611,03-10-2023,Standard Class,Consumer,Furniture,Furnishings,FUR-FU-10000023,50,50,8,5,4115
4612,28-10-2022,Second Class,Corporate,Office Supplies,Binders,OFF-BI-10000285,30,30,4,5,1025
4613,15-12-2023,Standard Class,Consumer,Office Supplies,Art,OFF-AR-10000588,40,50,3,2,3028
4614,19-11-2023,Standard Class,Consumer,Office Supplies,Paper,OFF-PA-10002250,20,20,5,2,4904
4615,10-04-2022,Standard Class,Home Office,Office Supplies,Appliances,OFF-AP-10002457,50,60,3,5,593
4616,23-04-2022,Standard Class,Home Office,Office Supplies,Fasteners,OFF-FA-10002763,20,30,9,3,1605
4617,17-12-2023,Second Class,Corporate,Technology,Accessories,TEC-AC-10000109,110,130,3,2,1893
4618,26-10-2023,Standard Class,Home Office,Technology,Phones,TEC-PH-10002415,510,590,2,4,3249
4619,15-10-2022,Standard Class,Home Office,Furniture,Chairs,FUR-CH-10000785,490,540,3,5,65
4620,14-10-2023,First Class,Home Office,Technology,Copiers,TEC-CO-10001449,2560,2880,6,2,4815
4621,01-08-2023,First Class,Home Office,Office Supplies,Binders,OFF-BI-10001670,80,90,3,5,2632
4622,04-07-2022,Second Class,Corporate,Office Supplies,Storage,OFF-ST-10001328,70,80,5,3,3470
4623,16-04-2022,Standard Class,Consumer,Office Supplies,Supplies,OFF-SU-10001225,10,10,3,4,1418
4624,18-10-2022,Standard Class,Consumer,Office Supplies,Paper,OFF-PA-10000357,170,180,4,4,4741
4625,08-02-2022,Standard Class,Consumer,Office Supplies,Storage,OFF-ST-10000046,210,260,2,2,3094
4626,20-05-2023,Standard Class,Consumer,Furniture,Furnishings,FUR-FU-10000023,10,10,3,5,353
4627,17-10-2023,Standard Class,Corporate,Office Supplies,Storage,OFF-ST-10003455,70,80,5,5,4616
4628,26-08-2022,Standard Class,Corporate,Office Supplies,Storage,OFF-ST-10000876,20,20,2,3,3473
4629,28-04-2023,Standard Class,Corporate,Office Supplies,Art,OFF-AR-10003582,130,140,5,3,1941
4630,09-03-2023,Standard Class,Corporate,Office Supplies,Storage,OFF-ST-10004258,40,40,3,5,3503
4631,02-02-2022,Same Day,Consumer,Furniture,Furnishings,FUR-FU-10000719,20,20,2,3,4094
4632,09-02-2023,Second Class,Consumer,Office Supplies,Labels,OFF-LA-10001297,40,50,5,2,3664
4633,14-07-2023,Second Class,Consumer,Furniture,Furnishings,FUR-FU-10000723,100,120,3,4,3335
4634,27-10-2022,Standard Class,Corporate,Furniture,Bookcases,FUR-BO-10003893,470,590,6,5,1067
4635,10-03-2022,Standard Class,Corporate,Office Supplies,Storage,OFF-ST-10000736,60,80,1,5,4748
4636,05-06-2022,Standard Class,Corporate,Office Supplies,Storage,OFF-ST-10000736,210,240,3,2,4997
4637,25-10-2023,First Class,Consumer,Office Supplies,Art,OFF-AR-10003373,100,120,4,2,1837
4638,20-06-2022,First Class,Consumer,Office Supplies,Art,OFF-AR-10000390,10,10,3,4,1045
4639,07-08-2023,First Class,Consumer,Office Supplies,Art,OFF-AR-10001725,40,50,2,5,3619
4640,30-05-2022,Standard Class,Consumer,Technology,Copiers,TEC-CO-10001943,1410,1600,8,2,3281
4641,10-12-2022,Standard Class,Consumer,Office Supplies,Envelopes,OFF-EN-10002312,10,10,1,2,60
4642,04-02-2022,Second Class,Consumer,Office Supplies,Binders,OFF-BI-10000831,0,0,4,5,4693
4643,09-02-2022,Second Class,Consumer,Furniture,Chairs,FUR-CH-10000749,510,580,4,5,1484
4644,05-01-2022,Standard Class,Consumer,Office Supplies,Binders,OFF-BI-10002003,10,10,2,3,4183
4645,21-10-2022,Standard Class,Consumer,Technology,Machines,TEC-MA-10001972,500,560,2,5,1645
4646,03-05-2023,Standard Class,Home Office,Furniture,Chairs,FUR-CH-10000225,140,150,2,3,4632
4647,23-05-2022,Standard Class,Corporate,Office Supplies,Paper,OFF-PA-10001622,10,10,3,5,3305
4648,06-12-2023,Standard Class,Home Office,Furniture,Chairs,FUR-CH-10004983,340,430,3,3,4334
4649,26-10-2023,Standard Class,Corporate,Office Supplies,Paper,OFF-PA-10003228,410,440,9,3,1617
4650,08-12-2023,Standard Class,Corporate,Office Supplies,Supplies,OFF-SU-10004498,50,60,5,2,4612
4651,05-12-2022,Standard Class,Home Office,Office Supplies,Paper,OFF-PA-10001878,190,240,5,3,2780
4652,05-08-2023,Standard Class,Home Office,Office Supplies,Paper,OFF-PA-10002923,160,200,4,3,2242
4653,06-10-2022,Standard Class,Home Office,Office Supplies,Paper,OFF-PA-10001838,10,10,2,3,4449
4654,29-01-2023,Standard Class,Home Office,Office Supplies,Storage,OFF-ST-10003123,140,170,5,3,2966
4655,27-05-2023,Second Class,Consumer,Office Supplies,Fasteners,OFF-FA-10001332,0,0,1,4,1355
4656,15-12-2023,Standard Class,Corporate,Office Supplies,Storage,OFF-ST-10003442,40,50,2,3,2062
4657,06-08-2022,Standard Class,Consumer,Office Supplies,Art,OFF-AR-10001468,50,60,2,2,3235
4658,15-07-2023,Standard Class,Consumer,Office Supplies,Appliances,OFF-AP-10003266,20,20,2,4,3492
4659,07-09-2023,Standard Class,Consumer,Office Supplies,Paper,OFF-PA-10002230,10,10,2,3,39
4660,30-01-2022,Standard Class,Consumer,Office Supplies,Appliances,OFF-AP-10003622,20,20,7,3,2387
4661,19-05-2022,Standard Class,Consumer,Technology,Accessories,TEC-AC-10001542,30,30,3,5,4768
4662,19-01-2022,Standard Class,Consumer,Furniture,Chairs,FUR-CH-10002965,720,840,6,3,123
4663,28-10-2022,Standard Class,Consumer,Office Supplies,Storage,OFF-ST-10000563,70,80,3,3,2036
4664,28-08-2022,Standard Class,Consumer,Office Supplies,Labels,OFF-LA-10002787,0,0,1,5,3150
4665,18-03-2022,Standard Class,Consumer,Office Supplies,Binders,OFF-BI-10004022,10,10,9,2,5040
4666,28-03-2022,Standard Class,Consumer,Office Supplies,Labels,OFF-LA-10001158,20,20,2,5,2468
4667,15-09-2022,Standard Class,Corporate,Furniture,Furnishings,FUR-FU-10000076,70,80,4,4,4858
4668,03-12-2023,Standard Class,Corporate,Technology,Accessories,TEC-AC-10002335,70,70,2,3,4917
4669,04-08-2022,Standard Class,Corporate,Office Supplies,Binders,OFF-BI-10002827,10,10,10,2,4937
4670,06-08-2022,Standard Class,Corporate,Furniture,Bookcases,FUR-BO-10001601,500,620,7,4,2784
4671,02-09-2023,Standard Class,Corporate,Office Supplies,Storage,OFF-ST-10001932,700,770,5,3,1939
4672,06-08-2023,Standard Class,Consumer,Office Supplies,Appliances,OFF-AP-10001005,240,280,4,2,2490
4673,30-01-2023,Standard Class,Consumer,Technology,Phones,TEC-PH-10004042,580,640,4,2,1647
4674,17-11-2023,Standard Class,Consumer,Technology,Phones,TEC-PH-10001079,110,120,1,3,2520
4675,24-10-2023,Standard Class,Consumer,Furniture,Furnishings,FUR-FU-10002918,220,270,3,2,2931
4676,30-12-2023,Second Class,Consumer,Furniture,Furnishings,FUR-FU-10003832,20,20,2,5,1671
4677,11-04-2022,Standard Class,Consumer,Office Supplies,Binders,OFF-BI-10001617,30,30,4,2,1026
4678,22-10-2023,Standard Class,Consumer,Office Supplies,Storage,OFF-ST-10000736,70,80,1,3,3854
4679,24-08-2022,Standard Class,Consumer,Technology,Accessories,TEC-AC-10004877,70,80,12,2,2463
4680,27-01-2023,Standard Class,Consumer,Office Supplies,Storage,OFF-ST-10003221,20,20,2,4,848
4681,17-03-2023,Standard Class,Consumer,Office Supplies,Binders,OFF-BI-10003007,50,60,2,4,3457
4682,09-11-2022,Second Class,Consumer,Office Supplies,Fasteners,OFF-FA-10000936,30,30,9,3,2537
4683,06-04-2023,Same Day,Consumer,Technology,Phones,TEC-PH-10003811,810,860,9,4,2843
4684,13-04-2023,Standard Class,Corporate,Furniture,Tables,FUR-TA-10004152,230,240,4,3,574
4685,06-07-2023,Standard Class,Corporate,Furniture,Bookcases,FUR-BO-10002853,140,160,4,2,1054
4686,20-08-2022,Standard Class,Corporate,Office Supplies,Binders,OFF-BI-10002071,0,0,2,4,4145
4687,13-10-2023,Standard Class,Corporate,Office Supplies,Fasteners,OFF-FA-10000053,10,10,7,3,2318
4688,10-03-2023,Standard Class,Consumer,Technology,Phones,TEC-PH-10001305,390,440,9,3,3255
4689,10-07-2023,Standard Class,Consumer,Office Supplies,Binders,OFF-BI-10001525,10,10,5,4,271
4690,23-07-2022,First Class,Consumer,Furniture,Furnishings,FUR-FU-10001876,50,50,2,2,4554
4691,07-09-2023,First Class,Consumer,Technology,Accessories,TEC-AC-10003628,60,70,3,3,2466
4692,24-07-2023,First Class,Consumer,Furniture,Chairs,FUR-CH-10004860,210,240,3,2,1501
4693,12-02-2023,First Class,Consumer,Office Supplies,Paper,OFF-PA-10000357,180,220,5,3,5015
4694,29-11-2023,First Class,Consumer,Office Supplies,Paper,OFF-PA-10003270,10,10,2,4,3403
4695,11-01-2023,Same Day,Consumer,Office Supplies,Binders,OFF-BI-10000320,30,30,4,4,1189
4696,27-03-2022,Same Day,Consumer,Furniture,Chairs,FUR-CH-10003846,260,300,3,5,185
4697,17-03-2022,Same Day,Consumer,Furniture,Chairs,FUR-CH-10004875,130,140,2,4,4247
4698,03-04-2023,Same Day,Consumer,Furniture,Chairs,FUR-CH-10003817,520,550,9,4,4932
4699,22-11-2023,Same Day,Consumer,Furniture,Furnishings,FUR-FU-10002116,200,210,3,5,4142
4700,29-11-2023,Standard Class,Home Office,Office Supplies,Art,OFF-AR-10003481,10,10,2,5,5001
4701,25-08-2023,Standard Class,Home Office,Office Supplies,Storage,OFF-ST-10004180,60,70,2,2,401
4702,19-11-2023,Standard Class,Home Office,Office Supplies,Paper,OFF-PA-10003657,10,10,2,3,2840
4703,17-12-2023,Standard Class,Home Office,Furniture,Furnishings,FUR-FU-10001967,10,10,1,4,367
4704,03-04-2022,Standard Class,Corporate,Office Supplies,Appliances,OFF-AP-10002082,10,10,2,5,4473
4705,16-03-2022,First Class,Consumer,Office Supplies,Supplies,OFF-SU-10000381,60,70,7,5,2317
4706,04-08-2023,First Class,Consumer,Office Supplies,Labels,OFF-LA-10002475,10,10,2,3,2324
4707,05-05-2022,First Class,Consumer,Furniture,Furnishings,FUR-FU-10003975,140,170,4,2,4718
4708,03-01-2022,First Class,Consumer,Office Supplies,Binders,OFF-BI-10003091,840,900,5,5,2047
4709,27-09-2022,First Class,Consumer,Office Supplies,Storage,OFF-ST-10002974,120,130,3,3,4199
4710,08-06-2023,First Class,Consumer,Office Supplies,Art,OFF-AR-10000255,10,10,2,5,4031
4711,10-02-2022,First Class,Consumer,Technology,Accessories,TEC-AC-10001284,60,60,3,3,2797
4712,18-03-2022,Same Day,Consumer,Office Supplies,Binders,OFF-BI-10003529,0,0,1,4,270
4713,19-09-2023,Standard Class,Consumer,Office Supplies,Paper,OFF-PA-10000029,30,40,7,5,1080
4714,10-10-2023,Standard Class,Consumer,Furniture,Furnishings,FUR-FU-10002116,50,60,2,2,177
4715,04-10-2023,First Class,Consumer,Technology,Phones,TEC-PH-10002200,280,340,2,3,1339
4716,22-01-2023,Standard Class,Consumer,Technology,Phones,TEC-PH-10000441,190,200,2,4,548
4717,28-01-2022,Second Class,Home Office,Furniture,Tables,FUR-TA-10002958,440,520,2,4,3208
4718,07-06-2023,Standard Class,Consumer,Office Supplies,Art,OFF-AR-10001662,10,10,3,2,2629
4719,08-01-2022,First Class,Corporate,Office Supplies,Paper,OFF-PA-10004101,40,50,7,5,2359
4720,24-12-2023,Second Class,Home Office,Office Supplies,Storage,OFF-ST-10002756,890,950,7,2,4332
4721,12-12-2023,Second Class,Home Office,Office Supplies,Paper,OFF-PA-10000483,60,60,2,2,1319
4722,13-12-2022,Second Class,Consumer,Furniture,Tables,FUR-TA-10002041,220,270,3,5,540
4723,15-04-2023,Standard Class,Home Office,Office Supplies,Art,OFF-AR-10001166,10,10,1,3,161
4724,17-03-2022,Same Day,Consumer,Office Supplies,Labels,OFF-LA-10004345,10,10,3,5,2454
4725,28-01-2023,Standard Class,Home Office,Office Supplies,Binders,OFF-BI-10002852,10,10,2,3,1157
4726,08-06-2022,Standard Class,Home Office,Office Supplies,Appliances,OFF-AP-10001058,540,670,3,5,1009
4727,13-09-2022,Second Class,Home Office,Office Supplies,Storage,OFF-ST-10003470,1050,1120,4,4,4108
4728,18-04-2023,Second Class,Home Office,Furniture,Bookcases,FUR-BO-10003159,220,280,3,3,3788
4729,11-02-2023,Standard Class,Consumer,Office Supplies,Binders,OFF-BI-10003684,100,120,7,3,218
4730,07-06-2023,Second Class,Consumer,Technology,Accessories,TEC-AC-10000487,20,20,3,3,4275
4731,19-04-2023,Second Class,Consumer,Office Supplies,Paper,OFF-PA-10001736,180,210,6,2,2899
4732,17-01-2022,Second Class,Consumer,Office Supplies,Paper,OFF-PA-10001609,10,10,3,5,1232
4733,23-01-2023,Second Class,Consumer,Technology,Accessories,TEC-AC-10003116,40,50,3,2,4042
4734,24-02-2023,Second Class,Consumer,Furniture,Furnishings,FUR-FU-10004586,20,20,3,2,892
4735,26-11-2022,Standard Class,Corporate,Furniture,Chairs,FUR-CH-10000454,570,660,3,3,856
4736,12-06-2023,Standard Class,Home Office,Office Supplies,Binders,OFF-BI-10004970,10,10,2,3,650
4737,05-03-2023,Standard Class,Home Office,Office Supplies,Binders,OFF-BI-10002824,20,30,2,5,5065
4738,05-12-2023,Standard Class,Home Office,Technology,Accessories,TEC-AC-10003657,60,70,2,5,2066
4739,23-09-2023,Standard Class,Consumer,Office Supplies,Labels,OFF-LA-10003510,50,60,2,3,2282
4740,28-03-2022,Standard Class,Consumer,Furniture,Tables,FUR-TA-10001676,30,40,1,4,538
4741,23-11-2022,Standard Class,Consumer,Office Supplies,Labels,OFF-LA-10004853,10,10,2,3,4611
4742,02-06-2023,Standard Class,Consumer,Office Supplies,Art,OFF-AR-10000315,10,10,3,5,388
4743,05-12-2023,Standard Class,Consumer,Office Supplies,Supplies,OFF-SU-10000381,30,30,3,2,388
4744,20-03-2022,Same Day,Consumer,Office Supplies,Fasteners,OFF-FA-10002763,10,10,2,4,3144
4745,28-12-2023,Same Day,Consumer,Office Supplies,Storage,OFF-ST-10000877,190,220,4,5,1831
4746,11-01-2022,Same Day,Consumer,Office Supplies,Binders,OFF-BI-10001071,110,130,2,4,1976
4747,26-05-2022,Same Day,Consumer,Office Supplies,Binders,OFF-BI-10001097,20,20,3,4,3614
4748,19-02-2023,Same Day,Corporate,Office Supplies,Supplies,OFF-SU-10004782,30,30,3,3,977
4749,23-07-2023,Same Day,Corporate,Furniture,Furnishings,FUR-FU-10000672,30,40,3,5,4013
4750,04-01-2022,First Class,Corporate,Office Supplies,Paper,OFF-PA-10002986,30,30,5,4,915
4751,19-06-2023,First Class,Corporate,Technology,Machines,TEC-MA-10001972,720,840,3,5,5059
4752,25-08-2022,Standard Class,Consumer,Technology,Phones,TEC-PH-10000169,30,40,3,3,2939
4753,14-02-2023,Standard Class,Consumer,Furniture,Chairs,FUR-CH-10001482,190,210,2,5,3711
4754,09-02-2023,Standard Class,Consumer,Technology,Accessories,TEC-AC-10002018,20,20,4,4,1090
4755,22-12-2022,Standard Class,Consumer,Office Supplies,Binders,OFF-BI-10000301,0,0,2,2,4050
4756,11-12-2022,Standard Class,Consumer,Office Supplies,Paper,OFF-PA-10004381,110,120,3,5,5041
4757,15-04-2022,Standard Class,Consumer,Office Supplies,Binders,OFF-BI-10004141,0,0,2,2,1234
4758,02-02-2022,Standard Class,Home Office,Office Supplies,Binders,OFF-BI-10001575,40,40,7,3,2414
4759,27-09-2023,Standard Class,Consumer,Technology,Phones,TEC-PH-10000984,620,780,4,2,1690
4760,31-08-2023,Standard Class,Consumer,Office Supplies,Binders,OFF-BI-10000666,40,50,2,2,3405
4761,02-05-2023,Standard Class,Consumer,Office Supplies,Binders,OFF-BI-10003712,10,10,2,4,332
4762,22-10-2022,Standard Class,Consumer,Office Supplies,Labels,OFF-LA-10003720,10,10,2,3,2927
4763,16-12-2022,Standard Class,Consumer,Office Supplies,Supplies,OFF-SU-10001664,10,10,2,5,3861
4764,05-06-2023,Standard Class,Consumer,Office Supplies,Envelopes,OFF-EN-10001453,150,180,3,2,1543
4765,09-02-2022,First Class,Consumer,Office Supplies,Art,OFF-AR-10001860,20,30,4,5,2336
4766,09-12-2023,Standard Class,Home Office,Office Supplies,Art,OFF-AR-10001044,30,30,1,3,4199
4767,07-03-2022,First Class,Corporate,Technology,Accessories,TEC-AC-10002473,100,110,5,3,3154
4768,15-12-2023,First Class,Corporate,Technology,Phones,TEC-PH-10001809,310,360,3,5,117
4769,22-09-2022,Same Day,Consumer,Office Supplies,Paper,OFF-PA-10004733,30,30,4,5,3369
4770,18-02-2023,Second Class,Home Office,Office Supplies,Binders,OFF-BI-10003355,10,10,3,2,206
4771,07-12-2023,Second Class,Home Office,Office Supplies,Supplies,OFF-SU-10001212,10,10,3,4,621
4772,03-11-2022,Second Class,Consumer,Technology,Phones,TEC-PH-10000486,650,740,8,3,1213
4773,14-07-2023,Standard Class,Consumer,Furniture,Furnishings,FUR-FU-10004909,10,10,1,3,2020
4774,16-01-2023,Standard Class,Consumer,Office Supplies,Labels,OFF-LA-10001613,10,10,5,5,1811
4775,05-04-2022,Standard Class,Consumer,Technology,Phones,TEC-PH-10004447,180,220,2,4,1886
4776,20-02-2023,Standard Class,Home Office,Office Supplies,Art,OFF-AR-10000255,20,20,4,5,2308
4777,03-05-2023,Second Class,Corporate,Office Supplies,Labels,OFF-LA-10004425,10,10,3,2,241
4778,18-10-2023,Second Class,Corporate,Office Supplies,Supplies,OFF-SU-10001664,20,30,3,3,3102
4779,10-11-2023,Standard Class,Consumer,Office Supplies,Appliances,OFF-AP-10000696,80,100,7,3,4650
4780,11-05-2022,First Class,Consumer,Furniture,Chairs,FUR-CH-10002647,50,60,1,5,4375
4781,25-02-2023,Standard Class,Consumer,Furniture,Chairs,FUR-CH-10002758,580,680,4,3,343
4782,09-04-2023,Standard Class,Consumer,Office Supplies,Binders,OFF-BI-10000201,0,0,3,2,2172
4783,24-06-2023,Standard Class,Consumer,Office Supplies,Supplies,OFF-SU-10004115,40,40,7,5,4610
4784,01-09-2023,Standard Class,Consumer,Office Supplies,Paper,OFF-PA-10000806,240,280,5,3,272
4785,24-09-2023,Standard Class,Consumer,Office Supplies,Art,OFF-AR-10001473,10,10,5,3,454
4786,05-12-2022,Standard Class,Consumer,Furniture,Bookcases,FUR-BO-10003450,70,70,4,3,1069
4787,08-04-2023,Standard Class,Consumer,Office Supplies,Art,OFF-AR-10001545,0,0,3,3,1281
4788,15-03-2023,Standard Class,Consumer,Technology,Accessories,TEC-AC-10004396,50,60,4,2,3418
4789,26-01-2022,Standard Class,Consumer,Furniture,Furnishings,FUR-FU-10002456,40,50,9,4,4682
4790,12-09-2023,Standard Class,Consumer,Furniture,Furnishings,FUR-FU-10001473,40,50,5,4,1669
4791,04-07-2022,Standard Class,Consumer,Furniture,Tables,FUR-TA-10000849,330,360,5,5,1782
4792,16-01-2022,Standard Class,Consumer,Office Supplies,Paper,OFF-PA-10001166,80,90,3,3,3360
4793,03-11-2023,Standard Class,Consumer,Office Supplies,Paper,OFF-PA-10003256,20,30,3,5,1035
4794,04-04-2022,Standard Class,Consumer,Office Supplies,Paper,OFF-PA-10002870,20,20,4,3,1811
4795,02-12-2023,Standard Class,Corporate,Furniture,Furnishings,FUR-FU-10001215,40,40,1,5,2814
4796,06-09-2022,Standard Class,Consumer,Office Supplies,Binders,OFF-BI-10004187,10,10,3,2,4197
4797,30-04-2022,Standard Class,Corporate,Office Supplies,Binders,OFF-BI-10001718,50,60,3,2,759
4798,04-04-2023,Standard Class,Corporate,Office Supplies,Paper,OFF-PA-10004983,20,30,6,3,1701
4799,11-04-2022,Standard Class,Corporate,Furniture,Furnishings,FUR-FU-10002396,30,30,3,4,3329
4800,10-11-2023,Standard Class,Corporate,Technology,Phones,TEC-PH-10003988,40,40,5,3,120
4801,17-02-2022,Standard Class,Corporate,Office Supplies,Art,OFF-AR-10002467,0,0,2,3,4203
4802,11-07-2022,Standard Class,Corporate,Office Supplies,Binders,OFF-BI-10004002,10,10,2,3,3791
4803,21-10-2023,Standard Class,Corporate,Office Supplies,Binders,OFF-BI-10002309,10,10,8,3,543
4804,25-11-2023,Second Class,Consumer,Technology,Phones,TEC-PH-10003885,40,40,1,4,4106
4805,21-12-2023,Second Class,Consumer,Furniture,Furnishings,FUR-FU-10002501,70,90,9,3,1933
4806,26-03-2022,Second Class,Consumer,Office Supplies,Paper,OFF-PA-10000176,40,40,2,4,2219
4807,25-02-2022,Second Class,Consumer,Office Supplies,Paper,OFF-PA-10000327,30,40,10,4,2020
4808,05-09-2023,Second Class,Consumer,Office Supplies,Storage,OFF-ST-10004634,30,30,3,5,162
4809,29-10-2023,Standard Class,Corporate,Office Supplies,Envelopes,OFF-EN-10003040,50,60,3,4,2634
4810,17-09-2023,First Class,Consumer,Office Supplies,Paper,OFF-PA-10003228,180,200,4,4,4062
4811,09-06-2022,First Class,Consumer,Technology,Phones,TEC-PH-10004345,200,240,2,2,3151
4812,25-04-2022,Second Class,Consumer,Furniture,Chairs,FUR-CH-10000785,360,380,3,3,2730
4813,27-06-2022,Second Class,Consumer,Technology,Copiers,TEC-CO-10004115,1080,1200,4,2,1616
4814,04-05-2023,Second Class,Consumer,Furniture,Furnishings,FUR-FU-10002813,50,50,3,5,238
4815,01-03-2023,First Class,Consumer,Office Supplies,Paper,OFF-PA-10002751,20,20,3,3,1303
4816,30-01-2022,Standard Class,Consumer,Office Supplies,Paper,OFF-PA-10004569,20,20,3,2,3366
4817,02-10-2022,Standard Class,Consumer,Office Supplies,Appliances,OFF-AP-10002998,20,30,2,3,3482
4818,06-05-2023,Standard Class,Consumer,Office Supplies,Appliances,OFF-AP-10003287,70,80,2,2,1857
4819,23-08-2023,Standard Class,Consumer,Office Supplies,Storage,OFF-ST-10001370,200,230,4,5,4388
4820,29-12-2023,Standard Class,Consumer,Office Supplies,Binders,OFF-BI-10004040,10,10,2,3,3332
4821,09-03-2023,Standard Class,Consumer,Office Supplies,Appliances,OFF-AP-10002651,380,460,8,3,2430
4822,06-06-2022,Standard Class,Consumer,Technology,Accessories,TEC-AC-10002402,340,380,6,3,3634
4823,23-11-2023,Same Day,Home Office,Office Supplies,Binders,OFF-BI-10001658,30,40,6,3,2714
4824,11-07-2022,Standard Class,Consumer,Technology,Machines,TEC-MA-10000752,30,30,7,5,1833
4825,16-08-2023,Standard Class,Consumer,Furniture,Chairs,FUR-CH-10003817,120,130,3,5,4078
4826,05-01-2022,Standard Class,Consumer,Furniture,Furnishings,FUR-FU-10001876,70,80,3,3,15
4827,02-05-2023,First Class,Corporate,Office Supplies,Binders,OFF-BI-10003460,10,10,4,2,2546
4828,06-02-2023,Standard Class,Corporate,Office Supplies,Storage,OFF-ST-10000464,70,70,2,3,4551
4829,26-08-2022,Standard Class,Corporate,Office Supplies,Art,OFF-AR-10001919,10,10,3,2,4066
4830,11-07-2022,Standard Class,Consumer,Office Supplies,Binders,OFF-BI-10002393,10,10,3,4,4318
4831,11-07-2023,Standard Class,Consumer,Office Supplies,Appliances,OFF-AP-10001293,210,250,6,3,286
4832,02-04-2023,Standard Class,Consumer,Office Supplies,Storage,OFF-ST-10004258,40,40,3,4,2185
4833,27-05-2022,Standard Class,Consumer,Office Supplies,Storage,OFF-ST-10002214,20,20,2,2,1923
4834,02-10-2022,Standard Class,Consumer,Office Supplies,Binders,OFF-BI-10004970,10,10,3,5,665
4835,19-07-2022,Standard Class,Home Office,Office Supplies,Binders,OFF-BI-10002571,30,40,5,2,3820
4836,01-05-2023,Standard Class,Home Office,Office Supplies,Paper,OFF-PA-10002581,50,60,2,3,342
4837,28-12-2022,Standard Class,Home Office,Office Supplies,Binders,OFF-BI-10001097,20,20,4,5,3826
4838,18-10-2022,First Class,Consumer,Office Supplies,Binders,OFF-BI-10003429,0,0,2,2,102
4839,10-04-2022,First Class,Consumer,Office Supplies,Paper,OFF-PA-10000682,30,30,6,2,1706
4840,30-08-2022,First Class,Consumer,Technology,Phones,TEC-PH-10001700,140,160,4,5,4077
4841,15-04-2023,Standard Class,Home Office,Furniture,Furnishings,FUR-FU-10000629,30,30,2,2,4857
4842,27-02-2023,Standard Class,Consumer,Office Supplies,Binders,OFF-BI-10001267,10,10,3,2,606
4843,23-09-2023,Standard Class,Consumer,Office Supplies,Storage,OFF-ST-10001418,200,240,5,5,1062
4844,03-01-2023,First Class,Consumer,Office Supplies,Fasteners,OFF-FA-10004968,10,10,4,5,3522
4845,08-05-2022,First Class,Corporate,Office Supplies,Binders,OFF-BI-10004140,10,10,2,4,712
4846,09-03-2022,Second Class,Consumer,Office Supplies,Binders,OFF-BI-10003460,10,10,3,5,3238
4847,22-01-2023,Second Class,Corporate,Technology,Phones,TEC-PH-10002115,220,260,5,4,3462
4848,18-10-2022,Second Class,Corporate,Office Supplies,Art,OFF-AR-10003478,70,70,11,3,4082
4849,30-11-2023,Second Class,Corporate,Office Supplies,Art,OFF-AR-10000475,10,10,1,5,1085
4850,10-10-2023,Standard Class,Consumer,Office Supplies,Art,OFF-AR-10003045,10,10,2,3,130
4851,01-01-2023,Standard Class,Consumer,Furniture,Chairs,FUR-CH-10000454,860,980,5,2,469
4852,03-01-2023,Standard Class,Consumer,Office Supplies,Art,OFF-AR-10000380,270,300,8,2,3513
4853,03-09-2023,Standard Class,Consumer,Office Supplies,Storage,OFF-ST-10000736,470,490,6,4,3411
4854,14-06-2022,Second Class,Consumer,Furniture,Furnishings,FUR-FU-10004270,10,10,3,4,2508
4855,08-07-2023,Second Class,Consumer,Office Supplies,Storage,OFF-ST-10000617,10,10,3,5,404
4856,10-11-2022,Second Class,Consumer,Furniture,Furnishings,FUR-FU-10001706,10,10,3,2,1046
4857,10-03-2023,Standard Class,Consumer,Office Supplies,Binders,OFF-BI-10003364,60,70,3,4,3496
4858,03-04-2022,Standard Class,Consumer,Furniture,Furnishings,FUR-FU-10001861,60,80,4,3,4926
4859,26-05-2022,Standard Class,Consumer,Furniture,Furnishings,FUR-FU-10004845,390,460,9,4,1671
4860,13-03-2022,Standard Class,Corporate,Office Supplies,Art,OFF-AR-10000823,10,10,7,4,4358
4861,09-02-2023,Standard Class,Corporate,Office Supplies,Binders,OFF-BI-10001359,1490,1790,2,5,1464
4862,15-07-2023,Second Class,Home Office,Technology,Phones,TEC-PH-10001835,670,760,6,2,144
4863,20-09-2023,Standard Class,Corporate,Office Supplies,Binders,OFF-BI-10001191,20,20,1,5,3313
4864,28-12-2023,Standard Class,Corporate,Office Supplies,Binders,OFF-BI-10003982,40,50,3,3,523
4865,04-09-2022,Standard Class,Consumer,Technology,Phones,TEC-PH-10001425,190,240,3,2,4189
4866,28-09-2022,Standard Class,Consumer,Furniture,Chairs,FUR-CH-10001215,2260,2400,6,4,54
4867,07-07-2022,Standard Class,Consumer,Office Supplies,Binders,OFF-BI-10001718,500,560,11,3,3297
4868,12-11-2022,Standard Class,Consumer,Office Supplies,Storage,OFF-ST-10000991,310,340,3,5,4303
4869,23-12-2023,Standard Class,Consumer,Office Supplies,Labels,OFF-LA-10001613,10,10,3,4,4437
4870,27-09-2022,Standard Class,Corporate,Technology,Phones,TEC-PH-10003437,80,90,2,5,107
4871,09-06-2023,Standard Class,Corporate,Office Supplies,Paper,OFF-PA-10000675,220,230,7,5,650
4872,17-01-2023,Standard Class,Consumer,Office Supplies,Fasteners,OFF-FA-10000840,0,0,2,3,3205
4873,06-12-2022,Standard Class,Consumer,Office Supplies,Appliances,OFF-AP-10001947,20,20,5,5,4206
4874,06-06-2022,Standard Class,Consumer,Office Supplies,Storage,OFF-ST-10002301,50,50,3,4,3212
4875,19-02-2022,Standard Class,Consumer,Office Supplies,Binders,OFF-BI-10001922,0,0,1,4,3770
4876,05-02-2022,Standard Class,Corporate,Technology,Accessories,TEC-AC-10001267,110,120,5,3,1155
4877,10-12-2022,Standard Class,Home Office,Office Supplies,Storage,OFF-ST-10000532,60,60,2,2,1492
4878,23-06-2023,Standard Class,Home Office,Office Supplies,Art,OFF-AR-10002335,10,10,3,5,4933
4879,23-09-2022,First Class,Consumer,Office Supplies,Binders,OFF-BI-10000201,0,0,3,4,4594
4880,20-04-2022,Second Class,Corporate,Office Supplies,Envelopes,OFF-EN-10004846,10,10,2,2,4324
4881,24-06-2022,Second Class,Corporate,Furniture,Chairs,FUR-CH-10000454,850,980,4,5,4356
4882,28-10-2022,Second Class,Corporate,Technology,Accessories,TEC-AC-10004145,1870,2250,9,5,1543
4883,16-08-2022,Second Class,Corporate,Office Supplies,Storage,OFF-ST-10001580,50,60,4,2,4535
4884,25-09-2022,Standard Class,Consumer,Office Supplies,Binders,OFF-BI-10003876,140,170,5,4,1397
4885,02-08-2022,Standard Class,Consumer,Office Supplies,Art,OFF-AR-10001972,0,0,2,2,2188
4886,26-03-2023,Standard Class,Corporate,Office Supplies,Paper,OFF-PA-10000595,100,110,5,5,2957
4887,23-02-2022,Second Class,Corporate,Furniture,Chairs,FUR-CH-10004477,160,180,3,4,71
4888,13-03-2023,Second Class,Corporate,Technology,Accessories,TEC-AC-10003441,90,100,6,4,3036
4889,31-01-2023,Second Class,Corporate,Office Supplies,Storage,OFF-ST-10004459,990,1130,3,4,2790
4890,17-03-2023,Second Class,Corporate,Office Supplies,Storage,OFF-ST-10003805,1070,1260,6,2,1704
4891,11-05-2022,Standard Class,Corporate,Office Supplies,Art,OFF-AR-10001246,10,10,3,5,256
4892,15-03-2023,Standard Class,Corporate,Office Supplies,Paper,OFF-PA-10001295,40,40,2,4,4915
4893,11-03-2023,Standard Class,Corporate,Office Supplies,Art,OFF-AR-10001231,0,0,2,5,4546
4894,05-03-2023,Standard Class,Corporate,Office Supplies,Storage,OFF-ST-10002743,210,230,2,2,1765
4895,06-11-2023,Standard Class,Corporate,Office Supplies,Paper,OFF-PA-10004327,50,50,1,5,538
4896,14-12-2022,Standard Class,Corporate,Office Supplies,Envelopes,OFF-EN-10004773,50,60,2,3,3638
4897,31-05-2023,Standard Class,Corporate,Office Supplies,Storage,OFF-ST-10003470,930,1120,4,4,992
4898,04-03-2023,First Class,Consumer,Furniture,Chairs,FUR-CH-10003761,150,180,2,2,5058
4899,27-07-2023,First Class,Consumer,Office Supplies,Paper,OFF-PA-10002230,10,10,2,4,4431
4900,01-11-2022,Standard Class,Consumer,Office Supplies,Binders,OFF-BI-10000088,20,30,8,5,4033
4901,27-07-2023,Standard Class,Corporate,Office Supplies,Storage,OFF-ST-10001526,410,480,4,2,3617
4902,22-09-2022,Standard Class,Corporate,Office Supplies,Supplies,OFF-SU-10002557,10,10,1,3,3778
4903,15-02-2023,Standard Class,Consumer,Office Supplies,Binders,OFF-BI-10003669,20,30,6,2,2346
4904,02-10-2023,Standard Class,Consumer,Office Supplies,Labels,OFF-LA-10003510,80,90,3,3,174
4905,29-05-2023,Second Class,Corporate,Furniture,Chairs,FUR-CH-10003746,570,670,3,3,3147
4906,07-12-2023,Second Class,Corporate,Office Supplies,Binders,OFF-BI-10003476,20,20,4,4,4965
4907,11-08-2023,Second Class,Corporate,Office Supplies,Storage,OFF-ST-10001469,240,270,5,2,3511
4908,22-01-2023,Second Class,Consumer,Office Supplies,Binders,OFF-BI-10001757,10,10,8,4,693
4909,04-01-2023,Second Class,Consumer,Technology,Phones,TEC-PH-10004875,10,10,2,3,3853
4910,22-09-2023,Standard Class,Consumer,Office Supplies,Envelopes,OFF-EN-10001219,20,20,3,3,495
4911,18-10-2023,Standard Class,Consumer,Office Supplies,Paper,OFF-PA-10000019,40,40,7,3,4407
4912,09-02-2023,Standard Class,Consumer,Technology,Phones,TEC-PH-10001924,90,110,2,4,4460
4913,25-07-2023,Standard Class,Consumer,Office Supplies,Binders,OFF-BI-10002003,10,10,5,5,1215
4914,27-05-2022,Standard Class,Consumer,Office Supplies,Binders,OFF-BI-10003727,0,0,2,3,626
4915,15-09-2023,Second Class,Consumer,Office Supplies,Art,OFF-AR-10004042,40,40,2,4,38
4916,25-09-2023,Second Class,Consumer,Office Supplies,Binders,OFF-BI-10001097,10,10,3,4,584
4917,25-09-2022,Second Class,Consumer,Office Supplies,Art,OFF-AR-10004344,60,70,7,3,2870
4918,20-04-2023,Second Class,Consumer,Furniture,Chairs,FUR-CH-10001802,220,250,3,5,2853
4919,23-08-2022,Standard Class,Corporate,Furniture,Bookcases,FUR-BO-10004709,160,170,3,4,2147
4920,18-09-2022,Standard Class,Corporate,Technology,Phones,TEC-PH-10000455,190,230,2,3,2374
4921,29-12-2023,Standard Class,Consumer,Office Supplies,Binders,OFF-BI-10002393,0,0,2,2,4656
4922,21-12-2022,Second Class,Home Office,Office Supplies,Paper,OFF-PA-10004381,100,100,2,3,4483
4923,07-01-2022,Second Class,Home Office,Office Supplies,Fasteners,OFF-FA-10003059,0,0,2,3,1986
4924,10-06-2023,Second Class,Home Office,Office Supplies,Paper,OFF-PA-10000994,540,630,6,3,3128
4925,14-10-2022,Second Class,Home Office,Technology,Phones,TEC-PH-10002890,70,90,2,2,1765
4926,24-08-2023,First Class,Corporate,Office Supplies,Art,OFF-AR-10003338,10,10,2,5,2350
4927,09-01-2022,Standard Class,Consumer,Furniture,Tables,FUR-TA-10003008,70,90,1,5,1958
4928,21-02-2022,Standard Class,Home Office,Office Supplies,Paper,OFF-PA-10001972,20,20,3,5,1806
4929,16-03-2023,Standard Class,Home Office,Furniture,Chairs,FUR-CH-10000155,810,900,3,5,1928
4930,09-02-2022,First Class,Consumer,Office Supplies,Art,OFF-AR-10000658,50,60,5,3,1409
4931,08-03-2022,First Class,Consumer,Office Supplies,Paper,OFF-PA-10000349,10,10,3,4,922
4932,23-11-2023,Standard Class,Corporate,Office Supplies,Art,OFF-AR-10001446,20,20,2,4,524
4933,09-09-2022,Standard Class,Consumer,Office Supplies,Envelopes,OFF-EN-10004483,10,10,1,4,4126
4934,15-04-2022,Standard Class,Consumer,Office Supplies,Binders,OFF-BI-10002012,0,0,2,4,715
4935,27-05-2022,Standard Class,Consumer,Office Supplies,Fasteners,OFF-FA-10003021,0,0,3,5,4916
4936,24-06-2022,Standard Class,Corporate,Technology,Phones,TEC-PH-10003356,20,20,3,2,3152
4937,29-08-2023,Standard Class,Home Office,Office Supplies,Binders,OFF-BI-10004728,20,30,7,2,2476
4938,10-09-2023,Standard Class,Consumer,Office Supplies,Storage,OFF-ST-10000078,1220,1330,5,2,1492
4939,23-11-2022,Standard Class,Consumer,Furniture,Bookcases,FUR-BO-10003034,310,330,3,2,2041
4940,19-06-2023,Standard Class,Consumer,Office Supplies,Art,OFF-AR-10003514,20,20,5,5,7
4941,08-02-2023,Standard Class,Consumer,Furniture,Chairs,FUR-CH-10001708,1160,1270,9,2,1402
4942,21-04-2022,Standard Class,Consumer,Furniture,Bookcases,FUR-BO-10002598,220,280,4,2,1139
4943,29-03-2023,Standard Class,Consumer,Office Supplies,Art,OFF-AR-10001022,10,10,2,2,3093
4944,28-12-2022,Standard Class,Consumer,Office Supplies,Storage,OFF-ST-10004459,320,380,1,2,4501
4945,28-05-2023,First Class,Consumer,Office Supplies,Paper,OFF-PA-10004381,90,100,2,5,4448
4946,14-06-2022,First Class,Consumer,Office Supplies,Binders,OFF-BI-10000050,10,10,2,5,1621
4947,24-11-2022,First Class,Consumer,Office Supplies,Fasteners,OFF-FA-10000304,0,0,2,3,491
4948,03-04-2022,Standard Class,Consumer,Office Supplies,Labels,OFF-LA-10002475,30,30,4,2,1554
4949,09-03-2023,Standard Class,Consumer,Office Supplies,Binders,OFF-BI-10001989,100,120,7,5,5087
4950,29-11-2023,Standard Class,Consumer,Furniture,Furnishings,FUR-FU-10000732,20,20,3,4,832
4951,25-06-2023,Second Class,Consumer,Office Supplies,Art,OFF-AR-10004441,10,10,3,3,4581
4952,20-11-2022,Standard Class,Consumer,Office Supplies,Paper,OFF-PA-10000304,10,10,2,2,2973
4953,20-08-2023,Second Class,Corporate,Office Supplies,Appliances,OFF-AP-10002670,60,70,1,4,1145
4954,18-04-2022,Standard Class,Corporate,Technology,Phones,TEC-PH-10001527,80,90,2,3,1876
4955,10-06-2022,Second Class,Corporate,Office Supplies,Art,OFF-AR-10002335,20,20,7,2,4297
4956,01-05-2022,Second Class,Corporate,Office Supplies,Paper,OFF-PA-10003641,70,80,3,5,1166
4957,31-01-2022,Second Class,Corporate,Furniture,Furnishings,FUR-FU-10002685,30,40,2,4,4482
4958,29-03-2022,Standard Class,Consumer,Office Supplies,Binders,OFF-BI-10001308,0,0,2,2,1383
4959,16-08-2022,Standard Class,Consumer,Office Supplies,Fasteners,OFF-FA-10003485,20,20,9,2,4543
4960,09-03-2023,Standard Class,Home Office,Technology,Phones,TEC-PH-10003357,50,60,1,3,1532
4961,07-08-2023,Standard Class,Home Office,Office Supplies,Appliances,OFF-AP-10002867,60,70,1,2,1194
4962,08-08-2022,First Class,Consumer,Furniture,Chairs,FUR-CH-10004477,40,50,1,3,1235
4963,06-06-2023,First Class,Consumer,Office Supplies,Art,OFF-AR-10001427,20,20,3,5,2930
4964,27-08-2023,First Class,Consumer,Office Supplies,Storage,OFF-ST-10002344,210,240,3,4,1054
4965,14-04-2023,Second Class,Consumer,Office Supplies,Binders,OFF-BI-10000301,10,10,4,5,2024
4966,01-01-2023,Second Class,Corporate,Technology,Phones,TEC-PH-10001944,430,470,4,2,2278
4967,24-09-2022,Second Class,Home Office,Technology,Phones,TEC-PH-10001527,110,130,3,2,257
4968,30-08-2022,Second Class,Home Office,Office Supplies,Paper,OFF-PA-10001307,10,10,2,4,1552
4969,19-11-2023,Second Class,Home Office,Technology,Accessories,TEC-AC-10004571,190,200,2,5,1958
4970,25-09-2022,Second Class,Home Office,Furniture,Chairs,FUR-CH-10001973,100,110,1,3,175
4971,23-02-2023,First Class,Corporate,Furniture,Chairs,FUR-CH-10000513,170,210,2,4,1005
4972,22-12-2023,First Class,Corporate,Office Supplies,Paper,OFF-PA-10002421,40,40,2,5,3415
4973,01-11-2022,First Class,Corporate,Furniture,Furnishings,FUR-FU-10004090,30,40,2,3,2886
4974,15-01-2022,First Class,Corporate,Office Supplies,Paper,OFF-PA-10004071,70,90,2,3,3186
4975,06-09-2023,Standard Class,Home Office,Office Supplies,Paper,OFF-PA-10002246,10,10,2,2,4726
4976,17-06-2023,Second Class,Corporate,Technology,Accessories,TEC-AC-10003198,630,720,9,2,3135
4977,11-06-2023,First Class,Consumer,Office Supplies,Binders,OFF-BI-10001031,20,20,5,3,2797
4978,07-07-2022,First Class,Consumer,Office Supplies,Binders,OFF-BI-10003727,10,10,2,5,2621
4979,01-09-2022,First Class,Consumer,Technology,Phones,TEC-PH-10001336,700,770,6,4,88
4980,19-06-2023,Second Class,Corporate,Office Supplies,Supplies,OFF-SU-10001664,20,20,3,4,2359
4981,06-07-2023,Second Class,Corporate,Office Supplies,Appliances,OFF-AP-10003971,0,0,2,3,2192
4982,02-10-2023,Second Class,Corporate,Technology,Accessories,TEC-AC-10000199,20,20,4,3,1933
4983,03-07-2022,Standard Class,Corporate,Office Supplies,Labels,OFF-LA-10001045,10,10,2,4,3296
4984,02-07-2023,Second Class,Consumer,Office Supplies,Storage,OFF-ST-10003442,70,80,3,4,1518
4985,26-08-2023,Standard Class,Corporate,Office Supplies,Fasteners,OFF-FA-10003059,10,10,5,3,4128
4986,26-03-2022,Same Day,Consumer,Office Supplies,Labels,OFF-LA-10001175,10,10,5,4,4530
4987,02-09-2023,Standard Class,Home Office,Office Supplies,Paper,OFF-PA-10003441,20,20,3,5,4548
4988,07-12-2022,Standard Class,Home Office,Furniture,Chairs,FUR-CH-10004287,1080,1330,6,3,4192
4989,25-04-2022,Standard Class,Home Office,Office Supplies,Binders,OFF-BI-10004040,0,0,2,5,3790
4990,13-03-2023,Standard Class,Home Office,Office Supplies,Binders,OFF-BI-10004022,10,10,3,2,4743
4991,11-05-2022,Standard Class,Home Office,Technology,Phones,TEC-PH-10002200,590,690,4,4,1804
4992,09-08-2022,Standard Class,Corporate,Office Supplies,Binders,OFF-BI-10001120,1630,1890,5,5,1844
4993,27-11-2023,Standard Class,Corporate,Office Supplies,Envelopes,OFF-EN-10000461,60,60,8,3,4602
4994,09-04-2023,Standard Class,Corporate,Office Supplies,Labels,OFF-LA-10004008,20,20,8,3,941
4995,30-10-2022,Standard Class,Corporate,Furniture,Furnishings,FUR-FU-10000221,20,20,5,3,2795
4996,14-02-2022,Standard Class,Home Office,Office Supplies,Binders,OFF-BI-10000962,40,50,4,3,1738
4997,05-01-2023,Standard Class,Corporate,Office Supplies,Appliances,OFF-AP-10000390,40,50,1,3,2939
4998,01-10-2022,Standard Class,Corporate,Office Supplies,Binders,OFF-BI-10000014,10,10,4,4,4731
4999,27-05-2023,Standard Class,Home Office,Technology,Phones,TEC-PH-10004120,100,110,1,3,3433
5000,10-01-2022,Standard Class,Home Office,Office Supplies,Paper,OFF-PA-10002764,50,60,5,3,2337
5001,02-01-2023,Standard Class,Home Office,Technology,Accessories,TEC-AC-10000736,70,80,1,2,108
5002,02-05-2023,Same Day,Home Office,Office Supplies,Supplies,OFF-SU-10000898,60,70,5,3,3205
5003,22-09-2023,Same Day,Home Office,Office Supplies,Paper,OFF-PA-10004327,150,190,4,4,2867
5004,10-01-2023,Standard Class,Consumer,Office Supplies,Paper,OFF-PA-10000143,10,10,2,3,1643
5005,10-03-2022,Second Class,Consumer,Technology,Accessories,TEC-AC-10002550,50,50,3,2,1453
5006,29-10-2023,Second Class,Corporate,Office Supplies,Storage,OFF-ST-10003306,610,710,5,5,2368
5007,28-02-2022,Standard Class,Home Office,Technology,Machines,TEC-MA-10000045,1930,2320,2,5,3281
5008,11-12-2023,Standard Class,Home Office,Office Supplies,Storage,OFF-ST-10001505,20,20,3,4,1728
5009,23-05-2023,Standard Class,Corporate,Office Supplies,Binders,OFF-BI-10004781,10,10,1,3,884
5010,17-04-2023,Standard Class,Corporate,Technology,Phones,TEC-PH-10002680,750,790,6,5,2867
5011,07-02-2022,Standard Class,Corporate,Office Supplies,Binders,OFF-BI-10000848,0,0,3,4,3120
5012,21-10-2022,First Class,Corporate,Furniture,Bookcases,FUR-BO-10004467,190,210,7,5,2628
5013,23-06-2022,Standard Class,Home Office,Office Supplies,Binders,OFF-BI-10001670,30,30,3,4,947
5014,25-10-2022,Standard Class,Home Office,Office Supplies,Storage,OFF-ST-10000136,200,220,7,3,378
5015,03-07-2023,Standard Class,Home Office,Technology,Phones,TEC-PH-10004522,190,210,6,3,2987
5016,21-08-2022,Standard Class,Consumer,Furniture,Furnishings,FUR-FU-10002960,30,40,7,2,2373
5017,16-04-2022,Standard Class,Consumer,Technology,Phones,TEC-PH-10002584,1250,1500,4,5,2267
5018,18-07-2023,First Class,Consumer,Furniture,Furnishings,FUR-FU-10002505,10,10,3,2,1203
5019,04-09-2023,First Class,Consumer,Technology,Accessories,TEC-AC-10003832,640,770,3,2,2596
5020,20-04-2022,First Class,Consumer,Office Supplies,Supplies,OFF-SU-10002537,20,20,2,5,4415
5021,12-01-2022,Second Class,Corporate,Office Supplies,Supplies,OFF-SU-10003505,330,350,3,3,442
5022,07-06-2022,Standard Class,Consumer,Technology,Accessories,TEC-AC-10001465,60,70,2,4,2885
5023,17-03-2023,Standard Class,Consumer,Technology,Accessories,TEC-AC-10003832,690,770,3,2,3129
5024,01-03-2022,Standard Class,Consumer,Furniture,Furnishings,FUR-FU-10003731,30,40,4,2,1115
5025,22-08-2022,Standard Class,Consumer,Office Supplies,Binders,OFF-BI-10004828,30,30,2,3,2203
5026,06-12-2023,Standard Class,Consumer,Technology,Phones,TEC-PH-10003012,390,460,3,3,2602
5027,06-04-2023,Standard Class,Consumer,Office Supplies,Appliances,OFF-AP-10002311,120,140,2,2,1319
5028,19-08-2023,Standard Class,Consumer,Furniture,Chairs,FUR-CH-10004626,280,300,3,2,4476
5029,07-06-2023,Second Class,Consumer,Technology,Accessories,TEC-AC-10001606,210,240,3,2,2822
5030,17-05-2022,Standard Class,Consumer,Office Supplies,Art,OFF-AR-10001216,10,10,3,4,3292
5031,02-01-2023,Standard Class,Consumer,Office Supplies,Supplies,OFF-SU-10001664,10,10,1,4,4159
5032,31-03-2023,Standard Class,Consumer,Office Supplies,Binders,OFF-BI-10002498,110,120,8,3,1661
5033,17-01-2023,Standard Class,Corporate,Furniture,Chairs,FUR-CH-10003968,180,210,3,4,4165
5034,14-06-2023,Standard Class,Corporate,Office Supplies,Appliances,OFF-AP-10002765,30,30,1,2,2387
5035,27-07-2023,Second Class,Home Office,Furniture,Bookcases,FUR-BO-10004690,610,690,5,5,79
5036,27-01-2023,Standard Class,Corporate,Furniture,Tables,FUR-TA-10000688,530,650,3,3,3746
5037,10-01-2023,Standard Class,Corporate,Technology,Accessories,TEC-AC-10003441,30,30,2,4,3659
5038,20-08-2023,Second Class,Consumer,Technology,Accessories,TEC-AC-10003610,220,240,5,3,2622
5039,12-10-2023,First Class,Corporate,Furniture,Tables,FUR-TA-10001520,190,200,4,4,3176
5040,23-09-2022,First Class,Corporate,Technology,Phones,TEC-PH-10001817,680,720,2,2,4115
5041,11-10-2023,First Class,Corporate,Office Supplies,Binders,OFF-BI-10004492,200,220,7,5,320
5042,03-11-2022,Second Class,Consumer,Office Supplies,Paper,OFF-PA-10002421,60,70,3,3,4535
5043,04-10-2022,Second Class,Consumer,Office Supplies,Appliances,OFF-AP-10000055,120,130,4,5,1063
5044,22-09-2022,Second Class,Consumer,Furniture,Furnishings,FUR-FU-10000965,410,470,9,4,1291
5045,22-11-2023,Second Class,Consumer,Office Supplies,Paper,OFF-PA-10001363,50,60,5,2,3109
5046,21-03-2022,Second Class,Consumer,Office Supplies,Storage,OFF-ST-10001496,680,720,4,3,4963
5047,03-04-2022,Second Class,Consumer,Office Supplies,Binders,OFF-BI-10004656,10,10,3,2,2663
5048,27-07-2023,Second Class,Consumer,Office Supplies,Art,OFF-AR-10001227,10,10,5,2,4410
5049,30-06-2023,Standard Class,Consumer,Office Supplies,Binders,OFF-BI-10002071,10,10,7,5,1022
5050,02-02-2022,Standard Class,Consumer,Technology,Accessories,TEC-AC-10004901,80,80,2,2,2221
5051,01-09-2022,Standard Class,Home Office,Office Supplies,Paper,OFF-PA-10001776,20,20,2,3,505
5052,28-03-2022,Standard Class,Corporate,Office Supplies,Envelopes,OFF-EN-10000483,20,20,2,3,156
5053,21-05-2022,Same Day,Consumer,Office Supplies,Paper,OFF-PA-10003129,180,200,4,4,2725
5054,14-10-2023,Second Class,Consumer,Technology,Accessories,TEC-AC-10003198,360,400,5,2,1185
5055,03-01-2023,Second Class,Consumer,Office Supplies,Art,OFF-AR-10001246,10,10,3,3,4669
5056,22-06-2023,Second Class,Consumer,Furniture,Bookcases,FUR-BO-10003272,1170,1350,9,3,246
5057,27-12-2023,First Class,Consumer,Office Supplies,Paper,OFF-PA-10002606,30,30,5,5,4127
5058,20-10-2023,First Class,Consumer,Office Supplies,Storage,OFF-ST-10002486,40,40,6,3,4698
5059,06-08-2022,Standard Class,Consumer,Office Supplies,Binders,OFF-BI-10004330,80,100,9,2,1198
5060,28-10-2023,Second Class,Consumer,Technology,Phones,TEC-PH-10000560,600,700,2,2,1387
5061,03-11-2023,Second Class,Consumer,Office Supplies,Storage,OFF-ST-10000060,530,580,9,4,308
5062,29-03-2022,Standard Class,Consumer,Office Supplies,Binders,OFF-BI-10003684,40,40,2,3,4613
5063,07-10-2022,Standard Class,Consumer,Technology,Phones,TEC-PH-10000441,310,380,3,2,1087
5064,09-01-2022,Standard Class,Consumer,Furniture,Furnishings,FUR-FU-10000723,100,120,3,5,4580
5065,17-01-2023,First Class,Consumer,Technology,Phones,TEC-PH-10004977,350,390,2,3,2316
5066,06-01-2022,Standard Class,Consumer,Technology,Accessories,TEC-AC-10002001,350,380,3,3,1903
5067,13-10-2022,Standard Class,Consumer,Furniture,Tables,FUR-TA-10001889,1510,1780,7,2,3457
5068,24-03-2022,Standard Class,Home Office,Office Supplies,Art,OFF-AR-10003504,20,20,5,5,424
5069,13-09-2022,Standard Class,Home Office,Technology,Copiers,TEC-CO-10001571,500,550,1,3,3704
5070,08-06-2022,Standard Class,Home Office,Office Supplies,Appliances,OFF-AP-10002495,150,170,3,5,3363
5071,20-07-2022,Standard Class,Home Office,Office Supplies,Envelopes,OFF-EN-10002500,40,40,3,3,3239
5072,19-08-2023,Standard Class,Home Office,Furniture,Furnishings,FUR-FU-10002088,50,50,6,3,191
5073,28-05-2023,Standard Class,Home Office,Technology,Phones,TEC-PH-10001128,270,300,2,3,2527
5074,21-10-2022,Same Day,Consumer,Office Supplies,Storage,OFF-ST-10000649,50,60,4,3,2863
5075,18-07-2022,Second Class,Consumer,Office Supplies,Binders,OFF-BI-10002103,10,10,2,2,3423
5076,10-11-2022,Second Class,Consumer,Furniture,Tables,FUR-TA-10001705,610,740,5,2,4814
5077,31-05-2023,Second Class,Consumer,Office Supplies,Storage,OFF-ST-10004634,30,40,5,5,3374
5078,30-01-2023,Second Class,Consumer,Furniture,Tables,FUR-TA-10004442,380,400,2,5,756
5079,13-07-2022,Standard Class,Home Office,Office Supplies,Binders,OFF-BI-10002949,20,20,3,5,2139
5080,17-05-2022,Standard Class,Consumer,Furniture,Bookcases,FUR-BO-10002213,300,360,3,2,378
5081,14-01-2022,Standard Class,Consumer,Office Supplies,Storage,OFF-ST-10001325,10,10,1,5,2811
5082,28-03-2023,Same Day,Home Office,Office Supplies,Paper,OFF-PA-10003441,20,20,4,5,2625
5083,24-07-2023,Standard Class,Consumer,Technology,Accessories,TEC-AC-10004209,30,40,4,2,283
5084,05-12-2023,Standard Class,Consumer,Office Supplies,Paper,OFF-PA-10000501,50,60,3,5,2240
5085,23-08-2022,Second Class,Corporate,Office Supplies,Paper,OFF-PA-10003656,100,110,4,3,403
5086,02-05-2023,Standard Class,Home Office,Office Supplies,Binders,OFF-BI-10001107,10,10,2,5,1083
5087,01-12-2023,Standard Class,Corporate,Technology,Phones,TEC-PH-10000562,390,470,7,4,2642
5088,30-04-2022,Standard Class,Corporate,Technology,Accessories,TEC-AC-10001101,10,10,1,4,2807
5089,03-07-2023,Standard Class,Corporate,Office Supplies,Binders,OFF-BI-10003529,0,0,3,2,1378
5090,07-04-2023,First Class,Corporate,Office Supplies,Paper,OFF-PA-10001752,10,10,2,2,3677
5091,24-03-2023,First Class,Corporate,Office Supplies,Envelopes,OFF-EN-10001141,10,10,1,5,3428
5092,06-04-2023,Standard Class,Consumer,Office Supplies,Fasteners,OFF-FA-10003472,0,0,3,3,4502
5093,10-11-2022,Standard Class,Corporate,Office Supplies,Storage,OFF-ST-10004507,50,50,3,2,2768
5094,16-06-2022,Standard Class,Consumer,Office Supplies,Appliances,OFF-AP-10004036,10,10,4,2,3643
5095,19-07-2023,Standard Class,Consumer,Furniture,Tables,FUR-TA-10004086,170,210,5,5,5044
5096,15-12-2022,Standard Class,Consumer,Technology,Phones,TEC-PH-10000307,30,40,4,4,223
5097,25-11-2023,Standard Class,Consumer,Furniture,Furnishings,FUR-FU-10002088,10,10,3,3,3878
5098,08-03-2022,Standard Class,Consumer,Office Supplies,Binders,OFF-BI-10004965,0,0,2,2,5065
5099,26-03-2022,Standard Class,Consumer,Office Supplies,Storage,OFF-ST-10002485,30,40,2,3,3813
5100,05-09-2023,Standard Class,Home Office,Office Supplies,Binders,OFF-BI-10002194,20,20,3,4,4314
5101,19-10-2023,Same Day,Consumer,Office Supplies,Art,OFF-AR-10003732,0,0,2,3,4920
5102,10-09-2022,Same Day,Consumer,Office Supplies,Paper,OFF-PA-10002195,10,10,1,5,1838
5103,03-05-2022,Same Day,Consumer,Office Supplies,Paper,OFF-PA-10002365,20,20,3,3,1872
5104,12-07-2022,Second Class,Consumer,Office Supplies,Paper,OFF-PA-10001950,40,40,6,5,1424
5105,11-12-2023,Second Class,Consumer,Technology,Accessories,TEC-AC-10004633,20,20,3,2,1238
5106,14-05-2023,Standard Class,Consumer,Furniture,Chairs,FUR-CH-10002439,170,190,4,4,4091
5107,15-01-2023,Standard Class,Corporate,Technology,Accessories,TEC-AC-10000682,70,70,4,2,3485
5108,11-02-2022,First Class,Home Office,Office Supplies,Art,OFF-AR-10004078,30,40,9,5,4332
5109,13-09-2023,First Class,Home Office,Office Supplies,Art,OFF-AR-10001958,70,70,5,4,389
5110,24-02-2023,Standard Class,Corporate,Office Supplies,Envelopes,OFF-EN-10001335,50,50,6,4,4330
5111,23-12-2023,Standard Class,Corporate,Office Supplies,Storage,OFF-ST-10003479,170,190,6,2,3607
5112,31-08-2023,Standard Class,Corporate,Office Supplies,Paper,OFF-PA-10003016,10,10,4,2,381
5113,19-05-2023,Same Day,Consumer,Furniture,Furnishings,FUR-FU-10001025,20,20,9,5,2529
5114,10-04-2022,Second Class,Consumer,Office Supplies,Paper,OFF-PA-10003936,20,20,3,4,4050
5115,11-07-2022,Standard Class,Consumer,Office Supplies,Binders,OFF-BI-10004140,10,10,3,5,1318
5116,25-02-2023,Standard Class,Consumer,Office Supplies,Labels,OFF-LA-10004178,0,0,1,2,4657
5117,04-09-2023,Standard Class,Consumer,Office Supplies,Storage,OFF-ST-10003324,30,40,1,3,3729
5118,18-04-2023,Standard Class,Consumer,Office Supplies,Fasteners,OFF-FA-10004854,20,30,3,5,3243
5119,09-10-2023,Standard Class,Consumer,Technology,Machines,TEC-MA-10002859,570,630,7,4,2497
5120,10-02-2022,Standard Class,Consumer,Office Supplies,Binders,OFF-BI-10000088,80,80,9,4,214
5121,16-06-2023,Standard Class,Corporate,Office Supplies,Storage,OFF-ST-10004180,210,230,5,5,3284
5122,17-08-2023,Standard Class,Corporate,Technology,Accessories,TEC-AC-10002926,90,100,2,3,159
5123,04-11-2023,Standard Class,Corporate,Office Supplies,Paper,OFF-PA-10003797,20,20,3,3,2829
5124,02-04-2022,Standard Class,Corporate,Office Supplies,Paper,OFF-PA-10002195,10,10,2,4,2650
5125,14-07-2023,Same Day,Consumer,Furniture,Tables,FUR-TA-10001039,370,460,9,5,2482
5126,24-09-2022,Same Day,Consumer,Office Supplies,Envelopes,OFF-EN-10001099,60,70,7,5,509
5127,14-02-2023,Same Day,Consumer,Technology,Machines,TEC-MA-10003979,2300,2800,4,4,5057
5128,18-07-2023,Same Day,Consumer,Office Supplies,Appliances,OFF-AP-10002945,500,600,2,3,414
5129,23-04-2022,Same Day,Consumer,Technology,Phones,TEC-PH-10001536,20,20,1,3,896
5130,22-11-2023,Same Day,Consumer,Technology,Phones,TEC-PH-10000526,260,290,3,4,2858
5131,26-08-2023,Same Day,Consumer,Office Supplies,Paper,OFF-PA-10000213,30,40,9,5,4296
5132,07-12-2022,Standard Class,Corporate,Furniture,Furnishings,FUR-FU-10002501,90,100,8,3,2867
5133,19-04-2022,Standard Class,Consumer,Technology,Phones,TEC-PH-10001819,90,110,3,2,2496
5134,14-12-2022,Standard Class,Home Office,Office Supplies,Appliances,OFF-AP-10001962,50,60,7,4,3788
5135,16-08-2023,Standard Class,Home Office,Office Supplies,Binders,OFF-BI-10003364,80,90,4,4,2983
5136,28-10-2022,Standard Class,Home Office,Office Supplies,Fasteners,OFF-FA-10002983,20,20,5,4,4632
5137,10-06-2023,Standard Class,Consumer,Office Supplies,Binders,OFF-BI-10002432,10,10,2,5,4039
5138,12-03-2023,Standard Class,Corporate,Furniture,Furnishings,FUR-FU-10003096,30,30,4,2,2933
5139,30-09-2023,Standard Class,Consumer,Office Supplies,Envelopes,OFF-EN-10001539,20,20,3,2,4835
5140,13-10-2022,Standard Class,Consumer,Office Supplies,Paper,OFF-PA-10004996,40,50,5,5,3525
5141,12-05-2023,Standard Class,Consumer,Technology,Accessories,TEC-AC-10001956,110,120,2,3,2722
5142,15-04-2022,Standard Class,Consumer,Furniture,Chairs,FUR-CH-10000454,1250,1320,6,5,2944
5143,24-11-2023,Standard Class,Consumer,Office Supplies,Supplies,OFF-SU-10000946,50,60,8,2,3052
5144,18-04-2022,Standard Class,Consumer,Office Supplies,Binders,OFF-BI-10004140,0,0,1,5,703
5145,07-05-2022,Standard Class,Consumer,Furniture,Furnishings,FUR-FU-10003039,90,90,2,2,3002
5146,21-10-2023,Standard Class,Consumer,Office Supplies,Storage,OFF-ST-10000464,110,140,4,3,1629
5147,15-02-2022,Standard Class,Consumer,Office Supplies,Appliances,OFF-AP-10000252,40,50,4,5,2702
5148,04-10-2022,Standard Class,Home Office,Furniture,Furnishings,FUR-FU-10001731,10,10,4,5,586
5149,10-12-2023,Standard Class,Home Office,Furniture,Chairs,FUR-CH-10001394,730,840,3,5,3175
5150,12-11-2023,Same Day,Consumer,Technology,Phones,TEC-PH-10001578,970,1210,3,2,711
5151,22-01-2022,Second Class,Corporate,Office Supplies,Storage,OFF-ST-10000675,60,70,2,5,2071
5152,10-05-2023,First Class,Corporate,Office Supplies,Storage,OFF-ST-10002352,30,40,5,4,1010
5153,24-08-2022,Standard Class,Consumer,Office Supplies,Binders,OFF-BI-10004528,0,0,1,4,4461
5154,22-11-2023,Standard Class,Consumer,Office Supplies,Art,OFF-AR-10001026,10,10,3,4,4542
5155,29-08-2022,First Class,Consumer,Office Supplies,Binders,OFF-BI-10002215,30,30,4,5,2626
5156,26-07-2022,First Class,Consumer,Furniture,Furnishings,FUR-FU-10000305,190,210,3,2,1061
5157,29-09-2023,Second Class,Home Office,Technology,Phones,TEC-PH-10002584,940,1000,2,3,2135
5158,04-12-2023,Second Class,Home Office,Furniture,Chairs,FUR-CH-10000229,510,570,3,4,3537
5159,24-02-2023,Second Class,Home Office,Furniture,Furnishings,FUR-FU-10003799,10,10,2,2,3255
5160,10-10-2022,Second Class,Corporate,Technology,Phones,TEC-PH-10001700,90,110,2,5,4911
5161,09-06-2022,Second Class,Corporate,Technology,Phones,TEC-PH-10001527,60,70,2,5,1589
5162,25-04-2022,Standard Class,Corporate,Furniture,Bookcases,FUR-BO-10002916,1290,1370,8,3,2127
5163,11-05-2023,Second Class,Consumer,Furniture,Chairs,FUR-CH-10000863,270,300,2,2,188
5164,19-11-2023,Standard Class,Consumer,Furniture,Chairs,FUR-CH-10003968,150,170,3,2,529
5165,18-11-2023,Standard Class,Consumer,Office Supplies,Art,OFF-AR-10001149,0,0,2,2,4195
5166,21-12-2023,Standard Class,Consumer,Office Supplies,Paper,OFF-PA-10000130,10,10,3,4,1371
5167,14-01-2022,Standard Class,Consumer,Office Supplies,Paper,OFF-PA-10002479,20,20,3,3,4105
5168,17-09-2022,Standard Class,Consumer,Furniture,Chairs,FUR-CH-10004997,500,560,3,3,2276
5169,06-07-2023,Standard Class,Consumer,Office Supplies,Storage,OFF-ST-10004950,50,60,3,3,4063
5170,19-10-2022,Standard Class,Consumer,Office Supplies,Storage,OFF-ST-10001490,500,540,3,4,1656
5171,18-02-2022,Second Class,Corporate,Furniture,Chairs,FUR-CH-10002024,3010,3500,5,2,3833
5172,21-09-2023,Second Class,Corporate,Office Supplies,Paper,OFF-PA-10001790,110,140,3,2,1644
5173,12-02-2022,Second Class,Corporate,Office Supplies,Paper,OFF-PA-10000994,280,310,3,4,336
5174,03-02-2022,First Class,Corporate,Office Supplies,Art,OFF-AR-10002399,0,0,1,5,5040
5175,17-03-2023,Standard Class,Consumer,Office Supplies,Binders,OFF-BI-10002799,0,0,2,4,1692
5176,14-06-2022,Standard Class,Consumer,Furniture,Bookcases,FUR-BO-10004360,300,330,3,5,4226
5177,02-07-2022,First Class,Consumer,Office Supplies,Binders,OFF-BI-10002082,50,50,2,5,51
5178,14-03-2022,Standard Class,Corporate,Office Supplies,Binders,OFF-BI-10004967,0,0,3,2,2055
5179,09-05-2023,Standard Class,Corporate,Furniture,Furnishings,FUR-FU-10004973,40,40,2,3,3041
5180,02-10-2022,Standard Class,Corporate,Technology,Phones,TEC-PH-10003645,210,260,2,4,1398
5181,23-11-2023,Standard Class,Corporate,Office Supplies,Appliances,OFF-AP-10004980,70,80,2,2,857
5182,03-07-2023,First Class,Corporate,Office Supplies,Paper,OFF-PA-10003797,40,50,7,5,3356
5183,02-11-2023,First Class,Corporate,Office Supplies,Binders,OFF-BI-10003707,50,50,3,2,1191
5184,17-08-2023,First Class,Consumer,Office Supplies,Storage,OFF-ST-10000885,30,40,3,5,4006
5185,09-08-2022,First Class,Consumer,Office Supplies,Binders,OFF-BI-10002827,40,40,7,5,2599
5186,22-01-2023,Standard Class,Consumer,Office Supplies,Storage,OFF-ST-10004459,1690,1800,6,2,3084
5187,02-08-2023,Standard Class,Home Office,Technology,Phones,TEC-PH-10002789,640,750,8,5,989
5188,28-11-2023,Standard Class,Consumer,Technology,Accessories,TEC-AC-10001314,170,200,4,5,1518
5189,09-03-2023,Standard Class,Consumer,Furniture,Chairs,FUR-CH-10000015,1280,1520,7,2,129
5190,16-12-2023,Standard Class,Consumer,Technology,Accessories,TEC-AC-10004855,140,170,6,2,838
5191,18-01-2022,Standard Class,Consumer,Office Supplies,Art,OFF-AR-10003582,50,50,2,3,1454
5192,16-06-2023,Standard Class,Consumer,Office Supplies,Envelopes,OFF-EN-10003448,20,20,2,4,3859
5193,22-11-2022,Second Class,Corporate,Furniture,Furnishings,FUR-FU-10003773,380,400,5,5,4366
5194,31-10-2023,Second Class,Corporate,Office Supplies,Paper,OFF-PA-10001363,80,90,7,2,2651
5195,29-04-2022,Second Class,Corporate,Office Supplies,Art,OFF-AR-10004757,10,10,4,2,3007
5196,21-11-2023,Second Class,Corporate,Office Supplies,Binders,OFF-BI-10000309,50,50,3,4,4214
5197,05-08-2023,Standard Class,Consumer,Office Supplies,Envelopes,OFF-EN-10001434,150,160,3,5,1594
5198,13-12-2023,Standard Class,Consumer,Technology,Phones,TEC-PH-10003988,30,40,5,5,2128
5199,09-10-2023,Standard Class,Consumer,Office Supplies,Supplies,OFF-SU-10000151,3420,3930,3,5,1849
5200,08-07-2023,Standard Class,Consumer,Office Supplies,Fasteners,OFF-FA-10001332,0,0,1,3,3149
5201,02-02-2023,Standard Class,Consumer,Technology,Phones,TEC-PH-10000895,370,430,3,2,1404
5202,06-11-2023,Standard Class,Consumer,Technology,Accessories,TEC-AC-10002857,30,40,7,5,3521
5203,23-01-2023,Standard Class,Consumer,Furniture,Furnishings,FUR-FU-10004018,100,100,7,4,4245
5204,05-09-2022,Standard Class,Consumer,Office Supplies,Storage,OFF-ST-10003638,60,70,3,4,4745
5205,22-07-2022,Standard Class,Consumer,Office Supplies,Art,OFF-AR-10004685,10,10,2,3,1335
5206,19-05-2023,Standard Class,Consumer,Office Supplies,Storage,OFF-ST-10001713,100,110,2,3,1093
5207,26-07-2023,Standard Class,Consumer,Office Supplies,Fasteners,OFF-FA-10000490,0,0,1,4,3853
5208,31-03-2022,Standard Class,Consumer,Office Supplies,Labels,OFF-LA-10002043,20,20,2,4,1659
5209,21-07-2022,Standard Class,Consumer,Office Supplies,Paper,OFF-PA-10002464,30,30,5,3,562
5210,29-10-2022,Standard Class,Consumer,Office Supplies,Envelopes,OFF-EN-10002504,30,30,1,2,4785
5211,13-04-2022,Standard Class,Corporate,Office Supplies,Storage,OFF-ST-10002615,440,470,3,3,2518
5212,07-10-2022,Second Class,Consumer,Office Supplies,Storage,OFF-ST-10004258,40,40,3,2,710
5213,03-02-2022,Same Day,Consumer,Office Supplies,Storage,OFF-ST-10004507,50,50,3,5,2524
5214,12-06-2022,Same Day,Consumer,Office Supplies,Labels,OFF-LA-10000262,10,10,3,2,1400
5215,30-07-2023,Same Day,Consumer,Office Supplies,Art,OFF-AR-10002445,30,40,5,2,4005
5216,24-03-2023,Same Day,Consumer,Office Supplies,Paper,OFF-PA-10001667,20,30,5,2,4341
5217,05-10-2022,Standard Class,Consumer,Office Supplies,Envelopes,OFF-EN-10000461,20,20,2,3,375
5218,13-07-2023,Second Class,Corporate,Office Supplies,Paper,OFF-PA-10002254,70,80,3,3,2847
5219,18-11-2022,Standard Class,Corporate,Office Supplies,Art,OFF-AR-10001868,10,10,5,3,1580
5220,30-06-2023,Same Day,Consumer,Furniture,Chairs,FUR-CH-10004875,430,500,7,2,2370
5221,31-07-2023,Standard Class,Home Office,Furniture,Bookcases,FUR-BO-10000711,200,210,3,3,3732
5222,28-03-2023,Second Class,Home Office,Office Supplies,Appliances,OFF-AP-10000938,640,710,7,3,4309
5223,14-05-2023,Second Class,Home Office,Technology,Phones,TEC-PH-10003555,100,110,5,5,3214
5224,15-07-2022,Second Class,Home Office,Office Supplies,Binders,OFF-BI-10001267,40,40,7,5,2498
5225,12-04-2023,Second Class,Consumer,Office Supplies,Paper,OFF-PA-10004071,140,170,3,3,4574
5226,29-03-2022,Standard Class,Consumer,Office Supplies,Binders,OFF-BI-10001553,30,40,5,3,847
5227,22-03-2022,Standard Class,Consumer,Office Supplies,Binders,OFF-BI-10003007,160,190,6,5,418
5228,27-05-2023,Standard Class,Consumer,Furniture,Bookcases,FUR-BO-10003272,330,350,2,3,1431
5229,20-12-2022,Standard Class,Home Office,Office Supplies,Paper,OFF-PA-10001033,60,80,2,2,1904
5230,03-10-2022,Second Class,Consumer,Office Supplies,Binders,OFF-BI-10001553,10,10,2,2,4868
5231,03-04-2022,Second Class,Consumer,Furniture,Tables,FUR-TA-10001095,570,700,5,4,4949
5232,07-10-2023,Second Class,Consumer,Furniture,Furnishings,FUR-FU-10001185,30,30,1,4,4756
5233,04-05-2023,Second Class,Consumer,Office Supplies,Binders,OFF-BI-10000343,30,30,7,5,739
5234,09-06-2023,Standard Class,Corporate,Furniture,Chairs,FUR-CH-10004626,530,610,6,3,2042
5235,22-06-2023,First Class,Consumer,Furniture,Tables,FUR-TA-10001768,200,210,1,5,3853
5236,08-02-2023,First Class,Corporate,Office Supplies,Appliances,OFF-AP-10001947,40,50,3,4,2856
5237,09-02-2022,Standard Class,Consumer,Furniture,Furnishings,FUR-FU-10004952,130,160,3,4,4736
5238,09-03-2023,Standard Class,Consumer,Furniture,Bookcases,FUR-BO-10001337,310,360,3,2,3791
5239,25-02-2022,Standard Class,Consumer,Technology,Accessories,TEC-AC-10003628,50,60,2,5,107
5240,11-12-2022,Standard Class,Consumer,Office Supplies,Storage,OFF-ST-10004186,270,330,3,2,512
5241,05-12-2022,Standard Class,Consumer,Office Supplies,Binders,OFF-BI-10001658,40,40,2,3,821
5242,14-12-2023,Second Class,Corporate,Office Supplies,Supplies,OFF-SU-10004737,10,10,2,5,914
5243,01-10-2022,Standard Class,Corporate,Office Supplies,Binders,OFF-BI-10002827,0,0,3,2,3844
5244,11-02-2023,First Class,Home Office,Office Supplies,Binders,OFF-BI-10003694,10,10,1,3,4355
5245,15-02-2022,Second Class,Corporate,Furniture,Tables,FUR-TA-10001691,130,140,2,4,2727
5246,15-03-2022,Second Class,Corporate,Technology,Phones,TEC-PH-10001918,300,330,3,5,3586
5247,14-03-2023,Second Class,Corporate,Office Supplies,Binders,OFF-BI-10000285,10,10,2,4,4555
5248,28-08-2023,Standard Class,Consumer,Office Supplies,Appliances,OFF-AP-10000358,20,20,8,2,390
5249,26-08-2022,Second Class,Consumer,Technology,Accessories,TEC-AC-10002345,30,40,3,3,4757
5250,21-04-2023,Standard Class,Corporate,Office Supplies,Fasteners,OFF-FA-10001229,10,10,4,4,4433
5251,30-10-2023,Standard Class,Consumer,Technology,Accessories,TEC-AC-10001314,220,250,5,2,3203
5252,25-11-2023,Standard Class,Consumer,Office Supplies,Paper,OFF-PA-10004438,40,50,4,2,2412
5253,17-03-2022,First Class,Consumer,Office Supplies,Appliances,OFF-AP-10000026,150,180,3,5,1744
5254,08-10-2022,Second Class,Home Office,Office Supplies,Binders,OFF-BI-10004224,90,110,2,2,803
5255,28-08-2023,Second Class,Corporate,Furniture,Chairs,FUR-CH-10002647,90,100,2,2,1403
5256,10-07-2022,Second Class,Corporate,Furniture,Furnishings,FUR-FU-10003247,30,30,2,3,196
5257,02-11-2023,Standard Class,Consumer,Office Supplies,Paper,OFF-PA-10003270,10,10,2,5,255
5258,08-03-2022,Standard Class,Consumer,Office Supplies,Paper,OFF-PA-10004735,30,40,6,3,129
5259,10-01-2022,First Class,Consumer,Office Supplies,Paper,OFF-PA-10001745,30,40,5,4,3528
5260,25-05-2022,Standard Class,Home Office,Office Supplies,Paper,OFF-PA-10000176,50,50,3,3,1130
5261,30-07-2022,First Class,Home Office,Technology,Phones,TEC-PH-10000675,170,200,3,3,4043
5262,01-05-2022,First Class,Home Office,Office Supplies,Binders,OFF-BI-10000050,0,0,2,5,2526
5263,24-03-2022,First Class,Home Office,Furniture,Tables,FUR-TA-10004154,170,200,1,4,4348
5264,14-07-2023,First Class,Home Office,Technology,Accessories,TEC-AC-10002718,40,50,4,2,4803
5265,15-03-2022,First Class,Home Office,Office Supplies,Art,OFF-AR-10003179,20,20,3,2,4725
5266,23-09-2023,First Class,Corporate,Office Supplies,Paper,OFF-PA-10001838,10,10,2,3,1689
5267,30-09-2023,First Class,Corporate,Office Supplies,Paper,OFF-PA-10004039,150,170,3,3,1191
5268,17-07-2022,First Class,Corporate,Office Supplies,Appliances,OFF-AP-10001626,0,0,1,5,1475
5269,13-07-2022,Standard Class,Home Office,Technology,Machines,TEC-MA-10003173,40,50,4,3,3649
5270,18-01-2022,Same Day,Consumer,Furniture,Furnishings,FUR-FU-10000260,30,30,4,5,2220
5271,24-11-2023,Same Day,Consumer,Office Supplies,Appliances,OFF-AP-10004487,360,410,5,4,3185
5272,11-10-2022,Same Day,Corporate,Furniture,Furnishings,FUR-FU-10001487,30,30,4,3,4062
5273,20-03-2022,Same Day,Corporate,Furniture,Tables,FUR-TA-10001520,370,400,7,3,2675
5274,09-06-2023,First Class,Home Office,Office Supplies,Binders,OFF-BI-10000145,0,0,4,2,4434
5275,12-09-2023,Second Class,Consumer,Furniture,Chairs,FUR-CH-10000595,670,720,3,4,3830
5276,03-11-2022,Standard Class,Corporate,Technology,Accessories,TEC-AC-10004469,150,160,4,2,4786
5277,02-11-2023,Standard Class,Corporate,Technology,Accessories,TEC-AC-10003038,30,40,5,5,3863
5278,22-10-2023,Standard Class,Home Office,Furniture,Chairs,FUR-CH-10004698,310,340,6,4,67
5279,06-04-2022,Standard Class,Consumer,Office Supplies,Paper,OFF-PA-10003641,90,110,4,3,3227
5280,13-02-2023,Standard Class,Consumer,Technology,Accessories,TEC-AC-10002134,10,10,1,3,1216
5281,04-11-2023,Standard Class,Consumer,Office Supplies,Storage,OFF-ST-10001837,80,90,2,3,4284
5282,02-05-2023,Standard Class,Corporate,Furniture,Furnishings,FUR-FU-10001706,10,10,2,4,4994
5283,23-06-2022,Standard Class,Corporate,Office Supplies,Paper,OFF-PA-10001970,40,40,3,3,2496
5284,27-08-2023,Standard Class,Corporate,Office Supplies,Storage,OFF-ST-10002957,20,20,3,5,523
5285,26-11-2023,Standard Class,Corporate,Office Supplies,Labels,OFF-LA-10002312,40,40,3,3,197
5286,02-02-2022,First Class,Consumer,Office Supplies,Envelopes,OFF-EN-10002600,20,20,9,2,4475
5287,25-05-2023,First Class,Consumer,Office Supplies,Binders,OFF-BI-10003274,10,10,8,5,1661
5288,29-05-2022,First Class,Consumer,Furniture,Bookcases,FUR-BO-10004467,80,90,3,2,3596
5289,05-12-2022,Standard Class,Home Office,Office Supplies,Paper,OFF-PA-10000675,150,160,4,3,4644
5290,23-07-2023,Standard Class,Consumer,Office Supplies,Paper,OFF-PA-10002259,20,20,2,4,2334
5291,22-12-2022,Standard Class,Consumer,Furniture,Chairs,FUR-CH-10004287,830,970,5,5,1459
5292,01-09-2022,Standard Class,Consumer,Office Supplies,Paper,OFF-PA-10000482,170,180,6,2,4955
5293,05-09-2022,First Class,Consumer,Office Supplies,Storage,OFF-ST-10004835,0,0,1,3,4246
5294,13-05-2023,Standard Class,Consumer,Furniture,Tables,FUR-TA-10004086,40,50,1,4,4680
5295,10-01-2023,Standard Class,Corporate,Office Supplies,Labels,OFF-LA-10000305,50,50,8,2,4859
5296,27-07-2023,Standard Class,Consumer,Office Supplies,Paper,OFF-PA-10000806,70,90,2,3,3852
5297,02-09-2023,Standard Class,Consumer,Furniture,Furnishings,FUR-FU-10004018,10,10,1,4,3357
5298,10-05-2022,Standard Class,Consumer,Technology,Phones,TEC-PH-10002660,460,540,8,2,4325
5299,25-11-2023,First Class,Corporate,Office Supplies,Envelopes,OFF-EN-10001509,0,0,2,3,357
5300,02-07-2022,First Class,Corporate,Office Supplies,Labels,OFF-LA-10003148,20,20,3,3,4535
5301,30-03-2022,Standard Class,Corporate,Furniture,Tables,FUR-TA-10002645,2030,2280,10,2,3219
5302,26-07-2023,Standard Class,Corporate,Technology,Accessories,TEC-AC-10003033,1620,1980,6,2,3285
5303,02-09-2023,Standard Class,Corporate,Office Supplies,Labels,OFF-LA-10001297,50,60,6,5,686
5304,29-06-2023,Standard Class,Consumer,Furniture,Chairs,FUR-CH-10002017,30,40,2,3,3331
5305,24-12-2023,First Class,Home Office,Furniture,Furnishings,FUR-FU-10001546,10,10,2,2,3447
5306,16-10-2023,Standard Class,Corporate,Furniture,Furnishings,FUR-FU-10000629,60,70,5,3,340
5307,16-02-2023,Standard Class,Corporate,Office Supplies,Storage,OFF-ST-10000036,270,300,3,3,3725
5308,18-03-2022,Standard Class,Corporate,Technology,Phones,TEC-PH-10002583,30,40,2,2,4462
5309,09-02-2023,First Class,Consumer,Furniture,Chairs,FUR-CH-10003774,160,190,3,4,3608
5310,13-03-2022,First Class,Consumer,Office Supplies,Art,OFF-AR-10003876,10,10,5,3,108
5311,16-06-2023,First Class,Consumer,Office Supplies,Binders,OFF-BI-10003527,1420,1530,6,4,3046
5312,23-09-2023,Standard Class,Home Office,Office Supplies,Labels,OFF-LA-10004559,10,10,4,4,4377
5313,15-08-2023,Standard Class,Home Office,Office Supplies,Supplies,OFF-SU-10002573,30,30,2,5,753
5314,10-02-2022,Standard Class,Corporate,Furniture,Furnishings,FUR-FU-10000222,50,60,2,2,1285
5315,31-03-2023,Standard Class,Corporate,Office Supplies,Envelopes,OFF-EN-10001219,20,30,4,4,2132
5316,29-11-2022,Standard Class,Consumer,Furniture,Chairs,FUR-CH-10002304,170,190,9,3,2835
5317,19-11-2023,First Class,Home Office,Furniture,Furnishings,FUR-FU-10002364,10,10,2,5,4165
5318,06-05-2023,First Class,Home Office,Furniture,Furnishings,FUR-FU-10004864,10,10,1,3,3222
5319,23-03-2022,First Class,Home Office,Office Supplies,Paper,OFF-PA-10003172,20,20,4,4,2175
5320,04-06-2022,First Class,Home Office,Office Supplies,Binders,OFF-BI-10000977,30,30,3,2,2377
5321,01-09-2023,First Class,Home Office,Furniture,Tables,FUR-TA-10000198,2030,2310,7,3,837
5322,11-07-2023,First Class,Home Office,Office Supplies,Binders,OFF-BI-10003984,20,30,4,2,1673
5323,20-04-2022,First Class,Home Office,Furniture,Furnishings,FUR-FU-10003691,20,20,2,5,3214
5324,09-08-2022,Second Class,Consumer,Office Supplies,Paper,OFF-PA-10004082,20,20,2,3,3325
5325,06-06-2023,Standard Class,Consumer,Office Supplies,Art,OFF-AR-10003723,20,20,5,4,423
5326,18-07-2023,Standard Class,Consumer,Furniture,Furnishings,FUR-FU-10004270,30,30,6,5,583
5327,09-03-2022,Standard Class,Corporate,Office Supplies,Art,OFF-AR-10003183,10,10,2,3,3882
5328,08-08-2023,Second Class,Consumer,Office Supplies,Paper,OFF-PA-10002005,20,20,3,3,5019
5329,01-03-2022,Standard Class,Consumer,Technology,Phones,TEC-PH-10000149,30,30,2,3,99
5330,21-09-2023,Second Class,Consumer,Office Supplies,Binders,OFF-BI-10001524,30,30,2,2,3142
5331,21-08-2023,Standard Class,Consumer,Furniture,Furnishings,FUR-FU-10004748,50,60,1,2,2111
5332,04-06-2023,Standard Class,Consumer,Office Supplies,Binders,OFF-BI-10001460,60,60,5,2,3183
5333,06-01-2023,Standard Class,Consumer,Office Supplies,Supplies,OFF-SU-10002503,20,20,4,5,2533
5334,09-03-2023,Standard Class,Consumer,Furniture,Furnishings,FUR-FU-10001731,10,10,4,5,2032
5335,22-03-2023,Standard Class,Consumer,Office Supplies,Paper,OFF-PA-10002160,20,20,3,4,219
5336,03-05-2023,Standard Class,Consumer,Office Supplies,Paper,OFF-PA-10002659,0,0,1,2,4351
5337,23-01-2023,Standard Class,Corporate,Office Supplies,Binders,OFF-BI-10001636,30,30,4,4,1005
5338,19-12-2022,Standard Class,Corporate,Office Supplies,Paper,OFF-PA-10000062,290,310,7,4,1647
5339,12-10-2023,Second Class,Consumer,Office Supplies,Storage,OFF-ST-10002554,210,240,5,5,1193
5340,19-06-2022,Second Class,Consumer,Office Supplies,Envelopes,OFF-EN-10001509,10,10,6,5,293
5341,23-03-2023,Second Class,Consumer,Technology,Accessories,TEC-AC-10002018,10,10,2,3,1392
5342,31-12-2023,Second Class,Consumer,Technology,Accessories,TEC-AC-10002637,770,900,5,4,4598
5343,04-07-2022,Standard Class,Corporate,Office Supplies,Envelopes,OFF-EN-10001509,0,0,1,2,2664
5344,16-03-2023,Standard Class,Corporate,Technology,Phones,TEC-PH-10004922,260,270,5,2,2905
5345,25-08-2023,Second Class,Consumer,Technology,Accessories,TEC-AC-10002550,30,30,1,2,957
5346,26-08-2023,Second Class,Consumer,Office Supplies,Storage,OFF-ST-10003208,610,730,4,2,5015
5347,25-06-2023,Second Class,Consumer,Office Supplies,Binders,OFF-BI-10003981,10,10,3,4,3411
5348,09-12-2022,Second Class,Consumer,Office Supplies,Binders,OFF-BI-10001031,10,10,2,4,269
5349,12-07-2023,Standard Class,Corporate,Office Supplies,Binders,OFF-BI-10003676,30,30,3,5,5030
5350,08-07-2022,Standard Class,Corporate,Office Supplies,Paper,OFF-PA-10004082,40,40,5,2,2896
5351,24-11-2022,Standard Class,Consumer,Office Supplies,Paper,OFF-PA-10001019,120,140,9,3,3734
5352,09-08-2022,Standard Class,Corporate,Office Supplies,Paper,OFF-PA-10004665,30,40,4,5,1903
5353,16-12-2023,Standard Class,Corporate,Technology,Phones,TEC-PH-10002447,300,330,2,4,3689
5354,22-09-2023,First Class,Corporate,Office Supplies,Binders,OFF-BI-10000014,70,90,8,2,1592
5355,25-11-2022,Standard Class,Corporate,Furniture,Chairs,FUR-CH-10002439,230,280,6,4,3336
5356,07-06-2022,Standard Class,Corporate,Office Supplies,Paper,OFF-PA-10003063,10,10,2,5,2390
5357,10-11-2022,Standard Class,Consumer,Office Supplies,Binders,OFF-BI-10002982,30,30,5,5,2671
5358,01-10-2022,Standard Class,Consumer,Technology,Accessories,TEC-AC-10004510,20,20,1,2,3134
5359,09-03-2022,Standard Class,Consumer,Office Supplies,Storage,OFF-ST-10000321,20,20,2,4,406
5360,21-11-2023,Standard Class,Consumer,Office Supplies,Art,OFF-AR-10004602,50,50,2,2,1302
5361,22-01-2022,Standard Class,Corporate,Furniture,Bookcases,FUR-BO-10003433,170,200,8,2,4199
5362,24-09-2023,First Class,Corporate,Office Supplies,Storage,OFF-ST-10001496,620,720,5,5,4960
5363,13-07-2023,Standard Class,Consumer,Furniture,Furnishings,FUR-FU-10000672,60,70,6,5,3835
5364,22-11-2022,Standard Class,Consumer,Office Supplies,Appliances,OFF-AP-10001293,80,80,2,5,589
5365,18-10-2023,Second Class,Corporate,Office Supplies,Appliances,OFF-AP-10000692,50,60,4,5,2625
5366,23-01-2023,Standard Class,Consumer,Technology,Phones,TEC-PH-10004539,130,150,1,4,364
5367,14-11-2023,Standard Class,Consumer,Technology,Phones,TEC-PH-10002923,80,90,3,5,2456
5368,15-03-2023,Standard Class,Consumer,Office Supplies,Labels,OFF-LA-10004689,10,10,4,4,2275
5369,05-08-2023,Standard Class,Consumer,Office Supplies,Storage,OFF-ST-10001228,20,20,1,5,4196
5370,11-03-2023,First Class,Corporate,Office Supplies,Paper,OFF-PA-10003302,80,90,3,4,2826
5371,18-08-2023,Standard Class,Corporate,Furniture,Furnishings,FUR-FU-10004665,240,270,2,2,2020
5372,16-03-2022,Standard Class,Corporate,Furniture,Furnishings,FUR-FU-10004188,260,310,3,4,2114
5373,14-01-2023,Standard Class,Corporate,Office Supplies,Paper,OFF-PA-10003177,20,20,3,3,4761
5374,17-08-2023,Standard Class,Corporate,Furniture,Tables,FUR-TA-10002607,290,350,7,2,4546
5375,13-01-2022,Standard Class,Corporate,Office Supplies,Paper,OFF-PA-10001166,10,10,2,2,2885
5376,22-01-2022,Standard Class,Corporate,Technology,Accessories,TEC-AC-10004510,90,100,6,5,3300
5377,23-03-2023,Standard Class,Corporate,Office Supplies,Art,OFF-AR-10004062,30,30,3,3,2918
5378,23-02-2023,First Class,Corporate,Office Supplies,Envelopes,OFF-EN-10000056,310,350,7,2,3115
5379,21-01-2022,First Class,Corporate,Office Supplies,Storage,OFF-ST-10001469,160,170,4,4,4564
5380,08-09-2022,Standard Class,Consumer,Office Supplies,Paper,OFF-PA-10000551,20,20,3,4,1609
5381,28-04-2023,Standard Class,Consumer,Technology,Machines,TEC-MA-10000423,100,110,6,4,2519
5382,06-08-2023,Second Class,Corporate,Office Supplies,Paper,OFF-PA-10001870,30,30,5,4,1374
5383,18-06-2022,Second Class,Corporate,Office Supplies,Fasteners,OFF-FA-10001843,20,20,8,5,3221
5384,06-09-2023,Second Class,Corporate,Office Supplies,Paper,OFF-PA-10002036,10,10,2,3,2360
5385,01-03-2022,Standard Class,Consumer,Technology,Phones,TEC-PH-10001760,330,360,3,3,1058
5386,11-11-2022,Standard Class,Consumer,Technology,Phones,TEC-PH-10000673,470,550,14,5,209
5387,16-06-2022,Standard Class,Consumer,Office Supplies,Binders,OFF-BI-10000829,30,40,9,2,1133
5388,11-03-2022,Second Class,Corporate,Technology,Phones,TEC-PH-10001924,140,170,3,3,3256
5389,18-12-2022,Second Class,Corporate,Technology,Accessories,TEC-AC-10004864,90,110,3,5,1926
5390,02-07-2023,Second Class,Corporate,Office Supplies,Labels,OFF-LA-10004345,10,10,2,4,1960
5391,15-02-2023,Second Class,Corporate,Office Supplies,Binders,OFF-BI-10000088,20,30,3,2,4888
5392,15-06-2023,Standard Class,Corporate,Office Supplies,Labels,OFF-LA-10002787,20,20,6,4,1762
5393,14-11-2022,Standard Class,Corporate,Office Supplies,Labels,OFF-LA-10001569,10,10,2,3,1460
5394,02-12-2022,Standard Class,Corporate,Office Supplies,Binders,OFF-BI-10002429,190,210,7,4,4918
5395,03-02-2023,Standard Class,Corporate,Furniture,Bookcases,FUR-BO-10000362,940,1030,6,3,3264
5396,19-03-2023,Second Class,Corporate,Office Supplies,Paper,OFF-PA-10003016,20,20,7,5,1503
5397,15-04-2023,Same Day,Corporate,Furniture,Furnishings,FUR-FU-10002501,50,60,5,2,3506
5398,21-02-2023,Standard Class,Corporate,Office Supplies,Appliances,OFF-AP-10003622,40,40,12,4,4157
5399,16-01-2023,Standard Class,Corporate,Office Supplies,Binders,OFF-BI-10002764,0,0,3,5,3496
5400,23-08-2023,Standard Class,Consumer,Furniture,Bookcases,FUR-BO-10001798,500,560,5,5,2574
5401,14-02-2022,First Class,Consumer,Technology,Accessories,TEC-AC-10000158,60,70,2,5,2444
5402,01-02-2022,First Class,Consumer,Technology,Accessories,TEC-AC-10000303,70,80,2,4,4484
5403,01-05-2022,Standard Class,Corporate,Office Supplies,Binders,OFF-BI-10003910,20,20,4,5,152
5404,19-07-2023,Standard Class,Corporate,Office Supplies,Binders,OFF-BI-10000138,0,0,1,4,1716
5405,16-12-2023,Standard Class,Consumer,Technology,Phones,TEC-PH-10002398,410,450,5,2,5028
5406,11-07-2022,Standard Class,Consumer,Technology,Accessories,TEC-AC-10003399,30,40,1,3,156
5407,01-04-2023,Standard Class,Consumer,Office Supplies,Fasteners,OFF-FA-10000992,10,10,3,5,32
5408,25-04-2022,Standard Class,Corporate,Office Supplies,Paper,OFF-PA-10003022,70,90,4,2,3604
5409,01-08-2022,Standard Class,Corporate,Office Supplies,Binders,OFF-BI-10002854,20,20,1,3,1059
5410,11-12-2023,Standard Class,Corporate,Office Supplies,Binders,OFF-BI-10001670,80,90,3,4,4215
5411,02-12-2022,Standard Class,Corporate,Office Supplies,Storage,OFF-ST-10001837,30,40,1,4,3004
5412,15-06-2023,Standard Class,Consumer,Office Supplies,Binders,OFF-BI-10002012,10,10,7,3,4733
5413,05-11-2023,Standard Class,Consumer,Technology,Accessories,TEC-AC-10004992,80,100,3,2,2595
5414,11-10-2023,First Class,Consumer,Technology,Phones,TEC-PH-10003171,200,220,5,5,4787
5415,07-01-2023,Standard Class,Consumer,Office Supplies,Appliances,OFF-AP-10000390,60,70,6,5,3433
5416,20-01-2022,Standard Class,Consumer,Office Supplies,Paper,OFF-PA-10004888,20,20,4,5,3656
5417,30-08-2022,Standard Class,Consumer,Technology,Phones,TEC-PH-10004188,30,40,2,2,553
5418,12-08-2023,Second Class,Corporate,Office Supplies,Binders,OFF-BI-10004099,20,20,2,5,2992
5419,12-02-2023,First Class,Consumer,Office Supplies,Paper,OFF-PA-10004621,30,40,7,4,1008
5420,31-07-2023,First Class,Consumer,Technology,Phones,TEC-PH-10002103,140,150,2,2,3793
5421,01-01-2022,Second Class,Consumer,Technology,Phones,TEC-PH-10002789,260,280,3,4,4343
5422,03-09-2023,Second Class,Consumer,Technology,Accessories,TEC-AC-10003289,30,30,2,3,1188
5423,11-02-2022,Standard Class,Consumer,Office Supplies,Binders,OFF-BI-10000138,10,10,3,4,588
5424,02-05-2022,Second Class,Corporate,Office Supplies,Paper,OFF-PA-10001215,30,30,5,4,2812
5425,11-12-2022,Standard Class,Consumer,Office Supplies,Art,OFF-AR-10001545,0,0,2,2,1686
5426,23-12-2022,First Class,Consumer,Technology,Accessories,TEC-AC-10003870,1450,1650,5,3,3411
5427,14-04-2023,First Class,Consumer,Furniture,Furnishings,FUR-FU-10001085,90,110,6,3,2592
5428,21-04-2023,Same Day,Home Office,Furniture,Bookcases,FUR-BO-10004218,560,600,5,2,5092
5429,29-06-2022,First Class,Home Office,Office Supplies,Storage,OFF-ST-10003455,50,50,3,4,3227
5430,22-08-2023,First Class,Consumer,Furniture,Furnishings,FUR-FU-10001967,30,30,2,3,2485
5431,07-11-2023,Standard Class,Home Office,Office Supplies,Appliances,OFF-AP-10000938,130,160,2,2,453
5432,24-12-2023,Standard Class,Home Office,Office Supplies,Paper,OFF-PA-10002195,0,0,1,3,314
5433,24-01-2023,Standard Class,Home Office,Office Supplies,Binders,OFF-BI-10002799,10,10,4,5,1743
5434,14-07-2022,Standard Class,Consumer,Office Supplies,Art,OFF-AR-10000246,10,10,4,4,1499
5435,17-04-2022,Standard Class,Home Office,Office Supplies,Appliances,OFF-AP-10000275,1390,1640,5,4,2801
5436,05-05-2022,Standard Class,Home Office,Technology,Accessories,TEC-AC-10000892,260,270,3,5,43
5437,30-07-2022,First Class,Corporate,Furniture,Furnishings,FUR-FU-10001591,20,20,2,4,3746
5438,03-07-2023,First Class,Corporate,Office Supplies,Binders,OFF-BI-10001787,10,10,5,4,663
5439,27-01-2022,First Class,Corporate,Furniture,Furnishings,FUR-FU-10003192,170,210,3,2,863
5440,27-04-2023,Standard Class,Consumer,Office Supplies,Binders,OFF-BI-10004600,470,590,2,3,2803
5441,10-07-2023,Second Class,Consumer,Office Supplies,Art,OFF-AR-10002335,0,0,1,2,4695
5442,13-06-2023,Standard Class,Consumer,Office Supplies,Paper,OFF-PA-10000859,10,10,2,5,4360
5443,05-01-2022,Standard Class,Consumer,Technology,Accessories,TEC-AC-10003198,90,100,1,3,859
5444,22-04-2022,Standard Class,Consumer,Office Supplies,Binders,OFF-BI-10001900,50,60,13,2,1058
5445,18-08-2022,Standard Class,Consumer,Office Supplies,Art,OFF-AR-10000614,10,10,3,3,609
5446,30-08-2023,Standard Class,Home Office,Office Supplies,Envelopes,OFF-EN-10003040,20,20,1,2,3265
5447,30-11-2023,Standard Class,Corporate,Technology,Phones,TEC-PH-10003442,30,30,6,4,1519
5448,13-02-2023,Standard Class,Corporate,Technology,Accessories,TEC-AC-10002800,220,250,5,4,2370
5449,24-07-2023,Standard Class,Home Office,Office Supplies,Supplies,OFF-SU-10000157,340,360,3,4,4096
5450,11-06-2022,Standard Class,Home Office,Technology,Accessories,TEC-AC-10001542,50,60,5,4,2139
5451,06-03-2022,Standard Class,Home Office,Office Supplies,Binders,OFF-BI-10004519,310,330,2,2,2916
5452,21-03-2022,Standard Class,Home Office,Furniture,Furnishings,FUR-FU-10003464,30,40,2,2,2995
5453,22-10-2023,Standard Class,Home Office,Office Supplies,Supplies,OFF-SU-10004261,80,90,5,5,1679
5454,10-04-2022,Standard Class,Corporate,Office Supplies,Paper,OFF-PA-10004733,40,40,6,4,4403
5455,08-04-2022,Standard Class,Corporate,Office Supplies,Storage,OFF-ST-10001325,10,10,1,5,2969
5456,24-06-2022,Standard Class,Corporate,Office Supplies,Art,OFF-AR-10003056,10,10,2,5,471
5457,01-08-2023,Standard Class,Consumer,Office Supplies,Fasteners,OFF-FA-10000089,20,20,5,2,1317
5458,18-09-2022,Standard Class,Consumer,Furniture,Furnishings,FUR-FU-10004093,60,70,2,3,2143
5459,26-02-2023,Second Class,Consumer,Office Supplies,Binders,OFF-BI-10004022,10,10,6,4,1926
5460,11-03-2023,Second Class,Consumer,Furniture,Tables,FUR-TA-10001771,1320,1480,8,5,328
5461,10-12-2022,Standard Class,Corporate,Office Supplies,Storage,OFF-ST-10002301,20,20,1,3,320
5462,16-01-2022,Standard Class,Consumer,Furniture,Furnishings,FUR-FU-10001706,10,10,3,4,4003
5463,17-03-2023,First Class,Consumer,Office Supplies,Binders,OFF-BI-10003676,30,30,10,3,4223
5464,26-01-2022,First Class,Consumer,Office Supplies,Paper,OFF-PA-10000659,60,60,4,3,3040
5465,28-05-2022,First Class,Consumer,Office Supplies,Envelopes,OFF-EN-10002504,90,110,5,3,785
5466,12-03-2023,First Class,Consumer,Furniture,Bookcases,FUR-BO-10001972,170,180,5,2,4399
5467,17-04-2022,Second Class,Consumer,Office Supplies,Paper,OFF-PA-10000466,20,20,3,4,4605
5468,11-08-2022,Standard Class,Consumer,Furniture,Chairs,FUR-CH-10002774,110,120,3,4,1038
5469,27-03-2022,First Class,Home Office,Furniture,Chairs,FUR-CH-10000454,510,590,3,2,5062
5470,01-05-2023,First Class,Home Office,Office Supplies,Paper,OFF-PA-10004888,20,20,3,3,32
5471,07-05-2022,Standard Class,Consumer,Office Supplies,Appliances,OFF-AP-10003842,110,120,5,3,2316
5472,31-12-2023,Standard Class,Consumer,Furniture,Furnishings,FUR-FU-10000320,10,10,5,5,1297
5473,20-03-2023,Standard Class,Consumer,Office Supplies,Storage,OFF-ST-10002554,70,80,2,2,930
5474,21-10-2023,Standard Class,Consumer,Furniture,Bookcases,FUR-BO-10000468,80,100,7,2,4668
5475,03-04-2022,Same Day,Corporate,Office Supplies,Storage,OFF-ST-10004459,630,750,2,5,2066
5476,14-11-2022,First Class,Home Office,Office Supplies,Labels,OFF-LA-10002312,30,40,3,3,584
5477,05-05-2022,First Class,Home Office,Office Supplies,Storage,OFF-ST-10001291,70,80,5,5,4006
5478,14-12-2022,First Class,Home Office,Office Supplies,Paper,OFF-PA-10003022,20,20,3,4,4543
5479,23-08-2023,Standard Class,Consumer,Office Supplies,Binders,OFF-BI-10002133,120,130,3,4,4204
5480,11-06-2022,Standard Class,Corporate,Office Supplies,Binders,OFF-BI-10001097,0,0,1,4,3213
5481,22-01-2022,Standard Class,Corporate,Technology,Phones,TEC-PH-10001336,90,100,1,3,1584
5482,10-11-2022,Standard Class,Corporate,Technology,Accessories,TEC-AC-10002305,30,40,2,5,3000
5483,21-08-2023,Standard Class,Corporate,Technology,Accessories,TEC-AC-10003610,190,240,4,2,1855
5484,06-01-2022,Standard Class,Corporate,Office Supplies,Storage,OFF-ST-10002301,30,40,2,5,4112
5485,25-12-2022,Standard Class,Consumer,Furniture,Chairs,FUR-CH-10002044,360,420,4,4,973
5486,23-03-2022,Standard Class,Consumer,Office Supplies,Envelopes,OFF-EN-10001099,20,20,3,5,2806
5487,01-12-2022,Standard Class,Home Office,Office Supplies,Binders,OFF-BI-10004140,0,0,4,4,2503
5488,28-04-2022,Second Class,Corporate,Technology,Phones,TEC-PH-10004897,20,20,3,5,564
5489,30-01-2023,Second Class,Corporate,Office Supplies,Labels,OFF-LA-10000262,10,10,3,4,1047
5490,08-08-2022,Second Class,Corporate,Office Supplies,Appliances,OFF-AP-10002222,20,20,3,5,3074
5491,25-06-2023,Second Class,Corporate,Furniture,Chairs,FUR-CH-10003774,210,220,3,5,4151
5492,24-02-2023,First Class,Consumer,Office Supplies,Storage,OFF-ST-10000615,20,20,2,4,4812
5493,14-12-2022,Same Day,Home Office,Office Supplies,Supplies,OFF-SU-10001225,10,10,2,5,4495
5494,20-05-2022,Same Day,Home Office,Office Supplies,Labels,OFF-LA-10002043,30,40,4,5,2394
5495,02-12-2022,Same Day,Home Office,Furniture,Bookcases,FUR-BO-10000330,330,410,4,2,993
5496,16-05-2022,Standard Class,Corporate,Office Supplies,Binders,OFF-BI-10001249,10,10,4,4,3679
5497,27-02-2022,Standard Class,Consumer,Technology,Accessories,TEC-AC-10004469,50,60,2,5,4681
5498,16-12-2023,Second Class,Consumer,Office Supplies,Art,OFF-AR-10001177,10,10,2,2,1225
5499,29-10-2023,Second Class,Consumer,Office Supplies,Labels,OFF-LA-10000634,10,10,3,5,186
5500,17-08-2022,Second Class,Consumer,Technology,Accessories,TEC-AC-10004708,40,40,2,3,5044
5501,12-12-2023,Second Class,Consumer,Furniture,Chairs,FUR-CH-10002084,630,660,6,3,2012
5502,23-02-2022,Second Class,Consumer,Office Supplies,Paper,OFF-PA-10004519,10,10,2,3,2869
5503,26-09-2022,Standard Class,Corporate,Furniture,Furnishings,FUR-FU-10001847,0,0,1,3,209
5504,26-05-2023,Standard Class,Corporate,Office Supplies,Appliances,OFF-AP-10001962,20,20,3,3,137
5505,15-06-2022,Standard Class,Corporate,Office Supplies,Envelopes,OFF-EN-10003845,10,10,3,3,2352
5506,09-01-2023,Standard Class,Corporate,Technology,Phones,TEC-PH-10001817,800,860,4,3,1924
5507,25-06-2022,Same Day,Consumer,Office Supplies,Paper,OFF-PA-10000167,50,60,2,5,5054
5508,28-05-2023,Standard Class,Consumer,Office Supplies,Envelopes,OFF-EN-10002973,20,20,4,3,2352
5509,12-03-2023,Standard Class,Consumer,Furniture,Furnishings,FUR-FU-10001588,130,150,5,4,1468
5510,03-05-2023,Standard Class,Consumer,Office Supplies,Paper,OFF-PA-10001736,50,60,2,3,886
5511,16-10-2022,Standard Class,Consumer,Technology,Phones,TEC-PH-10002185,10,10,2,3,4383
5512,15-01-2022,Standard Class,Consumer,Office Supplies,Paper,OFF-PA-10000174,30,30,4,5,3416
5513,18-01-2023,Standard Class,Consumer,Office Supplies,Paper,OFF-PA-10000069,20,20,3,3,1928
5514,27-07-2023,First Class,Consumer,Technology,Phones,TEC-PH-10001795,200,240,3,5,1455
5515,02-05-2023,First Class,Consumer,Office Supplies,Appliances,OFF-AP-10004540,150,160,2,2,2770
5516,23-08-2022,First Class,Consumer,Technology,Phones,TEC-PH-10001527,110,130,3,5,607
5517,21-06-2022,Second Class,Corporate,Technology,Accessories,TEC-AC-10003870,1080,1320,4,4,4040
5518,01-09-2022,Standard Class,Corporate,Furniture,Chairs,FUR-CH-10004540,190,240,10,2,2881
5519,11-07-2022,Standard Class,Corporate,Furniture,Furnishings,FUR-FU-10004093,50,50,2,2,858
5520,20-09-2022,Standard Class,Corporate,Office Supplies,Art,OFF-AR-10000716,10,10,3,4,2160
5521,04-11-2022,Standard Class,Corporate,Office Supplies,Paper,OFF-PA-10002709,20,20,5,2,4867
5522,19-03-2022,Standard Class,Corporate,Technology,Accessories,TEC-AC-10000580,210,260,4,4,1575
5523,08-05-2023,First Class,Consumer,Office Supplies,Binders,OFF-BI-10000829,20,20,6,2,1579
5524,14-02-2023,First Class,Consumer,Office Supplies,Appliances,OFF-AP-10004859,50,60,4,2,820
5525,25-01-2023,First Class,Home Office,Office Supplies,Paper,OFF-PA-10000575,70,80,12,3,4098
5526,09-03-2023,Standard Class,Corporate,Office Supplies,Art,OFF-AR-10002804,10,10,2,3,4671
5527,23-07-2022,Standard Class,Home Office,Office Supplies,Fasteners,OFF-FA-10002676,0,0,1,2,4481
5528,23-06-2023,First Class,Home Office,Office Supplies,Paper,OFF-PA-10003465,40,40,2,4,1824
5529,23-01-2023,Standard Class,Corporate,Technology,Phones,TEC-PH-10000011,70,80,5,4,525
5530,30-06-2023,Standard Class,Corporate,Office Supplies,Paper,OFF-PA-10004381,110,120,3,3,3711
5531,18-05-2023,Standard Class,Consumer,Technology,Phones,TEC-PH-10001795,2210,2480,4,3,556
5532,27-02-2022,First Class,Consumer,Technology,Accessories,TEC-AC-10001109,160,180,6,3,1117
5533,25-07-2023,First Class,Consumer,Technology,Accessories,TEC-AC-10003038,30,30,3,5,3247
5534,22-02-2022,First Class,Consumer,Technology,Accessories,TEC-AC-10003174,260,320,3,3,1365
5535,26-10-2023,First Class,Consumer,Office Supplies,Paper,OFF-PA-10000157,60,60,3,5,2258
5536,26-04-2022,First Class,Consumer,Office Supplies,Binders,OFF-BI-10001721,50,60,3,2,3448
5537,08-05-2022,First Class,Consumer,Office Supplies,Binders,OFF-BI-10000591,10,10,3,5,4314
5538,13-07-2023,First Class,Consumer,Office Supplies,Paper,OFF-PA-10001534,10,10,2,4,3875
5539,17-01-2023,Standard Class,Consumer,Office Supplies,Binders,OFF-BI-10002071,20,20,3,4,2535
5540,21-07-2023,Standard Class,Consumer,Furniture,Chairs,FUR-CH-10000513,150,180,2,2,416
5541,25-06-2022,Standard Class,Consumer,Office Supplies,Binders,OFF-BI-10003274,0,0,2,5,4728
5542,04-12-2022,Standard Class,Consumer,Office Supplies,Supplies,OFF-SU-10000381,20,20,3,2,2279
5543,03-09-2022,Standard Class,Corporate,Furniture,Tables,FUR-TA-10001086,430,460,6,5,4267
5544,07-11-2023,Standard Class,Corporate,Office Supplies,Binders,OFF-BI-10000174,10,10,6,5,4384
5545,10-03-2022,Standard Class,Corporate,Office Supplies,Binders,OFF-BI-10002103,10,10,2,4,223
5546,11-10-2022,Standard Class,Home Office,Office Supplies,Storage,OFF-ST-10001590,60,70,5,5,3552
5547,27-01-2022,First Class,Consumer,Furniture,Furnishings,FUR-FU-10002396,30,30,2,4,159
5548,07-11-2022,First Class,Consumer,Technology,Phones,TEC-PH-10002807,110,130,4,3,4291
5549,22-08-2023,First Class,Consumer,Office Supplies,Appliances,OFF-AP-10004859,40,40,3,3,506
5550,06-01-2023,First Class,Consumer,Technology,Accessories,TEC-AC-10003447,120,140,7,5,1323
5551,09-09-2022,Standard Class,Corporate,Office Supplies,Art,OFF-AR-10003183,0,0,1,5,957
5552,23-05-2023,Standard Class,Corporate,Office Supplies,Supplies,OFF-SU-10000432,20,20,6,4,4364
5553,22-05-2023,Standard Class,Corporate,Technology,Accessories,TEC-AC-10003832,70,80,3,2,2307
5554,02-12-2023,Standard Class,Corporate,Office Supplies,Paper,OFF-PA-10004100,30,40,7,5,4908
5555,27-09-2023,Standard Class,Corporate,Furniture,Bookcases,FUR-BO-10004467,60,70,1,4,2583
5556,13-11-2023,Second Class,Corporate,Furniture,Furnishings,FUR-FU-10002963,10,10,2,4,4341
5557,08-09-2023,Standard Class,Corporate,Furniture,Furnishings,FUR-FU-10003829,10,10,2,5,1408
5558,22-06-2023,Standard Class,Corporate,Office Supplies,Art,OFF-AR-10003582,60,60,2,5,1457
5559,12-08-2022,Standard Class,Consumer,Office Supplies,Paper,OFF-PA-10000048,10,10,1,3,3369
5560,17-02-2023,Standard Class,Consumer,Office Supplies,Storage,OFF-ST-10000078,1090,1330,5,3,3338
5561,10-02-2023,Standard Class,Consumer,Office Supplies,Labels,OFF-LA-10004853,10,10,3,2,1465
5562,28-08-2023,Second Class,Corporate,Office Supplies,Binders,OFF-BI-10001153,20,30,1,2,3447
5563,12-12-2022,Second Class,Corporate,Technology,Copiers,TEC-CO-10001449,2460,3000,5,4,4701
5564,23-11-2023,Second Class,Corporate,Office Supplies,Binders,OFF-BI-10000474,60,60,4,4,1996
5565,24-03-2023,Same Day,Home Office,Office Supplies,Art,OFF-AR-10000799,20,20,4,4,1518
5566,17-05-2022,Same Day,Home Office,Technology,Machines,TEC-MA-10002109,170,210,2,3,4396
5567,06-02-2022,Same Day,Home Office,Office Supplies,Art,OFF-AR-10003338,30,30,5,2,131
5568,16-05-2023,Same Day,Home Office,Furniture,Chairs,FUR-CH-10003606,80,90,1,5,23
5569,01-11-2023,Same Day,Home Office,Technology,Copiers,TEC-CO-10001449,830,960,2,5,2453
5570,17-12-2022,Same Day,Home Office,Office Supplies,Paper,OFF-PA-10001934,20,20,3,2,2370
5571,17-10-2023,Same Day,Home Office,Technology,Phones,TEC-PH-10001527,30,30,1,2,1243
5572,06-09-2023,Standard Class,Corporate,Office Supplies,Paper,OFF-PA-10001033,90,100,3,3,2650
5573,24-10-2022,Standard Class,Corporate,Office Supplies,Binders,OFF-BI-10003719,30,30,4,4,564
5574,08-02-2022,Standard Class,Corporate,Office Supplies,Paper,OFF-PA-10003036,20,20,3,4,1397
5575,29-12-2022,Standard Class,Corporate,Technology,Phones,TEC-PH-10001870,40,40,1,4,4222
5576,31-10-2023,Standard Class,Corporate,Technology,Phones,TEC-PH-10001809,170,180,2,2,1617
5577,26-04-2022,Standard Class,Consumer,Furniture,Furnishings,FUR-FU-10004864,320,380,6,3,2997
5578,16-04-2022,Standard Class,Consumer,Office Supplies,Appliances,OFF-AP-10002350,50,60,3,3,2100
5579,11-05-2022,Second Class,Consumer,Office Supplies,Art,OFF-AR-10003829,10,10,2,2,3193
5580,08-07-2022,Second Class,Consumer,Furniture,Chairs,FUR-CH-10003833,220,240,5,4,127
5581,22-07-2023,Second Class,Consumer,Office Supplies,Paper,OFF-PA-10000143,50,50,9,5,4826
5582,04-11-2022,Standard Class,Home Office,Furniture,Furnishings,FUR-FU-10000076,20,20,1,3,225
5583,16-02-2023,Standard Class,Home Office,Office Supplies,Art,OFF-AR-10000462,10,10,5,2,3065
5584,06-05-2022,Second Class,Consumer,Furniture,Furnishings,FUR-FU-10003829,10,10,2,3,370
5585,05-02-2023,Standard Class,Home Office,Office Supplies,Storage,OFF-ST-10002182,60,80,4,3,839
5586,14-10-2022,Standard Class,Home Office,Technology,Phones,TEC-PH-10001468,450,550,3,5,2739
5587,13-10-2023,Standard Class,Home Office,Office Supplies,Storage,OFF-ST-10001809,220,270,3,5,2869
5588,06-01-2022,First Class,Consumer,Office Supplies,Fasteners,OFF-FA-10001561,10,10,5,2,3475
5589,05-03-2023,Standard Class,Home Office,Office Supplies,Binders,OFF-BI-10001759,10,10,2,3,1402
5590,21-04-2023,Second Class,Consumer,Office Supplies,Storage,OFF-ST-10000615,20,30,3,2,4368
5591,13-01-2022,Second Class,Consumer,Office Supplies,Storage,OFF-ST-10003816,300,350,2,3,1059
5592,14-03-2023,Second Class,Corporate,Furniture,Chairs,FUR-CH-10002880,220,250,2,5,100
5593,05-03-2022,Second Class,Corporate,Office Supplies,Binders,OFF-BI-10004738,20,20,1,2,272
5594,12-10-2023,Standard Class,Consumer,Office Supplies,Binders,OFF-BI-10003984,50,60,7,3,3394
5595,23-08-2023,Same Day,Corporate,Technology,Phones,TEC-PH-10000984,320,390,2,3,2521
5596,24-07-2023,Same Day,Corporate,Technology,Phones,TEC-PH-10001944,390,440,3,3,3142
5597,24-04-2023,Standard Class,Consumer,Office Supplies,Binders,OFF-BI-10002735,70,70,2,4,2086
5598,14-08-2023,Standard Class,Consumer,Office Supplies,Supplies,OFF-SU-10001165,30,30,3,2,2774
5599,04-04-2022,Standard Class,Consumer,Office Supplies,Art,OFF-AR-10000614,10,10,3,4,196
5600,02-04-2023,Same Day,Consumer,Office Supplies,Art,OFF-AR-10004010,60,60,2,4,2981
5601,28-04-2022,Same Day,Consumer,Office Supplies,Envelopes,OFF-EN-10004030,10,10,5,5,2253
5602,03-11-2022,Same Day,Consumer,Technology,Accessories,TEC-AC-10003023,130,140,3,2,1479
5603,04-04-2022,Second Class,Corporate,Office Supplies,Storage,OFF-ST-10003572,10,10,1,2,3074
5604,18-07-2022,Second Class,Corporate,Office Supplies,Paper,OFF-PA-10004353,70,80,5,4,3189
5605,12-09-2022,Standard Class,Corporate,Office Supplies,Binders,OFF-BI-10003718,510,590,6,2,4042
5606,25-03-2022,Standard Class,Corporate,Furniture,Furnishings,FUR-FU-10001546,20,20,2,2,4762
5607,29-06-2023,Standard Class,Corporate,Furniture,Chairs,FUR-CH-10002880,90,100,1,5,1698
5608,22-12-2023,Standard Class,Consumer,Office Supplies,Art,OFF-AR-10001547,10,10,5,5,4381
5609,24-07-2023,Standard Class,Consumer,Office Supplies,Appliances,OFF-AP-10001626,10,10,2,4,2609
5610,29-07-2022,Standard Class,Consumer,Technology,Accessories,TEC-AC-10003033,620,660,2,4,2385
5611,17-02-2023,First Class,Consumer,Technology,Accessories,TEC-AC-10002323,40,50,3,5,1843
5612,11-05-2022,Standard Class,Corporate,Technology,Accessories,TEC-AC-10002049,720,840,2,5,3168
5613,30-04-2022,Standard Class,Corporate,Technology,Accessories,TEC-AC-10002253,1400,1500,9,4,1980
5614,01-09-2022,Standard Class,Consumer,Office Supplies,Storage,OFF-ST-10003994,110,120,2,5,3615
5615,28-06-2023,Standard Class,Corporate,Office Supplies,Art,OFF-AR-10002399,20,20,5,2,61
5616,16-03-2022,Standard Class,Corporate,Office Supplies,Appliances,OFF-AP-10002118,900,1040,5,2,1938
5617,09-02-2022,Standard Class,Corporate,Office Supplies,Art,OFF-AR-10001954,20,30,6,4,1537
5618,10-04-2022,Standard Class,Corporate,Furniture,Furnishings,FUR-FU-10001591,20,20,2,5,2367
5619,28-06-2022,First Class,Consumer,Office Supplies,Storage,OFF-ST-10004186,400,440,4,4,1479
5620,05-09-2022,Standard Class,Corporate,Technology,Accessories,TEC-AC-10001908,430,500,5,3,3650
5621,21-12-2023,Standard Class,Corporate,Office Supplies,Art,OFF-AR-10000817,0,0,1,2,3719
5622,10-12-2022,Standard Class,Corporate,Furniture,Chairs,FUR-CH-10004218,180,200,2,5,3188
5623,08-03-2023,Standard Class,Corporate,Furniture,Furnishings,FUR-FU-10000755,60,70,11,3,618
5624,08-03-2023,Second Class,Corporate,Technology,Accessories,TEC-AC-10003063,90,100,4,4,548
5625,18-12-2022,Second Class,Corporate,Technology,Accessories,TEC-AC-10002637,310,360,2,2,715
5626,25-02-2023,Second Class,Home Office,Furniture,Furnishings,FUR-FU-10001706,10,10,2,3,174
5627,10-08-2023,Second Class,Home Office,Furniture,Tables,FUR-TA-10002958,2120,2350,9,2,4834
5628,14-02-2023,Standard Class,Corporate,Office Supplies,Labels,OFF-LA-10004689,10,10,6,4,1426
5629,05-09-2023,Standard Class,Corporate,Furniture,Chairs,FUR-CH-10001545,260,270,3,3,2123
5630,01-08-2023,Second Class,Home Office,Furniture,Tables,FUR-TA-10002530,700,820,9,3,4139
5631,26-11-2022,Standard Class,Consumer,Technology,Accessories,TEC-AC-10001432,200,230,3,5,4558
5632,09-06-2022,Standard Class,Consumer,Furniture,Tables,FUR-TA-10003715,1020,1260,6,3,2085
5633,27-10-2023,Standard Class,Consumer,Office Supplies,Binders,OFF-BI-10003291,20,20,2,5,49
5634,09-05-2023,Second Class,Home Office,Office Supplies,Binders,OFF-BI-10004187,10,10,7,4,466
5635,29-03-2023,First Class,Home Office,Office Supplies,Binders,OFF-BI-10000666,130,150,5,3,3897
5636,06-09-2022,Standard Class,Home Office,Office Supplies,Binders,OFF-BI-10002225,70,80,5,5,3732
5637,08-05-2022,Standard Class,Home Office,Technology,Accessories,TEC-AC-10000474,230,280,3,3,3014
5638,25-12-2022,Standard Class,Corporate,Furniture,Furnishings,FUR-FU-10004245,60,60,3,5,68
5639,23-12-2023,Standard Class,Consumer,Furniture,Chairs,FUR-CH-10004287,1180,1330,6,5,1219
5640,02-05-2022,Standard Class,Consumer,Furniture,Chairs,FUR-CH-10000595,540,570,3,4,3167
5641,28-11-2022,Standard Class,Home Office,Office Supplies,Paper,OFF-PA-10003063,30,30,9,2,2961
5642,02-11-2023,First Class,Home Office,Office Supplies,Art,OFF-AR-10000246,10,10,4,5,1657
5643,19-05-2022,Second Class,Home Office,Furniture,Furnishings,FUR-FU-10003274,10,10,4,2,2904
5644,10-08-2023,Second Class,Corporate,Office Supplies,Envelopes,OFF-EN-10004147,20,20,3,4,4068
5645,17-02-2022,First Class,Home Office,Office Supplies,Binders,OFF-BI-10002103,20,30,5,5,209
5646,29-09-2023,Standard Class,Corporate,Furniture,Furnishings,FUR-FU-10004018,60,70,5,5,1628
5647,25-08-2023,Standard Class,Corporate,Furniture,Furnishings,FUR-FU-10001473,170,190,14,2,298
5648,22-05-2023,Standard Class,Consumer,Office Supplies,Paper,OFF-PA-10001800,20,20,3,5,2385
5649,21-03-2023,Second Class,Corporate,Office Supplies,Paper,OFF-PA-10004609,30,30,5,3,2093
5650,25-03-2023,Second Class,Corporate,Office Supplies,Envelopes,OFF-EN-10002592,50,60,5,5,527
5651,29-07-2023,Second Class,Corporate,Office Supplies,Storage,OFF-ST-10002957,10,10,2,5,4943
5652,18-01-2022,Second Class,Corporate,Furniture,Bookcases,FUR-BO-10002613,1070,1190,5,2,3401
5653,23-06-2023,Standard Class,Corporate,Office Supplies,Paper,OFF-PA-10001033,40,40,1,3,3131
5654,01-05-2023,Standard Class,Corporate,Office Supplies,Art,OFF-AR-10000940,0,0,1,5,2520
5655,22-06-2023,First Class,Home Office,Office Supplies,Binders,OFF-BI-10001670,40,50,4,5,1020
5656,09-02-2023,First Class,Home Office,Office Supplies,Art,OFF-AR-10004078,20,20,4,5,158
5657,31-07-2023,First Class,Home Office,Office Supplies,Paper,OFF-PA-10003036,10,10,2,4,554
5658,07-09-2022,First Class,Home Office,Technology,Accessories,TEC-AC-10000991,90,110,3,2,1390
5659,13-04-2023,First Class,Home Office,Furniture,Tables,FUR-TA-10002530,310,380,5,3,3860
5660,28-09-2023,First Class,Home Office,Office Supplies,Labels,OFF-LA-10000407,20,20,4,4,578
5661,11-02-2022,First Class,Home Office,Technology,Phones,TEC-PH-10004833,30,30,3,5,2901
5662,30-05-2022,Standard Class,Home Office,Furniture,Furnishings,FUR-FU-10002671,20,20,2,3,1591
5663,23-05-2022,Standard Class,Home Office,Office Supplies,Storage,OFF-ST-10001370,460,510,9,4,1202
5664,26-12-2022,Same Day,Corporate,Office Supplies,Art,OFF-AR-10000914,20,20,2,4,2157
5665,25-02-2022,Same Day,Corporate,Office Supplies,Binders,OFF-BI-10001116,10,10,7,4,2340
5666,07-10-2023,Same Day,Corporate,Office Supplies,Storage,OFF-ST-10002276,60,70,1,2,3639
5667,20-10-2022,Same Day,Corporate,Office Supplies,Storage,OFF-ST-10004340,80,100,2,2,4627
5668,03-06-2022,Standard Class,Consumer,Office Supplies,Labels,OFF-LA-10004093,10,10,2,2,1000
5669,04-11-2023,Standard Class,Consumer,Office Supplies,Binders,OFF-BI-10004728,50,50,14,3,3072
5670,23-05-2022,Standard Class,Consumer,Technology,Accessories,TEC-AC-10003095,330,390,3,4,3734
5671,16-10-2023,Second Class,Consumer,Furniture,Furnishings,FUR-FU-10003192,310,360,4,2,3135
5672,10-08-2022,Second Class,Consumer,Technology,Phones,TEC-PH-10004522,120,140,3,2,4378
5673,06-06-2022,Standard Class,Corporate,Office Supplies,Envelopes,OFF-EN-10003068,20,20,2,4,5050
5674,09-03-2023,Standard Class,Corporate,Office Supplies,Paper,OFF-PA-10001204,10,10,2,4,1945
5675,15-04-2022,Standard Class,Consumer,Office Supplies,Paper,OFF-PA-10003953,10,10,2,5,2767
5676,15-12-2023,Standard Class,Corporate,Technology,Phones,TEC-PH-10001552,50,60,6,5,230
5677,05-11-2022,Standard Class,Corporate,Technology,Accessories,TEC-AC-10004877,30,30,4,4,2868
5678,27-04-2022,Standard Class,Consumer,Furniture,Furnishings,FUR-FU-10000193,40,40,3,4,4521
5679,21-03-2023,Standard Class,Home Office,Office Supplies,Fasteners,OFF-FA-10000735,20,20,7,2,1231
5680,02-09-2023,Standard Class,Home Office,Office Supplies,Paper,OFF-PA-10002120,90,110,2,4,41
5681,21-10-2022,Standard Class,Consumer,Office Supplies,Binders,OFF-BI-10001249,10,10,1,3,3365
5682,10-02-2023,Standard Class,Consumer,Office Supplies,Paper,OFF-PA-10001569,10,10,1,5,300
5683,30-04-2022,Standard Class,Consumer,Office Supplies,Paper,OFF-PA-10004248,20,20,3,4,3246
5684,09-06-2022,Standard Class,Consumer,Technology,Phones,TEC-PH-10001128,1000,1050,7,3,4433
5685,11-07-2022,Standard Class,Consumer,Office Supplies,Appliances,OFF-AP-10003842,140,150,5,4,1879
5686,15-02-2023,Same Day,Consumer,Office Supplies,Binders,OFF-BI-10002794,100,100,3,3,2102
5687,22-06-2022,Same Day,Consumer,Office Supplies,Fasteners,OFF-FA-10000621,10,10,5,4,3761
5688,04-06-2023,Same Day,Consumer,Furniture,Furnishings,FUR-FU-10003623,110,130,6,3,3441
5689,17-08-2022,Same Day,Consumer,Office Supplies,Envelopes,OFF-EN-10000781,50,50,7,3,2213
5690,25-11-2023,Standard Class,Home Office,Furniture,Chairs,FUR-CH-10002044,240,280,3,5,3820
5691,15-01-2022,Standard Class,Corporate,Office Supplies,Art,OFF-AR-10000817,30,30,9,4,1279
5692,13-10-2022,Standard Class,Corporate,Office Supplies,Paper,OFF-PA-10001509,40,40,5,3,2978
5693,14-04-2022,Standard Class,Corporate,Technology,Phones,TEC-PH-10004667,120,130,1,4,2747
5694,22-01-2022,Standard Class,Corporate,Office Supplies,Paper,OFF-PA-10000143,30,30,5,4,2740
5695,03-09-2022,Standard Class,Corporate,Furniture,Chairs,FUR-CH-10000785,500,540,3,2,730
5696,13-03-2022,Second Class,Consumer,Furniture,Tables,FUR-TA-10001676,60,70,2,3,957
5697,28-08-2022,Standard Class,Home Office,Office Supplies,Binders,OFF-BI-10000309,30,30,9,4,564
5698,22-08-2022,Standard Class,Home Office,Office Supplies,Binders,OFF-BI-10004224,10,10,1,5,2869
5699,09-03-2022,Same Day,Consumer,Office Supplies,Labels,OFF-LA-10002312,10,10,1,3,3510
5700,04-08-2023,Standard Class,Consumer,Office Supplies,Paper,OFF-PA-10003022,30,40,6,5,4315
5701,22-01-2023,First Class,Home Office,Office Supplies,Envelopes,OFF-EN-10001532,30,40,3,5,4222
5702,04-04-2023,First Class,Home Office,Technology,Accessories,TEC-AC-10004855,120,140,5,5,3154
5703,18-01-2022,Standard Class,Consumer,Office Supplies,Art,OFF-AR-10003829,0,0,1,3,2229
5704,13-08-2022,Standard Class,Consumer,Furniture,Tables,FUR-TA-10002645,120,140,1,4,4498
5705,27-04-2023,Standard Class,Consumer,Technology,Accessories,TEC-AC-10003033,210,260,1,2,4137
5706,23-10-2022,Standard Class,Consumer,Office Supplies,Supplies,OFF-SU-10002522,10,10,3,4,2858
5707,20-04-2022,Second Class,Corporate,Office Supplies,Binders,OFF-BI-10004828,40,40,3,4,2362
5708,26-04-2022,Standard Class,Consumer,Furniture,Furnishings,FUR-FU-10001095,60,80,3,4,5077
5709,28-11-2023,Standard Class,Consumer,Office Supplies,Supplies,OFF-SU-10000157,290,360,3,5,1704
5710,16-03-2022,Standard Class,Consumer,Furniture,Chairs,FUR-CH-10002647,110,130,2,2,1019
5711,22-06-2023,Standard Class,Consumer,Technology,Copiers,TEC-CO-10004115,2270,2800,7,4,360
5712,02-01-2022,Standard Class,Consumer,Office Supplies,Paper,OFF-PA-10003363,20,20,3,4,3249
5713,23-01-2023,Same Day,Consumer,Technology,Phones,TEC-PH-10003092,30,40,1,5,3175
5714,03-11-2022,Standard Class,Home Office,Technology,Phones,TEC-PH-10003655,10,10,3,3,1598
5715,23-02-2023,Standard Class,Consumer,Office Supplies,Storage,OFF-ST-10001476,150,180,5,2,881
5716,29-07-2023,Second Class,Corporate,Technology,Accessories,TEC-AC-10002049,560,620,5,5,4552
5717,24-06-2023,Second Class,Corporate,Technology,Phones,TEC-PH-10003875,30,30,3,4,2545
5718,20-06-2023,Second Class,Corporate,Office Supplies,Envelopes,OFF-EN-10003286,60,60,7,2,1550
5719,10-03-2022,Second Class,Corporate,Office Supplies,Appliances,OFF-AP-10003971,20,30,3,2,805
5720,10-07-2022,Second Class,Consumer,Office Supplies,Storage,OFF-ST-10001031,70,80,5,5,3245
5721,27-07-2023,First Class,Corporate,Office Supplies,Fasteners,OFF-FA-10000304,10,10,5,2,3774
5722,07-03-2023,First Class,Corporate,Technology,Accessories,TEC-AC-10000358,80,90,3,3,4267
5723,05-01-2023,First Class,Corporate,Technology,Accessories,TEC-AC-10002800,130,160,4,3,1872
5724,24-05-2022,Standard Class,Corporate,Office Supplies,Paper,OFF-PA-10004735,10,10,2,5,256
5725,25-01-2022,Standard Class,Corporate,Office Supplies,Storage,OFF-ST-10002574,310,330,3,2,4123
5726,19-08-2023,First Class,Corporate,Technology,Accessories,TEC-AC-10004171,830,900,9,5,2262
5727,04-07-2022,Standard Class,Corporate,Technology,Phones,TEC-PH-10002922,770,950,7,5,2582
5728,20-12-2023,Standard Class,Consumer,Technology,Accessories,TEC-AC-10003023,160,180,3,2,2495
5729,12-02-2022,Standard Class,Consumer,Office Supplies,Appliances,OFF-AP-10003590,920,1090,3,2,4555
5730,07-10-2022,Standard Class,Consumer,Office Supplies,Labels,OFF-LA-10003510,50,60,2,2,3270
5731,26-08-2022,Standard Class,Consumer,Furniture,Bookcases,FUR-BO-10003159,420,460,4,2,1328
5732,15-02-2022,Standard Class,Consumer,Office Supplies,Paper,OFF-PA-10002713,30,30,4,4,3674
5733,24-11-2022,First Class,Corporate,Furniture,Bookcases,FUR-BO-10002598,590,640,9,2,3103
5734,01-08-2023,First Class,Corporate,Office Supplies,Supplies,OFF-SU-10002537,20,30,3,4,3498
5735,10-04-2023,First Class,Corporate,Furniture,Furnishings,FUR-FU-10003976,20,30,2,2,840
5736,21-08-2022,Standard Class,Consumer,Office Supplies,Binders,OFF-BI-10000174,10,10,3,3,3840
5737,25-12-2022,Standard Class,Consumer,Office Supplies,Paper,OFF-PA-10002893,20,20,2,3,5096
5738,24-06-2023,Standard Class,Consumer,Furniture,Furnishings,FUR-FU-10003194,20,20,2,3,3265
5739,02-01-2022,Standard Class,Consumer,Office Supplies,Binders,OFF-BI-10004233,30,40,3,5,351
5740,09-10-2022,First Class,Corporate,Office Supplies,Paper,OFF-PA-10000232,10,10,2,4,4663
5741,19-10-2022,First Class,Corporate,Furniture,Furnishings,FUR-FU-10001095,30,30,1,4,1838
5742,30-06-2023,First Class,Corporate,Technology,Machines,TEC-MA-10004679,490,530,2,4,880
5743,20-08-2022,First Class,Corporate,Office Supplies,Paper,OFF-PA-10003651,30,30,4,4,4189
5744,15-04-2022,First Class,Corporate,Office Supplies,Paper,OFF-PA-10000743,20,20,3,2,4820
5745,01-04-2023,First Class,Corporate,Office Supplies,Storage,OFF-ST-10002743,710,800,7,4,2433
5746,29-05-2022,First Class,Corporate,Furniture,Furnishings,FUR-FU-10003829,20,20,7,4,2540
5747,08-09-2023,Standard Class,Consumer,Technology,Phones,TEC-PH-10002496,230,250,2,5,1883
5748,04-01-2022,Standard Class,Consumer,Technology,Accessories,TEC-AC-10002473,60,70,3,3,1894
5749,20-06-2022,Standard Class,Consumer,Technology,Accessories,TEC-AC-10004877,20,20,3,3,1763
5750,03-02-2022,Standard Class,Consumer,Technology,Phones,TEC-PH-10000923,60,70,5,4,3192
5751,17-12-2022,Standard Class,Consumer,Furniture,Tables,FUR-TA-10001539,320,360,3,3,3711
5752,22-06-2023,Standard Class,Consumer,Office Supplies,Labels,OFF-LA-10003498,40,40,3,2,2273
5753,22-07-2023,Standard Class,Consumer,Office Supplies,Labels,OFF-LA-10004484,20,20,5,4,4309
5754,12-03-2023,Standard Class,Consumer,Furniture,Chairs,FUR-CH-10000015,740,870,4,2,4660
5755,20-04-2022,Second Class,Consumer,Office Supplies,Art,OFF-AR-10003732,10,10,2,3,554
5756,23-04-2023,Standard Class,Consumer,Office Supplies,Appliances,OFF-AP-10004052,0,0,4,4,3535
5757,09-07-2023,Standard Class,Consumer,Technology,Copiers,TEC-CO-10002095,1740,2000,5,3,4158
5758,27-06-2023,Standard Class,Consumer,Furniture,Furnishings,FUR-FU-10004270,40,50,3,2,2941
5759,13-01-2023,First Class,Consumer,Technology,Machines,TEC-MA-10000423,30,30,3,4,3774
5760,05-05-2023,Same Day,Home Office,Office Supplies,Storage,OFF-ST-10001526,450,480,4,3,1147
5761,22-07-2023,Same Day,Home Office,Office Supplies,Binders,OFF-BI-10002194,10,10,1,2,3473
5762,27-04-2022,First Class,Consumer,Office Supplies,Appliances,OFF-AP-10000828,480,540,3,2,4316
5763,25-11-2023,First Class,Consumer,Furniture,Furnishings,FUR-FU-10001473,50,50,4,4,5005
5764,26-11-2023,First Class,Corporate,Furniture,Chairs,FUR-CH-10004983,1200,1450,10,4,4329
5765,16-12-2023,Second Class,Consumer,Office Supplies,Storage,OFF-ST-10003994,300,350,6,4,1560
5766,04-04-2023,Standard Class,Consumer,Technology,Phones,TEC-PH-10004447,310,330,3,4,1518
5767,16-07-2023,Standard Class,Home Office,Office Supplies,Labels,OFF-LA-10004545,50,60,6,5,1964
5768,30-10-2023,Second Class,Corporate,Technology,Accessories,TEC-AC-10003116,80,90,6,3,770
5769,07-09-2022,Standard Class,Consumer,Office Supplies,Labels,OFF-LA-10001641,0,0,1,2,3062
5770,13-09-2023,Standard Class,Consumer,Office Supplies,Paper,OFF-PA-10002377,20,20,4,5,3885
5771,29-04-2022,Standard Class,Corporate,Furniture,Furnishings,FUR-FU-10000010,10,10,3,2,1904
5772,15-02-2023,Standard Class,Corporate,Office Supplies,Appliances,OFF-AP-10002651,950,1160,4,4,1941
5773,27-03-2022,Standard Class,Corporate,Technology,Copiers,TEC-CO-10002313,550,600,1,4,1846
5774,16-07-2023,Standard Class,Consumer,Office Supplies,Storage,OFF-ST-10001580,20,20,2,3,132
5775,20-04-2022,Standard Class,Consumer,Furniture,Chairs,FUR-CH-10001545,580,640,7,2,867
5776,26-02-2022,Standard Class,Consumer,Office Supplies,Binders,OFF-BI-10004826,10,10,1,2,3593
5777,06-11-2023,Standard Class,Consumer,Office Supplies,Binders,OFF-BI-10000301,20,20,3,5,2208
5778,13-04-2022,Standard Class,Consumer,Office Supplies,Paper,OFF-PA-10000994,90,100,1,3,1535
5779,04-01-2023,Standard Class,Consumer,Office Supplies,Art,OFF-AR-10003156,20,30,3,2,847
5780,22-12-2022,Standard Class,Consumer,Furniture,Chairs,FUR-CH-10000988,100,110,1,4,163
5781,25-05-2022,Standard Class,Consumer,Technology,Machines,TEC-MA-10003329,70,70,3,3,217
5782,04-09-2023,Second Class,Consumer,Office Supplies,Art,OFF-AR-10001547,0,0,1,4,4941
5783,08-10-2023,Second Class,Consumer,Office Supplies,Envelopes,OFF-EN-10003072,20,20,4,3,4999
5784,20-10-2023,Second Class,Consumer,Office Supplies,Paper,OFF-PA-10000726,30,40,4,4,1345
5785,18-02-2023,Standard Class,Consumer,Furniture,Bookcases,FUR-BO-10001972,200,220,6,3,4870
5786,18-07-2022,Standard Class,Consumer,Office Supplies,Supplies,OFF-SU-10004664,40,40,6,2,3181
5787,11-11-2022,Standard Class,Consumer,Office Supplies,Binders,OFF-BI-10003676,20,20,7,4,2925
5788,12-02-2022,Standard Class,Consumer,Office Supplies,Art,OFF-AR-10003727,80,100,7,2,1282
5789,05-02-2023,Second Class,Corporate,Furniture,Furnishings,FUR-FU-10003829,10,10,5,2,4221
5790,06-04-2022,Second Class,Corporate,Office Supplies,Binders,OFF-BI-10003712,0,0,3,4,1395
5791,15-02-2023,First Class,Consumer,Office Supplies,Fasteners,OFF-FA-10002280,40,40,7,2,312
5792,01-02-2023,First Class,Consumer,Furniture,Chairs,FUR-CH-10002961,70,70,1,4,3387
5793,15-07-2023,First Class,Consumer,Office Supplies,Appliances,OFF-AP-10002578,90,100,2,2,4067
5794,10-09-2022,First Class,Consumer,Furniture,Furnishings,FUR-FU-10004848,40,50,1,3,357
5795,06-04-2022,First Class,Consumer,Office Supplies,Binders,OFF-BI-10003364,50,50,2,3,361
5796,18-08-2022,Second Class,Consumer,Office Supplies,Storage,OFF-ST-10002615,1300,1400,9,4,4946
5797,25-04-2022,Second Class,Consumer,Furniture,Furnishings,FUR-FU-10000521,110,120,4,2,1568
5798,12-06-2022,Second Class,Consumer,Office Supplies,Labels,OFF-LA-10000121,20,20,3,5,3693
5799,03-01-2023,Second Class,Consumer,Office Supplies,Paper,OFF-PA-10001289,80,80,2,4,753
5800,04-03-2023,Second Class,Consumer,Furniture,Chairs,FUR-CH-10004495,340,420,2,5,2008
5801,07-10-2023,First Class,Consumer,Technology,Phones,TEC-PH-10000895,520,580,4,2,2279
5802,21-12-2022,First Class,Consumer,Office Supplies,Paper,OFF-PA-10000552,10,10,2,3,1056
5803,22-01-2022,First Class,Consumer,Technology,Phones,TEC-PH-10000376,20,20,2,5,2442
5804,02-02-2023,Standard Class,Home Office,Office Supplies,Art,OFF-AR-10003504,10,10,3,5,4974
5805,03-09-2023,Standard Class,Corporate,Office Supplies,Storage,OFF-ST-10000943,50,60,4,2,5015
5806,18-03-2023,Standard Class,Corporate,Furniture,Bookcases,FUR-BO-10003441,180,210,3,2,406
5807,27-06-2022,Second Class,Consumer,Office Supplies,Paper,OFF-PA-10002195,10,10,3,4,2686
5808,19-02-2023,Second Class,Consumer,Office Supplies,Appliances,OFF-AP-10001205,80,90,2,3,4624
5809,04-07-2023,Second Class,Consumer,Office Supplies,Art,OFF-AR-10002987,20,30,2,3,2869
5810,22-04-2023,Standard Class,Corporate,Furniture,Furnishings,FUR-FU-10000723,110,130,4,5,1138
5811,11-02-2022,Standard Class,Corporate,Office Supplies,Paper,OFF-PA-10003127,90,110,4,4,2951
5812,24-07-2022,Standard Class,Corporate,Furniture,Furnishings,FUR-FU-10000747,80,90,2,2,2688
5813,06-11-2022,Standard Class,Corporate,Technology,Phones,TEC-PH-10001795,1270,1490,3,3,3094
5814,31-01-2022,First Class,Home Office,Office Supplies,Paper,OFF-PA-10003797,20,20,3,2,2502
5815,26-07-2023,First Class,Consumer,Technology,Accessories,TEC-AC-10002718,10,10,1,3,1929
5816,12-07-2022,Same Day,Consumer,Technology,Phones,TEC-PH-10002170,230,280,4,3,926
5817,02-01-2022,Same Day,Consumer,Office Supplies,Binders,OFF-BI-10001078,10,10,3,3,2026
5818,21-05-2022,Same Day,Consumer,Office Supplies,Binders,OFF-BI-10001031,20,20,4,3,1967
5819,24-11-2022,Same Day,Consumer,Office Supplies,Labels,OFF-LA-10001158,80,90,9,2,1851
5820,09-03-2022,Same Day,Consumer,Office Supplies,Labels,OFF-LA-10001613,10,10,4,5,4698
5821,11-08-2022,Standard Class,Corporate,Office Supplies,Supplies,OFF-SU-10000157,200,240,2,3,3602
5822,09-10-2022,Standard Class,Corporate,Office Supplies,Appliances,OFF-AP-10004868,10,10,1,2,2533
5823,05-05-2023,Standard Class,Corporate,Furniture,Tables,FUR-TA-10001520,270,290,5,2,3562
5824,11-10-2022,Standard Class,Corporate,Office Supplies,Binders,OFF-BI-10001900,20,20,4,2,4989
5825,05-01-2022,Same Day,Consumer,Office Supplies,Appliances,OFF-AP-10003971,20,30,3,3,2517
5826,18-04-2022,Second Class,Home Office,Office Supplies,Paper,OFF-PA-10000418,340,420,4,5,4172
5827,22-01-2023,Second Class,Home Office,Furniture,Chairs,FUR-CH-10004626,70,90,1,5,2189
5828,31-01-2022,Second Class,Home Office,Furniture,Chairs,FUR-CH-10004860,150,180,2,3,1002
5829,03-11-2023,Second Class,Home Office,Office Supplies,Art,OFF-AR-10003251,10,10,2,4,785
5830,30-01-2022,Standard Class,Consumer,Furniture,Tables,FUR-TA-10004575,530,580,2,2,3128
5831,02-09-2022,Standard Class,Consumer,Furniture,Chairs,FUR-CH-10004754,20,30,1,2,182
5832,29-01-2022,Standard Class,Consumer,Technology,Accessories,TEC-AC-10003095,470,520,4,5,2942
5833,05-12-2023,Standard Class,Consumer,Office Supplies,Labels,OFF-LA-10000262,10,10,3,5,2491
5834,12-12-2023,Standard Class,Consumer,Furniture,Chairs,FUR-CH-10002961,330,360,5,5,2246
5835,13-01-2023,Standard Class,Consumer,Office Supplies,Binders,OFF-BI-10003876,50,60,5,4,2382
5836,16-02-2023,Standard Class,Consumer,Office Supplies,Binders,OFF-BI-10002133,30,40,3,4,2801
5837,27-09-2022,Standard Class,Consumer,Technology,Accessories,TEC-AC-10004396,60,70,5,4,2588
5838,27-12-2023,Standard Class,Consumer,Technology,Phones,TEC-PH-10004100,50,60,4,3,701
5839,30-08-2023,Standard Class,Consumer,Office Supplies,Storage,OFF-ST-10000636,80,80,5,2,2057
5840,05-03-2023,Second Class,Home Office,Office Supplies,Paper,OFF-PA-10001972,30,30,5,2,4896
5841,05-02-2022,Second Class,Home Office,Furniture,Furnishings,FUR-FU-10002554,40,50,2,2,4542
5842,08-03-2023,Standard Class,Consumer,Technology,Phones,TEC-PH-10003174,340,420,4,2,1287
5843,05-07-2022,Standard Class,Consumer,Office Supplies,Storage,OFF-ST-10001418,280,300,5,5,4667
5844,08-11-2023,Standard Class,Consumer,Furniture,Furnishings,FUR-FU-10002813,70,80,4,5,2775
5845,02-05-2023,Standard Class,Consumer,Office Supplies,Storage,OFF-ST-10000129,650,780,7,5,798
5846,23-08-2022,Standard Class,Consumer,Office Supplies,Paper,OFF-PA-10001639,30,30,5,3,603
5847,15-08-2022,Standard Class,Consumer,Furniture,Chairs,FUR-CH-10001708,210,230,2,5,3322
5848,25-11-2023,Standard Class,Consumer,Furniture,Furnishings,FUR-FU-10001591,40,40,3,4,1196
5849,20-05-2022,Standard Class,Home Office,Office Supplies,Appliances,OFF-AP-10003849,600,720,2,2,2530
5850,26-07-2023,Standard Class,Home Office,Office Supplies,Storage,OFF-ST-10000078,680,800,3,5,1799
5851,01-05-2022,Standard Class,Home Office,Technology,Copiers,TEC-CO-10001571,470,550,1,5,2312
5852,06-12-2023,Standard Class,Home Office,Office Supplies,Binders,OFF-BI-10001658,60,70,3,3,2676
5853,12-07-2023,Standard Class,Home Office,Furniture,Furnishings,FUR-FU-10004351,30,30,3,4,3185
5854,17-08-2023,Standard Class,Home Office,Office Supplies,Binders,OFF-BI-10003314,10,10,2,5,3699
5855,20-03-2023,Standard Class,Corporate,Office Supplies,Storage,OFF-ST-10001505,30,30,7,4,750
5856,13-07-2022,Standard Class,Corporate,Office Supplies,Supplies,OFF-SU-10003567,20,20,3,3,341
5857,08-03-2022,Standard Class,Corporate,Office Supplies,Binders,OFF-BI-10002982,0,0,1,5,510
5858,01-11-2023,Standard Class,Corporate,Furniture,Furnishings,FUR-FU-10002364,10,10,5,4,1423
5859,21-09-2022,Second Class,Consumer,Furniture,Bookcases,FUR-BO-10004218,210,240,2,4,4708
5860,20-09-2022,Standard Class,Consumer,Furniture,Tables,FUR-TA-10002530,260,300,2,5,3659
5861,10-09-2023,Second Class,Home Office,Office Supplies,Paper,OFF-PA-10001526,10,10,2,5,1175
5862,30-04-2023,Second Class,Consumer,Office Supplies,Paper,OFF-PA-10001497,100,110,2,5,308
5863,01-10-2022,Second Class,Consumer,Office Supplies,Paper,OFF-PA-10003936,20,20,3,2,3449
5864,11-05-2023,Second Class,Consumer,Office Supplies,Art,OFF-AR-10000716,10,10,2,3,3227
5865,16-12-2022,Second Class,Corporate,Office Supplies,Appliances,OFF-AP-10002765,60,80,3,3,3276
5866,10-01-2022,Second Class,Corporate,Office Supplies,Art,OFF-AR-10004165,0,0,2,4,4985
5867,19-11-2022,Second Class,Corporate,Furniture,Chairs,FUR-CH-10002335,1010,1130,5,4,3361
5868,27-04-2022,Standard Class,Corporate,Office Supplies,Art,OFF-AR-10004078,0,0,1,3,4509
5869,19-08-2022,Standard Class,Corporate,Office Supplies,Binders,OFF-BI-10002026,80,100,6,2,312
5870,04-04-2023,Standard Class,Home Office,Furniture,Chairs,FUR-CH-10001215,1380,1600,4,4,3837
5871,01-02-2022,Same Day,Corporate,Furniture,Tables,FUR-TA-10001771,1190,1290,7,5,4465
5872,23-09-2022,Standard Class,Consumer,Furniture,Furnishings,FUR-FU-10004006,120,130,3,3,4658
5873,02-11-2022,Standard Class,Home Office,Office Supplies,Storage,OFF-ST-10003282,50,60,1,2,4933
5874,06-12-2022,Same Day,Home Office,Office Supplies,Binders,OFF-BI-10002353,90,110,7,3,2595
5875,02-08-2022,Same Day,Home Office,Office Supplies,Binders,OFF-BI-10004141,10,10,3,2,2513
5876,21-04-2023,First Class,Home Office,Office Supplies,Art,OFF-AR-10001954,10,10,3,3,1099
5877,03-10-2023,Standard Class,Home Office,Office Supplies,Binders,OFF-BI-10001071,400,450,7,4,4977
5878,15-11-2022,Standard Class,Home Office,Office Supplies,Paper,OFF-PA-10003022,20,20,3,3,477
5879,06-10-2023,Standard Class,Home Office,Office Supplies,Appliances,OFF-AP-10001293,240,250,6,2,4156
5880,15-06-2023,Standard Class,Consumer,Office Supplies,Paper,OFF-PA-10001815,170,190,4,5,1421
5881,16-01-2022,Standard Class,Corporate,Furniture,Chairs,FUR-CH-10001215,700,800,2,5,1298
5882,21-12-2023,Standard Class,Corporate,Office Supplies,Paper,OFF-PA-10000100,340,370,9,4,880
5883,31-10-2022,Standard Class,Corporate,Furniture,Chairs,FUR-CH-10002880,830,890,9,4,1055
5884,15-08-2022,Second Class,Corporate,Furniture,Furnishings,FUR-FU-10004712,20,30,2,4,3390
5885,12-07-2022,Second Class,Corporate,Office Supplies,Supplies,OFF-SU-10000151,4320,4910,3,2,849
5886,26-05-2023,Same Day,Consumer,Office Supplies,Binders,OFF-BI-10000136,10,10,3,2,1726
5887,12-08-2023,Same Day,Consumer,Technology,Accessories,TEC-AC-10003610,160,180,3,3,2575
5888,06-06-2022,First Class,Corporate,Office Supplies,Storage,OFF-ST-10001837,30,40,1,5,2777
5889,29-09-2022,Standard Class,Consumer,Office Supplies,Paper,OFF-PA-10001952,40,50,2,4,11
5890,01-04-2023,First Class,Consumer,Office Supplies,Binders,OFF-BI-10002414,30,30,2,4,440
5891,24-10-2022,Standard Class,Consumer,Office Supplies,Paper,OFF-PA-10001790,30,40,1,3,3356
5892,03-03-2022,Standard Class,Consumer,Office Supplies,Storage,OFF-ST-10001590,20,20,2,5,416
5893,12-07-2023,Standard Class,Consumer,Technology,Accessories,TEC-AC-10003657,70,80,3,2,4293
5894,15-12-2023,Standard Class,Consumer,Office Supplies,Binders,OFF-BI-10004876,0,0,1,3,4487
5895,23-12-2023,Standard Class,Corporate,Office Supplies,Storage,OFF-ST-10003123,90,100,3,3,2120
5896,24-08-2022,Standard Class,Home Office,Office Supplies,Labels,OFF-LA-10003498,40,40,3,2,4092
5897,25-09-2023,Standard Class,Home Office,Office Supplies,Paper,OFF-PA-10004947,20,20,5,3,5026
5898,28-03-2023,Standard Class,Consumer,Furniture,Furnishings,FUR-FU-10003799,70,70,4,4,688
5899,11-01-2023,Standard Class,Consumer,Technology,Phones,TEC-PH-10000673,230,260,4,3,4001
5900,20-11-2022,Standard Class,Corporate,Office Supplies,Envelopes,OFF-EN-10002621,10,10,1,4,1030
5901,09-11-2022,Standard Class,Home Office,Office Supplies,Binders,OFF-BI-10004528,20,20,9,5,2809
5902,05-06-2022,Standard Class,Corporate,Furniture,Furnishings,FUR-FU-10001889,30,30,3,4,4955
5903,21-06-2022,Same Day,Home Office,Office Supplies,Paper,OFF-PA-10000157,60,60,3,4,2660
5904,27-11-2022,Same Day,Home Office,Office Supplies,Paper,OFF-PA-10002764,40,50,4,4,4155
5905,14-06-2022,Same Day,Home Office,Office Supplies,Paper,OFF-PA-10000143,30,30,5,4,3693
5906,28-09-2023,Same Day,Home Office,Office Supplies,Labels,OFF-LA-10000414,30,40,4,3,4981
5907,13-05-2023,Same Day,Home Office,Technology,Accessories,TEC-AC-10003441,20,20,1,4,1041
5908,17-06-2022,Standard Class,Corporate,Office Supplies,Binders,OFF-BI-10002353,20,20,2,3,3528
5909,08-01-2022,Standard Class,Corporate,Office Supplies,Appliances,OFF-AP-10001303,50,60,3,3,1401
5910,12-09-2023,Standard Class,Corporate,Furniture,Furnishings,FUR-FU-10003026,10,10,3,4,4278
5911,24-11-2022,Standard Class,Corporate,Office Supplies,Binders,OFF-BI-10000632,80,100,3,2,3405
5912,24-09-2022,Standard Class,Home Office,Office Supplies,Storage,OFF-ST-10001328,40,50,3,3,2904
5913,11-03-2022,Second Class,Corporate,Office Supplies,Supplies,OFF-SU-10004661,20,30,3,5,574
5914,21-11-2023,Standard Class,Consumer,Office Supplies,Storage,OFF-ST-10000617,10,10,5,2,1056
5915,07-08-2023,Standard Class,Consumer,Office Supplies,Labels,OFF-LA-10002762,70,90,7,4,551
5916,08-06-2022,Standard Class,Consumer,Furniture,Chairs,FUR-CH-10001973,180,200,2,2,1636
5917,07-09-2022,Standard Class,Consumer,Office Supplies,Storage,OFF-ST-10003058,80,90,4,2,418
5918,03-03-2022,Standard Class,Consumer,Furniture,Bookcases,FUR-BO-10004834,3810,4230,6,5,2527
5919,02-02-2022,Standard Class,Consumer,Furniture,Bookcases,FUR-BO-10002213,1720,2000,5,4,904
5920,16-12-2022,Standard Class,Consumer,Technology,Phones,TEC-PH-10002170,200,210,3,4,1057
5921,02-05-2022,Standard Class,Consumer,Technology,Accessories,TEC-AC-10003033,550,660,2,5,3483
5922,21-09-2023,Standard Class,Consumer,Office Supplies,Paper,OFF-PA-10004071,100,110,2,3,4930
5923,18-08-2022,Standard Class,Consumer,Technology,Phones,TEC-PH-10000169,60,70,4,2,3494
5924,24-11-2023,Second Class,Corporate,Furniture,Tables,FUR-TA-10002958,250,310,2,5,504
5925,14-03-2023,Second Class,Consumer,Office Supplies,Art,OFF-AR-10001177,20,20,7,4,213
5926,07-07-2023,Standard Class,Corporate,Technology,Accessories,TEC-AC-10004975,1010,1100,10,4,2743
5927,14-11-2022,Standard Class,Corporate,Furniture,Tables,FUR-TA-10001086,1100,1220,8,5,2939
5928,03-05-2023,Standard Class,Corporate,Office Supplies,Labels,OFF-LA-10000240,10,10,1,2,4246
5929,12-09-2022,Standard Class,Corporate,Furniture,Furnishings,FUR-FU-10002107,10,10,4,4,1539
5930,29-12-2022,First Class,Consumer,Furniture,Bookcases,FUR-BO-10001519,90,90,3,4,4398
5931,01-05-2022,First Class,Consumer,Office Supplies,Paper,OFF-PA-10004100,20,20,3,3,2639
5932,01-10-2022,First Class,Consumer,Technology,Phones,TEC-PH-10001363,630,680,2,2,414
5933,25-03-2023,First Class,Consumer,Office Supplies,Storage,OFF-ST-10004835,10,10,3,4,3753
5934,21-04-2022,First Class,Consumer,Technology,Accessories,TEC-AC-10002018,20,20,3,2,521
5935,11-09-2022,First Class,Consumer,Technology,Accessories,TEC-AC-10003033,490,530,2,2,3394
5936,24-09-2023,Same Day,Home Office,Furniture,Furnishings,FUR-FU-10000221,30,30,5,4,735
5937,25-07-2023,Same Day,Home Office,Technology,Phones,TEC-PH-10001198,160,180,3,3,712
5938,10-12-2022,Same Day,Home Office,Technology,Phones,TEC-PH-10002564,60,70,3,3,4637
5939,09-03-2023,Standard Class,Consumer,Technology,Phones,TEC-PH-10003811,90,100,1,2,3899
5940,18-07-2022,Standard Class,Consumer,Office Supplies,Labels,OFF-LA-10004178,10,10,4,2,986
5941,10-01-2022,Second Class,Consumer,Technology,Accessories,TEC-AC-10001465,370,440,12,2,460
5942,18-11-2023,Second Class,Consumer,Office Supplies,Art,OFF-AR-10000940,10,10,2,2,3525
5943,08-09-2023,Standard Class,Consumer,Technology,Phones,TEC-PH-10001700,190,210,4,4,2948
5944,18-02-2023,Standard Class,Corporate,Furniture,Furnishings,FUR-FU-10000771,10,10,1,4,1122
5945,16-10-2022,Standard Class,Corporate,Technology,Accessories,TEC-AC-10002399,80,100,5,5,2779
5946,23-08-2022,Standard Class,Corporate,Office Supplies,Paper,OFF-PA-10004983,20,30,4,3,865
5947,04-12-2022,Standard Class,Corporate,Office Supplies,Storage,OFF-ST-10004258,50,50,4,3,875
5948,30-12-2023,Second Class,Home Office,Office Supplies,Binders,OFF-BI-10004040,30,30,5,3,2583
5949,24-10-2022,Same Day,Corporate,Office Supplies,Envelopes,OFF-EN-10003862,30,40,4,3,2757
5950,02-11-2023,Same Day,Corporate,Technology,Accessories,TEC-AC-10004571,280,300,3,3,1852
5951,11-02-2023,Same Day,Corporate,Office Supplies,Appliances,OFF-AP-10000891,240,260,2,4,3391
5952,13-02-2022,Same Day,Corporate,Office Supplies,Binders,OFF-BI-10002026,210,230,6,2,4901
5953,02-05-2023,Standard Class,Home Office,Office Supplies,Paper,OFF-PA-10001826,20,20,4,4,4289
5954,08-08-2022,First Class,Corporate,Office Supplies,Art,OFF-AR-10001231,10,10,5,5,305
5955,21-10-2022,Second Class,Corporate,Furniture,Furnishings,FUR-FU-10000409,20,20,2,5,3189
5956,31-07-2023,Second Class,Corporate,Furniture,Bookcases,FUR-BO-10002545,430,520,4,2,319
5957,27-04-2022,Second Class,Corporate,Office Supplies,Storage,OFF-ST-10002756,550,680,5,3,1307
5958,05-07-2022,Second Class,Corporate,Office Supplies,Appliances,OFF-AP-10003842,130,150,5,4,1289
5959,03-06-2022,Second Class,Corporate,Office Supplies,Envelopes,OFF-EN-10004459,30,30,4,3,4185
5960,10-04-2022,Second Class,Corporate,Furniture,Chairs,FUR-CH-10003746,720,770,3,3,2896
5961,19-05-2022,Second Class,Corporate,Furniture,Furnishings,FUR-FU-10003142,20,20,4,3,4067
5962,01-06-2022,Second Class,Home Office,Technology,Phones,TEC-PH-10001425,480,580,9,3,2479
5963,29-07-2023,Second Class,Home Office,Office Supplies,Appliances,OFF-AP-10001626,10,10,2,2,426
5964,25-07-2022,Second Class,Home Office,Office Supplies,Paper,OFF-PA-10003625,100,120,4,2,4339
5965,11-03-2022,Standard Class,Corporate,Office Supplies,Supplies,OFF-SU-10004768,20,20,3,2,3313
5966,01-11-2023,Standard Class,Corporate,Office Supplies,Storage,OFF-ST-10000777,210,230,6,2,1412
5967,25-05-2022,Standard Class,Corporate,Technology,Phones,TEC-PH-10003171,100,110,3,5,4868
5968,23-08-2023,First Class,Home Office,Office Supplies,Paper,OFF-PA-10001033,70,80,2,5,3353
5969,01-08-2023,First Class,Consumer,Office Supplies,Paper,OFF-PA-10000418,90,100,1,4,689
5970,08-11-2022,First Class,Consumer,Office Supplies,Binders,OFF-BI-10001982,10,10,2,5,3062
5971,16-07-2023,First Class,Consumer,Office Supplies,Paper,OFF-PA-10002230,20,20,4,2,3857
5972,03-10-2023,First Class,Consumer,Furniture,Furnishings,FUR-FU-10003577,40,40,3,4,584
5973,03-01-2023,Standard Class,Consumer,Furniture,Bookcases,FUR-BO-10001811,210,240,1,5,1361
5974,03-03-2023,Standard Class,Home Office,Office Supplies,Appliances,OFF-AP-10003779,360,410,2,4,50
5975,14-02-2023,Standard Class,Consumer,Office Supplies,Storage,OFF-ST-10000676,310,390,5,3,4706
5976,22-02-2023,Standard Class,Corporate,Office Supplies,Storage,OFF-ST-10001496,330,360,2,3,3829
5977,17-09-2023,Standard Class,Corporate,Office Supplies,Paper,OFF-PA-10003673,10,10,2,2,1478
5978,13-12-2023,First Class,Consumer,Technology,Phones,TEC-PH-10004614,490,550,10,4,2971
5979,27-06-2022,Standard Class,Home Office,Furniture,Tables,FUR-TA-10001039,340,430,5,4,3479
5980,12-05-2023,Standard Class,Home Office,Office Supplies,Binders,OFF-BI-10000474,20,30,2,3,62
5981,23-08-2022,Standard Class,Home Office,Furniture,Chairs,FUR-CH-10004698,140,160,2,5,3647
5982,10-07-2022,Standard Class,Home Office,Office Supplies,Storage,OFF-ST-10003327,20,20,2,3,3104
5983,27-02-2022,Standard Class,Consumer,Office Supplies,Paper,OFF-PA-10000232,10,10,2,5,4961
5984,26-12-2023,Second Class,Consumer,Office Supplies,Paper,OFF-PA-10003657,20,20,6,4,1517
5985,27-02-2022,Standard Class,Consumer,Furniture,Furnishings,FUR-FU-10001185,160,190,6,5,4664
5986,25-11-2022,Standard Class,Consumer,Office Supplies,Binders,OFF-BI-10003007,70,80,2,3,2207
5987,15-09-2023,Standard Class,Consumer,Office Supplies,Storage,OFF-ST-10002485,80,90,4,2,152
5988,09-11-2022,Standard Class,Consumer,Office Supplies,Paper,OFF-PA-10001033,210,250,6,2,475
5989,14-11-2023,Standard Class,Consumer,Office Supplies,Binders,OFF-BI-10000404,10,10,1,2,2757
5990,24-10-2023,Standard Class,Consumer,Furniture,Bookcases,FUR-BO-10003546,460,500,5,5,4344
5991,01-04-2022,Standard Class,Consumer,Office Supplies,Binders,OFF-BI-10004390,1980,2360,7,5,896
5992,26-06-2023,Standard Class,Consumer,Technology,Phones,TEC-PH-10001700,310,370,7,3,2449
5993,01-03-2022,Standard Class,Consumer,Furniture,Chairs,FUR-CH-10003396,170,180,3,2,4892
5994,07-03-2022,Same Day,Corporate,Office Supplies,Storage,OFF-ST-10001558,50,60,5,4,2410
5995,24-06-2023,Same Day,Corporate,Office Supplies,Supplies,OFF-SU-10004782,10,10,2,2,1201
5996,09-11-2023,Same Day,Corporate,Furniture,Chairs,FUR-CH-10003298,400,460,5,4,1055
5997,29-10-2023,Same Day,Corporate,Office Supplies,Appliances,OFF-AP-10000576,350,390,4,5,2302
5998,26-06-2022,Same Day,Corporate,Furniture,Tables,FUR-TA-10003008,260,330,3,4,2750
5999,12-11-2023,Standard Class,Corporate,Furniture,Chairs,FUR-CH-10001708,280,340,3,3,3540
6000,30-11-2023,Standard Class,Corporate,Office Supplies,Paper,OFF-PA-10000019,20,30,4,5,4926
6001,20-09-2022,Standard Class,Corporate,Office Supplies,Paper,OFF-PA-10002222,90,90,4,2,1450
6002,02-09-2022,Standard Class,Corporate,Furniture,Furnishings,FUR-FU-10002553,90,90,3,2,4577
6003,08-10-2023,Standard Class,Corporate,Office Supplies,Binders,OFF-BI-10002103,10,10,2,2,934
6004,01-06-2022,Standard Class,Consumer,Office Supplies,Binders,OFF-BI-10002794,10,10,1,3,4530
6005,10-08-2022,Standard Class,Consumer,Furniture,Furnishings,FUR-FU-10002597,20,20,4,5,1783
6006,03-03-2022,Standard Class,Consumer,Furniture,Chairs,FUR-CH-10003535,100,110,2,3,823
6007,12-01-2023,Standard Class,Corporate,Technology,Phones,TEC-PH-10001527,110,130,3,5,4115
6008,30-04-2022,First Class,Corporate,Furniture,Furnishings,FUR-FU-10004006,110,130,3,2,1545
6009,03-09-2023,Standard Class,Consumer,Office Supplies,Paper,OFF-PA-10000595,60,70,3,5,3005
6010,21-03-2023,Standard Class,Consumer,Office Supplies,Storage,OFF-ST-10000798,60,70,3,3,4344
6011,08-04-2023,Standard Class,Consumer,Technology,Machines,TEC-MA-10004002,2240,2550,6,2,2630
6012,29-06-2022,Standard Class,Consumer,Office Supplies,Envelopes,OFF-EN-10003296,230,270,3,4,216
6013,29-03-2023,Standard Class,Consumer,Technology,Phones,TEC-PH-10004345,260,290,3,3,1740
6014,21-03-2023,First Class,Home Office,Office Supplies,Paper,OFF-PA-10004405,10,10,5,5,1191
6015,25-04-2022,First Class,Home Office,Technology,Phones,TEC-PH-10002885,3790,4160,8,3,423
6016,23-10-2023,Standard Class,Corporate,Furniture,Furnishings,FUR-FU-10000747,80,90,2,4,1405
6017,31-08-2022,Standard Class,Corporate,Furniture,Furnishings,FUR-FU-10001918,30,30,7,4,4861
6018,24-05-2023,Standard Class,Corporate,Office Supplies,Paper,OFF-PA-10003309,20,20,3,4,4199
6019,16-01-2022,Standard Class,Corporate,Office Supplies,Paper,OFF-PA-10001977,50,60,1,3,4738
6020,24-03-2023,Second Class,Consumer,Office Supplies,Appliances,OFF-AP-10002892,80,90,5,2,2882
6021,25-04-2023,Same Day,Consumer,Office Supplies,Appliances,OFF-AP-10002222,20,20,2,4,956
6022,03-04-2023,Same Day,Consumer,Technology,Accessories,TEC-AC-10000158,60,70,2,5,2218
6023,07-06-2023,Standard Class,Consumer,Office Supplies,Envelopes,OFF-EN-10002600,10,10,3,2,4765
6024,23-12-2023,First Class,Corporate,Technology,Accessories,TEC-AC-10004855,60,70,2,3,2516
6025,24-02-2022,Second Class,Consumer,Office Supplies,Appliances,OFF-AP-10000938,590,650,8,4,49
6026,29-03-2022,Second Class,Consumer,Office Supplies,Paper,OFF-PA-10002195,10,10,2,4,1941
6027,24-07-2023,Standard Class,Corporate,Office Supplies,Fasteners,OFF-FA-10002701,10,10,5,2,3099
6028,15-05-2023,Standard Class,Corporate,Technology,Phones,TEC-PH-10003589,60,70,5,2,4337
6029,13-09-2023,First Class,Consumer,Office Supplies,Art,OFF-AR-10003752,20,20,2,5,4604
6030,17-09-2023,First Class,Consumer,Office Supplies,Art,OFF-AR-10003829,10,10,3,5,2833
6031,31-12-2022,Same Day,Consumer,Furniture,Chairs,FUR-CH-10000155,200,240,1,2,2748
6032,26-06-2023,Standard Class,Corporate,Furniture,Furnishings,FUR-FU-10003142,20,20,4,5,469
6033,16-03-2022,First Class,Consumer,Office Supplies,Supplies,OFF-SU-10001218,40,50,5,5,2871
6034,22-09-2023,Standard Class,Home Office,Furniture,Furnishings,FUR-FU-10002963,20,20,3,3,4556
6035,03-07-2023,Standard Class,Consumer,Office Supplies,Appliances,OFF-AP-10002578,20,20,2,5,355
6036,01-03-2022,Standard Class,Consumer,Office Supplies,Binders,OFF-BI-10003925,270,310,4,2,4923
6037,14-09-2022,Standard Class,Consumer,Furniture,Furnishings,FUR-FU-10003347,30,40,3,5,2484
6038,03-07-2023,Standard Class,Consumer,Office Supplies,Binders,OFF-BI-10000315,100,110,6,4,403
6039,12-07-2023,Standard Class,Consumer,Office Supplies,Storage,OFF-ST-10002583,120,130,4,2,2361
6040,19-04-2022,Standard Class,Consumer,Office Supplies,Art,OFF-AR-10003469,10,10,3,5,2114
6041,28-10-2022,Standard Class,Corporate,Technology,Phones,TEC-PH-10001817,730,860,3,2,2168
6042,17-04-2022,Standard Class,Corporate,Technology,Machines,TEC-MA-10001031,460,510,3,2,3483
6043,21-10-2023,Standard Class,Consumer,Furniture,Furnishings,FUR-FU-10002088,10,10,2,3,4725
6044,01-08-2023,Second Class,Corporate,Furniture,Chairs,FUR-CH-10001482,250,310,3,5,4770
6045,08-04-2023,Second Class,Corporate,Office Supplies,Paper,OFF-PA-10001526,30,30,7,3,536
6046,06-07-2022,Standard Class,Corporate,Furniture,Furnishings,FUR-FU-10002937,200,240,3,4,1869
6047,22-04-2022,Standard Class,Home Office,Furniture,Tables,FUR-TA-10001771,580,690,3,4,4921
6048,06-02-2022,Standard Class,Corporate,Office Supplies,Binders,OFF-BI-10003305,20,20,9,3,1460
6049,25-12-2023,Standard Class,Corporate,Office Supplies,Binders,OFF-BI-10001359,1160,1350,5,2,2284
6050,13-04-2022,First Class,Consumer,Office Supplies,Paper,OFF-PA-10000483,150,170,7,5,4353
6051,06-06-2023,Standard Class,Consumer,Office Supplies,Art,OFF-AR-10000658,60,60,5,2,1530
6052,17-03-2022,Standard Class,Consumer,Office Supplies,Appliances,OFF-AP-10001205,260,270,5,2,5061
6053,01-10-2023,Second Class,Home Office,Office Supplies,Paper,OFF-PA-10002586,10,10,3,2,5014
6054,19-02-2022,Second Class,Home Office,Furniture,Furnishings,FUR-FU-10004963,30,30,4,2,1628
6055,03-08-2023,Second Class,Home Office,Office Supplies,Binders,OFF-BI-10002071,10,10,7,4,2368
6056,31-12-2022,First Class,Consumer,Office Supplies,Binders,OFF-BI-10001617,0,0,1,5,4394
6057,16-05-2022,First Class,Consumer,Office Supplies,Paper,OFF-PA-10004665,70,80,8,2,1285
6058,09-09-2023,Standard Class,Home Office,Office Supplies,Envelopes,OFF-EN-10001990,10,10,2,3,1425
6059,05-05-2023,Standard Class,Home Office,Office Supplies,Paper,OFF-PA-10000587,40,40,5,4,4158
6060,03-03-2022,Standard Class,Consumer,Technology,Accessories,TEC-AC-10004859,30,30,2,3,2400
6061,14-08-2022,Standard Class,Home Office,Office Supplies,Storage,OFF-ST-10001476,120,140,4,4,262
6062,05-05-2023,Standard Class,Home Office,Office Supplies,Art,OFF-AR-10002804,10,10,3,4,2718
6063,13-02-2022,Second Class,Consumer,Technology,Copiers,TEC-CO-10004202,1040,1200,5,5,3032
6064,19-11-2022,Second Class,Consumer,Office Supplies,Paper,OFF-PA-10001307,10,10,3,5,2507
6065,22-11-2022,Second Class,Consumer,Office Supplies,Paper,OFF-PA-10001667,20,20,3,2,4539
6066,24-04-2022,First Class,Consumer,Office Supplies,Labels,OFF-LA-10001569,20,20,6,4,3235
6067,31-01-2023,Standard Class,Consumer,Office Supplies,Supplies,OFF-SU-10000898,80,90,8,3,788
6068,12-05-2023,Standard Class,Home Office,Furniture,Chairs,FUR-CH-10000225,480,520,8,5,1603
6069,18-12-2022,Standard Class,Home Office,Furniture,Furnishings,FUR-FU-10002191,10,10,1,2,1280
6070,16-10-2023,Standard Class,Home Office,Technology,Machines,TEC-MA-10003176,290,340,1,2,4092
6071,07-01-2023,Standard Class,Corporate,Office Supplies,Labels,OFF-LA-10004093,20,20,3,2,428
6072,25-10-2023,Standard Class,Consumer,Office Supplies,Storage,OFF-ST-10000025,130,150,2,2,1931
6073,17-01-2023,Standard Class,Consumer,Office Supplies,Fasteners,OFF-FA-10001561,0,0,2,4,208
6074,24-08-2022,Standard Class,Consumer,Office Supplies,Supplies,OFF-SU-10001225,10,10,2,2,4130
6075,15-07-2022,Standard Class,Corporate,Office Supplies,Binders,OFF-BI-10001718,140,150,3,3,40
6076,30-09-2022,Standard Class,Corporate,Office Supplies,Storage,OFF-ST-10002756,230,270,2,2,402
6077,19-08-2022,Standard Class,Consumer,Technology,Accessories,TEC-AC-10001432,400,470,6,4,523
6078,20-06-2022,Standard Class,Consumer,Technology,Accessories,TEC-AC-10003399,60,70,2,5,2780
6079,30-12-2022,Standard Class,Consumer,Office Supplies,Supplies,OFF-SU-10001574,10,10,3,3,2293
6080,26-02-2023,Standard Class,Consumer,Furniture,Furnishings,FUR-FU-10004864,180,190,3,4,624
6081,25-10-2023,First Class,Home Office,Office Supplies,Storage,OFF-ST-10001172,130,150,9,3,4807
6082,03-08-2022,Same Day,Consumer,Furniture,Furnishings,FUR-FU-10002396,30,30,5,2,2201
6083,17-06-2022,Standard Class,Consumer,Office Supplies,Binders,OFF-BI-10004040,10,10,6,3,4809
6084,23-04-2023,Standard Class,Consumer,Office Supplies,Art,OFF-AR-10003481,20,20,9,3,931
6085,19-07-2023,Standard Class,Consumer,Technology,Accessories,TEC-AC-10000387,20,20,2,4,3280
6086,10-01-2022,Standard Class,Consumer,Office Supplies,Labels,OFF-LA-10000262,0,0,1,4,4192
6087,15-01-2023,Standard Class,Consumer,Office Supplies,Binders,OFF-BI-10003196,0,0,6,2,2555
6088,25-01-2022,Standard Class,Consumer,Furniture,Furnishings,FUR-FU-10004351,20,30,3,5,3896
6089,09-04-2022,Standard Class,Corporate,Office Supplies,Paper,OFF-PA-10001870,10,10,1,2,2576
6090,18-05-2022,Second Class,Corporate,Office Supplies,Binders,OFF-BI-10002813,0,0,2,5,912
6091,15-08-2022,Standard Class,Consumer,Furniture,Chairs,FUR-CH-10003846,220,270,3,4,2696
6092,31-10-2022,Standard Class,Consumer,Technology,Accessories,TEC-AC-10002647,180,210,2,4,2139
6093,11-11-2023,Standard Class,Consumer,Office Supplies,Paper,OFF-PA-10000807,30,40,9,4,4971
6094,21-08-2023,Standard Class,Consumer,Technology,Accessories,TEC-AC-10001465,60,70,2,5,2338
6095,15-07-2022,Standard Class,Consumer,Office Supplies,Storage,OFF-ST-10000615,40,50,4,2,3313
6096,19-04-2023,Standard Class,Consumer,Office Supplies,Paper,OFF-PA-10002713,10,10,2,2,3041
6097,06-04-2023,Standard Class,Consumer,Furniture,Chairs,FUR-CH-10003061,60,80,1,2,3233
6098,09-07-2023,Standard Class,Consumer,Office Supplies,Binders,OFF-BI-10000343,10,10,3,2,3313
6099,22-12-2023,Standard Class,Consumer,Office Supplies,Fasteners,OFF-FA-10000304,0,0,2,3,1534
6100,26-08-2023,Standard Class,Consumer,Furniture,Chairs,FUR-CH-10004086,2570,2890,11,4,4574
6101,19-12-2022,Standard Class,Consumer,Technology,Phones,TEC-PH-10002885,1140,1300,2,3,4811
6102,25-02-2023,Standard Class,Consumer,Furniture,Chairs,FUR-CH-10001215,2140,2250,5,3,503
6103,05-10-2022,Standard Class,Consumer,Technology,Phones,TEC-PH-10000215,90,100,3,3,3629
6104,13-09-2023,Standard Class,Consumer,Technology,Accessories,TEC-AC-10001998,50,60,3,2,2042
6105,27-02-2022,First Class,Home Office,Furniture,Tables,FUR-TA-10002356,250,310,2,2,4851
6106,06-03-2023,Standard Class,Corporate,Office Supplies,Art,OFF-AR-10002399,10,10,4,4,4434
6107,12-03-2023,Standard Class,Consumer,Office Supplies,Appliances,OFF-AP-10001563,20,20,2,2,1223
6108,19-01-2023,Standard Class,Consumer,Technology,Accessories,TEC-AC-10004510,60,70,5,2,1680
6109,30-10-2022,Standard Class,Consumer,Office Supplies,Labels,OFF-LA-10001982,10,10,2,5,171
6110,14-01-2023,Standard Class,Consumer,Office Supplies,Binders,OFF-BI-10004141,0,0,3,2,4790
6111,02-06-2023,Standard Class,Consumer,Furniture,Chairs,FUR-CH-10004495,1180,1470,7,4,3574
6112,11-11-2023,Standard Class,Consumer,Office Supplies,Appliances,OFF-AP-10002311,100,110,2,4,4526
6113,16-03-2023,Standard Class,Consumer,Office Supplies,Fasteners,OFF-FA-10000585,20,20,6,2,1200
6114,09-12-2023,Standard Class,Consumer,Furniture,Chairs,FUR-CH-10000454,1320,1540,9,3,4233
6115,28-04-2022,Standard Class,Consumer,Furniture,Chairs,FUR-CH-10003746,360,450,2,5,80
6116,25-12-2022,Standard Class,Corporate,Office Supplies,Binders,OFF-BI-10003291,40,40,6,4,4085
6117,31-08-2023,Standard Class,Home Office,Technology,Phones,TEC-PH-10002114,2170,2280,4,5,2316
6118,19-09-2023,Standard Class,Home Office,Office Supplies,Labels,OFF-LA-10001569,10,10,3,4,4206
6119,25-04-2023,Standard Class,Corporate,Technology,Phones,TEC-PH-10001425,160,190,3,5,3356
6120,23-04-2023,Standard Class,Corporate,Office Supplies,Art,OFF-AR-10001915,20,20,3,4,2093
6121,23-07-2023,Standard Class,Corporate,Furniture,Furnishings,FUR-FU-10004864,330,410,8,3,2624
6122,17-09-2022,Standard Class,Corporate,Furniture,Bookcases,FUR-BO-10001972,60,70,2,5,3716
6123,05-03-2022,Standard Class,Consumer,Office Supplies,Storage,OFF-ST-10000532,50,60,2,2,1025
6124,19-01-2023,Standard Class,Home Office,Office Supplies,Paper,OFF-PA-10003883,20,20,4,4,3894
6125,30-01-2023,Standard Class,Corporate,Technology,Accessories,TEC-AC-10003038,40,40,5,4,592
6126,21-03-2023,Standard Class,Corporate,Office Supplies,Paper,OFF-PA-10001593,10,10,2,3,3891
6127,04-08-2022,Standard Class,Corporate,Office Supplies,Binders,OFF-BI-10002049,0,0,1,3,4394
6128,31-07-2022,Standard Class,Consumer,Furniture,Chairs,FUR-CH-10003817,270,330,6,4,2457
6129,08-01-2022,First Class,Corporate,Office Supplies,Binders,OFF-BI-10002353,50,50,4,4,2229
6130,06-03-2023,Standard Class,Home Office,Technology,Accessories,TEC-AC-10003116,40,50,3,2,124
6131,27-04-2023,Standard Class,Home Office,Office Supplies,Fasteners,OFF-FA-10003021,0,0,2,2,2573
6132,22-04-2023,Standard Class,Home Office,Furniture,Chairs,FUR-CH-10004477,660,770,14,2,2077
6133,25-03-2023,Standard Class,Consumer,Office Supplies,Paper,OFF-PA-10001033,140,160,5,5,1983
6134,13-10-2023,First Class,Corporate,Furniture,Tables,FUR-TA-10004152,140,160,2,3,2844
6135,01-03-2022,Same Day,Consumer,Office Supplies,Art,OFF-AR-10002135,160,190,4,4,4624
6136,23-11-2022,Standard Class,Home Office,Technology,Accessories,TEC-AC-10000521,30,30,3,3,1346
6137,25-12-2023,Standard Class,Home Office,Office Supplies,Appliances,OFF-AP-10000026,60,70,6,2,1866
6138,17-01-2023,Second Class,Consumer,Office Supplies,Paper,OFF-PA-10002986,30,30,6,5,2027
6139,25-02-2023,Standard Class,Consumer,Furniture,Bookcases,FUR-BO-10001337,180,210,2,3,5023
6140,08-11-2023,First Class,Consumer,Office Supplies,Storage,OFF-ST-10000532,100,120,3,3,97
6141,17-01-2023,Standard Class,Consumer,Office Supplies,Paper,OFF-PA-10001497,230,270,5,4,1054
6142,09-03-2023,Standard Class,Consumer,Office Supplies,Storage,OFF-ST-10002554,170,200,4,3,14
6143,10-01-2023,Standard Class,Consumer,Technology,Phones,TEC-PH-10001336,210,260,2,2,4401
6144,28-12-2022,Standard Class,Consumer,Office Supplies,Art,OFF-AR-10002987,110,120,6,5,2804
6145,04-03-2022,Standard Class,Consumer,Office Supplies,Paper,OFF-PA-10000575,20,20,3,2,283
6146,05-09-2023,Standard Class,Consumer,Office Supplies,Art,OFF-AR-10003394,10,10,4,2,789
6147,23-08-2023,Standard Class,Corporate,Office Supplies,Art,OFF-AR-10003394,10,10,4,3,2435
6148,16-04-2023,Standard Class,Corporate,Office Supplies,Binders,OFF-BI-10001191,30,40,2,5,3224
6149,25-04-2023,Second Class,Consumer,Technology,Phones,TEC-PH-10003484,190,200,2,3,359
6150,22-11-2023,First Class,Corporate,Furniture,Chairs,FUR-CH-10003968,320,340,6,4,1245
6151,09-11-2022,First Class,Consumer,Furniture,Bookcases,FUR-BO-10001608,280,350,5,3,251
6152,23-12-2022,Second Class,Home Office,Furniture,Bookcases,FUR-BO-10004218,1030,1200,10,3,2828
6153,15-08-2023,Standard Class,Consumer,Office Supplies,Storage,OFF-ST-10002485,80,90,4,4,4185
6154,04-03-2022,First Class,Corporate,Furniture,Furnishings,FUR-FU-10001876,50,50,2,4,4381
6155,05-09-2023,First Class,Corporate,Office Supplies,Storage,OFF-ST-10002370,40,50,3,5,2966
6156,15-09-2022,First Class,Corporate,Office Supplies,Storage,OFF-ST-10000142,290,330,1,4,1681
6157,15-02-2022,First Class,Corporate,Furniture,Furnishings,FUR-FU-10004671,30,40,3,2,59
6158,09-09-2022,Second Class,Consumer,Office Supplies,Envelopes,OFF-EN-10002504,60,80,3,4,504
6159,01-04-2023,Second Class,Consumer,Technology,Accessories,TEC-AC-10004803,160,170,12,3,3235
6160,06-04-2022,Standard Class,Consumer,Office Supplies,Storage,OFF-ST-10001932,650,770,4,4,4656
6161,21-09-2023,First Class,Corporate,Technology,Phones,TEC-PH-10004667,280,320,3,3,4297
6162,18-07-2022,First Class,Corporate,Office Supplies,Labels,OFF-LA-10000443,10,10,4,3,670
6163,28-10-2022,First Class,Corporate,Office Supplies,Storage,OFF-ST-10000918,30,30,3,5,1681
6164,24-05-2022,First Class,Corporate,Office Supplies,Binders,OFF-BI-10001196,30,30,5,4,3403
6165,23-01-2022,First Class,Corporate,Furniture,Furnishings,FUR-FU-10003981,0,0,3,5,657
6166,30-10-2022,First Class,Corporate,Furniture,Furnishings,FUR-FU-10002508,20,20,3,3,1941
6167,15-05-2022,First Class,Corporate,Technology,Accessories,TEC-AC-10002647,160,170,2,5,620
6168,08-03-2023,Standard Class,Consumer,Office Supplies,Paper,OFF-PA-10002377,110,120,3,5,3586
6169,31-05-2023,Second Class,Corporate,Office Supplies,Paper,OFF-PA-10004530,20,20,2,2,1858
6170,20-04-2023,Second Class,Consumer,Office Supplies,Paper,OFF-PA-10002986,10,10,2,3,4565
6171,29-01-2023,Second Class,Corporate,Office Supplies,Binders,OFF-BI-10000948,30,30,3,5,901
6172,31-03-2023,Second Class,Corporate,Office Supplies,Art,OFF-AR-10001545,0,0,2,5,4051
6173,27-08-2023,Standard Class,Home Office,Office Supplies,Binders,OFF-BI-10001758,20,30,5,5,616
6174,02-11-2022,Standard Class,Home Office,Technology,Accessories,TEC-AC-10003237,20,20,2,5,1596
6175,11-01-2023,Standard Class,Home Office,Office Supplies,Storage,OFF-ST-10002011,710,840,2,3,194
6176,19-05-2023,Standard Class,Consumer,Furniture,Chairs,FUR-CH-10000309,1420,1690,4,3,605
6177,28-05-2022,Standard Class,Consumer,Office Supplies,Storage,OFF-ST-10002444,80,90,7,2,4567
6178,12-02-2022,Standard Class,Consumer,Office Supplies,Envelopes,OFF-EN-10001453,100,120,2,5,2173
6179,23-02-2022,Standard Class,Consumer,Office Supplies,Paper,OFF-PA-10001801,20,20,4,2,2174
6180,04-01-2022,Standard Class,Consumer,Office Supplies,Storage,OFF-ST-10000563,60,60,2,3,3062
6181,15-09-2022,Standard Class,Consumer,Technology,Phones,TEC-PH-10000369,510,630,5,3,4973
6182,23-11-2023,Standard Class,Consumer,Technology,Phones,TEC-PH-10002538,90,110,3,2,1793
6183,20-09-2022,Standard Class,Consumer,Office Supplies,Binders,OFF-BI-10000050,10,10,2,5,2838
6184,13-05-2023,Standard Class,Consumer,Office Supplies,Storage,OFF-ST-10004186,710,890,8,3,2070
6185,14-06-2022,First Class,Home Office,Furniture,Chairs,FUR-CH-10004218,380,400,5,5,193
6186,20-05-2022,Standard Class,Consumer,Office Supplies,Art,OFF-AR-10002952,100,110,10,4,2463
6187,20-05-2022,First Class,Corporate,Office Supplies,Storage,OFF-ST-10003058,60,70,3,5,2612
6188,14-07-2022,First Class,Corporate,Office Supplies,Binders,OFF-BI-10003963,20,30,6,2,181
6189,15-05-2023,First Class,Corporate,Office Supplies,Art,OFF-AR-10001955,110,120,6,4,2865
6190,12-03-2023,Standard Class,Consumer,Technology,Phones,TEC-PH-10004345,360,380,4,3,3295
6191,13-08-2023,Standard Class,Consumer,Furniture,Furnishings,FUR-FU-10003192,750,800,9,5,3315
6192,16-08-2022,Same Day,Consumer,Office Supplies,Storage,OFF-ST-10001325,30,30,3,2,3436
6193,07-10-2022,Standard Class,Consumer,Office Supplies,Paper,OFF-PA-10000019,20,30,5,2,3286
6194,18-10-2022,Standard Class,Consumer,Office Supplies,Binders,OFF-BI-10003429,10,10,5,5,2035
6195,18-01-2023,Standard Class,Consumer,Office Supplies,Paper,OFF-PA-10000176,70,80,5,3,4403
6196,01-01-2022,Standard Class,Consumer,Technology,Phones,TEC-PH-10004165,300,330,2,3,4068
6197,08-05-2023,Standard Class,Consumer,Office Supplies,Storage,OFF-ST-10000352,60,70,3,3,3725
6198,25-01-2022,Standard Class,Consumer,Office Supplies,Paper,OFF-PA-10000726,50,60,7,4,568
6199,05-10-2023,Standard Class,Consumer,Technology,Phones,TEC-PH-10001536,50,50,3,2,2734
6200,09-02-2023,Standard Class,Consumer,Office Supplies,Paper,OFF-PA-10001790,80,100,2,5,3164
6201,05-05-2023,Standard Class,Consumer,Technology,Copiers,TEC-CO-10001766,1370,1440,4,3,3436
6202,24-01-2022,Standard Class,Consumer,Technology,Accessories,TEC-AC-10004396,30,40,3,5,1228
6203,20-06-2023,Standard Class,Consumer,Furniture,Chairs,FUR-CH-10001708,460,560,5,4,4941
6204,26-10-2023,Standard Class,Consumer,Technology,Phones,TEC-PH-10001305,190,240,8,4,3389
6205,12-11-2023,First Class,Home Office,Furniture,Furnishings,FUR-FU-10002885,10,10,2,2,3308
6206,30-11-2022,Second Class,Consumer,Office Supplies,Paper,OFF-PA-10000726,50,50,7,5,620
6207,31-05-2023,Second Class,Consumer,Office Supplies,Fasteners,OFF-FA-10003112,30,30,4,2,1789
6208,29-05-2023,Second Class,Consumer,Furniture,Chairs,FUR-CH-10002372,50,60,1,2,1177
6209,08-08-2022,Standard Class,Corporate,Office Supplies,Storage,OFF-ST-10000563,50,50,2,5,1937
6210,07-01-2023,Standard Class,Corporate,Office Supplies,Binders,OFF-BI-10003925,2260,2790,9,2,374
6211,10-09-2023,Standard Class,Corporate,Office Supplies,Storage,OFF-ST-10003306,890,1000,7,3,3048
6212,14-02-2023,Standard Class,Corporate,Furniture,Furnishings,FUR-FU-10001475,60,70,3,4,1377
6213,09-07-2023,Second Class,Consumer,Office Supplies,Fasteners,OFF-FA-10003495,20,20,3,2,3740
6214,01-08-2022,Second Class,Consumer,Office Supplies,Appliances,OFF-AP-10004708,70,80,2,3,2227
6215,15-08-2022,Standard Class,Consumer,Office Supplies,Envelopes,OFF-EN-10001219,10,10,1,4,2578
6216,05-07-2023,Standard Class,Corporate,Furniture,Furnishings,FUR-FU-10000087,60,70,3,2,3367
6217,10-12-2022,Standard Class,Corporate,Office Supplies,Envelopes,OFF-EN-10001539,50,60,8,2,3031
6218,07-03-2023,Standard Class,Consumer,Technology,Phones,TEC-PH-10004897,20,30,3,3,4207
6219,20-12-2023,Standard Class,Consumer,Technology,Phones,TEC-PH-10001300,110,130,6,5,294
6220,27-08-2022,Standard Class,Consumer,Technology,Phones,TEC-PH-10001557,170,190,2,3,2503
6221,02-01-2022,Standard Class,Consumer,Office Supplies,Storage,OFF-ST-10000617,20,20,7,2,2751
6222,29-12-2023,Second Class,Consumer,Office Supplies,Labels,OFF-LA-10000121,60,60,9,4,843
6223,29-01-2022,Standard Class,Consumer,Furniture,Furnishings,FUR-FU-10000087,60,70,4,4,4271
6224,06-12-2022,Standard Class,Consumer,Office Supplies,Art,OFF-AR-10000422,10,10,7,3,76
6225,29-10-2022,Standard Class,Consumer,Office Supplies,Storage,OFF-ST-10004123,180,220,3,2,3279
6226,15-06-2023,Standard Class,Consumer,Furniture,Bookcases,FUR-BO-10003660,60,70,1,4,2735
6227,21-10-2023,Standard Class,Consumer,Furniture,Chairs,FUR-CH-10000422,260,290,4,2,3320
6228,11-01-2022,Standard Class,Consumer,Technology,Phones,TEC-PH-10002923,80,90,3,4,3565
6229,06-07-2023,Standard Class,Home Office,Technology,Phones,TEC-PH-10004093,90,110,4,4,1466
6230,26-11-2022,Standard Class,Home Office,Technology,Accessories,TEC-AC-10000171,50,60,3,2,4763
6231,14-06-2022,Standard Class,Consumer,Office Supplies,Art,OFF-AR-10001166,30,30,4,5,4165
6232,18-12-2022,Same Day,Consumer,Furniture,Chairs,FUR-CH-10003199,150,180,2,3,3733
6233,22-01-2023,Same Day,Consumer,Office Supplies,Paper,OFF-PA-10002005,20,20,3,5,1420
6234,17-02-2023,Same Day,Consumer,Office Supplies,Paper,OFF-PA-10004101,70,70,11,3,2687
6235,08-06-2022,Same Day,Consumer,Office Supplies,Binders,OFF-BI-10004600,1190,1470,5,3,3156
6236,08-04-2023,Same Day,Consumer,Technology,Phones,TEC-PH-10000127,60,80,5,3,290
6237,11-02-2022,Standard Class,Corporate,Office Supplies,Envelopes,OFF-EN-10004386,60,60,3,2,111
6238,28-05-2022,Standard Class,Consumer,Office Supplies,Binders,OFF-BI-10004506,20,30,4,3,3830
6239,25-10-2022,Standard Class,Consumer,Furniture,Furnishings,FUR-FU-10004597,140,170,3,2,4845
6240,26-03-2022,Standard Class,Consumer,Office Supplies,Storage,OFF-ST-10001496,300,360,2,4,4177
6241,15-02-2022,Second Class,Consumer,Office Supplies,Binders,OFF-BI-10004236,10,10,1,4,744
6242,27-09-2022,Second Class,Corporate,Furniture,Furnishings,FUR-FU-10001185,230,250,8,2,3580
6243,08-07-2022,Standard Class,Home Office,Office Supplies,Binders,OFF-BI-10000977,20,20,2,5,4841
6244,06-08-2022,Standard Class,Home Office,Office Supplies,Supplies,OFF-SU-10004782,30,30,3,3,663
6245,13-09-2023,Standard Class,Home Office,Office Supplies,Art,OFF-AR-10002067,100,120,6,4,2516
6246,16-07-2023,Standard Class,Home Office,Furniture,Furnishings,FUR-FU-10002364,20,20,3,2,67
6247,14-02-2022,Standard Class,Home Office,Technology,Accessories,TEC-AC-10002018,10,10,2,5,4004
6248,26-01-2023,Standard Class,Consumer,Office Supplies,Binders,OFF-BI-10000632,40,40,1,4,537
6249,26-04-2022,Standard Class,Consumer,Furniture,Furnishings,FUR-FU-10003981,10,10,3,4,256
6250,12-10-2023,Standard Class,Consumer,Office Supplies,Appliances,OFF-AP-10001564,390,470,2,4,4972
6251,22-01-2023,Standard Class,Consumer,Office Supplies,Paper,OFF-PA-10004082,10,10,1,4,3496
6252,20-06-2023,First Class,Consumer,Office Supplies,Appliances,OFF-AP-10004249,0,0,1,2,2610
6253,20-05-2022,Same Day,Home Office,Office Supplies,Paper,OFF-PA-10003441,60,60,9,5,4685
6254,15-11-2023,Same Day,Home Office,Technology,Phones,TEC-PH-10004922,180,200,3,5,1328
6255,26-02-2022,Standard Class,Corporate,Furniture,Furnishings,FUR-FU-10001731,20,20,8,3,4573
6256,21-03-2023,Standard Class,Corporate,Office Supplies,Labels,OFF-LA-10000134,10,10,4,3,4674
6257,06-06-2023,Second Class,Home Office,Office Supplies,Binders,OFF-BI-10003166,0,0,1,3,964
6258,11-07-2022,Second Class,Corporate,Office Supplies,Supplies,OFF-SU-10000646,360,380,2,5,148
6259,09-09-2023,Second Class,Consumer,Office Supplies,Envelopes,OFF-EN-10004459,20,20,3,5,2525
6260,02-08-2022,Second Class,Consumer,Office Supplies,Binders,OFF-BI-10003529,10,10,4,4,4591
6261,01-11-2023,Standard Class,Consumer,Office Supplies,Binders,OFF-BI-10002949,10,10,3,2,878
6262,23-06-2022,Standard Class,Corporate,Office Supplies,Labels,OFF-LA-10001158,30,40,4,3,4468
6263,20-12-2023,First Class,Corporate,Office Supplies,Binders,OFF-BI-10004584,400,440,7,3,4947
6264,22-05-2023,Standard Class,Corporate,Office Supplies,Binders,OFF-BI-10004965,30,30,3,3,4504
6265,11-05-2023,Same Day,Consumer,Office Supplies,Binders,OFF-BI-10004654,30,30,5,5,307
6266,03-11-2022,Standard Class,Consumer,Office Supplies,Paper,OFF-PA-10000141,0,0,2,2,4765
6267,29-01-2022,Standard Class,Consumer,Office Supplies,Paper,OFF-PA-10001019,120,140,9,4,5002
6268,10-08-2023,Second Class,Home Office,Technology,Phones,TEC-PH-10002496,290,310,2,2,1012
6269,25-12-2023,Second Class,Home Office,Office Supplies,Binders,OFF-BI-10000829,20,20,5,3,1824
6270,28-03-2023,Standard Class,Corporate,Technology,Phones,TEC-PH-10001448,30,40,1,2,4661
6271,03-06-2023,Standard Class,Corporate,Furniture,Chairs,FUR-CH-10004983,1030,1160,9,2,2581
6272,29-10-2022,Standard Class,Corporate,Office Supplies,Art,OFF-AR-10004022,170,180,5,3,1087
6273,27-04-2022,First Class,Corporate,Technology,Accessories,TEC-AC-10001284,100,120,7,4,83
6274,30-01-2023,Second Class,Consumer,Furniture,Furnishings,FUR-FU-10001847,10,10,3,5,3568
6275,26-11-2022,Second Class,Consumer,Technology,Accessories,TEC-AC-10004595,400,430,3,5,1971
6276,22-09-2022,Second Class,Consumer,Furniture,Furnishings,FUR-FU-10004164,20,20,5,3,2684
6277,20-02-2022,Second Class,Consumer,Office Supplies,Labels,OFF-LA-10001074,80,90,7,4,4591
6278,27-05-2023,Second Class,Consumer,Office Supplies,Storage,OFF-ST-10000604,60,70,2,2,3892
6279,24-01-2023,Second Class,Consumer,Technology,Phones,TEC-PH-10000148,20,20,2,4,2834
6280,26-02-2023,Second Class,Consumer,Office Supplies,Binders,OFF-BI-10000042,10,10,3,5,115
6281,27-04-2022,Standard Class,Consumer,Office Supplies,Labels,OFF-LA-10000443,10,10,2,3,2854
6282,16-10-2022,Standard Class,Consumer,Furniture,Furnishings,FUR-FU-10002874,50,60,2,3,4090
6283,07-03-2023,Standard Class,Consumer,Office Supplies,Storage,OFF-ST-10003994,120,140,3,5,1172
6284,07-09-2022,Standard Class,Corporate,Office Supplies,Envelopes,OFF-EN-10001453,280,300,5,3,836
6285,05-09-2023,Standard Class,Corporate,Furniture,Chairs,FUR-CH-10000988,490,560,5,3,3557
6286,28-01-2023,Standard Class,Corporate,Furniture,Tables,FUR-TA-10003238,590,660,2,3,124
6287,07-11-2023,Standard Class,Home Office,Technology,Phones,TEC-PH-10001061,200,240,3,5,1480
6288,18-05-2022,Standard Class,Corporate,Furniture,Tables,FUR-TA-10003715,460,500,3,5,4112
6289,11-05-2022,Standard Class,Corporate,Office Supplies,Binders,OFF-BI-10001597,160,200,6,3,2211
6290,01-10-2023,Second Class,Home Office,Furniture,Chairs,FUR-CH-10004063,790,920,4,3,2190
6291,04-04-2022,Second Class,Home Office,Furniture,Furnishings,FUR-FU-10001979,280,330,8,2,1302
6292,09-03-2023,First Class,Consumer,Furniture,Chairs,FUR-CH-10001854,610,700,2,4,2873
6293,26-08-2022,Standard Class,Consumer,Technology,Phones,TEC-PH-10002923,70,90,3,5,2434
6294,07-10-2022,Standard Class,Consumer,Office Supplies,Art,OFF-AR-10004691,50,60,3,4,3055
6295,15-02-2022,First Class,Corporate,Office Supplies,Binders,OFF-BI-10002931,30,30,1,3,499
6296,17-08-2022,Standard Class,Corporate,Office Supplies,Appliances,OFF-AP-10002651,1570,1740,6,2,1213
6297,26-11-2023,Standard Class,Corporate,Office Supplies,Storage,OFF-ST-10000689,670,700,5,2,3062
6298,23-05-2022,Standard Class,Corporate,Office Supplies,Paper,OFF-PA-10003302,120,140,4,3,1912
6299,02-01-2022,Standard Class,Corporate,Office Supplies,Binders,OFF-BI-10001460,40,40,3,4,645
6300,05-03-2022,First Class,Home Office,Furniture,Furnishings,FUR-FU-10003489,30,30,3,5,2929
6301,05-09-2023,Standard Class,Consumer,Office Supplies,Binders,OFF-BI-10002794,20,20,3,4,2230
6302,04-06-2023,Standard Class,Consumer,Office Supplies,Envelopes,OFF-EN-10000461,10,10,2,5,603
6303,01-10-2023,Standard Class,Consumer,Technology,Phones,TEC-PH-10001305,190,200,5,2,2716
6304,19-09-2022,Second Class,Home Office,Office Supplies,Paper,OFF-PA-10000167,60,70,3,3,1175
6305,19-05-2022,Same Day,Consumer,Office Supplies,Paper,OFF-PA-10002947,10,10,1,2,5051
6306,07-04-2022,Second Class,Corporate,Office Supplies,Supplies,OFF-SU-10002301,20,20,7,4,973
6307,29-11-2022,Second Class,Corporate,Furniture,Chairs,FUR-CH-10003298,80,100,1,5,3037
6308,21-07-2022,Second Class,Corporate,Office Supplies,Paper,OFF-PA-10004353,40,50,3,5,716
6309,27-08-2023,Second Class,Corporate,Furniture,Chairs,FUR-CH-10000229,570,650,3,3,3073
6310,08-11-2023,Second Class,Corporate,Office Supplies,Labels,OFF-LA-10003930,600,630,8,4,372
6311,24-04-2023,Second Class,Corporate,Office Supplies,Paper,OFF-PA-10000176,20,20,1,4,1779
6312,09-07-2022,Standard Class,Consumer,Furniture,Furnishings,FUR-FU-10004006,120,130,3,2,1728
6313,19-01-2022,Standard Class,Corporate,Office Supplies,Storage,OFF-ST-10001932,520,580,3,3,4927
6314,26-12-2022,Standard Class,Corporate,Technology,Phones,TEC-PH-10000923,10,10,1,2,4553
6315,08-03-2023,Standard Class,Corporate,Office Supplies,Art,OFF-AR-10000380,120,150,4,4,950
6316,21-01-2022,Standard Class,Corporate,Office Supplies,Labels,OFF-LA-10003930,180,200,2,4,1212
6317,23-07-2022,Standard Class,Corporate,Office Supplies,Paper,OFF-PA-10001815,120,140,3,5,2451
6318,08-11-2023,Standard Class,Corporate,Office Supplies,Paper,OFF-PA-10004082,20,20,2,4,4671
6319,23-09-2022,Second Class,Corporate,Technology,Phones,TEC-PH-10004071,40,40,5,2,5082
6320,27-02-2023,Second Class,Corporate,Office Supplies,Paper,OFF-PA-10002377,20,30,6,4,4905
6321,07-07-2023,Standard Class,Corporate,Office Supplies,Paper,OFF-PA-10001800,10,10,2,5,1521
6322,31-05-2022,Standard Class,Corporate,Office Supplies,Binders,OFF-BI-10002764,10,10,3,3,2113
6323,13-11-2022,Second Class,Home Office,Office Supplies,Envelopes,OFF-EN-10004459,20,20,2,3,3884
6324,27-04-2023,Standard Class,Consumer,Technology,Machines,TEC-MA-10000423,60,70,3,3,425
6325,01-09-2023,Standard Class,Corporate,Office Supplies,Paper,OFF-PA-10002986,20,30,5,4,3585
6326,11-07-2022,Standard Class,Corporate,Office Supplies,Envelopes,OFF-EN-10001434,180,210,4,2,4547
6327,14-12-2023,Standard Class,Consumer,Office Supplies,Storage,OFF-ST-10000760,10,10,1,4,143
6328,19-01-2022,Standard Class,Consumer,Furniture,Furnishings,FUR-FU-10002918,250,270,3,2,4929
6329,02-10-2022,Standard Class,Consumer,Office Supplies,Binders,OFF-BI-10000605,20,20,5,2,4288
6330,25-07-2023,Standard Class,Consumer,Office Supplies,Appliances,OFF-AP-10002311,230,250,4,4,1085
6331,06-12-2022,Standard Class,Consumer,Office Supplies,Storage,OFF-ST-10003123,60,70,2,5,4095
6332,16-08-2022,Standard Class,Consumer,Office Supplies,Art,OFF-AR-10004456,30,40,3,5,523
6333,15-07-2022,Standard Class,Consumer,Furniture,Furnishings,FUR-FU-10002268,10,10,3,3,4249
6334,22-08-2023,Standard Class,Consumer,Office Supplies,Binders,OFF-BI-10004364,30,30,5,4,4105
6335,17-03-2023,Standard Class,Consumer,Office Supplies,Paper,OFF-PA-10001970,40,50,4,2,88
6336,15-05-2023,Standard Class,Consumer,Office Supplies,Binders,OFF-BI-10002954,20,20,5,5,4278
6337,20-06-2023,Standard Class,Consumer,Furniture,Furnishings,FUR-FU-10000672,50,50,4,5,2704
6338,13-02-2023,Standard Class,Consumer,Technology,Phones,TEC-PH-10004908,290,340,5,5,913
6339,22-02-2022,Standard Class,Corporate,Technology,Phones,TEC-PH-10003095,70,90,4,2,1602
6340,07-04-2023,Standard Class,Corporate,Furniture,Chairs,FUR-CH-10002880,180,220,2,4,5006
6341,21-02-2022,Standard Class,Corporate,Technology,Machines,TEC-MA-10001047,4520,5200,4,5,1661
6342,14-04-2022,First Class,Consumer,Office Supplies,Storage,OFF-ST-10002554,140,160,4,4,584
6343,03-03-2023,First Class,Home Office,Technology,Accessories,TEC-AC-10004469,100,120,3,4,2124
6344,08-12-2022,First Class,Home Office,Office Supplies,Binders,OFF-BI-10000309,20,30,2,2,4612
6345,03-04-2022,First Class,Home Office,Office Supplies,Binders,OFF-BI-10001765,60,70,2,5,1379
6346,10-10-2023,First Class,Home Office,Technology,Phones,TEC-PH-10001619,540,590,3,4,1486
6347,03-10-2022,Same Day,Home Office,Office Supplies,Labels,OFF-LA-10002034,20,20,5,4,3716
6348,02-01-2023,Standard Class,Consumer,Office Supplies,Binders,OFF-BI-10000309,10,10,1,3,4922
6349,24-05-2023,Standard Class,Consumer,Office Supplies,Storage,OFF-ST-10000876,40,40,3,2,4383
6350,06-11-2022,Standard Class,Consumer,Office Supplies,Supplies,OFF-SU-10002573,30,40,2,3,1989
6351,03-04-2023,Standard Class,Consumer,Furniture,Furnishings,FUR-FU-10004622,100,110,5,3,4442
6352,17-01-2022,Standard Class,Corporate,Technology,Phones,TEC-PH-10002549,330,360,2,5,4667
6353,11-04-2023,Standard Class,Consumer,Office Supplies,Binders,OFF-BI-10004209,0,0,1,3,4249
6354,09-05-2022,Standard Class,Corporate,Office Supplies,Appliances,OFF-AP-10001962,10,10,1,4,1221
6355,10-06-2023,Standard Class,Corporate,Technology,Phones,TEC-PH-10002922,310,340,2,2,1927
6356,01-07-2022,Standard Class,Consumer,Office Supplies,Storage,OFF-ST-10000642,70,80,5,3,1713
6357,12-09-2023,Standard Class,Corporate,Office Supplies,Binders,OFF-BI-10001757,20,20,5,5,4104
6358,29-05-2023,Standard Class,Corporate,Office Supplies,Paper,OFF-PA-10004621,30,30,4,5,638
6359,24-11-2022,Standard Class,Corporate,Office Supplies,Paper,OFF-PA-10002262,10,10,1,5,1891
6360,18-12-2023,Standard Class,Corporate,Technology,Phones,TEC-PH-10004100,80,90,6,3,1879
6361,13-04-2023,Standard Class,Home Office,Office Supplies,Art,OFF-AR-10003582,50,60,2,2,2598
6362,15-08-2023,Standard Class,Consumer,Office Supplies,Art,OFF-AR-10003179,40,50,7,2,2116
6363,13-04-2023,Standard Class,Consumer,Office Supplies,Binders,OFF-BI-10001670,140,150,5,3,3748
6364,04-01-2022,Standard Class,Consumer,Technology,Machines,TEC-MA-10002073,880,1040,1,2,4131
6365,04-01-2023,Standard Class,Consumer,Office Supplies,Paper,OFF-PA-10003797,40,50,8,2,828
6366,15-09-2022,First Class,Home Office,Technology,Phones,TEC-PH-10004006,40,40,1,2,3728
6367,08-09-2023,First Class,Home Office,Office Supplies,Supplies,OFF-SU-10000646,210,240,1,4,4188
6368,25-01-2023,First Class,Home Office,Technology,Phones,TEC-PH-10002262,100,120,2,2,4057
6369,29-05-2022,Standard Class,Consumer,Office Supplies,Binders,OFF-BI-10002082,120,130,5,2,4571
6370,05-05-2023,Standard Class,Corporate,Furniture,Furnishings,FUR-FU-10001756,30,40,5,4,2887
6371,23-07-2022,Same Day,Home Office,Furniture,Bookcases,FUR-BO-10002598,90,110,2,5,1732
6372,11-08-2022,Second Class,Home Office,Furniture,Furnishings,FUR-FU-10001934,80,80,4,5,2389
6373,02-07-2023,Second Class,Home Office,Office Supplies,Art,OFF-AR-10001130,10,10,3,2,914
6374,14-01-2022,Second Class,Home Office,Technology,Accessories,TEC-AC-10002049,300,370,3,2,2007
6375,10-05-2022,Standard Class,Corporate,Furniture,Chairs,FUR-CH-10001394,450,560,2,5,469
6376,24-11-2023,Standard Class,Corporate,Office Supplies,Storage,OFF-ST-10000798,90,100,5,4,3695
6377,20-01-2023,First Class,Home Office,Office Supplies,Labels,OFF-LA-10000134,0,0,2,4,1129
6378,17-12-2022,Standard Class,Consumer,Furniture,Furnishings,FUR-FU-10002364,10,10,2,4,178
6379,24-09-2023,Standard Class,Home Office,Technology,Accessories,TEC-AC-10004571,80,100,1,3,219
6380,11-06-2022,Standard Class,Home Office,Office Supplies,Storage,OFF-ST-10003692,240,290,5,2,2833
6381,13-06-2022,Standard Class,Home Office,Office Supplies,Fasteners,OFF-FA-10001883,40,50,8,3,4000
6382,22-05-2022,Standard Class,Consumer,Furniture,Bookcases,FUR-BO-10004015,260,300,5,4,3034
6383,09-03-2022,Standard Class,Consumer,Technology,Phones,TEC-PH-10000141,130,160,4,4,3598
6384,30-05-2022,First Class,Consumer,Office Supplies,Binders,OFF-BI-10001597,30,30,4,3,4999
6385,02-03-2023,First Class,Consumer,Technology,Accessories,TEC-AC-10003628,40,50,2,3,3687
6386,23-10-2022,First Class,Consumer,Technology,Accessories,TEC-AC-10002331,60,60,8,3,3737
6387,23-11-2022,First Class,Consumer,Office Supplies,Binders,OFF-BI-10001098,0,0,1,4,2746
6388,01-06-2022,Standard Class,Consumer,Office Supplies,Paper,OFF-PA-10001204,10,10,2,3,205
6389,14-09-2023,Standard Class,Consumer,Office Supplies,Storage,OFF-ST-10000991,190,230,2,2,143
6390,02-06-2023,Standard Class,Corporate,Office Supplies,Envelopes,OFF-EN-10000056,280,310,5,5,4035
6391,09-07-2023,Standard Class,Corporate,Office Supplies,Paper,OFF-PA-10003349,10,10,2,2,2100
6392,03-03-2023,Standard Class,Consumer,Office Supplies,Paper,OFF-PA-10001471,10,10,2,5,2697
6393,12-12-2022,Standard Class,Consumer,Office Supplies,Labels,OFF-LA-10003190,10,10,2,3,3465
6394,07-01-2022,Standard Class,Consumer,Office Supplies,Fasteners,OFF-FA-10000621,20,20,6,2,1715
6395,05-04-2022,Standard Class,Consumer,Furniture,Furnishings,FUR-FU-10002937,380,400,4,4,4
6396,17-08-2022,Standard Class,Consumer,Office Supplies,Storage,OFF-ST-10004507,20,20,1,2,4614
6397,27-01-2022,Standard Class,Consumer,Office Supplies,Binders,OFF-BI-10000279,20,20,2,3,1738
6398,09-08-2023,Standard Class,Home Office,Office Supplies,Art,OFF-AR-10003651,10,10,2,3,3608
6399,19-07-2022,Standard Class,Home Office,Technology,Phones,TEC-PH-10003601,770,820,5,2,4067
6400,05-03-2023,Standard Class,Home Office,Office Supplies,Labels,OFF-LA-10002195,20,20,8,4,3501
6401,18-03-2022,Standard Class,Home Office,Office Supplies,Art,OFF-AR-10000380,210,230,6,2,3234
6402,09-02-2022,First Class,Consumer,Furniture,Bookcases,FUR-BO-10000330,220,240,2,3,1212
6403,12-04-2023,First Class,Consumer,Office Supplies,Binders,OFF-BI-10000591,0,0,1,4,1035
6404,05-05-2023,First Class,Consumer,Furniture,Furnishings,FUR-FU-10001731,10,10,3,4,1048
6405,12-08-2022,Standard Class,Consumer,Technology,Phones,TEC-PH-10001198,150,180,3,2,216
6406,14-08-2023,Second Class,Corporate,Furniture,Chairs,FUR-CH-10002331,510,570,2,3,2042
6407,05-01-2023,Second Class,Corporate,Office Supplies,Storage,OFF-ST-10002370,120,150,7,4,1
6408,01-06-2023,First Class,Consumer,Furniture,Chairs,FUR-CH-10003981,770,900,5,3,1901
6409,27-08-2022,First Class,Consumer,Office Supplies,Art,OFF-AR-10001446,40,50,5,2,422
6410,25-09-2022,First Class,Consumer,Office Supplies,Paper,OFF-PA-10000300,50,50,3,3,3871
6411,12-02-2023,First Class,Consumer,Technology,Phones,TEC-PH-10004071,10,10,1,2,2044
6412,30-03-2022,First Class,Consumer,Office Supplies,Paper,OFF-PA-10003134,70,80,2,4,209
6413,12-07-2023,Standard Class,Home Office,Office Supplies,Binders,OFF-BI-10002735,90,100,3,4,3127
6414,13-02-2022,Standard Class,Home Office,Technology,Accessories,TEC-AC-10004510,90,100,6,2,3064
6415,02-07-2022,Second Class,Home Office,Office Supplies,Binders,OFF-BI-10004099,10,10,5,5,4767
6416,26-02-2022,Same Day,Corporate,Office Supplies,Paper,OFF-PA-10003395,70,80,1,3,835
6417,01-06-2023,Standard Class,Consumer,Technology,Phones,TEC-PH-10002890,100,110,4,5,4199
6418,15-06-2022,Standard Class,Consumer,Office Supplies,Fasteners,OFF-FA-10004968,10,10,2,3,520
6419,22-05-2023,Standard Class,Corporate,Office Supplies,Supplies,OFF-SU-10001218,20,20,2,3,3806
6420,04-03-2023,Standard Class,Corporate,Furniture,Chairs,FUR-CH-10002084,320,370,3,5,3430
6421,11-01-2022,Standard Class,Corporate,Office Supplies,Art,OFF-AR-10004269,10,10,3,4,461
6422,01-08-2023,Standard Class,Corporate,Office Supplies,Storage,OFF-ST-10001128,300,330,3,4,4185
6423,05-05-2022,Standard Class,Corporate,Technology,Accessories,TEC-AC-10002006,90,110,7,4,3436
6424,10-08-2022,First Class,Home Office,Furniture,Chairs,FUR-CH-10003956,410,450,8,4,3894
6425,16-12-2023,Standard Class,Consumer,Office Supplies,Paper,OFF-PA-10000552,20,20,3,2,1242
6426,07-06-2023,Standard Class,Consumer,Technology,Copiers,TEC-CO-10004722,7310,8400,4,3,469
6427,02-10-2023,Standard Class,Consumer,Office Supplies,Binders,OFF-BI-10004308,10,10,1,3,2228
6428,26-03-2023,Standard Class,Consumer,Office Supplies,Paper,OFF-PA-10000029,10,10,2,2,4302
6429,11-06-2022,Standard Class,Consumer,Technology,Phones,TEC-PH-10004080,100,120,3,3,4988
6430,09-07-2022,Standard Class,Consumer,Office Supplies,Storage,OFF-ST-10001558,30,30,2,5,1229
6431,11-10-2023,Standard Class,Consumer,Furniture,Tables,FUR-TA-10001768,870,950,6,3,798
6432,20-06-2022,Standard Class,Consumer,Office Supplies,Binders,OFF-BI-10002982,10,10,7,2,3060
6433,05-04-2022,Standard Class,Consumer,Furniture,Furnishings,FUR-FU-10001468,340,410,3,5,2035
6434,27-04-2023,Standard Class,Corporate,Office Supplies,Paper,OFF-PA-10001838,20,20,5,4,483
6435,28-12-2023,Standard Class,Corporate,Technology,Phones,TEC-PH-10002890,150,180,5,4,1170
6436,07-08-2023,First Class,Consumer,Furniture,Furnishings,FUR-FU-10004963,40,40,4,2,1854
6437,25-07-2023,First Class,Consumer,Office Supplies,Storage,OFF-ST-10000025,450,480,5,5,3628
6438,04-07-2022,First Class,Consumer,Technology,Phones,TEC-PH-10004389,250,300,3,5,1670
6439,08-07-2022,Standard Class,Consumer,Furniture,Tables,FUR-TA-10000577,890,970,4,2,4443
6440,19-04-2023,First Class,Consumer,Furniture,Chairs,FUR-CH-10003298,550,590,5,2,2382
6441,08-01-2023,Standard Class,Corporate,Office Supplies,Art,OFF-AR-10001860,30,30,5,3,2061
6442,21-11-2023,Standard Class,Corporate,Office Supplies,Storage,OFF-ST-10003123,80,100,3,4,976
6443,13-11-2023,Standard Class,Corporate,Office Supplies,Paper,OFF-PA-10001295,40,40,2,5,1755
6444,03-02-2023,Standard Class,Corporate,Office Supplies,Labels,OFF-LA-10000407,20,20,5,3,1505
6445,15-11-2023,Standard Class,Corporate,Furniture,Furnishings,FUR-FU-10003535,70,80,3,5,760
6446,08-08-2023,Standard Class,Consumer,Office Supplies,Fasteners,OFF-FA-10000611,10,10,6,2,1804
6447,01-05-2023,Second Class,Home Office,Furniture,Furnishings,FUR-FU-10004848,100,100,5,5,274
6448,19-01-2023,Second Class,Home Office,Office Supplies,Labels,OFF-LA-10002381,0,0,1,3,2908
6449,25-05-2022,Second Class,Home Office,Office Supplies,Storage,OFF-ST-10000918,10,10,1,4,2458
6450,26-12-2022,Standard Class,Consumer,Office Supplies,Binders,OFF-BI-10000822,10,10,2,4,4675
6451,16-06-2022,Standard Class,Consumer,Office Supplies,Paper,OFF-PA-10002222,50,50,2,5,729
6452,01-11-2022,Standard Class,Consumer,Office Supplies,Art,OFF-AR-10004930,10,10,1,5,3232
6453,26-06-2023,Second Class,Consumer,Technology,Phones,TEC-PH-10001750,140,160,3,4,3742
6454,29-11-2022,Standard Class,Consumer,Office Supplies,Art,OFF-AR-10000657,0,0,2,2,274
6455,07-09-2022,First Class,Consumer,Office Supplies,Storage,OFF-ST-10003442,50,60,2,4,3173
6456,08-10-2022,First Class,Consumer,Furniture,Furnishings,FUR-FU-10003142,40,40,7,4,3438
6457,04-09-2022,Standard Class,Corporate,Technology,Phones,TEC-PH-10002468,130,140,1,2,810
6458,09-01-2022,Standard Class,Corporate,Office Supplies,Art,OFF-AR-10004165,20,20,7,2,2063
6459,25-04-2023,First Class,Corporate,Office Supplies,Art,OFF-AR-10001919,0,0,2,2,5089
6460,31-12-2022,First Class,Corporate,Office Supplies,Art,OFF-AR-10003045,10,10,5,4,3275
6461,17-02-2022,First Class,Corporate,Office Supplies,Art,OFF-AR-10003338,40,40,5,4,456
6462,14-03-2023,First Class,Corporate,Technology,Accessories,TEC-AC-10003280,70,90,3,3,3789
6463,19-05-2022,First Class,Corporate,Furniture,Chairs,FUR-CH-10003298,220,260,2,3,1448
6464,10-01-2022,First Class,Corporate,Office Supplies,Labels,OFF-LA-10004544,60,70,5,2,3015
6465,18-11-2023,Standard Class,Home Office,Furniture,Furnishings,FUR-FU-10004586,10,10,2,2,5063
6466,16-11-2022,Standard Class,Consumer,Office Supplies,Storage,OFF-ST-10003572,70,80,6,3,2891
6467,26-03-2022,Second Class,Consumer,Technology,Accessories,TEC-AC-10002331,60,70,7,4,2256
6468,02-08-2022,Standard Class,Home Office,Office Supplies,Storage,OFF-ST-10000142,1850,2080,5,5,4474
6469,04-01-2022,Standard Class,Home Office,Technology,Phones,TEC-PH-10000441,520,630,5,3,4525
6470,22-03-2023,Standard Class,Home Office,Furniture,Furnishings,FUR-FU-10004864,60,70,6,2,1116
6471,16-02-2023,Standard Class,Home Office,Technology,Phones,TEC-PH-10001750,110,130,2,3,967
6472,13-07-2022,Standard Class,Home Office,Technology,Accessories,TEC-AC-10004510,100,110,7,3,1772
6473,02-04-2022,Standard Class,Home Office,Office Supplies,Labels,OFF-LA-10001074,90,100,10,4,3773
6474,17-09-2022,Second Class,Consumer,Office Supplies,Appliances,OFF-AP-10003590,760,870,3,4,681
6475,24-03-2023,First Class,Corporate,Furniture,Bookcases,FUR-BO-10003433,50,60,4,3,410
6476,05-10-2023,Standard Class,Consumer,Office Supplies,Binders,OFF-BI-10002432,0,0,3,4,2662
6477,17-06-2022,Standard Class,Consumer,Office Supplies,Appliances,OFF-AP-10003622,10,10,2,4,1402
6478,30-04-2023,Standard Class,Consumer,Technology,Accessories,TEC-AC-10003832,170,210,1,3,2349
6479,03-03-2023,Standard Class,Consumer,Office Supplies,Paper,OFF-PA-10000809,20,20,3,5,4629
6480,28-08-2022,Standard Class,Consumer,Technology,Phones,TEC-PH-10000441,420,500,5,4,954
6481,21-05-2023,Standard Class,Consumer,Office Supplies,Appliances,OFF-AP-10002287,20,20,7,2,3725
6482,18-02-2022,Standard Class,Consumer,Furniture,Bookcases,FUR-BO-10002824,210,240,2,3,2935
6483,03-10-2023,Standard Class,Consumer,Technology,Accessories,TEC-AC-10002942,100,110,2,2,3534
6484,26-04-2022,Standard Class,Corporate,Furniture,Tables,FUR-TA-10001932,350,380,2,2,5034
6485,02-06-2023,Standard Class,Corporate,Technology,Machines,TEC-MA-10003173,70,80,6,5,3062
6486,30-10-2022,Standard Class,Corporate,Office Supplies,Paper,OFF-PA-10004156,40,50,4,3,4746
6487,18-05-2022,Standard Class,Consumer,Office Supplies,Appliances,OFF-AP-10002945,870,960,4,2,2885
6488,31-07-2023,Standard Class,Consumer,Office Supplies,Binders,OFF-BI-10000948,10,10,3,5,3352
6489,04-09-2023,Standard Class,Consumer,Office Supplies,Paper,OFF-PA-10002254,240,300,14,3,2536
6490,13-03-2022,Standard Class,Consumer,Office Supplies,Paper,OFF-PA-10004782,20,30,5,2,4902
6491,23-11-2023,Standard Class,Corporate,Furniture,Furnishings,FUR-FU-10000222,90,100,4,4,4242
6492,30-05-2023,Standard Class,Corporate,Furniture,Bookcases,FUR-BO-10004695,230,290,2,3,4197
6493,16-10-2023,Standard Class,Corporate,Office Supplies,Storage,OFF-ST-10003327,40,40,5,5,2931
6494,29-11-2023,Standard Class,Corporate,Technology,Phones,TEC-PH-10003357,230,240,4,4,734
6495,02-12-2022,Second Class,Consumer,Technology,Accessories,TEC-AC-10002167,20,20,2,2,4445
6496,12-12-2022,Second Class,Consumer,Office Supplies,Paper,OFF-PA-10001937,20,20,3,3,3361
6497,23-02-2023,Second Class,Consumer,Technology,Accessories,TEC-AC-10004510,20,30,2,3,4318
6498,10-04-2022,Standard Class,Home Office,Furniture,Furnishings,FUR-FU-10001487,20,20,3,2,4688
6499,05-07-2023,Standard Class,Home Office,Office Supplies,Binders,OFF-BI-10000069,120,140,9,2,2642
6500,29-05-2022,Standard Class,Home Office,Technology,Accessories,TEC-AC-10003289,250,280,14,3,4191
6501,01-01-2023,Standard Class,Home Office,Office Supplies,Binders,OFF-BI-10000069,80,90,6,5,660
6502,17-09-2022,Standard Class,Consumer,Technology,Phones,TEC-PH-10001299,480,540,6,4,4202
6503,13-04-2023,Standard Class,Consumer,Technology,Phones,TEC-PH-10001552,40,50,7,5,4659
6504,30-11-2023,Standard Class,Consumer,Office Supplies,Binders,OFF-BI-10001098,20,20,3,5,366
6505,07-07-2023,Second Class,Corporate,Office Supplies,Storage,OFF-ST-10000142,1100,1250,3,3,865
6506,25-10-2023,Standard Class,Corporate,Office Supplies,Art,OFF-AR-10001547,10,10,3,5,3644
6507,09-09-2023,Second Class,Corporate,Office Supplies,Paper,OFF-PA-10001593,20,20,4,5,4453
6508,30-07-2022,Second Class,Corporate,Furniture,Furnishings,FUR-FU-10004071,280,330,4,5,4536
6509,03-10-2023,Standard Class,Corporate,Office Supplies,Paper,OFF-PA-10001970,240,280,5,3,177
6510,27-07-2023,Standard Class,Corporate,Office Supplies,Binders,OFF-BI-10001524,50,50,3,5,3120
6511,01-07-2022,Standard Class,Corporate,Office Supplies,Paper,OFF-PA-10004156,30,30,3,2,3133
6512,05-12-2023,Standard Class,Home Office,Office Supplies,Art,OFF-AR-10003158,20,20,6,3,4528
6513,21-08-2023,Standard Class,Home Office,Office Supplies,Labels,OFF-LA-10004559,10,10,4,2,3013
6514,04-07-2023,Standard Class,Home Office,Office Supplies,Paper,OFF-PA-10001033,240,290,7,3,4033
6515,13-08-2023,Standard Class,Home Office,Technology,Phones,TEC-PH-10001336,190,210,2,3,1243
6516,11-09-2022,Standard Class,Consumer,Furniture,Chairs,FUR-CH-10002961,200,220,3,3,680
6517,14-03-2022,Standard Class,Consumer,Furniture,Furnishings,FUR-FU-10001488,480,530,5,2,4167
6518,10-02-2022,Standard Class,Consumer,Office Supplies,Art,OFF-AR-10001915,80,100,10,2,4424
6519,15-06-2023,Standard Class,Consumer,Office Supplies,Appliances,OFF-AP-10001205,100,110,2,2,1911
6520,20-11-2022,Standard Class,Consumer,Office Supplies,Binders,OFF-BI-10004528,0,0,1,3,1721
6521,15-10-2022,Second Class,Consumer,Office Supplies,Binders,OFF-BI-10004995,4570,5440,4,4,1699
6522,22-08-2023,Second Class,Consumer,Furniture,Chairs,FUR-CH-10004626,280,300,3,3,201
6523,13-10-2023,Second Class,Consumer,Office Supplies,Paper,OFF-PA-10001260,50,60,7,2,598
6524,23-09-2022,Standard Class,Home Office,Office Supplies,Labels,OFF-LA-10002945,10,10,2,2,1152
6525,24-04-2022,Standard Class,Home Office,Technology,Phones,TEC-PH-10002310,60,60,1,3,4184
6526,06-06-2023,Standard Class,Home Office,Office Supplies,Binders,OFF-BI-10001525,10,10,5,3,2174
6527,19-03-2023,Standard Class,Home Office,Office Supplies,Binders,OFF-BI-10001308,10,10,5,2,1520
6528,09-05-2023,Second Class,Corporate,Technology,Copiers,TEC-CO-10002095,1680,2000,4,5,2737
6529,04-06-2023,Standard Class,Home Office,Office Supplies,Storage,OFF-ST-10004946,190,220,4,3,4451
6530,01-04-2023,Standard Class,Home Office,Office Supplies,Labels,OFF-LA-10004425,10,10,3,3,4372
6531,18-03-2022,Standard Class,Home Office,Office Supplies,Binders,OFF-BI-10000320,0,0,3,4,4285
6532,22-03-2022,Standard Class,Consumer,Office Supplies,Art,OFF-AR-10001315,10,10,5,5,4047
6533,22-08-2022,Standard Class,Consumer,Technology,Accessories,TEC-AC-10004595,120,140,1,3,1532
6534,27-03-2023,Standard Class,Consumer,Technology,Accessories,TEC-AC-10001539,340,400,5,2,3595
6535,26-07-2022,Standard Class,Consumer,Office Supplies,Binders,OFF-BI-10001359,1810,2150,3,4,2282
6536,08-02-2023,Standard Class,Consumer,Furniture,Bookcases,FUR-BO-10002213,3690,4010,10,5,1099
6537,16-12-2022,First Class,Corporate,Furniture,Tables,FUR-TA-10003008,270,330,3,5,4318
6538,10-10-2022,First Class,Corporate,Office Supplies,Storage,OFF-ST-10000934,80,100,3,3,1681
6539,30-12-2023,Standard Class,Corporate,Technology,Phones,TEC-PH-10004042,140,160,1,3,421
6540,26-01-2022,Standard Class,Corporate,Furniture,Chairs,FUR-CH-10002439,250,290,5,2,2443
6541,17-01-2023,First Class,Consumer,Office Supplies,Paper,OFF-PA-10001363,60,70,6,4,1975
6542,03-01-2022,First Class,Consumer,Furniture,Furnishings,FUR-FU-10003394,130,140,2,2,1391
6543,03-08-2023,First Class,Consumer,Technology,Phones,TEC-PH-10003171,100,110,3,2,1510
6544,24-07-2022,First Class,Consumer,Office Supplies,Storage,OFF-ST-10003123,30,30,1,5,1357
6545,08-10-2023,Standard Class,Consumer,Office Supplies,Binders,OFF-BI-10003007,60,60,5,2,1783
6546,17-03-2022,Standard Class,Consumer,Office Supplies,Labels,OFF-LA-10000973,10,10,2,3,1151
6547,06-08-2023,Standard Class,Consumer,Office Supplies,Paper,OFF-PA-10000483,20,20,1,2,4125
6548,29-08-2023,Standard Class,Home Office,Furniture,Chairs,FUR-CH-10000863,590,630,6,3,4740
6549,14-05-2023,Standard Class,Home Office,Office Supplies,Paper,OFF-PA-10003036,20,20,3,2,1972
6550,30-01-2023,First Class,Home Office,Furniture,Chairs,FUR-CH-10002304,130,160,6,5,2237
6551,29-08-2022,Second Class,Consumer,Furniture,Chairs,FUR-CH-10000422,310,330,4,2,1865
6552,06-10-2023,Second Class,Home Office,Office Supplies,Paper,OFF-PA-10002986,10,10,2,3,449
6553,02-05-2023,Second Class,Home Office,Office Supplies,Storage,OFF-ST-10002289,150,160,5,5,282
6554,24-04-2022,Second Class,Home Office,Technology,Accessories,TEC-AC-10001606,280,320,4,3,4036
6555,03-01-2023,Second Class,Home Office,Office Supplies,Storage,OFF-ST-10003805,440,510,3,3,970
6556,28-01-2022,Second Class,Home Office,Office Supplies,Paper,OFF-PA-10002109,0,0,1,3,3039
6557,01-08-2022,Second Class,Home Office,Office Supplies,Binders,OFF-BI-10000632,10,10,1,3,236
6558,07-03-2022,Second Class,Home Office,Office Supplies,Labels,OFF-LA-10003510,20,20,1,4,1051
6559,02-10-2023,Standard Class,Corporate,Furniture,Chairs,FUR-CH-10004997,1430,1520,9,5,1179
6560,12-02-2022,Standard Class,Corporate,Office Supplies,Envelopes,OFF-EN-10003001,360,420,5,5,4119
6561,06-04-2023,Standard Class,Corporate,Office Supplies,Labels,OFF-LA-10003766,0,0,1,3,855
6562,22-10-2023,First Class,Corporate,Office Supplies,Appliances,OFF-AP-10003040,30,30,5,2,1340
6563,01-01-2022,Standard Class,Consumer,Office Supplies,Binders,OFF-BI-10001078,20,20,3,4,4928
6564,25-07-2022,Standard Class,Consumer,Furniture,Tables,FUR-TA-10003469,170,190,2,5,4409
6565,22-12-2023,Standard Class,Consumer,Office Supplies,Art,OFF-AR-10002578,10,10,3,2,4831
6566,13-11-2023,Standard Class,Consumer,Furniture,Chairs,FUR-CH-10004675,770,870,4,2,777
6567,12-11-2023,Second Class,Consumer,Office Supplies,Binders,OFF-BI-10004632,220,240,4,4,1077
6568,20-03-2022,Second Class,Consumer,Office Supplies,Art,OFF-AR-10003087,10,10,5,2,1055
6569,25-10-2022,Standard Class,Consumer,Office Supplies,Art,OFF-AR-10001868,0,0,2,2,2284
6570,27-07-2022,Standard Class,Consumer,Furniture,Chairs,FUR-CH-10002602,270,320,3,2,4417
6571,02-02-2022,Standard Class,Consumer,Office Supplies,Envelopes,OFF-EN-10000056,140,150,3,2,206
6572,30-08-2022,Standard Class,Consumer,Technology,Accessories,TEC-AC-10000474,190,230,3,4,342
6573,12-10-2023,Standard Class,Consumer,Office Supplies,Paper,OFF-PA-10003971,10,10,2,5,4637
6574,06-01-2022,Standard Class,Corporate,Office Supplies,Storage,OFF-ST-10000689,480,560,4,4,4199
6575,19-03-2022,Standard Class,Corporate,Technology,Machines,TEC-MA-10004255,270,320,8,4,3210
6576,19-05-2023,Standard Class,Consumer,Technology,Accessories,TEC-AC-10000990,1000,1050,8,3,2747
6577,21-01-2023,Standard Class,Consumer,Furniture,Chairs,FUR-CH-10003968,140,170,3,4,1861
6578,17-06-2022,Second Class,Consumer,Technology,Phones,TEC-PH-10001615,140,170,6,2,2182
6579,10-07-2022,Standard Class,Consumer,Technology,Phones,TEC-PH-10000895,940,1010,7,3,2395
6580,06-01-2022,Same Day,Consumer,Office Supplies,Paper,OFF-PA-10003001,10,10,1,2,2309
6581,13-07-2022,Same Day,Consumer,Office Supplies,Art,OFF-AR-10002766,10,10,3,2,3110
6582,05-06-2023,Same Day,Consumer,Furniture,Furnishings,FUR-FU-10003095,90,100,3,5,432
6583,02-05-2022,Standard Class,Corporate,Technology,Accessories,TEC-AC-10003610,150,180,3,2,1222
6584,10-09-2023,Standard Class,Consumer,Office Supplies,Art,OFF-AR-10003727,80,100,6,2,3665
6585,22-11-2022,Standard Class,Consumer,Technology,Phones,TEC-PH-10002660,240,270,4,5,2365
6586,08-11-2022,Standard Class,Consumer,Furniture,Furnishings,FUR-FU-10003274,10,10,5,3,4880
6587,02-09-2023,Standard Class,Consumer,Office Supplies,Art,OFF-AR-10003829,20,20,6,5,1252
6588,14-01-2023,Standard Class,Consumer,Furniture,Bookcases,FUR-BO-10003441,280,300,3,3,570
6589,12-06-2022,Standard Class,Consumer,Office Supplies,Binders,OFF-BI-10003355,10,10,3,5,1295
6590,31-12-2022,Standard Class,Consumer,Office Supplies,Supplies,OFF-SU-10003505,190,230,2,5,2274
6591,03-03-2022,First Class,Consumer,Office Supplies,Labels,OFF-LA-10004484,10,10,3,3,4738
6592,11-03-2023,Standard Class,Corporate,Office Supplies,Art,OFF-AR-10000658,30,30,3,3,4399
6593,06-07-2023,Standard Class,Corporate,Technology,Phones,TEC-PH-10000347,20,20,5,3,682
6594,11-01-2022,Second Class,Consumer,Office Supplies,Binders,OFF-BI-10001989,20,30,2,3,2990
6595,20-10-2022,Standard Class,Corporate,Office Supplies,Art,OFF-AR-10001897,110,130,7,2,4638
6596,22-09-2023,First Class,Corporate,Office Supplies,Binders,OFF-BI-10000285,10,10,5,2,1145
6597,06-11-2022,First Class,Corporate,Office Supplies,Paper,OFF-PA-10001804,10,10,1,4,1166
6598,13-03-2023,Standard Class,Consumer,Office Supplies,Binders,OFF-BI-10002557,0,0,1,2,1428
6599,29-06-2023,Standard Class,Consumer,Office Supplies,Paper,OFF-PA-10002319,60,60,2,2,4588
6600,06-10-2022,Standard Class,Corporate,Furniture,Furnishings,FUR-FU-10003849,50,60,3,3,3177
6601,22-10-2023,Standard Class,Corporate,Office Supplies,Paper,OFF-PA-10002923,130,150,3,5,3830
6602,26-01-2023,Standard Class,Corporate,Furniture,Chairs,FUR-CH-10004754,210,240,8,5,65
6603,14-11-2023,Standard Class,Corporate,Office Supplies,Labels,OFF-LA-10000634,20,20,6,5,1171
6604,06-02-2023,First Class,Consumer,Office Supplies,Storage,OFF-ST-10001418,140,150,3,4,3023
6605,26-05-2022,Standard Class,Consumer,Office Supplies,Fasteners,OFF-FA-10003467,10,10,3,2,2373
6606,03-11-2022,Standard Class,Consumer,Office Supplies,Paper,OFF-PA-10001293,50,50,7,2,671
6607,13-12-2023,Standard Class,Consumer,Technology,Phones,TEC-PH-10003885,200,210,4,3,4871
6608,24-05-2023,Standard Class,Consumer,Furniture,Chairs,FUR-CH-10004860,430,480,6,2,2197
6609,18-05-2023,Standard Class,Consumer,Technology,Machines,TEC-MA-10002428,320,370,3,4,2601
6610,25-11-2023,Same Day,Corporate,Office Supplies,Storage,OFF-ST-10002406,80,90,6,3,2227
6611,24-01-2022,First Class,Corporate,Office Supplies,Binders,OFF-BI-10004209,20,20,3,2,1007
6612,24-03-2022,Standard Class,Consumer,Furniture,Chairs,FUR-CH-10001891,160,190,2,4,2340
6613,04-02-2022,Standard Class,Consumer,Office Supplies,Binders,OFF-BI-10002215,20,20,3,5,4610
6614,03-06-2023,Standard Class,Consumer,Technology,Phones,TEC-PH-10002103,440,470,5,4,1763
6615,23-07-2023,Standard Class,Consumer,Furniture,Furnishings,FUR-FU-10003394,180,210,3,4,2636
6616,27-08-2023,First Class,Consumer,Furniture,Bookcases,FUR-BO-10004218,190,240,2,3,4070
6617,02-02-2023,First Class,Consumer,Office Supplies,Labels,OFF-LA-10000081,20,20,6,3,3194
6618,14-11-2022,First Class,Consumer,Office Supplies,Paper,OFF-PA-10001497,200,220,4,3,465
6619,02-01-2022,Second Class,Corporate,Office Supplies,Paper,OFF-PA-10004983,30,30,5,4,3294
6620,20-10-2022,Second Class,Corporate,Office Supplies,Art,OFF-AR-10004010,200,210,6,4,590
6621,26-12-2022,Second Class,Corporate,Office Supplies,Supplies,OFF-SU-10002881,3700,4160,5,3,345
6622,29-01-2023,Second Class,Corporate,Furniture,Bookcases,FUR-BO-10001608,170,210,3,2,4431
6623,30-08-2022,First Class,Corporate,Furniture,Furnishings,FUR-FU-10001487,30,40,6,4,478
6624,01-05-2023,First Class,Corporate,Office Supplies,Labels,OFF-LA-10001934,50,60,8,2,4710
6625,24-10-2023,Standard Class,Consumer,Furniture,Tables,FUR-TA-10002855,90,100,1,5,1723
6626,10-06-2023,Standard Class,Consumer,Furniture,Chairs,FUR-CH-10004875,160,200,4,4,4704
6627,20-06-2022,Standard Class,Consumer,Technology,Machines,TEC-MA-10001127,6440,7000,4,3,4136
6628,29-05-2022,Standard Class,Consumer,Office Supplies,Paper,OFF-PA-10003177,10,10,2,3,2901
6629,06-09-2022,Second Class,Consumer,Technology,Phones,TEC-PH-10000011,260,280,14,3,1778
6630,05-12-2022,Standard Class,Home Office,Office Supplies,Binders,OFF-BI-10001757,10,10,5,4,3213
6631,17-09-2022,Standard Class,Consumer,Furniture,Chairs,FUR-CH-10000847,600,700,3,5,1635
6632,30-10-2022,Standard Class,Consumer,Furniture,Tables,FUR-TA-10001307,1420,1750,5,4,895
6633,30-06-2023,Second Class,Home Office,Office Supplies,Appliances,OFF-AP-10001205,40,50,1,2,2156
6634,12-07-2022,Same Day,Consumer,Technology,Accessories,TEC-AC-10001838,180,200,1,3,329
6635,10-12-2022,Same Day,Consumer,Office Supplies,Binders,OFF-BI-10003982,70,70,11,3,2816
6636,05-06-2022,Same Day,Consumer,Technology,Phones,TEC-PH-10004977,590,630,4,4,73
6637,07-03-2023,Same Day,Consumer,Office Supplies,Labels,OFF-LA-10003510,110,120,5,3,3060
6638,07-01-2022,Second Class,Consumer,Office Supplies,Art,OFF-AR-10001573,10,10,3,5,3251
6639,26-07-2022,Second Class,Consumer,Office Supplies,Binders,OFF-BI-10001196,90,110,6,2,4649
6640,18-06-2022,Second Class,Corporate,Furniture,Tables,FUR-TA-10003954,1330,1420,8,4,2465
6641,03-05-2022,Standard Class,Consumer,Office Supplies,Binders,OFF-BI-10001989,120,130,6,4,101
6642,02-10-2022,Standard Class,Consumer,Technology,Accessories,TEC-AC-10001714,70,80,2,5,3340
6643,19-07-2022,Standard Class,Consumer,Office Supplies,Labels,OFF-LA-10003498,110,130,9,3,1820
6644,29-01-2023,Standard Class,Consumer,Technology,Phones,TEC-PH-10000576,390,440,4,5,4562
6645,31-08-2023,Standard Class,Consumer,Technology,Phones,TEC-PH-10004188,120,140,7,5,1221
6646,10-01-2023,Standard Class,Consumer,Office Supplies,Appliances,OFF-AP-10001469,120,130,4,4,3696
6647,14-02-2022,Standard Class,Home Office,Furniture,Tables,FUR-TA-10003473,480,560,3,3,3183
6648,29-11-2022,Standard Class,Home Office,Office Supplies,Appliances,OFF-AP-10001205,80,90,2,2,1705
6649,21-09-2022,First Class,Corporate,Office Supplies,Binders,OFF-BI-10002429,30,40,7,2,1603
6650,20-02-2023,First Class,Corporate,Technology,Copiers,TEC-CO-10001943,300,320,2,2,734
6651,10-05-2022,First Class,Corporate,Office Supplies,Fasteners,OFF-FA-10004854,40,50,5,3,3764
6652,24-05-2023,First Class,Corporate,Furniture,Furnishings,FUR-FU-10001095,20,20,2,4,614
6653,14-08-2023,First Class,Corporate,Office Supplies,Paper,OFF-PA-10000061,20,20,4,4,1929
6654,28-08-2023,First Class,Corporate,Furniture,Chairs,FUR-CH-10003535,200,210,5,2,4425
6655,18-01-2023,Standard Class,Home Office,Technology,Phones,TEC-PH-10004447,290,330,3,2,345
6656,26-06-2022,Standard Class,Home Office,Technology,Accessories,TEC-AC-10001114,30,30,1,2,1723
6657,16-04-2022,Standard Class,Home Office,Office Supplies,Storage,OFF-ST-10000563,50,50,2,3,2631
6658,28-06-2023,Standard Class,Home Office,Office Supplies,Envelopes,OFF-EN-10004846,10,10,5,3,4872
6659,16-01-2023,Standard Class,Home Office,Furniture,Furnishings,FUR-FU-10002253,60,70,2,4,4072
6660,15-02-2023,Standard Class,Home Office,Furniture,Tables,FUR-TA-10001039,370,390,9,5,4275
6661,05-10-2023,Second Class,Consumer,Office Supplies,Art,OFF-AR-10004587,30,40,2,4,517
6662,20-06-2022,Second Class,Consumer,Office Supplies,Appliances,OFF-AP-10004336,90,110,2,5,4962
6663,20-01-2023,Second Class,Consumer,Office Supplies,Binders,OFF-BI-10001718,370,450,7,2,3633
6664,26-09-2022,Standard Class,Consumer,Furniture,Tables,FUR-TA-10001520,330,360,5,2,3383
6665,16-09-2022,Standard Class,Consumer,Office Supplies,Envelopes,OFF-EN-10002831,230,250,7,2,4225
6666,15-12-2023,Second Class,Consumer,Office Supplies,Paper,OFF-PA-10001497,190,220,5,3,1420
6667,24-08-2022,Second Class,Consumer,Furniture,Furnishings,FUR-FU-10000719,40,40,5,4,2020
6668,26-11-2022,Second Class,Consumer,Office Supplies,Labels,OFF-LA-10002271,10,10,2,5,26
6669,21-02-2022,Second Class,Consumer,Office Supplies,Supplies,OFF-SU-10004661,20,20,2,2,4305
6670,04-06-2023,Second Class,Consumer,Technology,Accessories,TEC-AC-10004859,90,90,5,2,3440
6671,15-06-2022,Standard Class,Home Office,Office Supplies,Binders,OFF-BI-10002824,30,30,2,5,137
6672,27-04-2023,Second Class,Corporate,Office Supplies,Binders,OFF-BI-10001575,50,50,2,5,3378
6673,03-03-2023,Standard Class,Corporate,Office Supplies,Art,OFF-AR-10000380,220,270,7,4,3521
6674,27-08-2022,Standard Class,Home Office,Furniture,Furnishings,FUR-FU-10000820,60,70,4,5,222
6675,17-10-2022,Second Class,Consumer,Office Supplies,Art,OFF-AR-10003759,10,10,6,5,3324
6676,27-03-2023,Second Class,Consumer,Technology,Machines,TEC-MA-10002930,70,80,2,2,3791
6677,10-03-2023,Second Class,Consumer,Office Supplies,Appliances,OFF-AP-10004052,20,20,5,2,4137
6678,22-09-2023,Second Class,Consumer,Technology,Accessories,TEC-AC-10000990,370,390,3,5,2073
6679,29-03-2022,Standard Class,Home Office,Furniture,Furnishings,FUR-FU-10003724,40,50,7,5,562
6680,26-11-2022,Second Class,Consumer,Office Supplies,Storage,OFF-ST-10000918,10,10,1,3,1388
6681,25-07-2023,Second Class,Consumer,Office Supplies,Paper,OFF-PA-10000157,60,80,4,3,4203
6682,23-03-2023,Second Class,Consumer,Office Supplies,Paper,OFF-PA-10002499,120,150,3,3,254
6683,14-02-2022,First Class,Home Office,Office Supplies,Binders,OFF-BI-10002012,0,0,2,4,2157
6684,13-05-2023,Standard Class,Home Office,Furniture,Furnishings,FUR-FU-10000320,20,20,6,2,4882
6685,30-10-2023,Standard Class,Consumer,Office Supplies,Storage,OFF-ST-10003716,150,180,1,4,743
6686,15-08-2022,Standard Class,Consumer,Furniture,Furnishings,FUR-FU-10000965,30,40,2,5,3518
6687,03-11-2022,Standard Class,Consumer,Office Supplies,Art,OFF-AR-10003829,10,10,5,2,4583
6688,01-12-2022,Standard Class,Consumer,Office Supplies,Storage,OFF-ST-10003470,1060,1120,4,4,2443
6689,01-07-2023,Second Class,Corporate,Technology,Accessories,TEC-AC-10004568,100,110,4,2,2052
6690,31-07-2023,Standard Class,Corporate,Office Supplies,Art,OFF-AR-10000817,10,10,5,4,517
6691,11-05-2023,Standard Class,Corporate,Office Supplies,Binders,OFF-BI-10003460,20,20,4,2,2344
6692,16-09-2022,Standard Class,Corporate,Office Supplies,Appliances,OFF-AP-10002472,150,160,6,4,2168
6693,01-01-2022,Second Class,Home Office,Office Supplies,Binders,OFF-BI-10000632,420,480,11,2,2244
6694,12-07-2023,Second Class,Consumer,Office Supplies,Paper,OFF-PA-10000062,130,160,3,3,3258
6695,18-09-2022,Standard Class,Home Office,Technology,Accessories,TEC-AC-10002006,40,50,3,5,1945
6696,15-03-2023,Standard Class,Consumer,Office Supplies,Binders,OFF-BI-10004318,390,420,3,4,1032
6697,28-05-2023,Standard Class,Consumer,Office Supplies,Binders,OFF-BI-10004236,40,40,3,2,3074
6698,27-02-2022,Standard Class,Consumer,Office Supplies,Paper,OFF-PA-10000062,50,50,1,2,4137
6699,01-03-2022,Standard Class,Consumer,Office Supplies,Paper,OFF-PA-10003205,20,20,2,4,3024
6700,15-07-2023,Standard Class,Consumer,Furniture,Chairs,FUR-CH-10000988,190,230,2,5,345
6701,11-11-2022,Standard Class,Consumer,Office Supplies,Binders,OFF-BI-10001524,40,50,3,2,642
6702,17-05-2022,Standard Class,Consumer,Furniture,Furnishings,FUR-FU-10001986,150,160,4,2,2909
6703,16-09-2022,Standard Class,Consumer,Office Supplies,Binders,OFF-BI-10001031,10,10,4,2,3120
6704,23-05-2022,Standard Class,Consumer,Technology,Phones,TEC-PH-10002468,200,220,2,5,1849
6705,09-09-2023,Standard Class,Consumer,Office Supplies,Fasteners,OFF-FA-10003059,10,10,3,4,2803
6706,30-04-2022,Standard Class,Consumer,Technology,Phones,TEC-PH-10003931,130,140,3,4,3009
6707,29-12-2023,Standard Class,Corporate,Technology,Phones,TEC-PH-10003505,440,520,7,4,5092
6708,22-02-2023,Standard Class,Home Office,Office Supplies,Labels,OFF-LA-10002368,10,10,3,2,139
6709,22-09-2023,Standard Class,Consumer,Furniture,Chairs,FUR-CH-10004287,720,880,4,5,5054
6710,05-11-2022,Standard Class,Consumer,Furniture,Chairs,FUR-CH-10001891,200,230,3,5,4450
6711,17-09-2022,First Class,Corporate,Office Supplies,Binders,OFF-BI-10002133,220,270,8,2,4757
6712,30-06-2023,Second Class,Consumer,Office Supplies,Art,OFF-AR-10001419,10,10,3,5,526
6713,07-02-2022,Same Day,Consumer,Furniture,Furnishings,FUR-FU-10002298,250,270,6,2,2082
6714,11-05-2023,Same Day,Consumer,Furniture,Furnishings,FUR-FU-10004091,50,60,3,3,3534
6715,24-05-2022,Same Day,Consumer,Technology,Accessories,TEC-AC-10004510,30,40,3,2,2804
6716,28-06-2023,Same Day,Consumer,Office Supplies,Art,OFF-AR-10002987,90,100,6,5,4607
6717,11-06-2023,Standard Class,Home Office,Office Supplies,Fasteners,OFF-FA-10002280,30,30,6,5,3528
6718,15-07-2023,Standard Class,Home Office,Office Supplies,Paper,OFF-PA-10001934,30,30,4,4,1811
6719,31-05-2022,Standard Class,Home Office,Furniture,Furnishings,FUR-FU-10003268,150,160,4,3,4370
6720,29-03-2022,First Class,Consumer,Office Supplies,Appliances,OFF-AP-10004859,20,30,3,5,3449
6721,07-10-2023,Standard Class,Corporate,Technology,Accessories,TEC-AC-10000057,130,150,5,4,1554
6722,18-01-2022,Standard Class,Corporate,Office Supplies,Art,OFF-AR-10000914,20,20,2,3,1000
6723,12-10-2023,Standard Class,Corporate,Office Supplies,Art,OFF-AR-10004956,20,20,3,2,4899
6724,22-04-2022,Second Class,Consumer,Office Supplies,Fasteners,OFF-FA-10001843,10,10,6,3,3452
6725,22-07-2023,Standard Class,Consumer,Office Supplies,Fasteners,OFF-FA-10000585,10,10,3,2,2776
6726,03-12-2022,Standard Class,Consumer,Office Supplies,Labels,OFF-LA-10003720,10,10,3,4,3759
6727,08-08-2022,Standard Class,Consumer,Office Supplies,Binders,OFF-BI-10000301,20,20,4,5,314
6728,12-09-2022,Second Class,Corporate,Office Supplies,Paper,OFF-PA-10003302,140,180,5,2,2162
6729,16-08-2022,Standard Class,Corporate,Furniture,Furnishings,FUR-FU-10001889,50,50,6,5,3428
6730,13-10-2022,First Class,Corporate,Office Supplies,Binders,OFF-BI-10002982,10,10,3,2,1648
6731,06-12-2023,First Class,Corporate,Furniture,Chairs,FUR-CH-10002965,610,640,4,2,587
6732,05-10-2022,First Class,Corporate,Office Supplies,Paper,OFF-PA-10001937,20,20,4,2,3596
6733,31-01-2022,First Class,Corporate,Office Supplies,Paper,OFF-PA-10001977,150,180,4,5,2148
6734,13-11-2022,First Class,Corporate,Office Supplies,Appliances,OFF-AP-10000692,20,30,2,5,966
6735,03-05-2022,Standard Class,Home Office,Office Supplies,Labels,OFF-LA-10004093,10,10,2,3,4645
6736,17-10-2023,Standard Class,Consumer,Office Supplies,Appliances,OFF-AP-10004980,90,110,3,2,1999
6737,22-03-2023,Standard Class,Consumer,Office Supplies,Storage,OFF-ST-10001932,520,580,3,3,4512
6738,27-10-2023,Standard Class,Consumer,Office Supplies,Storage,OFF-ST-10000636,140,150,9,3,1076
6739,22-01-2023,Standard Class,Consumer,Office Supplies,Binders,OFF-BI-10000069,40,50,4,2,4366
6740,20-05-2022,Standard Class,Consumer,Office Supplies,Storage,OFF-ST-10001837,80,100,3,4,461
6741,12-01-2023,Standard Class,Consumer,Furniture,Chairs,FUR-CH-10003981,310,360,2,5,4432
6742,08-10-2022,Standard Class,Consumer,Office Supplies,Art,OFF-AR-10000716,10,10,3,2,3681
6743,05-04-2023,Standard Class,Consumer,Furniture,Chairs,FUR-CH-10001146,110,120,3,4,3258
6744,27-04-2022,Standard Class,Corporate,Office Supplies,Paper,OFF-PA-10002751,40,40,6,4,4797
6745,07-07-2023,Second Class,Consumer,Technology,Accessories,TEC-AC-10001606,390,480,6,2,1176
6746,05-03-2022,Second Class,Consumer,Office Supplies,Art,OFF-AR-10001427,20,20,5,4,2078
6747,10-01-2023,First Class,Corporate,Technology,Phones,TEC-PH-10004389,540,630,5,5,2525
6748,01-03-2023,Standard Class,Consumer,Office Supplies,Binders,OFF-BI-10002498,10,10,1,4,1803
6749,12-07-2023,Standard Class,Consumer,Office Supplies,Paper,OFF-PA-10002245,20,20,3,5,558
6750,22-09-2022,Standard Class,Consumer,Technology,Phones,TEC-PH-10004522,110,120,2,5,3190
6751,02-04-2022,Second Class,Consumer,Furniture,Chairs,FUR-CH-10003535,100,120,2,5,2976
6752,20-10-2022,Second Class,Consumer,Office Supplies,Appliances,OFF-AP-10000595,10,10,2,5,3176
6753,05-05-2023,Second Class,Consumer,Office Supplies,Paper,OFF-PA-10003039,60,60,2,2,2780
6754,07-04-2023,Second Class,Consumer,Office Supplies,Binders,OFF-BI-10002003,10,10,2,3,2447
6755,20-09-2022,Second Class,Consumer,Office Supplies,Appliances,OFF-AP-10002311,230,280,4,2,3691
6756,09-05-2022,Standard Class,Corporate,Furniture,Furnishings,FUR-FU-10002445,40,50,5,5,4740
6757,06-07-2022,Standard Class,Corporate,Furniture,Chairs,FUR-CH-10003606,410,510,4,5,5069
6758,05-02-2023,Standard Class,Corporate,Technology,Phones,TEC-PH-10002115,370,400,6,3,1042
6759,12-02-2022,Standard Class,Corporate,Office Supplies,Storage,OFF-ST-10000934,70,80,2,2,1545
6760,24-03-2022,Standard Class,Consumer,Office Supplies,Art,OFF-AR-10003903,30,30,1,2,3837
6761,27-03-2023,Standard Class,Consumer,Office Supplies,Storage,OFF-ST-10004123,220,270,3,5,2621
6762,02-01-2023,Second Class,Corporate,Furniture,Chairs,FUR-CH-10001708,230,250,2,3,3026
6763,09-11-2023,Standard Class,Consumer,Office Supplies,Labels,OFF-LA-10000240,30,30,5,2,3710
6764,19-07-2022,Standard Class,Consumer,Office Supplies,Storage,OFF-ST-10002485,30,40,2,2,4163
6765,22-10-2022,Standard Class,Consumer,Technology,Machines,TEC-MA-10003230,1180,1360,3,5,2561
6766,29-08-2023,Standard Class,Consumer,Furniture,Chairs,FUR-CH-10002602,280,320,3,3,4063
6767,20-01-2022,Standard Class,Consumer,Office Supplies,Art,OFF-AR-10001683,20,20,2,2,3165
6768,21-08-2022,Standard Class,Consumer,Furniture,Furnishings,FUR-FU-10002456,10,10,5,4,5069
6769,17-12-2023,Standard Class,Corporate,Office Supplies,Binders,OFF-BI-10002854,180,200,7,5,4498
6770,26-08-2023,Standard Class,Home Office,Office Supplies,Art,OFF-AR-10002445,30,40,5,3,3143
6771,13-07-2023,Standard Class,Corporate,Office Supplies,Paper,OFF-PA-10004359,360,420,5,5,1091
6772,01-10-2022,Standard Class,Corporate,Office Supplies,Binders,OFF-BI-10000279,10,10,3,2,1294
6773,15-03-2022,Standard Class,Home Office,Office Supplies,Binders,OFF-BI-10003314,10,10,2,5,1145
6774,08-08-2023,Standard Class,Home Office,Office Supplies,Binders,OFF-BI-10000494,0,0,1,5,1074
6775,07-10-2023,Standard Class,Home Office,Office Supplies,Paper,OFF-PA-10000295,30,40,6,2,123
6776,01-05-2022,Standard Class,Consumer,Office Supplies,Paper,OFF-PA-10002615,20,20,4,2,3294
6777,02-12-2023,Standard Class,Consumer,Office Supplies,Storage,OFF-ST-10003479,80,90,3,3,2930
6778,06-04-2022,Standard Class,Home Office,Technology,Accessories,TEC-AC-10002800,370,450,9,5,1230
6779,26-01-2022,Second Class,Consumer,Furniture,Bookcases,FUR-BO-10003159,320,340,3,2,3284
6780,17-04-2023,Second Class,Consumer,Furniture,Furnishings,FUR-FU-10002364,10,10,2,3,172
6781,08-01-2022,Second Class,Consumer,Office Supplies,Binders,OFF-BI-10003350,10,10,2,4,1119
6782,20-08-2022,Second Class,Consumer,Office Supplies,Labels,OFF-LA-10004093,50,60,8,2,1513
6783,16-03-2023,Second Class,Consumer,Furniture,Furnishings,FUR-FU-10000732,20,20,4,4,2822
6784,14-04-2022,Second Class,Consumer,Office Supplies,Supplies,OFF-SU-10004884,40,40,3,4,1581
6785,23-05-2022,Second Class,Consumer,Furniture,Tables,FUR-TA-10001771,120,140,1,5,1979
6786,07-05-2023,Second Class,Consumer,Office Supplies,Storage,OFF-ST-10000060,240,260,5,5,3412
6787,27-07-2022,Second Class,Consumer,Office Supplies,Paper,OFF-PA-10004100,20,20,4,2,98
6788,15-03-2023,Standard Class,Consumer,Furniture,Furnishings,FUR-FU-10003975,120,130,3,3,3708
6789,02-06-2023,Standard Class,Consumer,Office Supplies,Paper,OFF-PA-10001712,60,70,7,2,2281
6790,15-09-2023,Second Class,Corporate,Office Supplies,Art,OFF-AR-10001953,110,140,4,3,2922
6791,24-02-2022,First Class,Consumer,Office Supplies,Binders,OFF-BI-10004967,10,10,5,3,3217
6792,07-06-2023,Standard Class,Home Office,Furniture,Furnishings,FUR-FU-10003731,10,10,1,2,135
6793,11-10-2023,First Class,Consumer,Office Supplies,Binders,OFF-BI-10001989,50,60,3,2,4951
6794,10-07-2022,Standard Class,Corporate,Office Supplies,Storage,OFF-ST-10000344,20,20,2,4,5024
6795,19-10-2023,Standard Class,Corporate,Technology,Phones,TEC-PH-10001051,200,240,3,2,1859
6796,18-02-2022,Standard Class,Corporate,Furniture,Furnishings,FUR-FU-10001215,20,30,2,4,759
6797,15-02-2023,Same Day,Consumer,Furniture,Furnishings,FUR-FU-10001473,20,20,2,5,1664
6798,30-04-2023,Same Day,Consumer,Office Supplies,Binders,OFF-BI-10000315,0,0,1,2,3857
6799,11-05-2022,Same Day,Consumer,Furniture,Furnishings,FUR-FU-10002240,10,10,5,3,4002
6800,22-09-2023,Standard Class,Corporate,Furniture,Tables,FUR-TA-10002607,30,40,1,4,158
6801,02-04-2023,Standard Class,Corporate,Technology,Machines,TEC-MA-10003356,250,270,2,2,552
6802,22-12-2023,Standard Class,Corporate,Technology,Accessories,TEC-AC-10002217,40,50,3,4,3887
6803,05-06-2022,Standard Class,Corporate,Technology,Accessories,TEC-AC-10004353,90,100,2,3,2955
6804,24-08-2022,Standard Class,Corporate,Furniture,Chairs,FUR-CH-10004754,40,50,2,2,2694
6805,17-08-2022,First Class,Consumer,Technology,Accessories,TEC-AC-10002800,90,100,2,4,2401
6806,25-12-2022,First Class,Corporate,Office Supplies,Paper,OFF-PA-10001752,10,10,2,5,2179
6807,04-01-2022,Standard Class,Corporate,Office Supplies,Binders,OFF-BI-10003314,0,0,1,3,897
6808,12-02-2022,Standard Class,Corporate,Office Supplies,Paper,OFF-PA-10000357,80,100,3,3,1141
6809,14-10-2023,Standard Class,Corporate,Furniture,Furnishings,FUR-FU-10001085,20,20,3,3,885
6810,10-09-2023,First Class,Consumer,Office Supplies,Binders,OFF-BI-10000301,0,0,2,2,4908
6811,12-06-2022,First Class,Consumer,Technology,Machines,TEC-MA-10002930,10,10,1,4,5094
6812,24-04-2022,First Class,Consumer,Furniture,Chairs,FUR-CH-10002372,90,110,2,3,3093
6813,31-03-2022,First Class,Consumer,Office Supplies,Binders,OFF-BI-10003707,20,20,4,3,2541
6814,29-06-2022,First Class,Consumer,Furniture,Furnishings,FUR-FU-10001057,110,130,8,2,2658
6815,21-11-2023,First Class,Consumer,Technology,Machines,TEC-MA-10001681,220,240,2,2,1592
6816,24-07-2023,Standard Class,Consumer,Furniture,Furnishings,FUR-FU-10003981,10,10,3,3,775
6817,01-08-2022,Standard Class,Consumer,Office Supplies,Fasteners,OFF-FA-10000624,20,20,5,2,953
6818,09-05-2023,Standard Class,Consumer,Office Supplies,Binders,OFF-BI-10004995,2940,3270,3,2,685
6819,13-05-2022,Standard Class,Corporate,Office Supplies,Binders,OFF-BI-10003784,0,0,5,4,3465
6820,11-07-2023,Standard Class,Corporate,Furniture,Furnishings,FUR-FU-10004586,10,10,3,5,3389
6821,11-08-2023,Standard Class,Corporate,Furniture,Chairs,FUR-CH-10004698,100,110,2,2,2396
6822,29-09-2022,Standard Class,Corporate,Furniture,Furnishings,FUR-FU-10001935,0,0,2,5,1499
6823,26-10-2022,Standard Class,Consumer,Office Supplies,Appliances,OFF-AP-10003040,150,170,5,3,968
6824,08-02-2023,Standard Class,Corporate,Office Supplies,Envelopes,OFF-EN-10001335,90,100,9,2,2064
6825,09-10-2023,Standard Class,Corporate,Furniture,Tables,FUR-TA-10002041,290,360,2,3,1668
6826,17-06-2023,Standard Class,Corporate,Office Supplies,Storage,OFF-ST-10001558,30,30,2,3,1404
6827,14-08-2022,Standard Class,Corporate,Technology,Copiers,TEC-CO-10004722,14000,17500,5,3,4286
6828,17-05-2023,Standard Class,Corporate,Office Supplies,Binders,OFF-BI-10004600,670,740,2,5,4368
6829,04-03-2023,Standard Class,Corporate,Office Supplies,Binders,OFF-BI-10003712,30,30,7,5,2195
6830,10-10-2023,Standard Class,Corporate,Office Supplies,Art,OFF-AR-10001958,30,30,2,2,362
6831,01-06-2023,Second Class,Corporate,Technology,Phones,TEC-PH-10001750,180,200,3,3,5031
6832,05-10-2022,Standard Class,Consumer,Office Supplies,Appliances,OFF-AP-10002287,20,20,4,3,2867
6833,07-09-2023,Standard Class,Consumer,Office Supplies,Art,OFF-AR-10003183,10,10,3,4,2241
6834,18-11-2022,Same Day,Consumer,Furniture,Tables,FUR-TA-10003008,130,150,1,4,4761
6835,26-03-2022,Standard Class,Corporate,Technology,Accessories,TEC-AC-10004803,30,30,2,3,4820
6836,29-12-2022,Standard Class,Corporate,Office Supplies,Labels,OFF-LA-10003510,140,150,5,3,4932
6837,03-04-2023,Standard Class,Corporate,Furniture,Furnishings,FUR-FU-10000087,20,20,1,2,4066
6838,02-02-2022,Standard Class,Corporate,Office Supplies,Art,OFF-AR-10003732,10,10,4,3,4620
6839,22-02-2022,Standard Class,Corporate,Office Supplies,Appliances,OFF-AP-10000275,1510,1640,5,2,329
6840,21-05-2023,Standard Class,Corporate,Technology,Phones,TEC-PH-10003505,310,370,5,4,4265
6841,26-07-2023,First Class,Home Office,Office Supplies,Binders,OFF-BI-10002852,10,10,3,3,1788
6842,26-02-2023,Standard Class,Corporate,Technology,Accessories,TEC-AC-10004877,20,20,3,2,5002
6843,24-12-2023,Standard Class,Corporate,Office Supplies,Fasteners,OFF-FA-10002975,10,10,3,4,4632
6844,18-07-2023,Standard Class,Corporate,Office Supplies,Storage,OFF-ST-10000419,60,70,5,4,3888
6845,30-03-2023,Standard Class,Corporate,Furniture,Chairs,FUR-CH-10002073,910,1060,4,5,2458
6846,23-12-2023,Standard Class,Home Office,Furniture,Chairs,FUR-CH-10000155,460,480,2,2,4916
6847,26-10-2022,Standard Class,Corporate,Office Supplies,Paper,OFF-PA-10001260,20,30,4,4,1897
6848,30-11-2023,Standard Class,Consumer,Technology,Phones,TEC-PH-10001924,50,60,1,3,532
6849,03-05-2023,First Class,Consumer,Office Supplies,Paper,OFF-PA-10003134,70,80,2,2,2232
6850,18-08-2022,Standard Class,Consumer,Furniture,Furnishings,FUR-FU-10000409,50,60,4,2,548
6851,08-08-2023,Standard Class,Corporate,Furniture,Bookcases,FUR-BO-10002545,1320,1570,6,3,1751
6852,19-12-2022,Standard Class,Corporate,Office Supplies,Binders,OFF-BI-10001460,90,110,7,5,2870
6853,23-11-2023,Second Class,Corporate,Office Supplies,Storage,OFF-ST-10001328,50,60,4,2,4411
6854,07-05-2023,Second Class,Corporate,Technology,Phones,TEC-PH-10003601,420,490,3,3,240
6855,28-08-2022,Second Class,Corporate,Office Supplies,Storage,OFF-ST-10001522,300,370,4,3,908
6856,28-12-2023,Second Class,Corporate,Office Supplies,Paper,OFF-PA-10001994,30,40,2,3,2526
6857,26-08-2023,Second Class,Corporate,Office Supplies,Envelopes,OFF-EN-10001453,140,180,3,5,1564
6858,11-10-2022,Standard Class,Consumer,Office Supplies,Paper,OFF-PA-10004911,30,30,3,2,4667
6859,08-10-2023,Standard Class,Consumer,Office Supplies,Labels,OFF-LA-10001404,10,10,2,2,4981
6860,24-07-2023,Standard Class,Consumer,Office Supplies,Fasteners,OFF-FA-10001561,10,10,5,3,1475
6861,25-02-2023,Standard Class,Consumer,Technology,Accessories,TEC-AC-10001383,220,270,11,3,4889
6862,04-03-2023,Standard Class,Consumer,Office Supplies,Labels,OFF-LA-10003190,20,20,8,2,1230
6863,19-08-2023,Standard Class,Consumer,Furniture,Chairs,FUR-CH-10003774,180,220,3,2,1070
6864,28-07-2022,Standard Class,Corporate,Office Supplies,Paper,OFF-PA-10000520,10,10,2,2,3351
6865,11-06-2022,Standard Class,Corporate,Office Supplies,Binders,OFF-BI-10004465,10,10,2,4,3404
6866,04-05-2023,Standard Class,Corporate,Technology,Phones,TEC-PH-10003555,80,90,5,4,3333
6867,11-07-2022,Standard Class,Corporate,Technology,Accessories,TEC-AC-10000844,210,250,3,4,2870
6868,04-08-2023,Standard Class,Corporate,Technology,Phones,TEC-PH-10003187,30,30,2,4,4694
6869,22-10-2022,Standard Class,Corporate,Furniture,Tables,FUR-TA-10003569,2690,2890,9,5,3657
6870,07-10-2022,Standard Class,Corporate,Office Supplies,Paper,OFF-PA-10003848,10,10,2,2,3407
6871,05-07-2022,Standard Class,Corporate,Office Supplies,Paper,OFF-PA-10002606,40,50,9,2,3858
6872,28-05-2022,Second Class,Corporate,Office Supplies,Labels,OFF-LA-10004853,10,10,3,4,724
6873,15-03-2023,First Class,Consumer,Office Supplies,Paper,OFF-PA-10004948,0,0,1,2,76
6874,05-11-2023,Second Class,Consumer,Office Supplies,Binders,OFF-BI-10003676,10,10,5,5,3294
6875,23-11-2022,Second Class,Consumer,Technology,Accessories,TEC-AC-10001314,100,120,3,2,3033
6876,01-03-2022,Standard Class,Consumer,Office Supplies,Labels,OFF-LA-10004545,20,30,2,3,3502
6877,12-10-2022,Standard Class,Consumer,Furniture,Tables,FUR-TA-10003238,1550,1650,3,3,3697
6878,23-09-2022,Same Day,Consumer,Furniture,Furnishings,FUR-FU-10004952,110,130,6,5,5090
6879,02-07-2022,Same Day,Consumer,Office Supplies,Paper,OFF-PA-10003001,10,10,1,5,2439
6880,30-10-2022,Second Class,Home Office,Furniture,Chairs,FUR-CH-10001215,1900,2000,5,5,2773
6881,19-05-2023,Second Class,Home Office,Office Supplies,Paper,OFF-PA-10004255,30,30,5,3,1761
6882,14-12-2022,Second Class,Home Office,Furniture,Tables,FUR-TA-10001705,1760,1910,9,2,2315
6883,29-09-2023,Second Class,Home Office,Office Supplies,Storage,OFF-ST-10002554,120,150,3,4,2705
6884,24-08-2023,Second Class,Home Office,Office Supplies,Paper,OFF-PA-10002222,90,110,5,4,5083
6885,05-08-2022,Standard Class,Consumer,Furniture,Chairs,FUR-CH-10002320,2060,2570,8,4,4562
6886,31-08-2022,Standard Class,Consumer,Technology,Accessories,TEC-AC-10003499,40,40,4,4,2655
6887,23-05-2022,Standard Class,Consumer,Technology,Phones,TEC-PH-10003580,230,260,2,5,1625
6888,28-11-2022,Standard Class,Consumer,Office Supplies,Paper,OFF-PA-10004675,20,20,3,4,2948
6889,20-05-2023,Standard Class,Consumer,Office Supplies,Binders,OFF-BI-10000666,60,70,3,5,725
6890,24-06-2023,Standard Class,Corporate,Technology,Phones,TEC-PH-10001552,90,100,8,5,2570
6891,09-02-2022,Standard Class,Corporate,Office Supplies,Paper,OFF-PA-10000673,40,50,7,3,2207
6892,12-05-2023,Standard Class,Corporate,Office Supplies,Art,OFF-AR-10000380,100,110,3,3,5013
6893,25-03-2022,Standard Class,Corporate,Office Supplies,Paper,OFF-PA-10003848,20,30,4,4,3050
6894,19-09-2022,Standard Class,Corporate,Furniture,Furnishings,FUR-FU-10002963,20,20,4,5,917
6895,11-11-2023,Standard Class,Corporate,Technology,Phones,TEC-PH-10002447,340,410,2,4,1444
6896,06-12-2022,Standard Class,Corporate,Office Supplies,Supplies,OFF-SU-10004261,30,30,2,3,3260
6897,06-05-2022,Standard Class,Corporate,Office Supplies,Paper,OFF-PA-10003228,230,240,5,2,4260
6898,22-05-2022,Standard Class,Consumer,Office Supplies,Binders,OFF-BI-10004817,10,10,3,3,243
6899,02-01-2023,Second Class,Consumer,Furniture,Chairs,FUR-CH-10002880,500,600,7,5,3272
6900,15-10-2022,Second Class,Consumer,Office Supplies,Binders,OFF-BI-10001249,10,10,6,2,641
6901,11-11-2022,Standard Class,Home Office,Technology,Accessories,TEC-AC-10002402,450,560,7,4,4774
6902,19-10-2023,Same Day,Corporate,Technology,Copiers,TEC-CO-10001449,1940,2400,5,5,4240
6903,03-04-2023,Standard Class,Corporate,Office Supplies,Fasteners,OFF-FA-10002280,20,20,4,4,2599
6904,06-01-2022,Standard Class,Corporate,Office Supplies,Appliances,OFF-AP-10003278,10,10,2,3,721
6905,04-12-2023,Standard Class,Corporate,Office Supplies,Storage,OFF-ST-10003994,220,240,5,5,4410
6906,23-10-2022,Second Class,Corporate,Office Supplies,Storage,OFF-ST-10003221,10,10,1,3,2247
6907,02-12-2022,Same Day,Corporate,Office Supplies,Binders,OFF-BI-10002225,30,40,2,4,114
6908,30-06-2022,Standard Class,Consumer,Technology,Phones,TEC-PH-10002584,860,1000,2,2,2875
6909,27-05-2022,Standard Class,Corporate,Furniture,Furnishings,FUR-FU-10002364,10,10,2,4,506
6910,12-06-2023,Second Class,Consumer,Office Supplies,Binders,OFF-BI-10004022,0,0,3,2,2023
6911,03-01-2022,Standard Class,Consumer,Furniture,Bookcases,FUR-BO-10004709,100,120,2,4,433
6912,28-03-2023,Second Class,Consumer,Office Supplies,Storage,OFF-ST-10004340,150,190,3,5,670
6913,23-07-2023,Second Class,Corporate,Technology,Accessories,TEC-AC-10001714,140,160,4,2,2653
6914,26-05-2022,Standard Class,Consumer,Technology,Phones,TEC-PH-10002844,50,60,2,5,3653
6915,31-01-2023,Standard Class,Consumer,Office Supplies,Storage,OFF-ST-10000585,110,130,1,3,680
6916,14-02-2022,Standard Class,Consumer,Office Supplies,Binders,OFF-BI-10002824,20,20,6,2,1591
6917,02-03-2022,Standard Class,Consumer,Office Supplies,Paper,OFF-PA-10001289,110,120,4,3,2123
6918,05-08-2023,Standard Class,Corporate,Furniture,Chairs,FUR-CH-10001854,1120,1400,5,2,2444
6919,22-05-2022,Second Class,Consumer,Office Supplies,Supplies,OFF-SU-10003567,30,30,3,5,2061
6920,28-02-2022,Standard Class,Corporate,Office Supplies,Binders,OFF-BI-10001597,20,20,2,2,1268
6921,10-04-2023,Standard Class,Consumer,Office Supplies,Appliances,OFF-AP-10003287,300,360,7,2,2627
6922,14-02-2023,Standard Class,Home Office,Office Supplies,Envelopes,OFF-EN-10001532,20,20,1,4,3001
6923,29-04-2022,Second Class,Consumer,Office Supplies,Labels,OFF-LA-10003930,440,490,5,3,2140
6924,13-01-2023,Second Class,Consumer,Office Supplies,Envelopes,OFF-EN-10003845,10,10,2,2,3864
6925,27-10-2022,Standard Class,Consumer,Office Supplies,Paper,OFF-PA-10002659,20,20,7,5,2462
6926,25-10-2022,Standard Class,Consumer,Furniture,Bookcases,FUR-BO-10001608,550,680,12,3,3198
6927,02-09-2023,Standard Class,Consumer,Office Supplies,Labels,OFF-LA-10000305,20,20,3,5,1447
6928,29-09-2023,Second Class,Consumer,Office Supplies,Storage,OFF-ST-10003638,70,90,4,3,1173
6929,27-10-2023,Second Class,Consumer,Office Supplies,Labels,OFF-LA-10001934,20,20,3,2,1446
6930,23-05-2023,Second Class,Consumer,Technology,Phones,TEC-PH-10003012,740,860,7,5,10
6931,22-02-2022,Second Class,Consumer,Office Supplies,Paper,OFF-PA-10001019,20,20,1,2,5023
6932,17-07-2022,Standard Class,Consumer,Technology,Phones,TEC-PH-10002070,10,10,1,2,6
6933,11-05-2023,Standard Class,Consumer,Technology,Phones,TEC-PH-10002583,20,20,2,2,837
6934,26-11-2022,Standard Class,Consumer,Furniture,Furnishings,FUR-FU-10001057,30,30,2,2,3777
6935,17-09-2023,Standard Class,Consumer,Office Supplies,Art,OFF-AR-10001044,30,40,2,4,944
6936,14-11-2023,Second Class,Corporate,Technology,Accessories,TEC-AC-10001767,90,100,3,2,145
6937,13-08-2022,First Class,Home Office,Furniture,Furnishings,FUR-FU-10000277,70,80,2,2,2012
6938,19-07-2022,Same Day,Consumer,Office Supplies,Paper,OFF-PA-10001952,40,40,2,4,1950
6939,20-10-2022,Standard Class,Consumer,Technology,Accessories,TEC-AC-10004420,410,480,4,2,2124
6940,05-08-2023,Standard Class,Corporate,Office Supplies,Binders,OFF-BI-10001071,90,100,2,3,4694
6941,28-05-2022,Standard Class,Corporate,Office Supplies,Supplies,OFF-SU-10002503,20,30,5,3,3218
6942,10-02-2023,Standard Class,Corporate,Office Supplies,Storage,OFF-ST-10001490,580,710,4,4,178
6943,10-03-2023,Standard Class,Corporate,Office Supplies,Paper,OFF-PA-10003790,60,70,3,4,2357
6944,21-09-2022,Standard Class,Consumer,Technology,Phones,TEC-PH-10004094,580,620,5,4,2323
6945,16-08-2022,Standard Class,Corporate,Office Supplies,Binders,OFF-BI-10004876,10,10,4,4,2243
6946,05-11-2023,Standard Class,Consumer,Furniture,Bookcases,FUR-BO-10003034,450,520,5,5,118
6947,29-04-2022,Standard Class,Home Office,Office Supplies,Fasteners,OFF-FA-10000490,0,0,2,5,1457
6948,02-05-2023,Standard Class,Consumer,Office Supplies,Storage,OFF-ST-10002574,190,220,2,5,2630
6949,15-05-2023,Standard Class,Consumer,Furniture,Chairs,FUR-CH-10003535,110,130,3,3,1422
6950,31-07-2022,Same Day,Home Office,Office Supplies,Binders,OFF-BI-10001628,50,60,7,3,931
6951,22-11-2022,Same Day,Home Office,Furniture,Tables,FUR-TA-10001676,80,80,3,5,421
6952,10-10-2022,Standard Class,Corporate,Technology,Machines,TEC-MA-10002790,460,480,2,5,2773
6953,28-05-2022,First Class,Consumer,Office Supplies,Binders,OFF-BI-10001757,10,10,3,2,3682
6954,09-02-2022,First Class,Consumer,Office Supplies,Binders,OFF-BI-10004828,40,50,4,2,5081
6955,24-08-2022,First Class,Consumer,Technology,Phones,TEC-PH-10000369,410,500,5,4,2367
6956,26-04-2022,Standard Class,Corporate,Office Supplies,Envelopes,OFF-EN-10003862,20,20,2,3,3782
6957,16-09-2022,Standard Class,Consumer,Office Supplies,Binders,OFF-BI-10003963,30,40,5,4,3609
6958,01-06-2022,Standard Class,Consumer,Furniture,Furnishings,FUR-FU-10004848,40,50,1,2,654
6959,02-06-2023,Second Class,Home Office,Office Supplies,Storage,OFF-ST-10001328,20,20,1,3,1141
6960,27-04-2023,Second Class,Home Office,Office Supplies,Paper,OFF-PA-10002377,120,150,3,2,1025
6961,07-11-2023,Second Class,Home Office,Office Supplies,Paper,OFF-PA-10003441,10,10,2,5,1799
6962,15-02-2022,Same Day,Home Office,Office Supplies,Art,OFF-AR-10002221,10,10,3,4,284
6963,22-08-2022,Second Class,Corporate,Office Supplies,Envelopes,OFF-EN-10001509,10,10,5,3,1562
6964,26-12-2022,Second Class,Corporate,Office Supplies,Art,OFF-AR-10003338,20,20,3,2,2446
6965,10-12-2023,Second Class,Corporate,Office Supplies,Binders,OFF-BI-10004728,20,20,5,5,752
6966,01-04-2023,Second Class,Corporate,Technology,Accessories,TEC-AC-10000358,70,80,2,3,1060
6967,23-01-2022,Second Class,Corporate,Office Supplies,Binders,OFF-BI-10002764,10,10,2,2,731
6968,31-05-2022,Second Class,Corporate,Office Supplies,Paper,OFF-PA-10001461,50,60,9,4,2513
6969,20-10-2023,Second Class,Corporate,Technology,Phones,TEC-PH-10004165,740,820,3,3,2433
6970,22-03-2023,Second Class,Consumer,Furniture,Furnishings,FUR-FU-10000010,20,20,5,3,1616
6971,14-01-2023,Standard Class,Consumer,Office Supplies,Storage,OFF-ST-10000321,10,10,2,4,2736
6972,11-10-2023,Standard Class,Consumer,Technology,Accessories,TEC-AC-10000109,80,90,2,3,4762
6973,16-05-2022,Standard Class,Consumer,Technology,Phones,TEC-PH-10002415,440,470,2,2,4101
6974,22-10-2023,Standard Class,Consumer,Office Supplies,Binders,OFF-BI-10001460,20,20,4,5,3468
6975,16-09-2022,Standard Class,Consumer,Office Supplies,Art,OFF-AR-10002987,30,30,2,4,2523
6976,24-09-2022,Standard Class,Corporate,Office Supplies,Labels,OFF-LA-10000443,10,10,2,3,3064
6977,01-11-2022,Standard Class,Corporate,Furniture,Furnishings,FUR-FU-10004306,580,620,4,5,4745
6978,17-10-2023,First Class,Consumer,Technology,Phones,TEC-PH-10002564,60,60,2,5,3587
6979,07-11-2023,Second Class,Consumer,Office Supplies,Paper,OFF-PA-10003724,40,50,9,5,1456
6980,07-05-2023,Standard Class,Consumer,Office Supplies,Paper,OFF-PA-10000483,140,150,5,3,4547
6981,03-01-2023,First Class,Corporate,Office Supplies,Fasteners,OFF-FA-10000611,10,10,4,2,2792
6982,08-12-2022,First Class,Corporate,Office Supplies,Paper,OFF-PA-10000246,30,30,3,4,2052
6983,28-10-2023,Standard Class,Consumer,Office Supplies,Binders,OFF-BI-10004728,20,20,5,2,1173
6984,08-01-2022,Standard Class,Consumer,Technology,Phones,TEC-PH-10002365,10,10,1,3,4868
6985,29-01-2023,Standard Class,Consumer,Office Supplies,Appliances,OFF-AP-10002457,330,380,4,5,2091
6986,10-07-2022,Standard Class,Consumer,Office Supplies,Binders,OFF-BI-10000320,30,30,4,2,1990
6987,14-02-2023,Standard Class,Consumer,Office Supplies,Art,OFF-AR-10004999,10,10,2,5,1909
6988,13-01-2022,Standard Class,Consumer,Office Supplies,Binders,OFF-BI-10001116,20,30,5,5,135
6989,27-04-2022,Second Class,Corporate,Office Supplies,Appliances,OFF-AP-10002651,930,1160,5,5,2761
6990,07-01-2023,First Class,Consumer,Office Supplies,Appliances,OFF-AP-10001634,0,0,2,4,713
6991,29-03-2022,Second Class,Consumer,Office Supplies,Appliances,OFF-AP-10003266,30,40,3,2,2677
6992,28-03-2023,Second Class,Consumer,Technology,Phones,TEC-PH-10002890,190,230,5,4,764
6993,19-03-2022,Second Class,Consumer,Furniture,Furnishings,FUR-FU-10000308,160,190,3,4,1720
6994,02-08-2023,Second Class,Consumer,Office Supplies,Art,OFF-AR-10000380,230,270,7,5,668
6995,13-12-2023,Second Class,Consumer,Office Supplies,Art,OFF-AR-10000122,30,30,5,5,1965
6996,23-08-2023,Standard Class,Corporate,Office Supplies,Appliances,OFF-AP-10004868,30,30,4,2,3658
6997,11-09-2022,Second Class,Corporate,Office Supplies,Binders,OFF-BI-10004002,10,10,4,3,4055
6998,29-06-2022,Second Class,Corporate,Office Supplies,Paper,OFF-PA-10004475,150,180,4,3,4673
6999,13-03-2022,Standard Class,Home Office,Office Supplies,Paper,OFF-PA-10002195,10,10,2,5,4341
7000,11-04-2022,First Class,Corporate,Office Supplies,Appliances,OFF-AP-10002670,170,210,3,4,3693
7001,25-11-2022,First Class,Corporate,Office Supplies,Supplies,OFF-SU-10004498,30,30,2,4,3847
7002,30-03-2022,Standard Class,Home Office,Furniture,Chairs,FUR-CH-10003298,300,370,4,5,1323
7003,16-09-2022,Second Class,Corporate,Furniture,Furnishings,FUR-FU-10000723,240,290,7,4,2332
7004,07-01-2023,Second Class,Corporate,Office Supplies,Binders,OFF-BI-10000632,60,70,2,4,1394
7005,05-12-2022,Standard Class,Corporate,Office Supplies,Paper,OFF-PA-10000223,10,10,1,5,3258
7006,11-04-2022,Standard Class,Consumer,Furniture,Chairs,FUR-CH-10001545,190,210,2,5,2413
7007,21-02-2023,Standard Class,Corporate,Furniture,Furnishings,FUR-FU-10001546,10,10,2,4,2090
7008,11-09-2022,Standard Class,Corporate,Office Supplies,Binders,OFF-BI-10001098,10,10,2,2,717
7009,03-05-2023,Standard Class,Corporate,Furniture,Chairs,FUR-CH-10003379,540,600,3,3,2517
7010,04-05-2022,Standard Class,Corporate,Furniture,Furnishings,FUR-FU-10000193,30,30,1,3,2544
7011,06-06-2023,Standard Class,Consumer,Office Supplies,Binders,OFF-BI-10000829,20,20,5,5,637
7012,20-06-2022,Standard Class,Consumer,Office Supplies,Supplies,OFF-SU-10003002,10,10,2,3,1514
7013,17-11-2023,Standard Class,Consumer,Office Supplies,Appliances,OFF-AP-10002118,180,210,1,3,203
7014,23-07-2023,Second Class,Home Office,Furniture,Bookcases,FUR-BO-10001519,140,150,3,3,711
7015,07-03-2023,Second Class,Corporate,Office Supplies,Appliances,OFF-AP-10002578,140,150,3,2,4154
7016,02-07-2022,Second Class,Corporate,Technology,Accessories,TEC-AC-10000710,30,30,2,4,2691
7017,06-11-2022,Second Class,Corporate,Technology,Phones,TEC-PH-10000984,480,590,3,5,924
7018,10-07-2023,Second Class,Corporate,Office Supplies,Paper,OFF-PA-10000213,10,10,3,3,2790
7019,15-10-2023,Second Class,Consumer,Office Supplies,Labels,OFF-LA-10003720,30,30,7,5,4283
7020,26-11-2023,Standard Class,Consumer,Office Supplies,Paper,OFF-PA-10001837,20,20,3,5,4230
7021,14-09-2023,Standard Class,Consumer,Office Supplies,Supplies,OFF-SU-10004661,10,10,1,5,4051
7022,12-03-2023,Standard Class,Consumer,Furniture,Furnishings,FUR-FU-10003274,0,0,3,2,4186
7023,21-05-2023,Standard Class,Consumer,Technology,Phones,TEC-PH-10000149,120,140,9,3,2521
7024,10-07-2022,Standard Class,Consumer,Office Supplies,Paper,OFF-PA-10000019,30,30,6,4,4204
7025,24-01-2022,Standard Class,Consumer,Office Supplies,Paper,OFF-PA-10001125,200,220,9,5,13
7026,22-10-2022,Standard Class,Corporate,Technology,Phones,TEC-PH-10002538,210,230,6,4,2067
7027,18-07-2023,Standard Class,Corporate,Office Supplies,Binders,OFF-BI-10000279,40,50,4,4,4666
7028,07-09-2023,Standard Class,Consumer,Office Supplies,Labels,OFF-LA-10001045,10,10,2,4,627
7029,11-12-2023,Second Class,Consumer,Office Supplies,Paper,OFF-PA-10003673,30,30,5,5,774
7030,21-07-2023,Standard Class,Corporate,Office Supplies,Storage,OFF-ST-10002562,30,30,3,2,1288
7031,03-04-2022,Standard Class,Corporate,Technology,Accessories,TEC-AC-10002305,40,40,2,5,1715
7032,03-01-2023,Standard Class,Corporate,Office Supplies,Art,OFF-AR-10003373,80,90,3,5,3390
7033,14-04-2023,Standard Class,Corporate,Furniture,Chairs,FUR-CH-10003774,200,250,3,3,729
7034,22-07-2023,Standard Class,Corporate,Office Supplies,Binders,OFF-BI-10001510,50,60,3,4,4995
7035,28-02-2022,Standard Class,Corporate,Office Supplies,Binders,OFF-BI-10004236,30,40,3,2,1853
7036,02-12-2022,Standard Class,Corporate,Furniture,Chairs,FUR-CH-10004675,490,520,3,4,507
7037,01-02-2023,Second Class,Consumer,Technology,Copiers,TEC-CO-10004202,460,480,2,5,3863
7038,21-04-2023,Standard Class,Consumer,Office Supplies,Paper,OFF-PA-10004255,10,10,2,2,2754
7039,03-01-2022,Standard Class,Consumer,Office Supplies,Art,OFF-AR-10003896,20,20,3,4,4609
7040,27-04-2022,Standard Class,Consumer,Office Supplies,Storage,OFF-ST-10002276,140,170,2,2,4304
7041,03-02-2023,Standard Class,Consumer,Office Supplies,Binders,OFF-BI-10001617,20,20,3,4,3380
7042,16-06-2022,Standard Class,Consumer,Furniture,Furnishings,FUR-FU-10000308,110,120,2,3,1134
7043,26-12-2022,Standard Class,Consumer,Technology,Copiers,TEC-CO-10001943,560,600,5,4,1774
7044,03-05-2022,Standard Class,Consumer,Furniture,Chairs,FUR-CH-10002647,190,200,4,2,4505
7045,29-08-2022,Standard Class,Consumer,Office Supplies,Supplies,OFF-SU-10004768,10,10,2,5,897
7046,01-01-2023,Standard Class,Corporate,Office Supplies,Paper,OFF-PA-10002160,10,10,2,4,3630
7047,03-02-2023,Standard Class,Home Office,Furniture,Tables,FUR-TA-10003748,90,100,1,2,368
7048,01-12-2022,Standard Class,Home Office,Technology,Accessories,TEC-AC-10001908,330,400,4,5,2118
7049,16-09-2023,First Class,Consumer,Office Supplies,Paper,OFF-PA-10000552,20,20,3,4,4437
7050,23-05-2022,Standard Class,Home Office,Office Supplies,Art,OFF-AR-10003179,10,10,2,4,1658
7051,15-03-2022,Same Day,Consumer,Office Supplies,Binders,OFF-BI-10004593,180,210,5,2,1427
7052,27-09-2022,Same Day,Consumer,Office Supplies,Art,OFF-AR-10000914,20,20,2,5,106
7053,15-02-2022,Same Day,Consumer,Office Supplies,Paper,OFF-PA-10000241,30,30,1,5,811
7054,11-08-2023,Same Day,Consumer,Technology,Accessories,TEC-AC-10000057,100,120,4,5,2027
7055,13-06-2022,Same Day,Consumer,Furniture,Chairs,FUR-CH-10003774,290,360,5,3,1699
7056,21-12-2022,Same Day,Consumer,Office Supplies,Binders,OFF-BI-10002824,30,40,3,5,3131
7057,15-03-2022,Same Day,Consumer,Office Supplies,Binders,OFF-BI-10004001,100,120,9,2,398
7058,29-07-2023,Same Day,Consumer,Furniture,Tables,FUR-TA-10004619,740,890,7,2,2787
7059,26-03-2022,Same Day,Consumer,Office Supplies,Storage,OFF-ST-10000636,40,50,3,2,171
7060,23-07-2023,Same Day,Consumer,Office Supplies,Appliances,OFF-AP-10001469,70,80,2,2,3244
7061,28-10-2022,Same Day,Consumer,Office Supplies,Binders,OFF-BI-10002897,10,10,2,3,3508
7062,31-10-2023,Second Class,Corporate,Office Supplies,Binders,OFF-BI-10002432,10,10,3,5,2127
7063,20-07-2022,Second Class,Consumer,Office Supplies,Envelopes,OFF-EN-10002592,30,30,3,5,234
7064,22-03-2022,Standard Class,Home Office,Office Supplies,Supplies,OFF-SU-10002522,10,10,2,3,579
7065,05-02-2023,Standard Class,Consumer,Office Supplies,Appliances,OFF-AP-10003971,30,30,3,5,746
7066,06-06-2022,First Class,Corporate,Office Supplies,Storage,OFF-ST-10001496,1110,1260,7,5,1841
7067,07-02-2023,Standard Class,Home Office,Office Supplies,Paper,OFF-PA-10004782,30,40,6,3,4694
7068,02-04-2022,Standard Class,Corporate,Office Supplies,Binders,OFF-BI-10000343,0,0,2,2,2712
7069,16-01-2022,Standard Class,Corporate,Office Supplies,Paper,OFF-PA-10003591,70,80,9,5,2727
7070,22-09-2023,Standard Class,Consumer,Office Supplies,Paper,OFF-PA-10001667,10,10,1,2,1020
7071,03-07-2023,Second Class,Home Office,Office Supplies,Paper,OFF-PA-10004971,10,10,2,5,50
7072,30-03-2023,Standard Class,Consumer,Office Supplies,Art,OFF-AR-10001216,0,0,2,4,4883
7073,31-08-2022,Standard Class,Consumer,Office Supplies,Paper,OFF-PA-10004355,10,10,1,2,1128
7074,01-09-2022,Standard Class,Consumer,Office Supplies,Art,OFF-AR-10001953,160,180,5,2,820
7075,23-08-2022,Standard Class,Consumer,Office Supplies,Binders,OFF-BI-10004364,0,0,4,4,28
7076,12-09-2022,Standard Class,Consumer,Office Supplies,Supplies,OFF-SU-10001165,10,10,2,2,4604
7077,04-05-2023,Standard Class,Consumer,Office Supplies,Envelopes,OFF-EN-10001141,50,50,5,2,779
7078,30-04-2023,Standard Class,Consumer,Office Supplies,Binders,OFF-BI-10000014,20,20,7,2,3471
7079,10-12-2022,Standard Class,Consumer,Office Supplies,Appliances,OFF-AP-10000159,290,310,9,5,327
7080,11-07-2023,Standard Class,Consumer,Office Supplies,Art,OFF-AR-10003560,20,20,4,4,1843
7081,22-07-2023,Standard Class,Consumer,Furniture,Tables,FUR-TA-10001768,380,470,3,4,3582
7082,19-09-2023,Standard Class,Consumer,Technology,Accessories,TEC-AC-10002049,950,1010,3,3,4519
7083,23-12-2022,Standard Class,Consumer,Office Supplies,Binders,OFF-BI-10003166,20,20,5,3,3268
7084,22-12-2022,Second Class,Corporate,Office Supplies,Art,OFF-AR-10003469,0,0,2,4,525
7085,26-12-2022,Second Class,Corporate,Technology,Phones,TEC-PH-10002549,1400,1630,9,5,123
7086,10-04-2022,First Class,Corporate,Office Supplies,Binders,OFF-BI-10003476,10,10,5,3,4441
7087,16-12-2023,First Class,Corporate,Office Supplies,Supplies,OFF-SU-10000157,170,190,2,2,1232
7088,04-09-2023,Second Class,Consumer,Office Supplies,Storage,OFF-ST-10003123,90,100,3,3,1243
7089,08-06-2023,Second Class,Consumer,Office Supplies,Art,OFF-AR-10001955,70,80,4,3,630
7090,28-05-2023,Second Class,Corporate,Technology,Phones,TEC-PH-10001809,100,120,1,3,4892
7091,02-05-2023,Standard Class,Consumer,Office Supplies,Paper,OFF-PA-10000474,100,110,3,3,4292
7092,08-09-2023,Standard Class,Consumer,Office Supplies,Appliances,OFF-AP-10001205,140,160,3,4,183
7093,21-11-2023,Standard Class,Consumer,Office Supplies,Art,OFF-AR-10004691,40,40,2,4,1224
7094,04-10-2022,Standard Class,Consumer,Office Supplies,Paper,OFF-PA-10004996,50,50,5,5,2349
7095,27-12-2022,Second Class,Consumer,Technology,Accessories,TEC-AC-10001908,390,480,6,2,1713
7096,05-12-2022,First Class,Consumer,Office Supplies,Binders,OFF-BI-10000666,120,150,6,5,1781
7097,30-05-2023,First Class,Consumer,Office Supplies,Binders,OFF-BI-10004318,250,280,2,2,2320
7098,08-03-2023,First Class,Consumer,Office Supplies,Binders,OFF-BI-10003429,30,30,5,5,2461
7099,20-03-2023,Standard Class,Consumer,Office Supplies,Paper,OFF-PA-10003302,280,320,9,5,1713
7100,02-01-2022,Second Class,Consumer,Office Supplies,Paper,OFF-PA-10003302,170,210,6,2,4205
7101,14-11-2022,Standard Class,Consumer,Office Supplies,Envelopes,OFF-EN-10002621,20,20,3,4,52
7102,02-09-2022,Second Class,Corporate,Office Supplies,Paper,OFF-PA-10000249,20,20,2,2,4755
7103,24-10-2023,First Class,Consumer,Office Supplies,Binders,OFF-BI-10000050,10,10,3,3,3216
7104,23-05-2023,Standard Class,Consumer,Office Supplies,Storage,OFF-ST-10003805,340,420,2,4,941
7105,18-10-2023,Second Class,Corporate,Furniture,Chairs,FUR-CH-10000785,710,760,6,4,792
7106,30-08-2022,Second Class,Corporate,Furniture,Furnishings,FUR-FU-10004909,40,40,3,4,1822
7107,04-07-2023,Second Class,Corporate,Technology,Accessories,TEC-AC-10001553,100,120,9,3,3396
7108,27-09-2022,Standard Class,Consumer,Technology,Phones,TEC-PH-10004774,20,30,2,5,4426
7109,11-03-2022,Standard Class,Consumer,Office Supplies,Art,OFF-AR-10004582,0,0,2,3,3561
7110,03-04-2022,Standard Class,Consumer,Office Supplies,Storage,OFF-ST-10000991,400,460,4,4,2295
7111,03-03-2022,Standard Class,Consumer,Office Supplies,Supplies,OFF-SU-10002522,10,10,2,4,2952
7112,14-09-2022,Standard Class,Consumer,Office Supplies,Art,OFF-AR-10004022,60,70,2,2,2304
7113,27-02-2023,Standard Class,Consumer,Office Supplies,Supplies,OFF-SU-10001218,50,50,5,4,1804
7114,22-05-2022,Standard Class,Consumer,Office Supplies,Binders,OFF-BI-10000174,10,10,2,2,2436
7115,10-11-2022,First Class,Corporate,Furniture,Tables,FUR-TA-10003392,1500,1690,6,5,4866
7116,07-06-2022,First Class,Corporate,Office Supplies,Binders,OFF-BI-10001890,10,10,2,4,4494
7117,15-11-2023,Second Class,Consumer,Office Supplies,Paper,OFF-PA-10000167,50,60,2,4,2600
7118,16-01-2023,Second Class,Consumer,Office Supplies,Binders,OFF-BI-10003784,0,0,1,3,3606
7119,01-11-2022,Standard Class,Corporate,Office Supplies,Paper,OFF-PA-10001184,20,20,3,2,3197
7120,17-03-2023,Standard Class,Corporate,Office Supplies,Binders,OFF-BI-10002103,10,10,2,2,2446
7121,01-01-2023,Standard Class,Corporate,Office Supplies,Binders,OFF-BI-10003091,60,70,1,4,3582
7122,22-05-2023,Standard Class,Consumer,Office Supplies,Paper,OFF-PA-10001593,30,40,7,2,1462
7123,09-07-2022,Standard Class,Consumer,Furniture,Bookcases,FUR-BO-10002598,120,140,2,3,5010
7124,28-11-2022,Standard Class,Corporate,Furniture,Furnishings,FUR-FU-10000320,10,10,3,2,955
7125,08-08-2022,Standard Class,Corporate,Office Supplies,Paper,OFF-PA-10001815,110,140,3,2,4621
7126,17-06-2023,Second Class,Consumer,Office Supplies,Paper,OFF-PA-10003971,20,20,3,5,2349
7127,22-08-2023,Second Class,Consumer,Office Supplies,Art,OFF-AR-10004685,10,10,3,4,2709
7128,09-08-2023,Standard Class,Consumer,Office Supplies,Paper,OFF-PA-10001609,20,20,5,3,4081
7129,26-12-2022,Standard Class,Consumer,Furniture,Furnishings,FUR-FU-10000550,20,20,4,5,1005
7130,07-07-2022,Standard Class,Consumer,Technology,Accessories,TEC-AC-10004209,30,40,4,3,3010
7131,07-07-2022,Standard Class,Consumer,Office Supplies,Paper,OFF-PA-10003022,100,120,7,5,147
7132,24-01-2022,Standard Class,Home Office,Furniture,Tables,FUR-TA-10001039,250,260,3,4,5092
7133,26-11-2023,Standard Class,Home Office,Technology,Phones,TEC-PH-10002624,1750,1880,4,5,540
7134,26-01-2023,Standard Class,Home Office,Furniture,Furnishings,FUR-FU-10001473,20,30,2,4,3117
7135,19-07-2023,Standard Class,Home Office,Technology,Phones,TEC-PH-10001819,90,90,2,4,4748
7136,29-04-2023,Standard Class,Home Office,Furniture,Chairs,FUR-CH-10004287,710,830,3,3,4470
7137,19-02-2023,Standard Class,Consumer,Office Supplies,Binders,OFF-BI-10004728,10,10,5,5,882
7138,14-06-2022,Standard Class,Consumer,Office Supplies,Storage,OFF-ST-10000918,20,20,2,2,1833
7139,04-09-2023,Standard Class,Consumer,Office Supplies,Binders,OFF-BI-10004593,50,60,4,4,99
7140,19-08-2023,Standard Class,Consumer,Furniture,Bookcases,FUR-BO-10001337,230,290,3,4,963
7141,18-05-2022,Same Day,Consumer,Technology,Accessories,TEC-AC-10002473,100,110,4,4,5008
7142,11-02-2023,Same Day,Consumer,Furniture,Furnishings,FUR-FU-10003623,130,140,5,4,4946
7143,05-05-2023,Standard Class,Home Office,Furniture,Furnishings,FUR-FU-10002045,100,110,5,2,376
7144,13-07-2022,Standard Class,Home Office,Technology,Phones,TEC-PH-10002555,690,780,5,3,3004
7145,29-01-2023,Standard Class,Home Office,Office Supplies,Binders,OFF-BI-10002794,10,10,1,5,3685
7146,06-08-2023,Standard Class,Home Office,Furniture,Tables,FUR-TA-10004086,120,150,3,5,1020
7147,02-06-2023,Standard Class,Home Office,Office Supplies,Storage,OFF-ST-10004946,30,40,1,3,2456
7148,14-12-2022,Standard Class,Consumer,Office Supplies,Paper,OFF-PA-10000241,80,90,3,3,2746
7149,29-10-2023,Standard Class,Consumer,Office Supplies,Appliances,OFF-AP-10004036,50,50,3,3,2877
7150,19-12-2022,Standard Class,Consumer,Technology,Phones,TEC-PH-10001578,880,970,3,3,3670
7151,14-08-2022,Standard Class,Home Office,Furniture,Chairs,FUR-CH-10002647,130,140,2,2,4315
7152,27-04-2022,Second Class,Consumer,Furniture,Tables,FUR-TA-10003008,150,180,2,2,3362
7153,24-05-2022,Standard Class,Corporate,Office Supplies,Paper,OFF-PA-10004071,80,90,2,4,4971
7154,02-05-2023,Standard Class,Consumer,Office Supplies,Appliances,OFF-AP-10004980,40,50,7,4,2923
7155,17-06-2022,Second Class,Consumer,Furniture,Furnishings,FUR-FU-10000747,240,280,6,4,4838
7156,11-11-2023,Second Class,Consumer,Office Supplies,Binders,OFF-BI-10004492,150,160,5,3,4485
7157,08-06-2022,Standard Class,Consumer,Office Supplies,Labels,OFF-LA-10004055,0,0,1,2,4890
7158,11-11-2023,Second Class,Consumer,Office Supplies,Storage,OFF-ST-10002485,80,90,4,5,1174
7159,22-09-2022,Second Class,Consumer,Office Supplies,Paper,OFF-PA-10001243,10,10,1,5,2980
7160,22-04-2022,Second Class,Home Office,Technology,Phones,TEC-PH-10004447,200,220,2,5,1381
7161,11-08-2022,Second Class,Home Office,Office Supplies,Fasteners,OFF-FA-10002280,20,20,4,2,2498
7162,19-05-2022,Standard Class,Consumer,Office Supplies,Paper,OFF-PA-10004734,20,20,3,4,1631
7163,23-11-2022,Standard Class,Consumer,Office Supplies,Binders,OFF-BI-10000145,20,20,5,2,571
7164,04-10-2023,Second Class,Corporate,Office Supplies,Envelopes,OFF-EN-10004773,200,250,8,5,1603
7165,27-05-2022,Second Class,Corporate,Office Supplies,Binders,OFF-BI-10004970,10,10,3,3,4887
7166,25-12-2023,First Class,Consumer,Office Supplies,Storage,OFF-ST-10000604,60,70,2,5,1269
7167,18-06-2023,Second Class,Consumer,Office Supplies,Art,OFF-AR-10003190,10,10,4,4,1990
7168,21-12-2022,Second Class,Consumer,Furniture,Chairs,FUR-CH-10000155,630,720,3,4,492
7169,09-04-2023,Second Class,Consumer,Office Supplies,Storage,OFF-ST-10003058,210,240,10,5,2847
7170,28-04-2023,Second Class,Consumer,Furniture,Tables,FUR-TA-10004767,150,170,3,5,5077
7171,29-08-2022,Standard Class,Consumer,Furniture,Chairs,FUR-CH-10002372,120,150,2,3,453
7172,10-12-2023,Second Class,Consumer,Technology,Accessories,TEC-AC-10000158,90,110,3,4,1568
7173,13-08-2023,Standard Class,Corporate,Technology,Accessories,TEC-AC-10000158,110,140,5,2,280
7174,14-08-2022,Standard Class,Corporate,Technology,Copiers,TEC-CO-10002313,1940,2400,5,3,1872
7175,09-06-2023,Standard Class,Corporate,Office Supplies,Paper,OFF-PA-10002581,60,70,3,5,2773
7176,13-08-2023,Standard Class,Corporate,Office Supplies,Appliances,OFF-AP-10001205,80,90,8,2,5065
7177,01-08-2022,Standard Class,Corporate,Office Supplies,Storage,OFF-ST-10000344,20,30,3,4,2553
7178,15-08-2022,Standard Class,Corporate,Office Supplies,Binders,OFF-BI-10002897,0,0,2,3,3547
7179,12-04-2022,Standard Class,Corporate,Office Supplies,Binders,OFF-BI-10003694,10,10,3,2,3169
7180,30-03-2022,Standard Class,Consumer,Technology,Phones,TEC-PH-10001644,80,90,3,2,2366
7181,06-05-2022,First Class,Corporate,Office Supplies,Art,OFF-AR-10002399,10,10,3,2,4040
7182,05-06-2023,Second Class,Consumer,Technology,Accessories,TEC-AC-10003063,30,40,2,3,4859
7183,17-07-2022,Standard Class,Home Office,Office Supplies,Binders,OFF-BI-10002071,20,20,5,4,2738
7184,29-03-2022,First Class,Consumer,Furniture,Chairs,FUR-CH-10004218,730,910,9,5,3638
7185,29-09-2022,Standard Class,Home Office,Office Supplies,Supplies,OFF-SU-10000432,10,10,2,3,3606
7186,18-02-2022,Standard Class,Home Office,Office Supplies,Art,OFF-AR-10003183,10,10,3,5,25
7187,31-10-2022,Standard Class,Home Office,Furniture,Chairs,FUR-CH-10002017,60,70,4,2,2235
7188,26-03-2022,Standard Class,Home Office,Furniture,Furnishings,FUR-FU-10003247,20,20,2,4,2516
7189,12-12-2022,Standard Class,Home Office,Office Supplies,Appliances,OFF-AP-10001563,40,40,4,3,2593
7190,08-04-2023,First Class,Home Office,Technology,Phones,TEC-PH-10004908,180,200,3,4,287
7191,14-04-2022,First Class,Home Office,Furniture,Tables,FUR-TA-10003392,620,670,3,2,1788
7192,15-05-2022,Second Class,Consumer,Office Supplies,Binders,OFF-BI-10004140,10,10,4,2,420
7193,26-10-2023,Second Class,Consumer,Office Supplies,Art,OFF-AR-10003631,30,30,8,2,3766
7194,24-04-2023,First Class,Consumer,Office Supplies,Storage,OFF-ST-10003716,1120,1350,6,3,444
7195,03-07-2023,First Class,Consumer,Office Supplies,Binders,OFF-BI-10003274,20,20,4,4,1454
7196,12-09-2023,Standard Class,Home Office,Furniture,Furnishings,FUR-FU-10004848,20,20,2,5,2127
7197,04-06-2022,Standard Class,Home Office,Office Supplies,Art,OFF-AR-10003504,20,20,5,3,4145
7198,04-07-2022,Standard Class,Home Office,Office Supplies,Labels,OFF-LA-10000305,10,10,2,2,1381
7199,10-07-2023,Standard Class,Home Office,Office Supplies,Art,OFF-AR-10001427,10,10,2,2,987
7200,27-12-2023,Standard Class,Home Office,Technology,Phones,TEC-PH-10004614,130,140,2,5,2264
7201,07-09-2023,Standard Class,Consumer,Technology,Phones,TEC-PH-10001944,110,120,1,3,689
7202,06-12-2022,Standard Class,Consumer,Furniture,Tables,FUR-TA-10001039,290,330,7,5,4874
7203,16-08-2022,Same Day,Corporate,Furniture,Furnishings,FUR-FU-10003806,650,760,5,5,64
7204,15-05-2023,Standard Class,Home Office,Furniture,Furnishings,FUR-FU-10002111,10,10,3,5,3808
7205,26-07-2023,Standard Class,Consumer,Office Supplies,Art,OFF-AR-10000817,10,10,2,5,1679
7206,21-02-2023,Standard Class,Consumer,Furniture,Furnishings,FUR-FU-10001424,20,20,2,4,762
7207,17-08-2023,Standard Class,Consumer,Technology,Machines,TEC-MA-10002930,340,370,11,4,1110
7208,30-09-2023,First Class,Corporate,Office Supplies,Art,OFF-AR-10003759,0,0,2,5,3218
7209,25-09-2023,First Class,Corporate,Office Supplies,Paper,OFF-PA-10001837,20,20,4,2,717
7210,12-02-2023,First Class,Corporate,Office Supplies,Paper,OFF-PA-10001667,10,10,2,4,4936
7211,09-08-2023,Standard Class,Corporate,Office Supplies,Paper,OFF-PA-10000246,20,30,3,4,1370
7212,31-08-2023,Standard Class,Corporate,Office Supplies,Binders,OFF-BI-10001078,40,50,12,5,2189
7213,21-10-2022,Standard Class,Corporate,Office Supplies,Binders,OFF-BI-10000138,10,10,3,4,1918
7214,03-10-2023,Standard Class,Consumer,Office Supplies,Labels,OFF-LA-10002034,10,10,3,3,4508
7215,07-10-2022,Second Class,Corporate,Office Supplies,Art,OFF-AR-10000127,20,20,5,2,2248
7216,12-11-2023,Second Class,Corporate,Office Supplies,Paper,OFF-PA-10003172,30,30,4,3,2089
7217,02-04-2023,First Class,Consumer,Office Supplies,Art,OFF-AR-10001246,10,10,3,4,329
7218,07-08-2023,First Class,Consumer,Office Supplies,Binders,OFF-BI-10002026,60,60,2,2,1626
7219,30-05-2022,First Class,Consumer,Technology,Accessories,TEC-AC-10000844,300,340,4,4,4024
7220,15-07-2023,First Class,Consumer,Office Supplies,Binders,OFF-BI-10001575,40,50,2,4,3043
7221,18-03-2023,Standard Class,Consumer,Office Supplies,Binders,OFF-BI-10004632,250,270,3,5,4969
7222,17-01-2023,Standard Class,Consumer,Technology,Phones,TEC-PH-10000193,130,140,3,2,2748
7223,11-07-2023,Standard Class,Consumer,Technology,Accessories,TEC-AC-10003441,30,40,3,3,4949
7224,15-12-2023,Standard Class,Consumer,Technology,Phones,TEC-PH-10004093,100,110,3,3,812
7225,20-12-2022,Standard Class,Consumer,Office Supplies,Appliances,OFF-AP-10002998,130,150,7,2,1305
7226,17-12-2022,Standard Class,Consumer,Furniture,Furnishings,FUR-FU-10000073,30,30,4,2,647
7227,14-11-2023,Standard Class,Corporate,Office Supplies,Paper,OFF-PA-10001125,110,120,5,4,874
7228,28-04-2023,Standard Class,Corporate,Technology,Accessories,TEC-AC-10003033,1080,1320,5,4,1873
7229,21-06-2022,First Class,Consumer,Office Supplies,Binders,OFF-BI-10002498,70,90,6,3,2181
7230,07-04-2023,First Class,Consumer,Office Supplies,Paper,OFF-PA-10004569,20,20,3,4,3558
7231,19-05-2022,First Class,Consumer,Office Supplies,Binders,OFF-BI-10002353,20,30,2,4,4916
7232,29-12-2023,First Class,Consumer,Office Supplies,Appliances,OFF-AP-10001564,410,470,2,5,3597
7233,22-03-2023,First Class,Consumer,Office Supplies,Paper,OFF-PA-10003673,30,30,4,5,4793
7234,10-02-2022,Standard Class,Consumer,Furniture,Furnishings,FUR-FU-10003347,90,110,8,5,4247
7235,08-06-2022,Standard Class,Consumer,Office Supplies,Paper,OFF-PA-10001934,10,10,2,5,2136
7236,25-05-2022,Standard Class,Consumer,Office Supplies,Binders,OFF-BI-10000632,60,70,2,5,4792
7237,05-05-2022,First Class,Consumer,Office Supplies,Art,OFF-AR-10003190,10,10,3,4,422
7238,23-08-2022,Same Day,Corporate,Technology,Machines,TEC-MA-10000904,270,340,3,2,1787
7239,18-02-2022,Standard Class,Consumer,Furniture,Furnishings,FUR-FU-10000771,40,40,7,2,4282
7240,07-04-2022,Standard Class,Consumer,Office Supplies,Envelopes,OFF-EN-10001990,40,40,7,3,2377
7241,05-12-2023,Second Class,Consumer,Furniture,Furnishings,FUR-FU-10002445,70,70,7,5,513
7242,24-10-2023,Second Class,Consumer,Office Supplies,Binders,OFF-BI-10003638,80,90,6,2,4090
7243,29-09-2023,Second Class,Consumer,Furniture,Furnishings,FUR-FU-10004864,20,20,2,3,4767
7244,27-02-2022,Second Class,Consumer,Furniture,Chairs,FUR-CH-10002024,3540,4420,9,3,1885
7245,01-07-2023,First Class,Consumer,Office Supplies,Art,OFF-AR-10002445,40,50,7,4,3845
7246,19-01-2022,Standard Class,Consumer,Office Supplies,Storage,OFF-ST-10001370,310,350,5,2,2784
7247,13-11-2023,Standard Class,Corporate,Office Supplies,Labels,OFF-LA-10000305,20,20,3,4,3567
7248,08-08-2023,Standard Class,Corporate,Furniture,Bookcases,FUR-BO-10001972,250,300,5,5,1490
7249,11-05-2023,Standard Class,Corporate,Office Supplies,Storage,OFF-ST-10002486,30,40,8,4,1903
7250,04-07-2023,Second Class,Consumer,Technology,Accessories,TEC-AC-10001874,100,120,2,2,4955
7251,15-06-2023,Second Class,Consumer,Technology,Accessories,TEC-AC-10003870,810,990,3,3,1816
7252,11-09-2023,Standard Class,Corporate,Office Supplies,Labels,OFF-LA-10002473,10,10,4,2,4719
7253,14-06-2023,Standard Class,Corporate,Office Supplies,Paper,OFF-PA-10003790,70,70,3,2,2397
7254,17-11-2023,Standard Class,Home Office,Office Supplies,Appliances,OFF-AP-10002684,300,360,3,3,4785
7255,05-06-2022,Standard Class,Home Office,Furniture,Furnishings,FUR-FU-10001037,40,50,5,2,4277
7256,02-08-2022,Standard Class,Home Office,Office Supplies,Storage,OFF-ST-10000876,40,50,4,5,2654
7257,30-11-2023,Standard Class,Home Office,Office Supplies,Art,OFF-AR-10003732,10,10,2,5,2653
7258,03-04-2022,Standard Class,Home Office,Office Supplies,Paper,OFF-PA-10000994,570,630,6,2,2236
7259,14-03-2023,Standard Class,Home Office,Office Supplies,Art,OFF-AR-10000940,10,10,5,4,497
7260,14-07-2023,Standard Class,Home Office,Office Supplies,Paper,OFF-PA-10004888,40,50,7,4,2228
7261,27-12-2022,Standard Class,Home Office,Technology,Phones,TEC-PH-10000441,110,130,1,5,3098
7262,08-06-2023,Second Class,Corporate,Office Supplies,Art,OFF-AR-10001231,10,10,7,4,3088
7263,28-02-2022,Standard Class,Corporate,Technology,Phones,TEC-PH-10003988,30,30,5,5,679
7264,09-12-2022,Standard Class,Corporate,Office Supplies,Envelopes,OFF-EN-10003068,30,30,4,5,1670
7265,14-03-2023,Standard Class,Consumer,Office Supplies,Art,OFF-AR-10004260,150,180,7,2,3419
7266,18-10-2022,Second Class,Corporate,Furniture,Chairs,FUR-CH-10001973,150,160,2,4,3127
7267,26-05-2022,Same Day,Consumer,Office Supplies,Binders,OFF-BI-10002824,10,10,3,2,4351
7268,23-03-2023,Same Day,Consumer,Office Supplies,Storage,OFF-ST-10004950,60,70,4,3,3493
7269,16-02-2023,Standard Class,Consumer,Office Supplies,Paper,OFF-PA-10004039,70,90,2,4,129
7270,19-03-2022,Standard Class,Consumer,Furniture,Furnishings,FUR-FU-10003374,290,320,8,2,2280
7271,31-10-2022,Standard Class,Corporate,Furniture,Bookcases,FUR-BO-10001918,230,270,2,5,3289
7272,11-04-2023,Standard Class,Corporate,Office Supplies,Appliances,OFF-AP-10002287,20,20,4,3,1597
7273,17-06-2022,Standard Class,Corporate,Office Supplies,Supplies,OFF-SU-10004498,20,20,2,4,1923
7274,09-11-2023,Standard Class,Corporate,Office Supplies,Binders,OFF-BI-10002557,0,0,3,5,1307
7275,16-05-2023,Standard Class,Home Office,Technology,Phones,TEC-PH-10004908,300,340,5,5,1336
7276,25-02-2022,Standard Class,Home Office,Furniture,Furnishings,FUR-FU-10000794,50,60,7,2,3020
7277,13-05-2023,Standard Class,Home Office,Technology,Accessories,TEC-AC-10004171,700,800,10,4,791
7278,23-11-2022,First Class,Home Office,Technology,Phones,TEC-PH-10002070,30,40,2,3,2510
7279,13-07-2023,First Class,Home Office,Technology,Accessories,TEC-AC-10003095,370,390,3,2,4905
7280,25-10-2023,Same Day,Corporate,Technology,Accessories,TEC-AC-10003832,170,190,7,4,2248
7281,11-10-2023,Standard Class,Consumer,Office Supplies,Binders,OFF-BI-10003527,2340,2540,2,4,1857
7282,15-03-2022,Standard Class,Home Office,Technology,Machines,TEC-MA-10001148,560,600,5,3,2381
7283,18-06-2023,Standard Class,Consumer,Office Supplies,Binders,OFF-BI-10002432,0,0,3,2,3348
7284,22-01-2022,Standard Class,Consumer,Office Supplies,Art,OFF-AR-10001374,30,30,5,4,1156
7285,10-07-2023,Standard Class,Consumer,Furniture,Furnishings,FUR-FU-10000723,70,70,2,2,854
7286,11-08-2023,Standard Class,Consumer,Technology,Accessories,TEC-AC-10003614,50,50,4,3,3002
7287,12-11-2023,Standard Class,Corporate,Technology,Accessories,TEC-AC-10004877,10,10,1,4,3385
7288,03-07-2023,Standard Class,Corporate,Furniture,Furnishings,FUR-FU-10004270,50,60,3,2,3508
7289,09-03-2022,Standard Class,Corporate,Technology,Machines,TEC-MA-10002210,510,560,3,2,1368
7290,12-09-2022,First Class,Consumer,Office Supplies,Storage,OFF-ST-10000675,290,310,9,2,2416
7291,04-07-2023,First Class,Consumer,Office Supplies,Binders,OFF-BI-10004781,50,50,2,2,578
7292,05-12-2023,First Class,Consumer,Office Supplies,Labels,OFF-LA-10004689,30,30,9,3,634
7293,24-06-2022,Standard Class,Consumer,Technology,Machines,TEC-MA-10001856,590,650,2,4,3645
7294,03-04-2023,Standard Class,Consumer,Furniture,Furnishings,FUR-FU-10000719,50,60,7,2,1149
7295,27-07-2022,Standard Class,Consumer,Furniture,Furnishings,FUR-FU-10003849,20,20,1,4,5099
7296,11-06-2022,First Class,Consumer,Office Supplies,Art,OFF-AR-10001725,40,40,2,5,3641
7297,21-07-2023,First Class,Consumer,Office Supplies,Fasteners,OFF-FA-10000840,10,10,6,5,2918
7298,17-11-2022,Second Class,Corporate,Office Supplies,Storage,OFF-ST-10000943,80,80,5,2,4614
7299,08-02-2022,First Class,Consumer,Furniture,Tables,FUR-TA-10002533,230,290,4,5,949
7300,13-07-2023,First Class,Consumer,Furniture,Furnishings,FUR-FU-10001546,10,10,2,3,89
7301,11-05-2022,First Class,Consumer,Furniture,Bookcases,FUR-BO-10003546,370,420,6,3,2793
7302,11-08-2023,First Class,Consumer,Office Supplies,Binders,OFF-BI-10004728,0,0,3,3,526
7303,19-04-2022,First Class,Consumer,Office Supplies,Storage,OFF-ST-10000025,340,380,5,4,1656
7304,23-01-2022,Standard Class,Consumer,Furniture,Chairs,FUR-CH-10003817,80,100,2,3,4359
7305,27-12-2023,Standard Class,Consumer,Office Supplies,Paper,OFF-PA-10000289,10,10,2,5,1243
7306,21-03-2022,Standard Class,Consumer,Furniture,Tables,FUR-TA-10001889,720,890,3,5,767
7307,24-07-2023,Second Class,Consumer,Technology,Accessories,TEC-AC-10002305,60,70,4,4,3244
7308,07-11-2023,Second Class,Consumer,Furniture,Chairs,FUR-CH-10004875,90,110,2,3,797
7309,12-07-2022,Second Class,Consumer,Office Supplies,Envelopes,OFF-EN-10001434,150,160,3,5,3447
7310,03-07-2022,Second Class,Corporate,Office Supplies,Fasteners,OFF-FA-10004395,10,10,3,5,3082
7311,13-05-2022,Standard Class,Consumer,Office Supplies,Binders,OFF-BI-10004632,50,60,5,3,5091
7312,05-12-2022,Standard Class,Consumer,Office Supplies,Binders,OFF-BI-10000145,0,0,2,4,2335
7313,31-12-2023,Standard Class,Consumer,Office Supplies,Binders,OFF-BI-10002498,10,10,2,5,3420
7314,03-02-2022,Standard Class,Consumer,Office Supplies,Art,OFF-AR-10001761,40,40,8,5,837
7315,21-09-2023,Standard Class,Home Office,Technology,Phones,TEC-PH-10001817,270,290,1,5,4722
7316,16-07-2023,Second Class,Consumer,Office Supplies,Art,OFF-AR-10004456,30,40,3,2,1775
7317,17-03-2022,Standard Class,Corporate,Furniture,Tables,FUR-TA-10001539,110,140,1,4,3313
7318,14-02-2023,Standard Class,Corporate,Office Supplies,Paper,OFF-PA-10003205,20,20,3,2,3226
7319,12-09-2022,Standard Class,Corporate,Office Supplies,Binders,OFF-BI-10002813,0,0,7,5,3515
7320,01-11-2022,Second Class,Consumer,Technology,Phones,TEC-PH-10002310,830,980,5,2,3608
7321,19-04-2022,Second Class,Consumer,Furniture,Furnishings,FUR-FU-10003623,130,140,5,4,4470
7322,06-06-2022,Standard Class,Corporate,Office Supplies,Paper,OFF-PA-10003424,10,10,3,5,857
7323,15-11-2022,Standard Class,Corporate,Technology,Accessories,TEC-AC-10004353,90,100,2,2,2466
7324,09-12-2022,First Class,Consumer,Furniture,Furnishings,FUR-FU-10001934,40,40,2,3,306
7325,05-06-2023,First Class,Consumer,Office Supplies,Labels,OFF-LA-10003766,10,10,3,4,3456
7326,05-10-2023,Standard Class,Consumer,Office Supplies,Appliances,OFF-AP-10004540,330,400,5,4,4409
7327,21-03-2023,Standard Class,Consumer,Office Supplies,Binders,OFF-BI-10001543,30,30,1,5,2796
7328,03-08-2023,Standard Class,Home Office,Furniture,Furnishings,FUR-FU-10004597,100,110,2,4,1991
7329,29-05-2023,Standard Class,Home Office,Technology,Machines,TEC-MA-10001148,1110,1280,4,4,4549
7330,14-06-2023,Standard Class,Home Office,Office Supplies,Storage,OFF-ST-10000078,1540,1860,7,5,1571
7331,15-09-2022,First Class,Corporate,Furniture,Furnishings,FUR-FU-10001037,20,20,6,5,80
7332,18-05-2023,Standard Class,Corporate,Technology,Phones,TEC-PH-10001433,50,60,1,4,3645
7333,01-02-2023,Standard Class,Corporate,Office Supplies,Binders,OFF-BI-10003007,70,80,7,3,4269
7334,07-05-2023,Standard Class,Consumer,Furniture,Furnishings,FUR-FU-10001290,60,70,2,4,2996
7335,01-06-2022,Standard Class,Consumer,Furniture,Furnishings,FUR-FU-10000087,40,50,3,2,4928
7336,16-01-2022,Standard Class,Consumer,Technology,Accessories,TEC-AC-10002049,790,840,2,2,191
7337,03-04-2023,Standard Class,Consumer,Furniture,Bookcases,FUR-BO-10002613,400,450,2,5,2796
7338,17-07-2022,First Class,Corporate,Office Supplies,Storage,OFF-ST-10004950,20,20,1,3,4481
7339,24-10-2023,Second Class,Corporate,Furniture,Chairs,FUR-CH-10004875,170,190,3,5,297
7340,02-06-2023,First Class,Corporate,Office Supplies,Art,OFF-AR-10003190,10,10,2,5,2774
7341,24-06-2022,Standard Class,Consumer,Furniture,Chairs,FUR-CH-10000553,60,70,2,5,2229
7342,16-11-2022,Standard Class,Consumer,Office Supplies,Labels,OFF-LA-10002762,140,160,13,2,3036
7343,27-12-2023,Standard Class,Consumer,Furniture,Furnishings,FUR-FU-10000719,20,30,3,4,4242
7344,13-05-2022,Standard Class,Consumer,Office Supplies,Storage,OFF-ST-10000563,180,190,6,4,755
7345,02-05-2022,Standard Class,Corporate,Furniture,Tables,FUR-TA-10004289,580,720,6,5,4807
7346,12-07-2023,Standard Class,Corporate,Technology,Phones,TEC-PH-10003555,60,70,4,5,4693
7347,13-11-2022,Standard Class,Corporate,Office Supplies,Art,OFF-AR-10001958,10,10,1,5,3628
7348,26-06-2022,Standard Class,Corporate,Furniture,Chairs,FUR-CH-10000225,50,60,1,5,2902
7349,28-04-2022,Standard Class,Consumer,Office Supplies,Appliances,OFF-AP-10002534,150,180,3,4,1256
7350,02-08-2022,Standard Class,Corporate,Office Supplies,Binders,OFF-BI-10000301,40,40,6,3,1982
7351,30-08-2022,Standard Class,Corporate,Office Supplies,Binders,OFF-BI-10003460,20,20,5,5,3442
7352,06-04-2022,Standard Class,Consumer,Technology,Accessories,TEC-AC-10001772,90,110,7,5,1594
7353,05-09-2022,Second Class,Home Office,Technology,Phones,TEC-PH-10003505,410,450,8,5,880
7354,29-12-2023,Standard Class,Home Office,Office Supplies,Labels,OFF-LA-10004484,20,20,5,3,2182
7355,05-10-2022,Standard Class,Home Office,Office Supplies,Paper,OFF-PA-10001593,30,30,5,3,3593
7356,04-05-2023,Second Class,Corporate,Office Supplies,Binders,OFF-BI-10004139,100,120,8,4,1130
7357,23-01-2022,Standard Class,Home Office,Office Supplies,Art,OFF-AR-10001315,0,0,1,2,4268
7358,15-04-2022,Standard Class,Home Office,Furniture,Furnishings,FUR-FU-10001488,140,170,2,4,1907
7359,06-12-2022,Second Class,Corporate,Technology,Phones,TEC-PH-10002170,210,250,6,3,2153
7360,19-09-2023,Second Class,Corporate,Furniture,Tables,FUR-TA-10004575,460,520,3,3,1909
7361,19-10-2022,First Class,Consumer,Office Supplies,Paper,OFF-PA-10000809,20,20,3,5,2971
7362,07-04-2023,First Class,Consumer,Furniture,Chairs,FUR-CH-10000225,160,190,3,2,3172
7363,07-11-2023,First Class,Consumer,Office Supplies,Binders,OFF-BI-10003707,40,40,3,3,3539
7364,14-04-2022,Standard Class,Corporate,Technology,Phones,TEC-PH-10004539,280,340,3,2,2865
7365,09-01-2023,Standard Class,Corporate,Office Supplies,Fasteners,OFF-FA-10004076,10,10,8,5,216
7366,09-11-2022,Standard Class,Corporate,Office Supplies,Binders,OFF-BI-10003166,10,10,2,2,232
7367,13-07-2023,Standard Class,Corporate,Office Supplies,Storage,OFF-ST-10002301,30,30,2,4,351
7368,16-08-2022,Standard Class,Corporate,Furniture,Chairs,FUR-CH-10002647,310,350,7,3,2754
7369,11-09-2022,First Class,Corporate,Office Supplies,Binders,OFF-BI-10004654,20,20,3,4,4419
7370,07-10-2022,Second Class,Consumer,Office Supplies,Labels,OFF-LA-10001175,0,0,2,5,2795
7371,27-11-2022,Standard Class,Corporate,Technology,Phones,TEC-PH-10001336,240,260,2,3,1131
7372,21-11-2023,Second Class,Consumer,Office Supplies,Storage,OFF-ST-10000760,130,150,11,4,1469
7373,09-02-2023,Second Class,Consumer,Office Supplies,Storage,OFF-ST-10002301,50,60,3,4,1528
7374,23-05-2023,Second Class,Consumer,Office Supplies,Supplies,OFF-SU-10004884,90,110,7,5,5073
7375,14-04-2022,Second Class,Consumer,Office Supplies,Fasteners,OFF-FA-10003112,10,10,1,3,3010
7376,21-02-2022,Standard Class,Corporate,Office Supplies,Binders,OFF-BI-10000069,30,40,3,4,2974
7377,18-01-2023,First Class,Corporate,Office Supplies,Art,OFF-AR-10001958,50,50,4,2,4397
7378,22-02-2023,Standard Class,Corporate,Office Supplies,Storage,OFF-ST-10001321,70,90,6,3,2288
7379,04-01-2023,Same Day,Consumer,Office Supplies,Art,OFF-AR-10003504,10,10,3,3,2276
7380,16-03-2022,Standard Class,Consumer,Office Supplies,Storage,OFF-ST-10000419,30,40,3,5,2339
7381,04-05-2022,Standard Class,Consumer,Office Supplies,Labels,OFF-LA-10004559,10,10,5,5,2487
7382,05-03-2022,Standard Class,Consumer,Technology,Phones,TEC-PH-10001644,130,150,5,3,496
7383,08-02-2022,Standard Class,Consumer,Office Supplies,Supplies,OFF-SU-10004782,20,20,2,2,1984
7384,22-03-2023,Standard Class,Consumer,Office Supplies,Paper,OFF-PA-10002250,20,20,3,4,3766
7385,17-10-2023,Standard Class,Consumer,Office Supplies,Appliances,OFF-AP-10001394,340,380,2,4,4776
7386,28-01-2022,Standard Class,Consumer,Office Supplies,Paper,OFF-PA-10001838,20,20,3,3,1718
7387,29-03-2022,Standard Class,Consumer,Office Supplies,Storage,OFF-ST-10004340,300,370,6,2,847
7388,26-11-2022,Standard Class,Consumer,Furniture,Furnishings,FUR-FU-10003664,1190,1340,14,3,2516
7389,09-08-2023,Standard Class,Consumer,Technology,Phones,TEC-PH-10004897,30,30,3,3,2172
7390,30-03-2023,Standard Class,Consumer,Furniture,Chairs,FUR-CH-10000454,350,390,2,2,1620
7391,20-06-2022,Standard Class,Consumer,Furniture,Furnishings,FUR-FU-10004017,90,100,5,2,4268
7392,30-03-2022,Second Class,Consumer,Office Supplies,Paper,OFF-PA-10000241,60,70,3,4,130
7393,07-06-2022,Standard Class,Consumer,Office Supplies,Paper,OFF-PA-10003016,20,20,5,4,4029
7394,29-08-2023,Standard Class,Consumer,Office Supplies,Art,OFF-AR-10001615,60,60,3,3,1676
7395,30-05-2022,Standard Class,Consumer,Office Supplies,Paper,OFF-PA-10002713,30,30,5,5,2711
7396,22-07-2022,Standard Class,Corporate,Furniture,Tables,FUR-TA-10002958,280,310,2,4,5076
7397,18-08-2023,Standard Class,Corporate,Furniture,Chairs,FUR-CH-10003746,740,870,3,3,2269
7398,25-04-2022,Same Day,Corporate,Office Supplies,Appliances,OFF-AP-10003217,720,800,6,4,1611
7399,18-12-2023,Second Class,Consumer,Office Supplies,Paper,OFF-PA-10001526,30,40,9,2,366
7400,14-12-2023,Second Class,Consumer,Technology,Accessories,TEC-AC-10002857,20,20,4,4,1313
7401,09-04-2022,Standard Class,Consumer,Furniture,Furnishings,FUR-FU-10003039,40,40,1,3,1083
7402,28-10-2022,Standard Class,Consumer,Office Supplies,Paper,OFF-PA-10002615,30,30,7,3,466
7403,12-02-2022,Standard Class,Consumer,Office Supplies,Supplies,OFF-SU-10002573,60,70,4,3,4378
7404,27-10-2022,Standard Class,Corporate,Furniture,Bookcases,FUR-BO-10004015,430,510,5,3,816
7405,09-03-2023,Standard Class,Corporate,Furniture,Furnishings,FUR-FU-10001979,100,120,3,2,1994
7406,04-05-2022,Standard Class,Corporate,Furniture,Chairs,FUR-CH-10003833,90,100,2,5,4284
7407,20-07-2023,Standard Class,Corporate,Furniture,Chairs,FUR-CH-10004495,680,720,3,2,2372
7408,14-12-2023,First Class,Consumer,Office Supplies,Labels,OFF-LA-10001613,10,10,5,4,2959
7409,05-05-2023,Standard Class,Corporate,Furniture,Furnishings,FUR-FU-10003247,140,170,8,3,989
7410,27-08-2023,Standard Class,Consumer,Furniture,Tables,FUR-TA-10004442,150,170,1,3,1648
7411,04-07-2023,First Class,Consumer,Technology,Accessories,TEC-AC-10001314,90,100,2,2,77
7412,03-03-2022,Standard Class,Home Office,Technology,Phones,TEC-PH-10001619,140,160,1,5,1053
7413,18-02-2023,Standard Class,Home Office,Technology,Accessories,TEC-AC-10002323,30,40,2,2,2664
7414,29-07-2023,Standard Class,Home Office,Furniture,Furnishings,FUR-FU-10000820,10,10,1,5,1685
7415,14-12-2022,Second Class,Corporate,Furniture,Chairs,FUR-CH-10004287,320,390,2,3,291
7416,05-04-2022,Second Class,Corporate,Technology,Accessories,TEC-AC-10000474,330,380,5,5,3107
7417,22-08-2022,Second Class,Corporate,Technology,Phones,TEC-PH-10001494,450,540,3,4,2480
7418,02-03-2022,Second Class,Corporate,Office Supplies,Paper,OFF-PA-10004996,40,40,5,2,4938
7419,11-03-2022,Second Class,Corporate,Office Supplies,Binders,OFF-BI-10004318,50,50,1,5,1574
7420,03-05-2023,Second Class,Corporate,Office Supplies,Storage,OFF-ST-10002574,520,550,5,5,2196
7421,05-07-2023,Second Class,Corporate,Office Supplies,Binders,OFF-BI-10002353,20,20,5,3,3286
7422,26-06-2022,Second Class,Corporate,Office Supplies,Storage,OFF-ST-10003641,110,130,2,2,64
7423,01-12-2023,Second Class,Corporate,Technology,Machines,TEC-MA-10001148,420,450,3,4,3585
7424,29-04-2023,Standard Class,Consumer,Office Supplies,Appliances,OFF-AP-10000026,190,200,4,3,4701
7425,13-08-2023,Standard Class,Consumer,Furniture,Furnishings,FUR-FU-10003878,40,40,3,4,3295
7426,10-12-2023,Second Class,Consumer,Furniture,Chairs,FUR-CH-10001146,70,90,2,3,2207
7427,26-08-2023,Second Class,Consumer,Furniture,Furnishings,FUR-FU-10003919,30,30,2,3,5022
7428,15-11-2023,Standard Class,Corporate,Office Supplies,Binders,OFF-BI-10000605,10,10,3,4,1022
7429,08-05-2023,Standard Class,Corporate,Office Supplies,Binders,OFF-BI-10000309,30,30,2,4,762
7430,02-05-2023,Standard Class,Corporate,Office Supplies,Paper,OFF-PA-10003349,10,10,2,4,3769
7431,17-10-2022,Standard Class,Corporate,Office Supplies,Paper,OFF-PA-10003063,20,20,4,5,2379
7432,07-12-2022,Standard Class,Corporate,Office Supplies,Appliances,OFF-AP-10003971,20,30,3,4,584
7433,06-10-2022,Standard Class,Consumer,Office Supplies,Fasteners,OFF-FA-10004838,0,0,3,3,483
7434,19-05-2022,Standard Class,Consumer,Office Supplies,Binders,OFF-BI-10001097,10,10,5,2,1357
7435,23-08-2023,Standard Class,Corporate,Office Supplies,Binders,OFF-BI-10000605,10,10,3,4,3146
7436,28-05-2022,Standard Class,Corporate,Office Supplies,Binders,OFF-BI-10003314,20,20,6,4,4940
7437,18-04-2022,Standard Class,Corporate,Office Supplies,Art,OFF-AR-10002067,90,100,5,2,5020
7438,13-08-2023,Standard Class,Corporate,Office Supplies,Binders,OFF-BI-10001031,20,20,5,5,3802
7439,20-06-2022,Second Class,Corporate,Furniture,Furnishings,FUR-FU-10003832,50,50,5,2,1690
7440,03-06-2023,Standard Class,Consumer,Office Supplies,Binders,OFF-BI-10000138,20,20,5,3,1509
7441,17-01-2023,Standard Class,Consumer,Furniture,Tables,FUR-TA-10004607,190,240,2,5,1712
7442,28-02-2023,First Class,Corporate,Office Supplies,Labels,OFF-LA-10003148,20,20,3,2,4010
7443,10-10-2023,First Class,Corporate,Office Supplies,Paper,OFF-PA-10001804,10,10,2,3,2856
7444,15-08-2023,First Class,Corporate,Office Supplies,Storage,OFF-ST-10000036,220,240,3,3,4109
7445,25-12-2023,Second Class,Home Office,Office Supplies,Paper,OFF-PA-10001166,10,10,1,5,3731
7446,04-05-2022,Second Class,Home Office,Office Supplies,Paper,OFF-PA-10001033,60,70,2,4,4329
7447,12-02-2023,Second Class,Home Office,Furniture,Furnishings,FUR-FU-10004597,20,20,1,2,3138
7448,24-04-2023,Second Class,Home Office,Office Supplies,Paper,OFF-PA-10000418,350,420,5,5,1113
7449,22-01-2022,First Class,Consumer,Furniture,Furnishings,FUR-FU-10004090,70,90,5,5,2482
7450,29-01-2022,Second Class,Home Office,Office Supplies,Art,OFF-AR-10000390,10,10,3,3,4305
7451,14-07-2022,Second Class,Home Office,Furniture,Chairs,FUR-CH-10003774,260,320,5,4,4463
7452,19-08-2023,Second Class,Home Office,Office Supplies,Binders,OFF-BI-10002412,10,10,5,3,1261
7453,15-12-2022,Second Class,Home Office,Technology,Phones,TEC-PH-10002415,1350,1420,6,5,2978
7454,02-03-2023,Standard Class,Consumer,Technology,Phones,TEC-PH-10003505,140,150,2,4,5002
7455,20-05-2023,Standard Class,Consumer,Office Supplies,Labels,OFF-LA-10003663,10,10,4,3,2313
7456,06-12-2022,Standard Class,Consumer,Office Supplies,Storage,OFF-ST-10001780,850,1040,2,2,264
7457,26-10-2022,First Class,Consumer,Technology,Phones,TEC-PH-10002033,520,570,2,4,988
7458,18-07-2023,First Class,Consumer,Office Supplies,Binders,OFF-BI-10001036,10,10,1,5,3849
7459,28-06-2022,First Class,Consumer,Furniture,Furnishings,FUR-FU-10001468,1020,1200,7,3,2678
7460,15-06-2022,First Class,Consumer,Furniture,Bookcases,FUR-BO-10001519,470,520,9,3,1969
7461,20-10-2022,Second Class,Consumer,Technology,Copiers,TEC-CO-10001943,530,640,4,4,4315
7462,10-05-2022,Second Class,Consumer,Office Supplies,Paper,OFF-PA-10003127,40,50,2,3,1856
7463,10-04-2023,Second Class,Consumer,Technology,Accessories,TEC-AC-10002076,460,540,9,5,1809
7464,10-05-2022,Standard Class,Consumer,Office Supplies,Art,OFF-AR-10003338,10,10,2,5,1279
7465,18-01-2022,Standard Class,Consumer,Office Supplies,Paper,OFF-PA-10004610,20,30,8,5,3376
7466,22-05-2023,Standard Class,Consumer,Office Supplies,Storage,OFF-ST-10001272,240,260,2,4,135
7467,09-04-2023,Standard Class,Corporate,Office Supplies,Appliances,OFF-AP-10001366,80,90,8,2,162
7468,16-07-2022,Second Class,Home Office,Furniture,Furnishings,FUR-FU-10001424,30,30,4,3,737
7469,09-03-2023,Standard Class,Consumer,Office Supplies,Paper,OFF-PA-10000349,10,10,3,5,1370
7470,05-09-2023,Standard Class,Consumer,Furniture,Furnishings,FUR-FU-10002456,10,10,2,4,4749
7471,13-01-2022,Standard Class,Corporate,Office Supplies,Binders,OFF-BI-10002609,0,0,4,4,1882
7472,08-02-2022,Standard Class,Corporate,Office Supplies,Storage,OFF-ST-10001522,140,150,2,2,4368
7473,05-03-2023,First Class,Home Office,Technology,Copiers,TEC-CO-10000971,1410,1500,5,2,5079
7474,19-06-2022,Standard Class,Corporate,Office Supplies,Art,OFF-AR-10000034,10,10,4,3,2137
7475,02-08-2022,Standard Class,Home Office,Furniture,Chairs,FUR-CH-10004063,2290,2570,9,3,2649
7476,05-10-2022,Standard Class,Home Office,Office Supplies,Binders,OFF-BI-10004632,570,610,2,5,1166
7477,18-05-2022,Standard Class,Home Office,Office Supplies,Art,OFF-AR-10001662,10,10,2,3,4800
7478,31-05-2022,Standard Class,Home Office,Technology,Phones,TEC-PH-10004977,330,390,2,4,731
7479,09-08-2023,Standard Class,Home Office,Technology,Phones,TEC-PH-10004539,630,760,4,5,2969
7480,27-01-2023,Standard Class,Home Office,Office Supplies,Fasteners,OFF-FA-10001883,30,30,4,4,2277
7481,10-05-2022,Standard Class,Home Office,Office Supplies,Paper,OFF-PA-10000955,10,10,1,4,854
7482,31-12-2022,Second Class,Home Office,Office Supplies,Envelopes,OFF-EN-10002500,10,10,1,3,4478
7483,08-09-2022,Standard Class,Home Office,Office Supplies,Binders,OFF-BI-10004654,20,20,4,5,965
7484,15-07-2023,Second Class,Corporate,Furniture,Chairs,FUR-CH-10003774,360,450,7,4,3258
7485,19-09-2022,Standard Class,Home Office,Office Supplies,Art,OFF-AR-10004707,0,0,1,4,2787
7486,02-05-2022,Standard Class,Home Office,Office Supplies,Binders,OFF-BI-10004040,20,30,5,5,4610
7487,28-04-2022,Second Class,Home Office,Office Supplies,Paper,OFF-PA-10001184,20,30,5,2,1362
7488,05-03-2022,Second Class,Home Office,Technology,Accessories,TEC-AC-10004145,2120,2250,9,3,4462
7489,27-03-2022,Second Class,Home Office,Furniture,Tables,FUR-TA-10003473,1000,1050,4,5,875
7490,25-07-2023,Standard Class,Consumer,Office Supplies,Paper,OFF-PA-10003172,10,10,2,2,2143
7491,04-06-2022,Standard Class,Corporate,Furniture,Furnishings,FUR-FU-10003799,90,110,6,2,4651
7492,16-11-2023,Same Day,Consumer,Technology,Phones,TEC-PH-10002583,110,120,6,4,4831
7493,26-09-2022,Standard Class,Consumer,Office Supplies,Paper,OFF-PA-10004239,10,10,3,4,4758
7494,21-10-2023,Standard Class,Consumer,Furniture,Tables,FUR-TA-10002855,460,510,5,5,470
7495,27-04-2023,Standard Class,Consumer,Office Supplies,Appliances,OFF-AP-10001626,0,0,2,3,2202
7496,13-07-2022,Standard Class,Consumer,Office Supplies,Binders,OFF-BI-10004022,0,0,2,2,603
7497,12-07-2023,Standard Class,Consumer,Furniture,Furnishings,FUR-FU-10003601,230,280,3,5,266
7498,29-03-2022,Standard Class,Consumer,Office Supplies,Fasteners,OFF-FA-10000490,0,0,4,5,1415
7499,03-12-2022,Standard Class,Consumer,Office Supplies,Art,OFF-AR-10004042,60,70,4,4,1395
7500,04-09-2023,Standard Class,Consumer,Furniture,Furnishings,FUR-FU-10002960,20,20,3,4,914
7501,16-09-2022,Standard Class,Consumer,Technology,Accessories,TEC-AC-10000991,120,140,3,3,3647
7502,22-07-2023,Standard Class,Consumer,Technology,Phones,TEC-PH-10004977,410,470,3,3,3438
7503,23-11-2022,Same Day,Consumer,Office Supplies,Art,OFF-AR-10000817,10,10,2,3,2558
7504,01-10-2022,Same Day,Consumer,Technology,Phones,TEC-PH-10002447,140,160,1,4,2845
7505,22-03-2022,Second Class,Corporate,Office Supplies,Envelopes,OFF-EN-10003134,20,20,2,2,536
7506,15-08-2022,Standard Class,Consumer,Office Supplies,Binders,OFF-BI-10000309,10,10,4,4,2586
7507,15-09-2023,Standard Class,Consumer,Technology,Phones,TEC-PH-10001615,40,50,2,4,2010
7508,28-12-2023,Standard Class,Consumer,Office Supplies,Storage,OFF-ST-10003208,300,360,2,4,4850
7509,15-11-2022,Standard Class,Consumer,Office Supplies,Paper,OFF-PA-10000605,10,10,2,2,373
7510,30-05-2022,Standard Class,Consumer,Technology,Phones,TEC-PH-10000560,1720,1890,9,3,2781
7511,07-11-2023,Standard Class,Consumer,Office Supplies,Storage,OFF-ST-10003455,50,60,5,4,126
7512,11-05-2022,Standard Class,Consumer,Furniture,Furnishings,FUR-FU-10002937,350,400,5,4,2155
7513,06-03-2022,Standard Class,Consumer,Office Supplies,Storage,OFF-ST-10001837,190,240,7,2,3358
7514,26-11-2022,Standard Class,Consumer,Office Supplies,Art,OFF-AR-10004757,10,10,5,2,2426
7515,29-08-2023,Second Class,Consumer,Office Supplies,Binders,OFF-BI-10004236,30,30,2,5,18
7516,11-04-2023,Second Class,Consumer,Office Supplies,Appliances,OFF-AP-10000159,180,210,5,4,1194
7517,21-11-2022,Second Class,Consumer,Office Supplies,Binders,OFF-BI-10003274,20,20,4,4,2666
7518,21-12-2022,Second Class,Consumer,Technology,Accessories,TEC-AC-10001013,120,150,5,4,4464
7519,22-02-2022,Second Class,Consumer,Office Supplies,Storage,OFF-ST-10004963,20,20,1,2,2763
7520,18-12-2023,Second Class,Consumer,Office Supplies,Labels,OFF-LA-10004409,10,10,2,5,1957
7521,04-02-2022,Second Class,Consumer,Technology,Copiers,TEC-CO-10001046,1160,1400,2,2,4240
7522,08-02-2023,Standard Class,Consumer,Office Supplies,Binders,OFF-BI-10002824,10,10,2,3,4421
7523,27-06-2023,Standard Class,Consumer,Office Supplies,Binders,OFF-BI-10001757,10,10,6,2,3134
7524,12-09-2023,Standard Class,Consumer,Furniture,Chairs,FUR-CH-10004477,70,90,2,3,1503
7525,10-11-2022,Standard Class,Consumer,Office Supplies,Envelopes,OFF-EN-10003072,20,20,7,5,1038
7526,10-02-2022,Standard Class,Consumer,Furniture,Chairs,FUR-CH-10003973,1420,1490,5,4,280
7527,25-02-2023,Same Day,Corporate,Office Supplies,Envelopes,OFF-EN-10001028,60,70,6,2,2479
7528,17-01-2023,Same Day,Corporate,Furniture,Furnishings,FUR-FU-10003829,10,10,3,4,2159
7529,27-04-2022,Same Day,Corporate,Office Supplies,Paper,OFF-PA-10002245,30,40,6,5,1201
7530,01-02-2022,Same Day,Corporate,Office Supplies,Binders,OFF-BI-10002215,20,20,3,3,1894
7531,08-08-2022,Same Day,Corporate,Office Supplies,Binders,OFF-BI-10003925,790,930,3,3,3387
7532,28-08-2022,First Class,Consumer,Furniture,Furnishings,FUR-FU-10002298,240,270,3,5,2318
7533,05-12-2022,First Class,Consumer,Furniture,Chairs,FUR-CH-10004853,460,480,4,2,3817
7534,25-11-2023,Standard Class,Consumer,Furniture,Chairs,FUR-CH-10002880,170,200,2,2,4758
7535,12-06-2023,Standard Class,Consumer,Furniture,Bookcases,FUR-BO-10004709,210,230,5,5,1250
7536,13-12-2023,Standard Class,Corporate,Office Supplies,Supplies,OFF-SU-10004231,30,30,3,2,4486
7537,06-06-2022,Standard Class,Consumer,Furniture,Furnishings,FUR-FU-10000820,10,10,2,3,768
7538,12-04-2022,Second Class,Consumer,Office Supplies,Paper,OFF-PA-10001736,60,70,2,4,3200
7539,21-03-2023,Standard Class,Corporate,Office Supplies,Storage,OFF-ST-10003306,100,110,1,4,49
7540,06-08-2023,Standard Class,Corporate,Office Supplies,Binders,OFF-BI-10003707,30,40,8,5,3795
7541,14-12-2023,Standard Class,Corporate,Furniture,Bookcases,FUR-BO-10003546,210,240,8,2,3033
7542,11-06-2022,Standard Class,Corporate,Technology,Phones,TEC-PH-10000213,40,50,2,2,2591
7543,05-07-2022,Standard Class,Corporate,Furniture,Furnishings,FUR-FU-10001488,470,510,6,2,3532
7544,10-07-2023,Standard Class,Corporate,Technology,Phones,TEC-PH-10004833,60,60,6,2,2347
7545,12-05-2023,Standard Class,Corporate,Furniture,Chairs,FUR-CH-10002335,780,910,5,5,1405
7546,28-12-2023,Standard Class,Corporate,Technology,Phones,TEC-PH-10001128,600,720,6,2,588
7547,03-06-2022,Standard Class,Corporate,Technology,Phones,TEC-PH-10004667,650,760,7,2,4111
7548,25-11-2023,Standard Class,Corporate,Office Supplies,Binders,OFF-BI-10004817,10,10,5,3,2531
7549,12-12-2022,Standard Class,Corporate,Office Supplies,Binders,OFF-BI-10004140,0,0,1,3,1328
7550,23-04-2022,First Class,Corporate,Furniture,Furnishings,FUR-FU-10004671,20,20,3,2,1085
7551,08-02-2022,Standard Class,Corporate,Office Supplies,Envelopes,OFF-EN-10002592,20,30,3,2,3843
7552,19-04-2023,Standard Class,Corporate,Technology,Phones,TEC-PH-10004447,730,830,6,2,3502
7553,25-09-2023,Standard Class,Corporate,Office Supplies,Binders,OFF-BI-10003669,10,10,3,2,611
7554,17-10-2022,Standard Class,Corporate,Office Supplies,Paper,OFF-PA-10000223,30,30,4,5,4994
7555,11-03-2022,Second Class,Consumer,Furniture,Bookcases,FUR-BO-10004467,290,350,7,3,4190
7556,27-03-2022,Second Class,Consumer,Office Supplies,Art,OFF-AR-10000716,20,20,5,4,3846
7557,17-06-2023,Standard Class,Corporate,Office Supplies,Paper,OFF-PA-10003641,150,160,6,2,2989
7558,02-05-2023,Standard Class,Corporate,Office Supplies,Binders,OFF-BI-10004519,470,500,3,3,3452
7559,06-08-2022,Standard Class,Consumer,Office Supplies,Appliances,OFF-AP-10002518,470,530,3,4,1330
7560,28-08-2022,Standard Class,Consumer,Office Supplies,Paper,OFF-PA-10000806,150,170,3,5,1903
7561,19-07-2023,Standard Class,Consumer,Furniture,Furnishings,FUR-FU-10003142,20,30,6,5,599
7562,30-11-2022,First Class,Consumer,Furniture,Chairs,FUR-CH-10000454,160,170,1,4,2835
7563,14-11-2023,Standard Class,Consumer,Furniture,Bookcases,FUR-BO-10003894,190,200,4,4,1813
7564,22-07-2022,First Class,Home Office,Technology,Accessories,TEC-AC-10001714,60,60,2,4,1481
7565,14-12-2022,Second Class,Consumer,Furniture,Chairs,FUR-CH-10001190,410,440,4,5,1756
7566,01-08-2023,Second Class,Consumer,Furniture,Bookcases,FUR-BO-10000468,50,50,1,3,866
7567,30-04-2023,First Class,Corporate,Technology,Accessories,TEC-AC-10001998,50,50,3,5,3027
7568,20-12-2022,First Class,Corporate,Office Supplies,Paper,OFF-PA-10001534,20,20,4,2,4890
7569,26-04-2023,Standard Class,Consumer,Office Supplies,Art,OFF-AR-10003045,20,30,9,3,2742
7570,10-07-2022,Standard Class,Consumer,Office Supplies,Paper,OFF-PA-10001363,50,50,4,4,4292
7571,25-07-2022,Standard Class,Consumer,Office Supplies,Fasteners,OFF-FA-10002280,20,20,3,3,1287
7572,03-11-2022,Standard Class,Corporate,Office Supplies,Storage,OFF-ST-10003479,170,190,5,2,4256
7573,02-10-2022,Standard Class,Corporate,Furniture,Tables,FUR-TA-10004607,540,590,4,4,1128
7574,16-03-2022,Standard Class,Corporate,Office Supplies,Art,OFF-AR-10001022,0,0,1,3,2669
7575,05-07-2023,Standard Class,Corporate,Office Supplies,Storage,OFF-ST-10004186,210,220,2,5,457
7576,12-06-2023,Standard Class,Corporate,Technology,Accessories,TEC-AC-10000865,220,240,4,5,1600
7577,20-11-2023,Second Class,Corporate,Technology,Accessories,TEC-AC-10000023,30,40,2,2,2617
7578,28-03-2023,Second Class,Corporate,Technology,Phones,TEC-PH-10001750,50,50,1,2,1838
7579,16-05-2023,First Class,Home Office,Furniture,Chairs,FUR-CH-10004997,480,560,3,5,3822
7580,27-11-2022,Second Class,Consumer,Office Supplies,Appliances,OFF-AP-10000275,2100,2630,8,5,3167
7581,20-08-2022,Second Class,Consumer,Office Supplies,Art,OFF-AR-10004999,20,20,3,3,5092
7582,03-09-2022,First Class,Consumer,Office Supplies,Storage,OFF-ST-10003816,380,420,3,2,1066
7583,16-01-2023,Standard Class,Corporate,Furniture,Chairs,FUR-CH-10003968,100,130,2,3,2220
7584,09-03-2022,Standard Class,Corporate,Technology,Phones,TEC-PH-10000730,3150,3500,7,3,4917
7585,01-06-2023,Standard Class,Corporate,Office Supplies,Labels,OFF-LA-10004409,10,10,5,4,3009
7586,26-02-2022,Standard Class,Corporate,Office Supplies,Paper,OFF-PA-10000675,100,120,3,2,150
7587,13-08-2022,Standard Class,Corporate,Office Supplies,Art,OFF-AR-10001573,10,10,4,2,3307
7588,25-06-2023,Standard Class,Corporate,Office Supplies,Binders,OFF-BI-10001597,110,120,3,3,4774
7589,22-08-2023,Standard Class,Consumer,Furniture,Furnishings,FUR-FU-10001196,20,20,3,5,216
7590,05-04-2022,Standard Class,Consumer,Office Supplies,Art,OFF-AR-10004602,120,130,7,5,3619
7591,29-09-2022,Standard Class,Consumer,Furniture,Furnishings,FUR-FU-10000260,60,60,9,4,1010
7592,30-04-2022,Standard Class,Consumer,Furniture,Chairs,FUR-CH-10001146,60,70,2,4,2884
7593,14-07-2022,Standard Class,Consumer,Office Supplies,Art,OFF-AR-10000896,10,10,3,4,1018
7594,21-04-2023,Standard Class,Consumer,Furniture,Chairs,FUR-CH-10000309,730,890,3,2,2714
7595,10-11-2022,Standard Class,Consumer,Office Supplies,Binders,OFF-BI-10001989,120,150,7,3,2548
7596,30-03-2023,Standard Class,Consumer,Office Supplies,Binders,OFF-BI-10001036,40,40,4,4,4651
7597,08-08-2022,Standard Class,Corporate,Technology,Phones,TEC-PH-10002103,200,230,3,2,609
7598,01-11-2022,Standard Class,Consumer,Office Supplies,Art,OFF-AR-10001473,10,10,2,5,73
7599,28-11-2023,Standard Class,Consumer,Office Supplies,Art,OFF-AR-10000411,30,40,3,5,3464
7600,04-01-2022,Standard Class,Consumer,Office Supplies,Paper,OFF-PA-10000246,30,40,5,2,1696
7601,28-05-2022,Standard Class,Consumer,Technology,Machines,TEC-MA-10004086,30,30,5,5,3798
7602,30-03-2022,Standard Class,Consumer,Office Supplies,Paper,OFF-PA-10003039,140,150,6,2,2734
7603,07-02-2022,Standard Class,Consumer,Technology,Accessories,TEC-AC-10004633,50,60,10,2,4683
7604,24-08-2023,Standard Class,Corporate,Office Supplies,Paper,OFF-PA-10000289,10,10,2,5,797
7605,20-02-2023,Standard Class,Consumer,Furniture,Furnishings,FUR-FU-10003247,30,30,3,4,2906
7606,30-10-2023,Standard Class,Consumer,Furniture,Furnishings,FUR-FU-10002191,10,10,2,5,1157
7607,07-12-2023,Standard Class,Consumer,Office Supplies,Storage,OFF-ST-10001496,1170,1300,9,4,1121
7608,04-05-2023,First Class,Consumer,Office Supplies,Storage,OFF-ST-10000585,240,260,2,4,4757
7609,02-12-2023,Standard Class,Consumer,Office Supplies,Paper,OFF-PA-10001166,30,30,4,5,251
7610,23-12-2022,Standard Class,Consumer,Office Supplies,Art,OFF-AR-10003651,20,20,7,5,427
7611,30-03-2022,First Class,Consumer,Office Supplies,Paper,OFF-PA-10001800,20,20,3,2,3686
7612,29-12-2023,First Class,Consumer,Office Supplies,Paper,OFF-PA-10000791,10,10,2,3,607
7613,25-08-2022,First Class,Consumer,Office Supplies,Fasteners,OFF-FA-10000134,10,10,1,4,528
7614,12-08-2023,First Class,Consumer,Office Supplies,Art,OFF-AR-10001149,10,10,2,3,20
7615,25-05-2023,Second Class,Consumer,Furniture,Furnishings,FUR-FU-10000010,10,10,3,4,2296
7616,17-05-2023,Standard Class,Corporate,Office Supplies,Binders,OFF-BI-10000201,10,10,9,3,4403
7617,06-08-2022,Standard Class,Consumer,Office Supplies,Paper,OFF-PA-10001776,20,20,2,3,4181
7618,30-10-2023,Standard Class,Consumer,Office Supplies,Binders,OFF-BI-10003656,560,680,5,5,4896
7619,05-11-2023,First Class,Corporate,Furniture,Tables,FUR-TA-10001539,150,190,1,2,4797
7620,01-08-2022,First Class,Corporate,Technology,Phones,TEC-PH-10004100,60,70,5,4,1404
7621,30-08-2022,Standard Class,Consumer,Technology,Phones,TEC-PH-10001580,460,540,5,3,1825
7622,20-02-2022,Standard Class,Consumer,Furniture,Chairs,FUR-CH-10002335,690,730,4,4,1007
7623,22-04-2022,Standard Class,Consumer,Office Supplies,Art,OFF-AR-10004707,10,10,3,5,353
7624,14-12-2023,Standard Class,Home Office,Office Supplies,Appliances,OFF-AP-10000576,40,40,1,5,4923
7625,23-05-2022,Second Class,Home Office,Office Supplies,Appliances,OFF-AP-10001394,730,850,5,2,199
7626,17-12-2023,Second Class,Home Office,Furniture,Furnishings,FUR-FU-10003724,70,80,9,5,206
7627,04-09-2023,Second Class,Corporate,Office Supplies,Appliances,OFF-AP-10002867,260,330,6,5,3671
7628,18-02-2023,Second Class,Corporate,Technology,Accessories,TEC-AC-10002718,20,20,2,5,1453
7629,19-04-2023,Second Class,Corporate,Office Supplies,Labels,OFF-LA-10003121,20,20,5,2,4770
7630,15-09-2023,First Class,Home Office,Office Supplies,Envelopes,OFF-EN-10002230,300,340,5,4,80
7631,24-02-2022,First Class,Home Office,Technology,Phones,TEC-PH-10001819,230,250,7,2,4937
7632,28-07-2023,First Class,Home Office,Furniture,Chairs,FUR-CH-10002304,110,130,7,4,923
7633,11-10-2023,Second Class,Consumer,Furniture,Chairs,FUR-CH-10002602,1050,1210,8,2,4927
7634,06-12-2023,Second Class,Consumer,Office Supplies,Binders,OFF-BI-10002414,10,10,1,2,2680
7635,23-03-2022,Second Class,Consumer,Office Supplies,Art,OFF-AR-10003696,30,30,1,2,3350
7636,24-01-2023,Second Class,Consumer,Furniture,Chairs,FUR-CH-10004495,240,300,1,2,3474
7637,12-10-2022,Second Class,Consumer,Furniture,Chairs,FUR-CH-10001270,240,260,3,2,1848
7638,28-11-2023,Standard Class,Corporate,Office Supplies,Art,OFF-AR-10001615,60,60,3,3,2693
7639,05-08-2023,Standard Class,Corporate,Office Supplies,Envelopes,OFF-EN-10003286,50,60,7,3,2956
7640,07-12-2023,Standard Class,Corporate,Furniture,Bookcases,FUR-BO-10003660,380,440,2,4,1400
7641,01-08-2022,Standard Class,Corporate,Office Supplies,Paper,OFF-PA-10002764,60,70,6,5,442
7642,10-05-2023,First Class,Home Office,Technology,Machines,TEC-MA-10001695,620,700,6,2,3160
7643,24-12-2023,First Class,Home Office,Office Supplies,Binders,OFF-BI-10002824,20,20,4,5,4433
7644,25-09-2022,First Class,Home Office,Office Supplies,Binders,OFF-BI-10002571,10,10,4,4,4010
7645,13-07-2023,First Class,Home Office,Technology,Accessories,TEC-AC-10001553,60,70,5,5,3213
7646,13-10-2022,Standard Class,Corporate,Furniture,Chairs,FUR-CH-10003973,780,890,3,5,4327
7647,14-09-2022,Standard Class,Consumer,Technology,Machines,TEC-MA-10002073,1160,1300,2,5,2167
7648,10-06-2023,First Class,Corporate,Office Supplies,Binders,OFF-BI-10003529,0,0,2,2,2965
7649,23-10-2023,First Class,Corporate,Furniture,Chairs,FUR-CH-10000309,1230,1350,4,4,2062
7650,01-10-2023,Standard Class,Corporate,Furniture,Tables,FUR-TA-10004154,1460,1550,9,4,3005
7651,23-05-2022,Standard Class,Corporate,Office Supplies,Envelopes,OFF-EN-10003286,20,20,3,5,4041
7652,23-10-2022,First Class,Consumer,Technology,Accessories,TEC-AC-10001552,100,120,3,2,4689
7653,14-02-2022,First Class,Consumer,Office Supplies,Storage,OFF-ST-10002790,110,120,2,4,4961
7654,27-01-2023,Standard Class,Corporate,Office Supplies,Art,OFF-AR-10003217,20,20,4,5,310
7655,24-11-2022,Second Class,Consumer,Furniture,Furnishings,FUR-FU-10002813,70,80,4,3,669
7656,19-04-2022,Second Class,Consumer,Office Supplies,Paper,OFF-PA-10003848,30,30,4,2,3044
7657,06-10-2023,Same Day,Home Office,Office Supplies,Appliances,OFF-AP-10000240,100,110,2,4,3250
7658,03-06-2023,Same Day,Home Office,Furniture,Furnishings,FUR-FU-10004091,170,190,4,4,191
7659,30-01-2022,First Class,Home Office,Office Supplies,Binders,OFF-BI-10001071,70,80,4,4,292
7660,13-08-2022,Standard Class,Corporate,Office Supplies,Binders,OFF-BI-10003676,40,50,5,5,4362
7661,29-12-2022,Standard Class,Consumer,Furniture,Furnishings,FUR-FU-10004864,70,80,3,3,4919
7662,20-10-2022,Standard Class,Consumer,Office Supplies,Binders,OFF-BI-10003708,10,10,7,4,856
7663,21-12-2022,First Class,Consumer,Office Supplies,Art,OFF-AR-10002067,80,100,5,3,4464
7664,15-06-2022,Standard Class,Consumer,Office Supplies,Art,OFF-AR-10003158,20,20,5,5,1573
7665,29-03-2022,Standard Class,Corporate,Furniture,Furnishings,FUR-FU-10000193,120,130,4,5,1459
7666,20-07-2022,Standard Class,Home Office,Office Supplies,Binders,OFF-BI-10000977,30,30,1,2,1942
7667,05-08-2022,Standard Class,Home Office,Technology,Copiers,TEC-CO-10001449,4320,5400,9,4,2921
7668,04-08-2023,Standard Class,Home Office,Office Supplies,Storage,OFF-ST-10000136,100,120,3,3,360
7669,17-08-2022,Second Class,Home Office,Office Supplies,Paper,OFF-PA-10000743,30,40,6,4,1279
7670,17-12-2023,Second Class,Home Office,Office Supplies,Paper,OFF-PA-10001019,60,60,3,4,3269
7671,02-08-2023,Second Class,Home Office,Technology,Accessories,TEC-AC-10003095,240,260,2,4,4927
7672,07-08-2023,Second Class,Home Office,Furniture,Bookcases,FUR-BO-10002916,150,170,1,4,2766
7673,03-03-2023,Second Class,Home Office,Furniture,Furnishings,FUR-FU-10002506,30,40,3,5,1857
7674,18-11-2022,Second Class,Home Office,Office Supplies,Paper,OFF-PA-10003823,130,150,5,3,1052
7675,05-08-2023,Second Class,Home Office,Furniture,Tables,FUR-TA-10004619,380,450,4,3,2463
7676,27-10-2022,Second Class,Consumer,Office Supplies,Appliances,OFF-AP-10001271,140,150,3,5,2076
7677,19-10-2023,Same Day,Consumer,Technology,Accessories,TEC-AC-10002331,20,20,3,3,4691
7678,02-06-2023,Standard Class,Home Office,Office Supplies,Paper,OFF-PA-10003228,160,200,4,2,1874
7679,19-03-2023,Standard Class,Home Office,Office Supplies,Paper,OFF-PA-10002586,10,10,3,5,891
7680,29-01-2022,Standard Class,Home Office,Technology,Accessories,TEC-AC-10002049,1400,1690,4,4,3056
7681,11-01-2022,Standard Class,Home Office,Furniture,Bookcases,FUR-BO-10000362,310,340,2,3,2776
7682,15-06-2023,Standard Class,Home Office,Furniture,Chairs,FUR-CH-10004218,540,610,6,4,1036
7683,30-11-2023,First Class,Home Office,Office Supplies,Appliances,OFF-AP-10003779,150,190,1,2,798
7684,31-12-2023,First Class,Home Office,Office Supplies,Binders,OFF-BI-10003527,3160,3810,3,3,5005
7685,20-05-2022,Standard Class,Consumer,Office Supplies,Binders,OFF-BI-10002897,30,30,9,4,408
7686,01-08-2022,Standard Class,Consumer,Technology,Phones,TEC-PH-10002584,530,630,1,5,1825
7687,24-02-2022,Standard Class,Corporate,Furniture,Tables,FUR-TA-10001095,1440,1570,9,3,4513
7688,19-04-2023,Standard Class,Corporate,Office Supplies,Binders,OFF-BI-10004002,20,20,1,4,4835
7689,04-09-2023,Standard Class,Corporate,Technology,Accessories,TEC-AC-10004518,130,160,8,3,3276
7690,30-10-2023,First Class,Corporate,Office Supplies,Appliances,OFF-AP-10002191,140,180,3,5,3760
7691,28-03-2023,First Class,Corporate,Furniture,Tables,FUR-TA-10004575,700,870,3,5,4079
7692,28-03-2022,First Class,Corporate,Office Supplies,Paper,OFF-PA-10003177,10,10,2,4,1558
7693,27-09-2022,Standard Class,Consumer,Office Supplies,Labels,OFF-LA-10003923,80,90,6,4,2465
7694,18-05-2022,Standard Class,Consumer,Technology,Phones,TEC-PH-10001051,280,320,4,4,2213
7695,22-04-2022,Same Day,Consumer,Furniture,Chairs,FUR-CH-10004754,150,170,7,2,149
7696,19-03-2022,First Class,Home Office,Office Supplies,Paper,OFF-PA-10000357,150,160,5,4,3086
7697,09-09-2022,First Class,Home Office,Office Supplies,Binders,OFF-BI-10001787,10,10,4,4,4392
7698,06-05-2023,Standard Class,Home Office,Technology,Copiers,TEC-CO-10002313,1030,1200,2,2,2173
7699,12-08-2022,Standard Class,Home Office,Office Supplies,Storage,OFF-ST-10002790,60,70,1,5,3834
7700,12-07-2023,Standard Class,Home Office,Office Supplies,Supplies,OFF-SU-10001664,20,30,3,3,2864
7701,05-02-2022,Standard Class,Home Office,Office Supplies,Fasteners,OFF-FA-10001332,20,20,6,2,3066
7702,30-12-2023,Standard Class,Home Office,Furniture,Tables,FUR-TA-10003473,480,530,2,3,1748
7703,08-06-2022,Standard Class,Consumer,Office Supplies,Paper,OFF-PA-10000605,10,10,2,5,2750
7704,11-07-2022,Standard Class,Consumer,Technology,Phones,TEC-PH-10002170,180,210,3,4,4257
7705,20-08-2022,Standard Class,Consumer,Furniture,Tables,FUR-TA-10004147,420,450,4,3,4276
7706,28-12-2022,Standard Class,Consumer,Technology,Accessories,TEC-AC-10003911,450,480,3,2,896
7707,10-04-2023,Standard Class,Consumer,Office Supplies,Art,OFF-AR-10002578,10,10,3,3,3654
7708,23-04-2022,Standard Class,Corporate,Office Supplies,Art,OFF-AR-10001761,10,10,2,3,2653
7709,15-06-2022,Standard Class,Consumer,Technology,Accessories,TEC-AC-10001553,30,40,3,4,604
7710,14-09-2022,Standard Class,Consumer,Office Supplies,Binders,OFF-BI-10000309,10,10,3,3,2001
7711,28-12-2022,Standard Class,Consumer,Technology,Phones,TEC-PH-10003095,80,90,5,5,2500
7712,20-11-2023,Second Class,Consumer,Furniture,Furnishings,FUR-FU-10001876,80,80,3,2,3882
7713,27-07-2023,Second Class,Consumer,Office Supplies,Storage,OFF-ST-10001522,120,150,2,3,2874
7714,23-09-2023,Second Class,Consumer,Office Supplies,Paper,OFF-PA-10000300,50,50,3,5,1107
7715,27-11-2022,First Class,Consumer,Office Supplies,Appliances,OFF-AP-10001469,220,250,6,5,768
7716,03-03-2022,Standard Class,Consumer,Technology,Accessories,TEC-AC-10001553,30,40,3,2,1393
7717,31-03-2022,Standard Class,Corporate,Office Supplies,Paper,OFF-PA-10004041,30,30,5,4,3245
7718,27-05-2022,Standard Class,Corporate,Office Supplies,Binders,OFF-BI-10002764,0,0,2,3,1249
7719,27-07-2023,Standard Class,Corporate,Technology,Accessories,TEC-AC-10001114,140,160,4,4,1649
7720,01-02-2023,Standard Class,Corporate,Office Supplies,Art,OFF-AR-10001615,50,60,3,2,2637
7721,07-11-2022,Standard Class,Corporate,Office Supplies,Envelopes,OFF-EN-10000461,20,20,2,4,274
7722,08-12-2022,Standard Class,Corporate,Office Supplies,Binders,OFF-BI-10004506,10,10,2,3,4077
7723,18-12-2023,Standard Class,Home Office,Office Supplies,Appliances,OFF-AP-10000027,30,40,3,2,4674
7724,31-08-2023,Standard Class,Corporate,Furniture,Chairs,FUR-CH-10003981,170,180,1,2,2564
7725,15-06-2023,Standard Class,Consumer,Office Supplies,Appliances,OFF-AP-10003849,260,290,1,2,5047
7726,04-04-2022,Standard Class,Consumer,Office Supplies,Storage,OFF-ST-10004963,20,20,2,5,3141
7727,01-07-2023,Standard Class,Consumer,Office Supplies,Storage,OFF-ST-10002574,300,330,3,4,105
7728,22-03-2022,Second Class,Home Office,Office Supplies,Art,OFF-AR-10001761,20,20,3,2,2534
7729,22-03-2023,Standard Class,Consumer,Office Supplies,Art,OFF-AR-10000716,20,20,4,2,4754
7730,20-11-2023,Standard Class,Home Office,Technology,Accessories,TEC-AC-10002637,370,430,3,3,1864
7731,06-03-2022,Standard Class,Home Office,Furniture,Chairs,FUR-CH-10003774,280,290,4,3,3065
7732,07-06-2022,First Class,Home Office,Office Supplies,Envelopes,OFF-EN-10000927,90,110,4,4,2204
7733,09-04-2022,Standard Class,Consumer,Office Supplies,Paper,OFF-PA-10000743,10,10,2,4,4979
7734,12-03-2022,Second Class,Consumer,Office Supplies,Paper,OFF-PA-10000697,20,20,4,3,924
7735,07-02-2023,Standard Class,Consumer,Office Supplies,Art,OFF-AR-10004441,10,10,3,2,1658
7736,01-01-2022,Standard Class,Corporate,Office Supplies,Paper,OFF-PA-10001870,20,20,3,2,4206
7737,16-11-2023,Standard Class,Consumer,Office Supplies,Binders,OFF-BI-10003684,60,70,4,4,1644
7738,22-02-2022,First Class,Consumer,Office Supplies,Art,OFF-AR-10001315,10,10,9,3,2393
7739,10-06-2023,Standard Class,Consumer,Technology,Phones,TEC-PH-10003589,80,90,5,4,4969
7740,01-05-2022,Standard Class,Home Office,Office Supplies,Paper,OFF-PA-10001609,10,10,2,2,1472
7741,16-07-2022,Standard Class,Home Office,Technology,Accessories,TEC-AC-10000474,80,90,1,5,3130
7742,14-07-2023,Second Class,Consumer,Technology,Phones,TEC-PH-10003095,40,40,2,4,4969
7743,17-11-2022,Standard Class,Consumer,Office Supplies,Paper,OFF-PA-10001639,20,30,4,5,462
7744,26-12-2023,Standard Class,Corporate,Office Supplies,Binders,OFF-BI-10002003,10,10,2,3,2719
7745,12-01-2022,Standard Class,Corporate,Technology,Phones,TEC-PH-10004539,490,570,3,4,987
7746,08-05-2023,Standard Class,Corporate,Office Supplies,Art,OFF-AR-10003829,10,10,3,2,1697
7747,15-11-2022,Standard Class,Home Office,Technology,Accessories,TEC-AC-10004761,30,30,2,5,2168
7748,03-11-2022,Second Class,Home Office,Office Supplies,Fasteners,OFF-FA-10003472,10,10,6,5,4616
7749,28-07-2023,Standard Class,Consumer,Furniture,Furnishings,FUR-FU-10003464,50,60,3,2,4955
7750,18-05-2023,Standard Class,Consumer,Office Supplies,Storage,OFF-ST-10003716,400,450,2,3,3332
7751,02-12-2023,Standard Class,Consumer,Office Supplies,Binders,OFF-BI-10004002,30,30,2,5,1873
7752,25-11-2023,Standard Class,Consumer,Technology,Phones,TEC-PH-10002496,430,470,3,3,4707
7753,21-01-2023,Standard Class,Consumer,Office Supplies,Binders,OFF-BI-10004826,30,30,2,4,2554
7754,14-10-2022,First Class,Corporate,Furniture,Furnishings,FUR-FU-10001546,20,20,2,5,540
7755,23-10-2023,Second Class,Corporate,Office Supplies,Art,OFF-AR-10001919,0,0,2,3,1229
7756,09-02-2022,Standard Class,Consumer,Office Supplies,Paper,OFF-PA-10002558,230,270,7,5,4616
7757,13-04-2023,Standard Class,Consumer,Technology,Accessories,TEC-AC-10003174,360,430,5,3,1469
7758,22-02-2023,Second Class,Corporate,Technology,Phones,TEC-PH-10003988,30,40,4,2,4950
7759,12-10-2022,Second Class,Corporate,Furniture,Furnishings,FUR-FU-10004845,140,150,3,3,590
7760,02-02-2022,Standard Class,Corporate,Office Supplies,Paper,OFF-PA-10003072,20,20,3,3,1661
7761,02-06-2023,Standard Class,Consumer,Office Supplies,Paper,OFF-PA-10003641,30,40,2,3,1024
7762,25-07-2023,First Class,Consumer,Office Supplies,Paper,OFF-PA-10003729,10,10,2,5,2110
7763,21-02-2022,First Class,Home Office,Office Supplies,Art,OFF-AR-10003251,0,0,1,3,68
7764,03-12-2022,Standard Class,Consumer,Office Supplies,Envelopes,OFF-EN-10003286,60,70,9,2,200
7765,12-05-2022,Same Day,Corporate,Office Supplies,Art,OFF-AR-10004078,20,20,3,3,4936
7766,21-07-2023,Same Day,Corporate,Furniture,Chairs,FUR-CH-10002331,1600,1780,5,5,653
7767,02-06-2023,Same Day,Corporate,Office Supplies,Art,OFF-AR-10001953,180,220,5,2,919
7768,26-01-2022,First Class,Consumer,Office Supplies,Art,OFF-AR-10002053,10,10,3,5,5001
7769,09-05-2022,Standard Class,Consumer,Office Supplies,Paper,OFF-PA-10003651,30,30,5,2,212
7770,30-03-2023,Same Day,Corporate,Technology,Phones,TEC-PH-10002885,830,1040,2,4,2822
7771,25-09-2022,Same Day,Corporate,Office Supplies,Appliances,OFF-AP-10002892,40,50,2,4,1782
7772,01-03-2022,Standard Class,Consumer,Office Supplies,Binders,OFF-BI-10000545,400,460,2,5,5085
7773,31-05-2022,Standard Class,Consumer,Technology,Machines,TEC-MA-10000418,3780,4500,5,2,4385
7774,09-08-2022,Standard Class,Consumer,Technology,Accessories,TEC-AC-10000926,50,60,3,5,382
7775,30-07-2022,First Class,Consumer,Office Supplies,Envelopes,OFF-EN-10001509,10,10,3,5,3222
7776,09-08-2022,Standard Class,Home Office,Office Supplies,Appliances,OFF-AP-10001366,10,10,1,4,1101
7777,11-11-2023,Standard Class,Home Office,Office Supplies,Fasteners,OFF-FA-10003485,10,10,3,3,194
7778,09-04-2023,Standard Class,Home Office,Office Supplies,Storage,OFF-ST-10004507,40,50,3,2,1107
7779,01-11-2023,Standard Class,Home Office,Office Supplies,Binders,OFF-BI-10002353,40,40,3,3,1965
7780,22-01-2022,Standard Class,Consumer,Office Supplies,Appliances,OFF-AP-10001271,170,200,4,4,4811
7781,02-02-2023,Standard Class,Consumer,Technology,Phones,TEC-PH-10004924,30,30,4,4,2832
7782,03-11-2023,Standard Class,Consumer,Office Supplies,Binders,OFF-BI-10002706,10,10,3,3,2457
7783,29-06-2022,Second Class,Corporate,Office Supplies,Storage,OFF-ST-10003442,40,50,2,2,2516
7784,10-12-2023,Second Class,Corporate,Furniture,Tables,FUR-TA-10002533,740,880,10,5,1947
7785,03-03-2022,Second Class,Corporate,Office Supplies,Supplies,OFF-SU-10003505,160,190,2,5,1016
7786,08-07-2022,Standard Class,Consumer,Office Supplies,Labels,OFF-LA-10002762,30,30,2,2,313
7787,18-12-2023,First Class,Consumer,Office Supplies,Binders,OFF-BI-10000279,0,0,1,4,4996
7788,18-07-2023,First Class,Consumer,Office Supplies,Fasteners,OFF-FA-10000936,10,10,3,3,2946
7789,01-10-2023,First Class,Consumer,Furniture,Furnishings,FUR-FU-10004973,20,20,3,2,2937
7790,18-12-2022,First Class,Consumer,Office Supplies,Paper,OFF-PA-10000791,30,30,8,3,2734
7791,12-11-2023,Same Day,Home Office,Office Supplies,Binders,OFF-BI-10001132,0,0,3,4,847
7792,18-07-2023,Standard Class,Corporate,Office Supplies,Binders,OFF-BI-10002012,0,0,5,2,3404
7793,19-06-2023,First Class,Corporate,Technology,Accessories,TEC-AC-10001383,30,40,2,2,428
7794,04-03-2022,Second Class,Corporate,Office Supplies,Paper,OFF-PA-10002036,30,30,5,5,2687
7795,27-12-2022,Second Class,Corporate,Office Supplies,Paper,OFF-PA-10002377,80,100,2,5,4460
7796,10-06-2022,Standard Class,Consumer,Technology,Phones,TEC-PH-10000526,280,310,4,2,756
7797,19-07-2022,Standard Class,Corporate,Office Supplies,Binders,OFF-BI-10001078,30,30,5,3,3596
7798,25-09-2022,First Class,Corporate,Office Supplies,Envelopes,OFF-EN-10004483,50,50,3,5,4464
7799,26-01-2022,First Class,Corporate,Technology,Phones,TEC-PH-10002624,390,470,1,4,2488
7800,02-02-2022,First Class,Corporate,Furniture,Chairs,FUR-CH-10003396,180,210,3,3,1378
7801,08-02-2022,Standard Class,Consumer,Office Supplies,Storage,OFF-ST-10002756,280,320,3,2,4071
7802,10-09-2022,Second Class,Consumer,Furniture,Furnishings,FUR-FU-10002813,40,40,2,4,4747
7803,14-11-2023,Standard Class,Home Office,Office Supplies,Labels,OFF-LA-10003714,10,10,4,3,2449
7804,27-02-2023,Standard Class,Home Office,Office Supplies,Storage,OFF-ST-10003716,590,720,4,4,710
7805,19-01-2022,Standard Class,Home Office,Office Supplies,Storage,OFF-ST-10002289,30,30,1,3,4949
7806,27-05-2022,Standard Class,Home Office,Office Supplies,Art,OFF-AR-10001315,0,0,2,3,570
7807,24-02-2023,Standard Class,Home Office,Office Supplies,Binders,OFF-BI-10000042,0,0,2,2,4749
7808,09-02-2022,Standard Class,Consumer,Office Supplies,Binders,OFF-BI-10004236,20,30,7,5,4547
7809,19-05-2023,Standard Class,Consumer,Office Supplies,Art,OFF-AR-10001955,40,50,3,2,1404
7810,30-08-2022,Standard Class,Consumer,Technology,Phones,TEC-PH-10004080,90,110,2,5,2569
7811,18-12-2023,First Class,Consumer,Office Supplies,Paper,OFF-PA-10000791,0,0,1,2,3071
7812,14-02-2023,First Class,Consumer,Office Supplies,Art,OFF-AR-10001770,10,10,3,2,1550
7813,04-05-2023,First Class,Consumer,Furniture,Tables,FUR-TA-10002356,500,550,3,2,3218
7814,04-05-2023,First Class,Consumer,Furniture,Furnishings,FUR-FU-10003274,10,10,6,3,833
7815,21-12-2022,First Class,Home Office,Furniture,Bookcases,FUR-BO-10004834,1220,1500,2,2,2474
7816,21-08-2023,First Class,Home Office,Technology,Phones,TEC-PH-10000307,20,20,2,4,4310
7817,21-09-2022,Second Class,Home Office,Office Supplies,Art,OFF-AR-10002240,90,110,3,4,5071
7818,22-02-2023,Second Class,Home Office,Office Supplies,Paper,OFF-PA-10001801,30,40,6,4,628
7819,01-11-2023,Second Class,Home Office,Office Supplies,Binders,OFF-BI-10001120,3770,4540,3,2,1645
7820,30-11-2022,Standard Class,Consumer,Office Supplies,Fasteners,OFF-FA-10000611,10,10,8,3,2159
7821,29-05-2022,Second Class,Home Office,Office Supplies,Storage,OFF-ST-10000036,540,590,6,4,40
7822,08-06-2023,Second Class,Consumer,Office Supplies,Storage,OFF-ST-10004950,100,110,9,2,4242
7823,06-07-2023,Standard Class,Home Office,Office Supplies,Art,OFF-AR-10003770,10,10,3,3,4207
7824,20-10-2022,Standard Class,Home Office,Technology,Accessories,TEC-AC-10002800,140,150,3,2,4266
7825,18-01-2023,Standard Class,Corporate,Furniture,Chairs,FUR-CH-10002439,190,230,5,3,4511
7826,28-10-2023,Standard Class,Corporate,Furniture,Chairs,FUR-CH-10004218,80,90,1,5,693
7827,08-10-2023,Standard Class,Corporate,Technology,Phones,TEC-PH-10004042,410,510,4,2,2255
7828,10-03-2023,Standard Class,Corporate,Office Supplies,Envelopes,OFF-EN-10001137,10,10,3,3,489
7829,29-11-2023,Standard Class,Corporate,Furniture,Chairs,FUR-CH-10002017,50,60,3,2,1297
7830,24-04-2022,Standard Class,Corporate,Office Supplies,Art,OFF-AR-10000588,50,60,3,5,4684
7831,17-02-2022,Standard Class,Corporate,Technology,Phones,TEC-PH-10003174,280,310,3,5,1539
7832,09-05-2023,Standard Class,Corporate,Office Supplies,Binders,OFF-BI-10001524,40,50,3,2,4204
7833,09-02-2023,Standard Class,Consumer,Technology,Phones,TEC-PH-10001552,20,20,2,2,3475
7834,06-01-2023,Standard Class,Home Office,Office Supplies,Art,OFF-AR-10004757,10,10,5,5,918
7835,17-11-2022,Second Class,Consumer,Furniture,Tables,FUR-TA-10002530,210,240,2,3,2073
7836,10-05-2022,Second Class,Consumer,Technology,Phones,TEC-PH-10001494,420,480,2,5,2359
7837,09-08-2023,Standard Class,Corporate,Furniture,Chairs,FUR-CH-10004289,270,310,4,2,4338
7838,29-09-2022,Standard Class,Corporate,Office Supplies,Labels,OFF-LA-10002945,10,10,2,4,1358
7839,14-03-2023,Standard Class,Corporate,Technology,Accessories,TEC-AC-10002567,140,160,2,3,3728
7840,13-02-2023,Standard Class,Consumer,Office Supplies,Envelopes,OFF-EN-10001509,10,10,3,4,1584
7841,04-07-2023,Standard Class,Consumer,Furniture,Tables,FUR-TA-10003954,1050,1180,4,5,1665
7842,08-07-2022,Standard Class,Consumer,Office Supplies,Appliances,OFF-AP-10002892,50,50,2,3,1356
7843,23-02-2023,Second Class,Consumer,Office Supplies,Binders,OFF-BI-10003638,50,60,3,3,4991
7844,11-06-2022,Second Class,Consumer,Office Supplies,Paper,OFF-PA-10001569,60,70,11,5,3815
7845,07-03-2022,Standard Class,Consumer,Furniture,Tables,FUR-TA-10001676,110,120,4,4,2842
7846,01-06-2023,Standard Class,Consumer,Office Supplies,Paper,OFF-PA-10001125,120,150,5,4,1702
7847,23-10-2023,Standard Class,Consumer,Technology,Phones,TEC-PH-10002496,1590,1870,12,5,806
7848,06-01-2022,Standard Class,Consumer,Furniture,Furnishings,FUR-FU-10004053,20,20,2,5,4974
7849,27-04-2022,Standard Class,Consumer,Office Supplies,Storage,OFF-ST-10000321,20,20,3,4,188
7850,23-02-2022,Standard Class,Consumer,Office Supplies,Storage,OFF-ST-10002957,10,10,3,5,4507
7851,04-04-2022,Standard Class,Consumer,Office Supplies,Labels,OFF-LA-10000973,10,10,2,5,3666
7852,01-06-2023,Standard Class,Corporate,Office Supplies,Paper,OFF-PA-10000143,10,10,2,4,2790
7853,27-03-2022,Standard Class,Corporate,Office Supplies,Appliances,OFF-AP-10003287,20,20,2,4,1072
7854,30-10-2023,Standard Class,Home Office,Office Supplies,Paper,OFF-PA-10001526,10,10,2,2,4889
7855,02-03-2022,Standard Class,Consumer,Office Supplies,Appliances,OFF-AP-10004540,270,320,4,4,3189
7856,12-03-2023,Standard Class,Consumer,Technology,Accessories,TEC-AC-10001266,40,50,4,5,1599
7857,25-09-2023,First Class,Corporate,Office Supplies,Binders,OFF-BI-10004233,30,30,2,5,3151
7858,27-04-2022,First Class,Corporate,Technology,Phones,TEC-PH-10003505,390,460,5,2,4231
7859,21-06-2023,First Class,Corporate,Office Supplies,Appliances,OFF-AP-10001005,190,240,3,4,590
7860,24-04-2023,First Class,Corporate,Office Supplies,Paper,OFF-PA-10001712,30,40,4,4,351
7861,30-08-2023,Standard Class,Consumer,Office Supplies,Binders,OFF-BI-10002353,20,20,4,5,3507
7862,25-06-2023,Standard Class,Consumer,Technology,Accessories,TEC-AC-10003038,20,20,2,2,3850
7863,31-12-2023,Standard Class,Consumer,Office Supplies,Storage,OFF-ST-10000934,70,80,2,2,4116
7864,27-09-2023,Second Class,Consumer,Office Supplies,Storage,OFF-ST-10002743,240,270,3,5,4057
7865,11-11-2022,Second Class,Consumer,Office Supplies,Paper,OFF-PA-10001846,20,20,4,2,852
7866,17-05-2022,Second Class,Consumer,Furniture,Chairs,FUR-CH-10004287,370,440,2,5,219
7867,02-02-2022,Second Class,Consumer,Furniture,Bookcases,FUR-BO-10001608,110,130,6,3,2407
7868,21-11-2022,Second Class,Home Office,Office Supplies,Paper,OFF-PA-10000357,140,170,3,5,2349
7869,31-01-2023,Standard Class,Consumer,Office Supplies,Paper,OFF-PA-10000575,10,10,2,5,1853
7870,05-04-2023,Standard Class,Consumer,Technology,Accessories,TEC-AC-10002167,20,20,2,3,4025
7871,22-07-2023,Standard Class,Corporate,Office Supplies,Envelopes,OFF-EN-10004459,20,20,4,5,3594
7872,10-04-2023,Standard Class,Home Office,Office Supplies,Labels,OFF-LA-10002271,10,10,2,3,1366
7873,28-11-2023,Standard Class,Home Office,Furniture,Chairs,FUR-CH-10004063,780,920,4,2,1797
7874,12-08-2022,Standard Class,Home Office,Office Supplies,Paper,OFF-PA-10004610,10,10,2,5,4361
7875,02-08-2023,Standard Class,Home Office,Office Supplies,Paper,OFF-PA-10001878,80,100,2,3,4426
7876,17-08-2022,Standard Class,Corporate,Office Supplies,Paper,OFF-PA-10002036,30,30,6,3,4775
7877,09-07-2022,Standard Class,Corporate,Office Supplies,Appliances,OFF-AP-10003278,10,10,1,3,4907
7878,12-05-2022,Standard Class,Consumer,Office Supplies,Labels,OFF-LA-10001641,10,10,2,2,493
7879,26-12-2022,Second Class,Home Office,Furniture,Furnishings,FUR-FU-10003806,190,240,4,4,2174
7880,26-06-2022,Standard Class,Corporate,Furniture,Tables,FUR-TA-10003392,300,340,2,4,2543
7881,22-01-2023,Second Class,Consumer,Office Supplies,Art,OFF-AR-10003856,10,10,6,5,4950
7882,20-10-2023,Second Class,Consumer,Technology,Accessories,TEC-AC-10002006,70,80,6,2,384
7883,22-03-2023,Second Class,Consumer,Technology,Accessories,TEC-AC-10002006,90,100,8,5,1392
7884,19-11-2022,Second Class,Consumer,Office Supplies,Paper,OFF-PA-10002246,10,10,2,2,1989
7885,03-04-2022,Second Class,Consumer,Office Supplies,Supplies,OFF-SU-10004782,50,50,7,2,5082
7886,20-08-2023,Second Class,Consumer,Furniture,Furnishings,FUR-FU-10004351,20,20,3,3,1401
7887,25-04-2022,Second Class,Consumer,Furniture,Furnishings,FUR-FU-10004270,20,20,5,5,4981
7888,14-04-2023,Second Class,Consumer,Furniture,Furnishings,FUR-FU-10004053,20,20,1,3,4215
7889,07-01-2022,Standard Class,Consumer,Office Supplies,Paper,OFF-PA-10000019,30,30,5,5,4818
7890,29-10-2023,Standard Class,Consumer,Office Supplies,Art,OFF-AR-10003811,20,20,9,2,4375
7891,23-01-2022,Standard Class,Consumer,Technology,Accessories,TEC-AC-10001838,350,400,2,5,1477
7892,17-07-2022,Standard Class,Consumer,Furniture,Furnishings,FUR-FU-10003553,300,340,5,5,321
7893,12-01-2023,Standard Class,Consumer,Office Supplies,Paper,OFF-PA-10003302,90,110,3,3,1131
7894,13-07-2022,Standard Class,Home Office,Office Supplies,Binders,OFF-BI-10002412,10,10,3,5,1537
7895,14-10-2023,Standard Class,Home Office,Office Supplies,Binders,OFF-BI-10002852,70,80,5,4,1939
7896,13-08-2022,Standard Class,Home Office,Office Supplies,Binders,OFF-BI-10000145,10,10,2,3,3593
7897,27-07-2022,Standard Class,Home Office,Office Supplies,Paper,OFF-PA-10001970,380,450,8,5,1363
7898,22-05-2022,Standard Class,Consumer,Office Supplies,Appliances,OFF-AP-10001563,230,270,7,3,314
7899,18-03-2023,Standard Class,Consumer,Office Supplies,Binders,OFF-BI-10001359,1370,1610,6,5,3162
7900,02-10-2022,Standard Class,Consumer,Office Supplies,Fasteners,OFF-FA-10003495,20,20,5,2,2631
7901,15-09-2022,Standard Class,Consumer,Technology,Accessories,TEC-AC-10003709,0,0,2,4,2560
7902,04-12-2022,Standard Class,Consumer,Furniture,Furnishings,FUR-FU-10003268,30,30,1,5,4208
7903,09-11-2023,Standard Class,Consumer,Office Supplies,Envelopes,OFF-EN-10003845,10,10,5,3,2975
7904,09-12-2022,Standard Class,Consumer,Furniture,Chairs,FUR-CH-10002073,350,420,2,4,2281
7905,02-07-2023,Standard Class,Consumer,Office Supplies,Paper,OFF-PA-10001357,70,80,2,5,1696
7906,10-08-2023,Standard Class,Home Office,Office Supplies,Envelopes,OFF-EN-10001415,0,0,1,5,4961
7907,16-03-2023,Standard Class,Home Office,Office Supplies,Binders,OFF-BI-10002813,0,0,10,2,3016
7908,28-02-2022,First Class,Corporate,Office Supplies,Appliances,OFF-AP-10003849,680,720,2,2,353
7909,12-04-2022,Standard Class,Consumer,Furniture,Tables,FUR-TA-10004147,220,270,3,3,1592
7910,11-12-2023,Standard Class,Consumer,Office Supplies,Art,OFF-AR-10001662,20,20,8,4,2740
7911,14-04-2022,Standard Class,Consumer,Office Supplies,Storage,OFF-ST-10001558,50,50,3,4,2564
7912,12-12-2023,Standard Class,Consumer,Furniture,Bookcases,FUR-BO-10001337,180,210,2,5,4448
7913,16-03-2023,Second Class,Consumer,Furniture,Furnishings,FUR-FU-10001602,30,30,2,5,1275
7914,15-11-2022,First Class,Consumer,Office Supplies,Storage,OFF-ST-10003996,30,30,2,4,4018
7915,30-09-2022,Standard Class,Home Office,Technology,Machines,TEC-MA-10003673,3130,3400,5,2,3127
7916,01-01-2023,Standard Class,Home Office,Technology,Accessories,TEC-AC-10004992,90,100,3,4,3228
7917,30-05-2022,Standard Class,Home Office,Furniture,Chairs,FUR-CH-10002880,280,340,4,2,3465
7918,22-07-2022,Second Class,Home Office,Office Supplies,Art,OFF-AR-10000380,30,30,1,4,4337
7919,01-12-2022,Second Class,Home Office,Office Supplies,Binders,OFF-BI-10002706,20,20,2,4,4446
7920,04-01-2022,Standard Class,Home Office,Office Supplies,Storage,OFF-ST-10000943,30,40,2,5,4079
7921,16-06-2023,Standard Class,Home Office,Technology,Accessories,TEC-AC-10001090,50,60,2,2,5090
7922,08-10-2022,Standard Class,Consumer,Office Supplies,Binders,OFF-BI-10002026,150,170,3,4,3288
7923,22-12-2023,Standard Class,Home Office,Technology,Phones,TEC-PH-10000526,360,380,5,5,687
7924,13-01-2022,Standard Class,Home Office,Office Supplies,Binders,OFF-BI-10004002,20,20,3,5,4131
7925,26-09-2023,First Class,Consumer,Office Supplies,Binders,OFF-BI-10002309,20,20,4,2,1600
7926,20-02-2022,First Class,Consumer,Office Supplies,Labels,OFF-LA-10003923,80,100,7,4,3768
7927,10-12-2023,Second Class,Corporate,Technology,Accessories,TEC-AC-10003433,0,0,3,3,2418
7928,15-11-2022,Second Class,Corporate,Technology,Phones,TEC-PH-10001363,470,570,1,4,2175
7929,26-05-2023,Second Class,Corporate,Furniture,Furnishings,FUR-FU-10000820,40,50,3,4,2236
7930,10-01-2022,First Class,Home Office,Furniture,Tables,FUR-TA-10004767,290,300,6,5,4533
7931,30-07-2023,Second Class,Corporate,Office Supplies,Art,OFF-AR-10001955,50,60,3,2,1178
7932,07-11-2023,Standard Class,Corporate,Furniture,Chairs,FUR-CH-10004886,200,230,3,2,1831
7933,16-01-2022,Standard Class,Corporate,Office Supplies,Paper,OFF-PA-10003641,100,110,5,4,2721
7934,11-08-2022,Standard Class,Corporate,Office Supplies,Envelopes,OFF-EN-10003134,20,20,2,5,4573
7935,16-03-2023,Standard Class,Corporate,Technology,Phones,TEC-PH-10002564,60,70,3,2,2694
7936,05-07-2023,Standard Class,Corporate,Office Supplies,Paper,OFF-PA-10003893,10,10,2,2,3494
7937,14-12-2023,Standard Class,Corporate,Office Supplies,Binders,OFF-BI-10000174,10,10,3,3,4491
7938,11-07-2022,Standard Class,Corporate,Office Supplies,Appliances,OFF-AP-10001058,2040,2520,9,2,3166
7939,02-12-2023,Standard Class,Corporate,Office Supplies,Storage,OFF-ST-10001496,510,540,3,5,5028
7940,02-05-2022,Standard Class,Corporate,Office Supplies,Binders,OFF-BI-10004230,200,220,8,5,4129
7941,10-10-2022,First Class,Corporate,Furniture,Chairs,FUR-CH-10001146,80,80,2,5,3123
7942,28-02-2022,First Class,Corporate,Office Supplies,Storage,OFF-ST-10001590,120,130,10,4,1712
7943,21-11-2022,Standard Class,Consumer,Office Supplies,Binders,OFF-BI-10003684,40,40,9,4,3361
7944,24-12-2023,Standard Class,Consumer,Office Supplies,Supplies,OFF-SU-10000946,30,40,7,4,3313
7945,27-07-2022,Standard Class,Consumer,Office Supplies,Art,OFF-AR-10001615,30,30,2,2,109
7946,22-02-2022,Standard Class,Consumer,Office Supplies,Binders,OFF-BI-10001597,40,40,5,4,1368
7947,29-11-2022,Standard Class,Consumer,Office Supplies,Binders,OFF-BI-10001116,0,0,3,4,1306
7948,12-03-2023,Standard Class,Consumer,Office Supplies,Fasteners,OFF-FA-10004395,20,20,5,3,491
7949,16-01-2023,Standard Class,Consumer,Furniture,Chairs,FUR-CH-10001270,310,360,6,3,705
7950,11-09-2022,Standard Class,Consumer,Furniture,Furnishings,FUR-FU-10001095,60,60,6,5,4421
7951,19-07-2023,Standard Class,Consumer,Office Supplies,Storage,OFF-ST-10001469,120,130,3,3,4276
7952,06-02-2023,Standard Class,Consumer,Office Supplies,Binders,OFF-BI-10003196,10,10,2,4,412
7953,11-07-2023,Standard Class,Consumer,Technology,Phones,TEC-PH-10002200,770,860,4,2,4703
7954,19-06-2023,Standard Class,Corporate,Office Supplies,Storage,OFF-ST-10000636,60,70,4,4,1753
7955,14-12-2022,Standard Class,Corporate,Office Supplies,Binders,OFF-BI-10000145,10,10,2,3,2582
7956,22-09-2022,Standard Class,Corporate,Furniture,Chairs,FUR-CH-10001190,350,440,4,4,2826
7957,29-09-2022,Standard Class,Corporate,Office Supplies,Fasteners,OFF-FA-10002780,10,10,5,5,545
7958,03-12-2023,Standard Class,Corporate,Office Supplies,Appliances,OFF-AP-10004052,20,20,4,2,5044
7959,09-01-2023,Standard Class,Corporate,Furniture,Furnishings,FUR-FU-10004666,70,70,5,2,1051
7960,29-04-2022,Standard Class,Corporate,Furniture,Tables,FUR-TA-10004086,200,210,3,3,3469
7961,21-01-2022,Standard Class,Corporate,Technology,Phones,TEC-PH-10000702,10,10,1,2,4323
7962,18-06-2023,Second Class,Corporate,Office Supplies,Storage,OFF-ST-10002301,70,80,5,4,1155
7963,03-09-2022,Second Class,Corporate,Office Supplies,Binders,OFF-BI-10001636,20,20,8,4,2587
7964,16-02-2022,Second Class,Corporate,Office Supplies,Appliances,OFF-AP-10002684,360,390,4,2,4901
7965,13-02-2022,Second Class,Corporate,Office Supplies,Paper,OFF-PA-10004609,20,20,4,3,1360
7966,18-07-2023,Second Class,Corporate,Office Supplies,Paper,OFF-PA-10003309,30,40,8,2,866
7967,29-03-2022,Standard Class,Corporate,Office Supplies,Paper,OFF-PA-10000380,30,30,4,2,1105
7968,21-07-2022,First Class,Corporate,Furniture,Bookcases,FUR-BO-10001567,80,90,3,5,765
7969,27-11-2022,First Class,Corporate,Technology,Phones,TEC-PH-10002583,20,20,1,3,1684
7970,15-08-2022,First Class,Corporate,Furniture,Chairs,FUR-CH-10004853,100,120,1,3,1018
7971,04-09-2022,Standard Class,Corporate,Technology,Phones,TEC-PH-10003580,470,520,4,4,3608
7972,01-01-2022,Standard Class,Corporate,Technology,Accessories,TEC-AC-10004227,30,30,3,3,3298
7973,09-08-2023,Standard Class,Corporate,Office Supplies,Paper,OFF-PA-10002787,10,10,2,3,3187
7974,10-04-2023,Standard Class,Corporate,Office Supplies,Binders,OFF-BI-10003981,0,0,2,2,39
7975,23-06-2022,Standard Class,Corporate,Furniture,Furnishings,FUR-FU-10001488,220,250,3,3,5013
7976,08-01-2023,Standard Class,Corporate,Office Supplies,Binders,OFF-BI-10003727,0,0,3,3,1829
7977,13-02-2022,Standard Class,Corporate,Office Supplies,Paper,OFF-PA-10000130,10,10,3,2,1322
7978,13-07-2023,Standard Class,Consumer,Technology,Phones,TEC-PH-10002680,530,660,3,2,1756
7979,15-08-2022,Standard Class,Consumer,Technology,Phones,TEC-PH-10002538,100,110,3,2,2911
7980,23-09-2022,Standard Class,Home Office,Office Supplies,Binders,OFF-BI-10001249,10,10,1,5,2934
7981,16-02-2022,Standard Class,Consumer,Office Supplies,Paper,OFF-PA-10000174,20,20,2,5,5055
7982,07-03-2022,First Class,Consumer,Office Supplies,Appliances,OFF-AP-10004532,70,80,4,3,93
7983,03-08-2023,First Class,Consumer,Furniture,Furnishings,FUR-FU-10001986,230,250,5,4,1147
7984,07-01-2023,Second Class,Corporate,Office Supplies,Fasteners,OFF-FA-10002975,20,20,5,4,572
7985,23-02-2022,Second Class,Corporate,Office Supplies,Art,OFF-AR-10003481,10,10,3,3,3811
7986,23-10-2023,First Class,Consumer,Office Supplies,Binders,OFF-BI-10004967,10,10,5,4,82
7987,22-08-2023,Second Class,Consumer,Technology,Phones,TEC-PH-10003589,70,90,5,4,2061
7988,03-07-2022,Standard Class,Home Office,Office Supplies,Labels,OFF-LA-10002945,30,30,4,5,3056
7989,18-12-2022,Standard Class,Home Office,Office Supplies,Labels,OFF-LA-10003537,40,40,3,5,3138
7990,15-12-2023,Standard Class,Home Office,Office Supplies,Storage,OFF-ST-10002406,10,10,1,3,4145
7991,16-06-2022,Standard Class,Home Office,Technology,Accessories,TEC-AC-10003433,0,0,2,3,1139
7992,26-11-2022,First Class,Consumer,Office Supplies,Binders,OFF-BI-10002082,40,40,4,3,3489
7993,01-10-2023,First Class,Consumer,Technology,Accessories,TEC-AC-10000521,20,20,2,4,4706
7994,20-03-2023,Second Class,Consumer,Office Supplies,Binders,OFF-BI-10001982,0,0,3,5,4862
7995,06-07-2023,Second Class,Consumer,Furniture,Bookcases,FUR-BO-10002268,140,150,6,2,1834
7996,28-08-2022,Second Class,Consumer,Office Supplies,Binders,OFF-BI-10001758,10,10,6,2,3607
7997,13-10-2022,First Class,Home Office,Technology,Accessories,TEC-AC-10004469,170,200,5,5,4159
7998,29-08-2022,First Class,Home Office,Furniture,Tables,FUR-TA-10001095,1350,1670,12,5,612
7999,04-07-2023,First Class,Corporate,Furniture,Furnishings,FUR-FU-10001852,10,10,7,4,4742
8000,02-11-2023,First Class,Corporate,Office Supplies,Appliances,OFF-AP-10000696,50,60,4,4,2754
8001,30-08-2023,Standard Class,Consumer,Technology,Phones,TEC-PH-10003885,210,260,4,3,3545
8002,09-07-2023,First Class,Consumer,Technology,Accessories,TEC-AC-10002926,270,300,6,5,3106
8003,07-07-2022,First Class,Consumer,Office Supplies,Supplies,OFF-SU-10001225,20,30,7,4,2573
8004,11-09-2023,First Class,Consumer,Technology,Phones,TEC-PH-10004434,240,270,2,3,3232
8005,23-12-2022,First Class,Consumer,Furniture,Furnishings,FUR-FU-10003878,50,50,3,3,3428
8006,17-08-2022,First Class,Consumer,Furniture,Furnishings,FUR-FU-10002268,10,10,2,2,776
8007,02-02-2022,Standard Class,Consumer,Office Supplies,Fasteners,OFF-FA-10001883,80,90,12,5,254
8008,14-05-2022,Standard Class,Consumer,Office Supplies,Storage,OFF-ST-10002756,490,540,4,4,3691
8009,17-04-2022,Standard Class,Consumer,Office Supplies,Paper,OFF-PA-10000474,90,110,3,2,1732
8010,28-01-2022,Standard Class,Consumer,Furniture,Chairs,FUR-CH-10002073,1250,1320,5,2,4429
8011,23-07-2023,Second Class,Corporate,Office Supplies,Paper,OFF-PA-10003641,120,130,6,4,4980
8012,17-09-2022,First Class,Consumer,Technology,Phones,TEC-PH-10002070,120,130,7,5,4202
8013,08-06-2022,Same Day,Consumer,Office Supplies,Binders,OFF-BI-10004519,580,660,5,5,3317
8014,27-11-2022,Same Day,Consumer,Technology,Accessories,TEC-AC-10002167,100,120,8,4,948
8015,19-10-2023,Same Day,Consumer,Office Supplies,Fasteners,OFF-FA-10000936,0,0,1,4,4794
8016,16-07-2023,Same Day,Consumer,Furniture,Furnishings,FUR-FU-10000732,20,20,3,4,1768
8017,27-07-2023,First Class,Home Office,Furniture,Furnishings,FUR-FU-10002501,50,60,6,3,2513
8018,21-11-2022,First Class,Home Office,Office Supplies,Art,OFF-AR-10000634,30,30,9,3,2689
8019,17-04-2023,Second Class,Corporate,Technology,Phones,TEC-PH-10001700,50,50,1,5,2788
8020,09-04-2023,First Class,Consumer,Office Supplies,Appliances,OFF-AP-10001962,70,80,10,3,191
8021,25-06-2022,First Class,Consumer,Office Supplies,Paper,OFF-PA-10001838,10,10,2,4,149
8022,23-03-2022,Standard Class,Corporate,Office Supplies,Appliances,OFF-AP-10000124,0,0,3,2,2665
8023,01-09-2022,Standard Class,Corporate,Office Supplies,Envelopes,OFF-EN-10003567,80,90,5,2,1929
8024,02-06-2023,Standard Class,Corporate,Furniture,Chairs,FUR-CH-10004997,590,660,5,2,3198
8025,04-09-2023,Standard Class,Corporate,Office Supplies,Binders,OFF-BI-10000494,0,0,1,4,2582
8026,12-09-2023,Second Class,Corporate,Furniture,Furnishings,FUR-FU-10000277,170,210,2,2,2826
8027,25-10-2022,Second Class,Corporate,Office Supplies,Storage,OFF-ST-10003641,70,80,1,5,2115
8028,20-08-2023,Second Class,Corporate,Technology,Accessories,TEC-AC-10001998,20,20,1,5,2862
8029,23-06-2022,Second Class,Corporate,Office Supplies,Storage,OFF-ST-10001932,720,770,4,5,3115
8030,07-09-2023,Standard Class,Consumer,Technology,Accessories,TEC-AC-10002323,90,110,6,5,3482
8031,24-02-2022,Standard Class,Consumer,Furniture,Furnishings,FUR-FU-10004270,20,20,3,2,3282
8032,19-04-2023,Standard Class,Consumer,Office Supplies,Paper,OFF-PA-10004621,30,30,5,5,4998
8033,12-10-2023,First Class,Consumer,Office Supplies,Paper,OFF-PA-10001019,40,50,3,3,145
8034,30-04-2023,First Class,Consumer,Office Supplies,Binders,OFF-BI-10000201,0,0,2,4,2621
8035,23-05-2023,First Class,Consumer,Furniture,Furnishings,FUR-FU-10004587,70,80,9,5,4277
8036,07-11-2022,First Class,Consumer,Office Supplies,Labels,OFF-LA-10001613,0,0,2,4,4347
8037,07-05-2022,First Class,Consumer,Office Supplies,Binders,OFF-BI-10001308,30,40,6,4,3886
8038,19-11-2022,Standard Class,Corporate,Office Supplies,Appliances,OFF-AP-10003278,40,40,3,5,4765
8039,27-06-2022,Second Class,Consumer,Furniture,Bookcases,FUR-BO-10003966,390,440,3,5,2784
8040,01-04-2023,Second Class,Corporate,Furniture,Chairs,FUR-CH-10004698,370,390,6,2,264
8041,19-05-2023,Second Class,Corporate,Office Supplies,Storage,OFF-ST-10000025,480,570,6,4,2291
8042,14-09-2023,Second Class,Corporate,Technology,Accessories,TEC-AC-10000682,20,30,2,3,518
8043,19-06-2023,Standard Class,Home Office,Technology,Accessories,TEC-AC-10001772,50,60,4,4,3852
8044,24-02-2022,Standard Class,Home Office,Furniture,Furnishings,FUR-FU-10001379,20,30,1,2,2538
8045,10-11-2022,Second Class,Consumer,Office Supplies,Binders,OFF-BI-10002794,280,300,9,4,3807
8046,31-10-2022,Standard Class,Consumer,Office Supplies,Appliances,OFF-AP-10001005,340,390,5,5,4982
8047,11-11-2022,Second Class,Consumer,Office Supplies,Binders,OFF-BI-10000201,0,0,3,2,700
8048,22-03-2023,Second Class,Consumer,Office Supplies,Paper,OFF-PA-10003673,20,20,3,5,5003
8049,05-04-2022,Standard Class,Corporate,Office Supplies,Appliances,OFF-AP-10000938,620,710,7,5,454
8050,14-09-2023,Standard Class,Corporate,Office Supplies,Binders,OFF-BI-10003274,10,10,5,3,200
8051,16-04-2023,Standard Class,Corporate,Furniture,Furnishings,FUR-FU-10001095,20,20,1,4,5077
8052,28-11-2022,Standard Class,Corporate,Office Supplies,Appliances,OFF-AP-10001492,30,40,6,2,3110
8053,21-08-2022,Second Class,Corporate,Office Supplies,Art,OFF-AR-10004999,20,20,3,3,3085
8054,04-09-2023,Standard Class,Corporate,Office Supplies,Binders,OFF-BI-10004094,0,0,1,5,2918
8055,18-02-2022,Standard Class,Consumer,Office Supplies,Storage,OFF-ST-10001490,720,890,5,3,1300
8056,12-04-2023,Standard Class,Consumer,Furniture,Bookcases,FUR-BO-10004695,290,310,2,2,2177
8057,12-10-2022,Standard Class,Consumer,Office Supplies,Storage,OFF-ST-10000736,600,730,9,5,135
8058,04-07-2023,Standard Class,Consumer,Office Supplies,Binders,OFF-BI-10001617,30,40,5,4,2216
8059,30-05-2023,Standard Class,Consumer,Technology,Phones,TEC-PH-10003589,30,40,3,2,3083
8060,16-06-2023,Standard Class,Consumer,Furniture,Furnishings,FUR-FU-10003981,0,0,2,4,4098
8061,01-01-2022,Standard Class,Corporate,Office Supplies,Paper,OFF-PA-10001970,60,60,5,2,3008
8062,24-11-2022,Standard Class,Corporate,Office Supplies,Binders,OFF-BI-10002437,20,20,2,4,3819
8063,01-02-2023,First Class,Consumer,Technology,Phones,TEC-PH-10000586,230,260,4,5,3508
8064,06-03-2022,First Class,Consumer,Technology,Phones,TEC-PH-10003811,330,360,3,5,698
8065,02-11-2022,First Class,Consumer,Office Supplies,Paper,OFF-PA-10004983,10,10,2,2,1434
8066,27-10-2023,First Class,Consumer,Office Supplies,Storage,OFF-ST-10003479,110,120,3,3,1234
8067,09-01-2022,First Class,Consumer,Office Supplies,Binders,OFF-BI-10004318,260,280,2,2,1
8068,24-10-2022,Standard Class,Corporate,Technology,Accessories,TEC-AC-10002567,200,240,3,5,2200
8069,20-02-2023,Standard Class,Corporate,Furniture,Furnishings,FUR-FU-10001731,20,20,6,4,3854
8070,31-01-2022,Standard Class,Consumer,Office Supplies,Storage,OFF-ST-10002743,420,450,5,3,4786
8071,23-09-2023,Standard Class,Consumer,Furniture,Furnishings,FUR-FU-10002116,130,140,5,5,3243
8072,21-03-2022,Standard Class,Consumer,Furniture,Chairs,FUR-CH-10003199,280,310,4,4,2961
8073,09-06-2023,Standard Class,Consumer,Office Supplies,Art,OFF-AR-10003158,10,10,4,5,3712
8074,12-12-2023,Standard Class,Consumer,Office Supplies,Binders,OFF-BI-10000301,10,10,5,2,154
8075,17-08-2022,Standard Class,Consumer,Office Supplies,Binders,OFF-BI-10000343,10,10,14,2,1945
8076,03-06-2022,Standard Class,Consumer,Office Supplies,Appliances,OFF-AP-10004708,20,20,2,5,1101
8077,17-02-2023,Standard Class,Corporate,Furniture,Furnishings,FUR-FU-10000794,30,30,3,4,1351
8078,19-11-2022,Standard Class,Corporate,Office Supplies,Binders,OFF-BI-10004519,140,170,1,3,207
8079,12-12-2022,Standard Class,Corporate,Technology,Accessories,TEC-AC-10001590,70,80,3,2,2002
8080,16-09-2022,Standard Class,Home Office,Office Supplies,Binders,OFF-BI-10001524,120,130,8,5,2470
8081,22-08-2023,Standard Class,Corporate,Office Supplies,Labels,OFF-LA-10001474,130,150,6,3,2450
8082,26-11-2022,Standard Class,Corporate,Office Supplies,Paper,OFF-PA-10001497,110,130,3,2,4384
8083,29-01-2023,Standard Class,Corporate,Office Supplies,Appliances,OFF-AP-10003287,170,200,5,4,637
8084,31-05-2023,Standard Class,Corporate,Office Supplies,Binders,OFF-BI-10002982,10,10,7,5,2620
8085,19-09-2023,Standard Class,Corporate,Office Supplies,Storage,OFF-ST-10001809,660,720,10,2,510
8086,07-01-2023,Standard Class,Home Office,Furniture,Furnishings,FUR-FU-10000246,50,60,5,5,3816
8087,10-04-2022,Standard Class,Consumer,Office Supplies,Appliances,OFF-AP-10000252,20,30,3,3,1107
8088,30-07-2023,Second Class,Corporate,Office Supplies,Art,OFF-AR-10002375,10,10,4,3,1722
8089,26-02-2023,Standard Class,Consumer,Office Supplies,Binders,OFF-BI-10003719,40,40,2,4,598
8090,09-07-2022,First Class,Corporate,Office Supplies,Appliances,OFF-AP-10001492,60,80,9,2,1149
8091,12-06-2022,Standard Class,Home Office,Office Supplies,Storage,OFF-ST-10000532,230,270,7,2,639
8092,22-06-2023,Standard Class,Consumer,Office Supplies,Labels,OFF-LA-10001613,10,10,2,3,2924
8093,02-03-2023,Second Class,Home Office,Office Supplies,Art,OFF-AR-10002818,100,110,5,2,4870
8094,01-07-2023,Second Class,Consumer,Furniture,Furnishings,FUR-FU-10001940,20,20,3,2,4426
8095,13-03-2022,Second Class,Consumer,Office Supplies,Paper,OFF-PA-10003883,20,30,4,5,4010
8096,12-03-2022,Second Class,Consumer,Office Supplies,Paper,OFF-PA-10002787,10,10,2,5,298
8097,19-06-2022,Second Class,Consumer,Technology,Accessories,TEC-AC-10000991,180,230,5,3,4493
8098,17-10-2023,Standard Class,Consumer,Office Supplies,Storage,OFF-ST-10003058,110,120,5,3,2781
8099,28-11-2022,Standard Class,Consumer,Office Supplies,Paper,OFF-PA-10004239,0,0,1,2,2023
8100,22-11-2022,First Class,Home Office,Technology,Accessories,TEC-AC-10003038,30,30,3,2,868
8101,21-01-2023,First Class,Home Office,Technology,Machines,TEC-MA-10000984,3190,3360,3,2,3881
8102,11-08-2023,Standard Class,Consumer,Office Supplies,Labels,OFF-LA-10004484,10,10,2,5,1797
8103,20-12-2023,Standard Class,Consumer,Technology,Machines,TEC-MA-10004002,2790,2970,7,5,1866
8104,22-06-2023,Standard Class,Consumer,Office Supplies,Storage,OFF-ST-10002406,100,100,7,2,985
8105,16-11-2023,Standard Class,Consumer,Technology,Phones,TEC-PH-10003645,690,780,6,4,4714
8106,27-06-2022,First Class,Home Office,Furniture,Bookcases,FUR-BO-10001601,80,90,1,4,1587
8107,11-04-2023,First Class,Home Office,Office Supplies,Art,OFF-AR-10000937,170,180,6,2,2045
8108,26-10-2023,First Class,Home Office,Technology,Phones,TEC-PH-10000038,360,440,4,5,3544
8109,10-05-2023,Standard Class,Consumer,Furniture,Chairs,FUR-CH-10003396,200,220,4,4,238
8110,30-08-2023,Standard Class,Consumer,Office Supplies,Envelopes,OFF-EN-10002592,50,60,6,2,1089
8111,01-09-2022,Standard Class,Consumer,Furniture,Chairs,FUR-CH-10000422,110,130,2,5,2471
8112,19-07-2022,Second Class,Consumer,Furniture,Chairs,FUR-CH-10002647,210,250,5,3,209
8113,05-12-2023,Second Class,Consumer,Office Supplies,Appliances,OFF-AP-10004859,10,10,4,3,402
8114,25-07-2023,Second Class,Consumer,Furniture,Chairs,FUR-CH-10004477,70,90,2,2,2517
8115,23-01-2022,Second Class,Corporate,Office Supplies,Art,OFF-AR-10004817,20,20,5,5,2801
8116,29-03-2022,Standard Class,Corporate,Furniture,Furnishings,FUR-FU-10003374,140,150,3,5,1877
8117,18-09-2022,Same Day,Corporate,Office Supplies,Storage,OFF-ST-10003123,30,30,1,3,1625
8118,23-11-2023,Standard Class,Consumer,Office Supplies,Paper,OFF-PA-10000675,170,200,5,5,624
8119,02-02-2023,Standard Class,Consumer,Furniture,Chairs,FUR-CH-10004997,440,530,4,5,3268
8120,08-03-2022,Standard Class,Consumer,Furniture,Furnishings,FUR-FU-10001934,30,40,2,5,1943
8121,25-09-2022,Standard Class,Consumer,Furniture,Chairs,FUR-CH-10004997,430,450,3,3,720
8122,18-04-2023,Standard Class,Consumer,Office Supplies,Binders,OFF-BI-10001890,30,30,11,4,1879
8123,03-10-2022,Standard Class,Consumer,Office Supplies,Envelopes,OFF-EN-10002500,30,30,3,5,3511
8124,01-12-2022,Standard Class,Consumer,Technology,Copiers,TEC-CO-10001766,980,1080,4,5,2732
8125,19-09-2023,Standard Class,Consumer,Furniture,Chairs,FUR-CH-10004860,130,160,2,2,3039
8126,23-06-2022,Standard Class,Consumer,Office Supplies,Binders,OFF-BI-10002049,0,0,3,3,3891
8127,17-02-2022,Standard Class,Consumer,Technology,Accessories,TEC-AC-10003499,20,20,2,5,1797
8128,09-01-2023,Standard Class,Consumer,Office Supplies,Storage,OFF-ST-10003470,550,670,3,5,619
8129,14-08-2022,Standard Class,Consumer,Furniture,Furnishings,FUR-FU-10000222,50,60,5,4,4848
8130,10-10-2022,First Class,Corporate,Technology,Accessories,TEC-AC-10000023,40,40,2,2,4793
8131,27-04-2022,First Class,Corporate,Office Supplies,Paper,OFF-PA-10003971,10,10,2,3,2683
8132,13-05-2023,First Class,Corporate,Office Supplies,Art,OFF-AR-10003481,10,10,4,3,4233
8133,22-08-2023,First Class,Corporate,Office Supplies,Storage,OFF-ST-10001490,450,540,3,4,1374
8134,29-11-2022,Standard Class,Corporate,Furniture,Furnishings,FUR-FU-10003708,60,70,3,4,1216
8135,15-11-2022,Standard Class,Consumer,Office Supplies,Paper,OFF-PA-10001970,30,40,3,3,1099
8136,22-04-2022,Standard Class,Consumer,Office Supplies,Labels,OFF-LA-10002762,70,90,7,3,1122
8137,09-01-2023,Standard Class,Corporate,Furniture,Tables,FUR-TA-10002533,480,560,7,4,92
8138,24-05-2023,Standard Class,Home Office,Furniture,Furnishings,FUR-FU-10004091,60,60,9,3,2647
8139,07-10-2023,Standard Class,Home Office,Office Supplies,Art,OFF-AR-10001545,10,10,8,5,2595
8140,26-10-2022,Standard Class,Home Office,Office Supplies,Storage,OFF-ST-10001476,230,280,10,2,4751
8141,10-12-2023,Standard Class,Home Office,Office Supplies,Paper,OFF-PA-10004971,20,20,4,5,4463
8142,07-05-2023,Standard Class,Consumer,Office Supplies,Labels,OFF-LA-10003223,10,10,3,5,2149
8143,06-08-2022,Standard Class,Consumer,Office Supplies,Storage,OFF-ST-10004340,160,190,3,5,992
8144,18-03-2023,Standard Class,Consumer,Furniture,Tables,FUR-TA-10001095,480,560,4,5,878
8145,28-12-2023,Standard Class,Consumer,Technology,Phones,TEC-PH-10001448,150,160,4,2,4379
8146,20-03-2023,Standard Class,Consumer,Office Supplies,Appliances,OFF-AP-10001005,390,470,6,4,3146
8147,29-12-2023,Standard Class,Consumer,Office Supplies,Art,OFF-AR-10003469,0,0,2,2,1013
8148,08-06-2023,Standard Class,Consumer,Office Supplies,Paper,OFF-PA-10000249,40,50,4,2,1322
8149,10-09-2022,Standard Class,Home Office,Office Supplies,Labels,OFF-LA-10001613,20,20,7,4,2328
8150,28-10-2022,First Class,Corporate,Office Supplies,Binders,OFF-BI-10001758,10,10,2,5,1168
8151,22-11-2023,First Class,Corporate,Furniture,Bookcases,FUR-BO-10004409,130,140,2,2,1294
8152,09-04-2022,First Class,Consumer,Office Supplies,Storage,OFF-ST-10001558,30,30,2,3,3514
8153,24-07-2023,First Class,Consumer,Office Supplies,Paper,OFF-PA-10002986,20,20,3,2,2242
8154,25-10-2022,First Class,Consumer,Technology,Copiers,TEC-CO-10004722,13020,14000,4,4,1421
8155,23-06-2022,Standard Class,Consumer,Technology,Accessories,TEC-AC-10002842,220,240,2,2,3044
8156,13-07-2022,Standard Class,Consumer,Office Supplies,Paper,OFF-PA-10001125,60,60,2,3,1385
8157,16-12-2023,Standard Class,Consumer,Furniture,Tables,FUR-TA-10002622,220,240,2,4,2456
8158,23-08-2023,Standard Class,Consumer,Technology,Accessories,TEC-AC-10002842,500,600,5,3,3659
8159,21-10-2022,Standard Class,Corporate,Office Supplies,Paper,OFF-PA-10004285,20,20,3,3,3638
8160,20-04-2022,Standard Class,Home Office,Technology,Accessories,TEC-AC-10004469,160,200,5,2,10
8161,24-03-2023,Standard Class,Consumer,Furniture,Chairs,FUR-CH-10001545,220,230,2,4,2548
8162,08-11-2023,Second Class,Consumer,Office Supplies,Appliances,OFF-AP-10002578,240,290,6,3,2066
8163,12-04-2022,Second Class,Consumer,Technology,Phones,TEC-PH-10003012,290,310,2,5,1106
8164,04-08-2023,Standard Class,Consumer,Furniture,Furnishings,FUR-FU-10004909,90,100,6,4,725
8165,31-01-2022,Standard Class,Consumer,Office Supplies,Binders,OFF-BI-10001524,100,120,7,5,4351
8166,28-06-2023,Standard Class,Consumer,Office Supplies,Binders,OFF-BI-10003355,10,10,3,2,2307
8167,04-02-2023,Standard Class,Consumer,Furniture,Bookcases,FUR-BO-10004357,460,510,3,2,1864
8168,16-05-2023,Standard Class,Corporate,Furniture,Tables,FUR-TA-10002774,800,860,7,4,1060
8169,05-02-2023,Standard Class,Home Office,Furniture,Tables,FUR-TA-10004575,1670,2040,7,2,436
8170,07-05-2022,Standard Class,Home Office,Furniture,Chairs,FUR-CH-10003312,400,450,2,2,505
8171,28-03-2022,Standard Class,Home Office,Technology,Accessories,TEC-AC-10001465,90,110,3,2,3241
8172,10-07-2023,Standard Class,Consumer,Office Supplies,Art,OFF-AR-10002240,240,260,7,4,520
8173,13-11-2023,Standard Class,Home Office,Office Supplies,Labels,OFF-LA-10004559,0,0,1,4,547
8174,21-01-2023,Standard Class,Home Office,Office Supplies,Binders,OFF-BI-10003291,30,40,6,5,1413
8175,02-06-2022,Standard Class,Home Office,Office Supplies,Storage,OFF-ST-10001505,20,20,4,2,999
8176,26-03-2022,Standard Class,Corporate,Office Supplies,Paper,OFF-PA-10003892,130,160,4,5,188
8177,21-12-2022,First Class,Home Office,Office Supplies,Storage,OFF-ST-10002370,110,130,6,4,952
8178,20-07-2022,First Class,Consumer,Technology,Accessories,TEC-AC-10000474,400,470,5,4,4521
8179,31-10-2022,Standard Class,Consumer,Technology,Copiers,TEC-CO-10002095,870,1000,2,3,5027
8180,06-02-2023,Standard Class,Consumer,Furniture,Tables,FUR-TA-10003469,260,280,4,5,60
8181,14-01-2022,Standard Class,Consumer,Furniture,Tables,FUR-TA-10002958,1150,1250,8,4,1020
8182,06-08-2022,Standard Class,Consumer,Technology,Phones,TEC-PH-10002923,100,110,5,2,1992
8183,24-07-2023,Standard Class,Corporate,Furniture,Furnishings,FUR-FU-10004973,20,20,3,4,2879
8184,29-06-2022,Standard Class,Corporate,Furniture,Furnishings,FUR-FU-10001918,0,0,1,4,2024
8185,17-08-2023,Standard Class,Corporate,Office Supplies,Paper,OFF-PA-10003641,50,60,3,4,4887
8186,04-11-2022,Second Class,Consumer,Office Supplies,Envelopes,OFF-EN-10002621,10,10,1,4,4465
8187,10-02-2023,Second Class,Consumer,Furniture,Chairs,FUR-CH-10003817,150,170,4,4,2744
8188,02-12-2022,Standard Class,Corporate,Office Supplies,Paper,OFF-PA-10000659,50,60,9,5,1772
8189,10-01-2022,Second Class,Consumer,Office Supplies,Paper,OFF-PA-10001870,20,20,3,2,2959
8190,27-04-2022,Second Class,Consumer,Office Supplies,Binders,OFF-BI-10000320,10,10,1,4,2537
8191,09-02-2023,Standard Class,Consumer,Office Supplies,Paper,OFF-PA-10004735,40,40,6,3,30
8192,02-06-2022,Standard Class,Consumer,Furniture,Furnishings,FUR-FU-10004091,170,190,4,5,2219
8193,22-07-2022,First Class,Consumer,Office Supplies,Binders,OFF-BI-10000546,10,10,7,3,1716
8194,29-01-2023,First Class,Consumer,Office Supplies,Appliances,OFF-AP-10001293,80,100,3,5,3633
8195,02-12-2022,First Class,Consumer,Furniture,Furnishings,FUR-FU-10000576,280,340,2,4,4030
8196,03-09-2022,Second Class,Corporate,Office Supplies,Paper,OFF-PA-10004519,10,10,2,3,1812
8197,10-12-2023,Standard Class,Consumer,Technology,Accessories,TEC-AC-10004568,80,90,4,5,2179
8198,12-08-2023,Standard Class,Consumer,Office Supplies,Art,OFF-AR-10001897,60,70,5,4,3784
8199,02-09-2022,Standard Class,Consumer,Office Supplies,Paper,OFF-PA-10001800,20,20,3,2,2117
8200,11-03-2023,Standard Class,Consumer,Office Supplies,Binders,OFF-BI-10001628,10,10,5,5,3749
8201,21-06-2023,Standard Class,Consumer,Office Supplies,Storage,OFF-ST-10004123,70,70,1,4,4682
8202,07-10-2022,Same Day,Corporate,Office Supplies,Storage,OFF-ST-10000885,60,70,5,2,583
8203,09-03-2023,Same Day,Corporate,Technology,Phones,TEC-PH-10004165,500,550,2,5,2001
8204,03-02-2023,Same Day,Corporate,Furniture,Furnishings,FUR-FU-10002240,10,10,3,4,2430
8205,21-07-2023,Same Day,Corporate,Technology,Machines,TEC-MA-10000045,4270,4640,4,3,2359
8206,14-06-2022,Same Day,Corporate,Furniture,Chairs,FUR-CH-10003746,490,580,2,5,1991
8207,31-10-2023,Standard Class,Consumer,Furniture,Tables,FUR-TA-10000577,150,190,1,2,1510
8208,08-08-2023,Standard Class,Consumer,Office Supplies,Art,OFF-AR-10004757,0,0,1,5,2801
8209,05-08-2023,Standard Class,Consumer,Office Supplies,Binders,OFF-BI-10000545,1110,1370,6,2,208
8210,17-04-2022,Standard Class,Consumer,Office Supplies,Storage,OFF-ST-10001522,260,290,4,3,4101
8211,25-07-2023,Standard Class,Corporate,Office Supplies,Appliances,OFF-AP-10001271,60,80,2,3,4533
8212,29-09-2022,Standard Class,Consumer,Furniture,Furnishings,FUR-FU-10002030,40,40,5,5,817
8213,21-12-2022,Standard Class,Consumer,Office Supplies,Storage,OFF-ST-10001272,290,310,3,5,1772
8214,29-03-2023,Standard Class,Corporate,Office Supplies,Binders,OFF-BI-10001116,10,10,4,2,3608
8215,13-05-2023,Standard Class,Corporate,Office Supplies,Paper,OFF-PA-10004665,10,10,1,3,2901
8216,23-09-2023,Standard Class,Corporate,Office Supplies,Binders,OFF-BI-10004506,0,0,1,2,330
8217,05-09-2023,Standard Class,Corporate,Office Supplies,Binders,OFF-BI-10001982,0,0,2,2,4853
8218,03-09-2023,Standard Class,Consumer,Office Supplies,Fasteners,OFF-FA-10002676,0,0,3,2,1093
8219,26-01-2022,Standard Class,Consumer,Furniture,Furnishings,FUR-FU-10000758,30,30,3,2,985
8220,21-11-2022,Standard Class,Consumer,Office Supplies,Labels,OFF-LA-10002271,0,0,2,2,2311
8221,05-12-2023,Standard Class,Consumer,Office Supplies,Binders,OFF-BI-10002609,0,0,3,5,1803
8222,01-07-2023,Standard Class,Consumer,Office Supplies,Fasteners,OFF-FA-10000254,20,20,4,4,1519
8223,15-06-2022,Standard Class,Consumer,Office Supplies,Storage,OFF-ST-10000321,10,10,2,5,3212
8224,24-07-2023,Standard Class,Corporate,Office Supplies,Paper,OFF-PA-10000241,170,190,6,3,2319
8225,31-07-2023,Standard Class,Corporate,Office Supplies,Paper,OFF-PA-10004782,10,10,2,3,3158
8226,18-09-2023,Second Class,Consumer,Office Supplies,Paper,OFF-PA-10004243,150,190,10,4,1362
8227,26-05-2023,Second Class,Consumer,Office Supplies,Paper,OFF-PA-10001033,40,40,1,2,4307
8228,23-01-2023,Second Class,Home Office,Furniture,Furnishings,FUR-FU-10000723,70,80,2,4,4916
8229,09-10-2022,Second Class,Home Office,Office Supplies,Storage,OFF-ST-10003455,20,30,2,4,4959
8230,31-08-2022,Second Class,Home Office,Technology,Accessories,TEC-AC-10001109,80,90,3,2,3093
8231,16-03-2022,Second Class,Consumer,Office Supplies,Art,OFF-AR-10004344,40,40,3,3,2962
8232,05-08-2023,Second Class,Consumer,Furniture,Bookcases,FUR-BO-10004695,1160,1270,7,5,3435
8233,31-03-2022,Standard Class,Consumer,Office Supplies,Storage,OFF-ST-10000675,160,170,5,3,3688
8234,11-07-2022,Standard Class,Consumer,Office Supplies,Storage,OFF-ST-10002301,40,40,2,5,4966
8235,01-12-2022,Standard Class,Consumer,Office Supplies,Supplies,OFF-SU-10001212,0,0,2,2,3602
8236,02-07-2022,Standard Class,Consumer,Furniture,Tables,FUR-TA-10001889,870,930,4,5,225
8237,10-10-2022,Standard Class,Consumer,Furniture,Chairs,FUR-CH-10002024,2600,2800,5,2,4709
8238,20-04-2023,Same Day,Consumer,Office Supplies,Storage,OFF-ST-10000617,0,0,2,2,3485
8239,15-07-2022,Same Day,Consumer,Office Supplies,Paper,OFF-PA-10000380,10,10,1,5,2115
8240,17-11-2023,Same Day,Consumer,Office Supplies,Art,OFF-AR-10003251,0,0,2,3,2161
8241,30-04-2023,Same Day,Consumer,Furniture,Furnishings,FUR-FU-10000175,30,40,4,5,3481
8242,04-05-2023,Standard Class,Consumer,Office Supplies,Binders,OFF-BI-10004716,20,20,2,5,4399
8243,04-10-2023,Standard Class,Consumer,Technology,Accessories,TEC-AC-10002842,310,360,3,5,3047
8244,14-10-2022,Standard Class,Consumer,Technology,Phones,TEC-PH-10003691,760,810,8,2,1136
8245,28-06-2022,Standard Class,Consumer,Furniture,Furnishings,FUR-FU-10002878,80,90,3,3,3492
8246,30-04-2023,Standard Class,Corporate,Office Supplies,Storage,OFF-ST-10000991,300,340,3,3,4215
8247,14-07-2022,Same Day,Home Office,Office Supplies,Appliances,OFF-AP-10002439,70,70,5,4,1305
8248,07-05-2023,Same Day,Home Office,Office Supplies,Art,OFF-AR-10004602,40,40,2,2,918
8249,30-12-2023,Second Class,Home Office,Technology,Phones,TEC-PH-10001795,610,740,2,5,2722
8250,16-04-2022,Second Class,Consumer,Office Supplies,Binders,OFF-BI-10002854,10,10,2,4,219
8251,21-01-2022,Second Class,Consumer,Furniture,Furnishings,FUR-FU-10000023,0,0,2,2,2856
8252,17-02-2022,Second Class,Consumer,Office Supplies,Appliances,OFF-AP-10000828,150,180,5,2,883
8253,09-07-2023,Second Class,Consumer,Office Supplies,Storage,OFF-ST-10000777,50,60,2,2,821
8254,25-10-2022,Standard Class,Consumer,Technology,Copiers,TEC-CO-10000971,280,300,1,5,3771
8255,16-06-2022,Standard Class,Consumer,Office Supplies,Paper,OFF-PA-10003134,180,190,4,5,2445
8256,27-02-2023,Standard Class,Consumer,Technology,Phones,TEC-PH-10002538,190,240,8,4,837
8257,31-08-2022,Standard Class,Consumer,Office Supplies,Storage,OFF-ST-10001228,50,50,3,4,2324
8258,22-08-2022,Standard Class,Consumer,Technology,Accessories,TEC-AC-10000397,160,170,5,5,3177
8259,02-05-2022,Standard Class,Consumer,Office Supplies,Binders,OFF-BI-10004308,90,100,6,3,3630
8260,18-10-2022,Same Day,Home Office,Office Supplies,Paper,OFF-PA-10000357,300,370,9,3,4379
8261,09-02-2022,Same Day,Home Office,Office Supplies,Binders,OFF-BI-10000773,10,10,1,3,3333
8262,25-09-2022,Same Day,Home Office,Office Supplies,Storage,OFF-ST-10001837,160,170,4,2,4128
8263,10-12-2023,Standard Class,Home Office,Office Supplies,Paper,OFF-PA-10002552,20,20,3,3,885
8264,17-02-2023,Standard Class,Consumer,Office Supplies,Binders,OFF-BI-10000014,10,10,4,4,2710
8265,09-04-2023,Standard Class,Consumer,Office Supplies,Appliances,OFF-AP-10004136,110,120,3,2,2955
8266,12-10-2023,Standard Class,Consumer,Office Supplies,Binders,OFF-BI-10003429,40,40,7,5,943
8267,10-10-2023,Standard Class,Consumer,Technology,Phones,TEC-PH-10000376,20,20,2,4,4227
8268,05-05-2023,Standard Class,Consumer,Furniture,Tables,FUR-TA-10003469,70,70,1,3,528
8269,05-05-2023,Standard Class,Consumer,Office Supplies,Supplies,OFF-SU-10004231,30,30,4,3,4953
8270,22-08-2022,Standard Class,Consumer,Technology,Phones,TEC-PH-10002584,1880,2000,4,4,1507
8271,19-06-2022,Standard Class,Consumer,Office Supplies,Art,OFF-AR-10003602,10,10,2,5,3116
8272,27-07-2023,Standard Class,Consumer,Furniture,Chairs,FUR-CH-10002331,2410,2560,8,3,2540
8273,28-05-2023,Standard Class,Corporate,Furniture,Chairs,FUR-CH-10001802,330,390,4,2,2136
8274,06-10-2023,Second Class,Home Office,Office Supplies,Art,OFF-AR-10000634,0,0,1,3,49
8275,09-04-2023,Standard Class,Corporate,Office Supplies,Storage,OFF-ST-10002615,890,1090,7,3,475
8276,23-07-2022,Standard Class,Home Office,Office Supplies,Paper,OFF-PA-10004040,30,40,9,3,174
8277,07-10-2022,Standard Class,Home Office,Office Supplies,Binders,OFF-BI-10003727,0,0,3,4,3061
8278,07-09-2023,Standard Class,Home Office,Office Supplies,Binders,OFF-BI-10002026,30,30,2,5,2582
8279,27-07-2022,Standard Class,Home Office,Office Supplies,Storage,OFF-ST-10001496,360,430,3,3,2386
8280,03-04-2022,Standard Class,Consumer,Office Supplies,Storage,OFF-ST-10003716,560,680,3,2,4777
8281,10-02-2022,First Class,Corporate,Office Supplies,Envelopes,OFF-EN-10002504,60,70,3,2,727
8282,01-05-2023,First Class,Corporate,Furniture,Chairs,FUR-CH-10001270,170,210,3,3,2491
8283,03-10-2022,Second Class,Home Office,Technology,Machines,TEC-MA-10004241,530,600,2,2,4972
8284,22-11-2022,Second Class,Home Office,Office Supplies,Art,OFF-AR-10001468,50,60,2,3,4443
8285,30-07-2023,Second Class,Home Office,Technology,Accessories,TEC-AC-10003198,580,640,8,4,4870
8286,05-07-2023,Second Class,Home Office,Furniture,Furnishings,FUR-FU-10003039,50,50,3,5,3259
8287,04-01-2022,Standard Class,Home Office,Office Supplies,Paper,OFF-PA-10000295,30,30,6,3,4556
8288,27-03-2022,Standard Class,Home Office,Office Supplies,Art,OFF-AR-10004344,40,50,5,2,1460
8289,02-03-2023,Standard Class,Home Office,Technology,Accessories,TEC-AC-10002473,140,160,7,5,2500
8290,25-07-2022,Standard Class,Home Office,Office Supplies,Appliances,OFF-AP-10002403,180,210,6,5,1011
8291,03-10-2022,Standard Class,Home Office,Office Supplies,Supplies,OFF-SU-10000432,10,10,2,4,3699
8292,27-01-2023,Standard Class,Home Office,Office Supplies,Labels,OFF-LA-10000443,0,0,1,2,4887
8293,14-12-2023,Standard Class,Consumer,Office Supplies,Binders,OFF-BI-10003166,10,10,3,3,4207
8294,17-03-2022,Standard Class,Corporate,Office Supplies,Binders,OFF-BI-10002393,20,20,4,3,1656
8295,04-02-2023,Standard Class,Consumer,Technology,Phones,TEC-PH-10001809,240,300,2,3,1962
8296,02-04-2022,Standard Class,Corporate,Office Supplies,Envelopes,OFF-EN-10002600,20,30,9,4,2038
8297,27-10-2022,Standard Class,Corporate,Technology,Accessories,TEC-AC-10000109,100,110,2,3,3011
8298,04-09-2022,Standard Class,Corporate,Furniture,Furnishings,FUR-FU-10003829,0,0,2,3,3250
8299,18-11-2023,Standard Class,Corporate,Office Supplies,Labels,OFF-LA-10003223,10,10,3,4,3280
8300,25-05-2022,Standard Class,Consumer,Office Supplies,Art,OFF-AR-10001770,10,10,3,3,1492
8301,29-04-2022,Standard Class,Consumer,Office Supplies,Envelopes,OFF-EN-10003296,150,180,2,2,1721
8302,25-02-2023,Standard Class,Corporate,Technology,Accessories,TEC-AC-10003870,1450,1650,5,2,4250
8303,20-11-2023,Standard Class,Corporate,Furniture,Chairs,FUR-CH-10000665,320,360,3,4,1199
8304,17-04-2023,Second Class,Home Office,Technology,Phones,TEC-PH-10003092,70,70,2,2,2840
8305,09-10-2022,Standard Class,Consumer,Furniture,Tables,FUR-TA-10001086,460,490,4,3,787
8306,10-04-2022,Standard Class,Home Office,Office Supplies,Paper,OFF-PA-10001870,20,30,5,4,2645
8307,04-10-2022,Standard Class,Home Office,Office Supplies,Binders,OFF-BI-10003305,40,40,7,2,2966
8308,28-10-2022,Standard Class,Home Office,Office Supplies,Binders,OFF-BI-10003007,80,80,2,3,4233
8309,30-05-2022,Same Day,Home Office,Office Supplies,Art,OFF-AR-10001419,30,40,9,2,137
8310,21-06-2023,Standard Class,Consumer,Office Supplies,Storage,OFF-ST-10003692,120,140,3,5,4266
8311,12-07-2022,Standard Class,Consumer,Furniture,Tables,FUR-TA-10001866,330,380,3,4,3030
8312,09-12-2022,Standard Class,Consumer,Furniture,Furnishings,FUR-FU-10002157,50,60,4,4,2518
8313,01-08-2022,Standard Class,Consumer,Technology,Phones,TEC-PH-10001459,2560,2940,7,3,610
8314,26-05-2022,Standard Class,Home Office,Furniture,Chairs,FUR-CH-10002126,460,510,3,3,2274
8315,19-02-2022,Standard Class,Home Office,Office Supplies,Fasteners,OFF-FA-10001561,0,0,2,5,2957
8316,05-05-2022,Standard Class,Home Office,Office Supplies,Art,OFF-AR-10003158,20,20,7,4,1846
8317,22-01-2023,Standard Class,Home Office,Office Supplies,Paper,OFF-PA-10001804,20,20,3,4,923
8318,28-04-2023,Standard Class,Consumer,Office Supplies,Art,OFF-AR-10000422,0,0,1,2,4963
8319,10-10-2023,Standard Class,Consumer,Office Supplies,Art,OFF-AR-10000127,20,20,8,3,1667
8320,27-04-2022,Standard Class,Consumer,Office Supplies,Storage,OFF-ST-10004634,10,10,1,5,3843
8321,15-03-2022,First Class,Consumer,Office Supplies,Art,OFF-AR-10003582,40,50,2,2,203
8322,07-02-2022,Standard Class,Consumer,Office Supplies,Binders,OFF-BI-10002026,20,20,2,2,3248
8323,10-11-2022,Standard Class,Consumer,Office Supplies,Appliances,OFF-AP-10000595,10,10,2,5,4532
8324,29-10-2022,Standard Class,Consumer,Office Supplies,Paper,OFF-PA-10001509,30,40,5,2,4115
8325,21-02-2023,First Class,Home Office,Office Supplies,Storage,OFF-ST-10001321,50,60,5,2,5023
8326,08-05-2023,First Class,Home Office,Technology,Phones,TEC-PH-10001750,130,160,3,3,478
8327,30-04-2023,Second Class,Corporate,Office Supplies,Binders,OFF-BI-10001890,0,0,4,3,1535
8328,17-09-2022,Second Class,Corporate,Office Supplies,Binders,OFF-BI-10004224,80,90,7,5,409
8329,27-11-2022,Standard Class,Consumer,Office Supplies,Paper,OFF-PA-10001357,120,140,3,5,96
8330,23-09-2023,Standard Class,Consumer,Office Supplies,Paper,OFF-PA-10004888,10,10,1,3,3639
8331,12-11-2023,Standard Class,Consumer,Technology,Accessories,TEC-AC-10002370,10,10,4,2,1109
8332,07-09-2022,First Class,Consumer,Office Supplies,Storage,OFF-ST-10004634,10,10,1,2,3637
8333,27-08-2022,First Class,Consumer,Furniture,Chairs,FUR-CH-10002647,330,350,5,5,2063
8334,29-10-2022,First Class,Consumer,Office Supplies,Paper,OFF-PA-10001801,20,20,3,2,2585
8335,19-03-2023,First Class,Consumer,Office Supplies,Binders,OFF-BI-10004632,40,50,4,3,4888
8336,15-05-2023,Second Class,Home Office,Office Supplies,Binders,OFF-BI-10002082,240,300,9,3,4710
8337,18-12-2023,Standard Class,Consumer,Office Supplies,Art,OFF-AR-10003986,10,10,2,3,3578
8338,03-07-2023,Standard Class,Corporate,Office Supplies,Paper,OFF-PA-10001243,20,20,4,5,4582
8339,05-07-2022,Standard Class,Corporate,Technology,Accessories,TEC-AC-10003198,460,500,5,5,851
8340,30-10-2022,Standard Class,Corporate,Furniture,Chairs,FUR-CH-10003774,400,440,6,5,1208
8341,14-04-2023,Standard Class,Consumer,Office Supplies,Paper,OFF-PA-10002262,30,30,5,4,3152
8342,25-01-2022,First Class,Consumer,Office Supplies,Appliances,OFF-AP-10004532,50,60,3,2,2265
8343,02-10-2022,Standard Class,Consumer,Office Supplies,Storage,OFF-ST-10001325,60,70,7,5,1342
8344,04-04-2022,Standard Class,Consumer,Office Supplies,Labels,OFF-LA-10004544,60,60,5,2,309
8345,04-06-2023,Standard Class,Consumer,Furniture,Furnishings,FUR-FU-10001473,30,30,3,2,1526
8346,31-12-2023,Standard Class,Consumer,Furniture,Chairs,FUR-CH-10000422,190,220,3,4,462
8347,30-01-2023,Standard Class,Corporate,Furniture,Furnishings,FUR-FU-10002960,30,30,5,5,4527
8348,28-09-2022,Standard Class,Corporate,Furniture,Furnishings,FUR-FU-10002445,10,10,1,3,4853
8349,28-01-2023,Standard Class,Corporate,Technology,Phones,TEC-PH-10001300,170,210,10,4,2392
8350,04-06-2023,Standard Class,Corporate,Furniture,Furnishings,FUR-FU-10001025,20,20,5,3,1240
8351,26-06-2023,Standard Class,Corporate,Office Supplies,Paper,OFF-PA-10002689,10,10,1,5,1501
8352,19-07-2022,Standard Class,Corporate,Furniture,Furnishings,FUR-FU-10004245,30,30,2,3,4148
8353,27-06-2022,Standard Class,Corporate,Office Supplies,Binders,OFF-BI-10003684,30,30,4,5,944
8354,28-08-2023,Standard Class,Corporate,Furniture,Tables,FUR-TA-10003748,330,370,5,2,4146
8355,12-07-2022,Standard Class,Corporate,Office Supplies,Binders,OFF-BI-10002133,50,60,5,3,3107
8356,12-02-2023,Standard Class,Corporate,Office Supplies,Fasteners,OFF-FA-10002280,10,10,2,3,686
8357,10-07-2023,Standard Class,Consumer,Furniture,Furnishings,FUR-FU-10000308,170,190,3,4,64
8358,19-06-2023,Standard Class,Consumer,Office Supplies,Storage,OFF-ST-10000876,80,90,7,3,4639
8359,14-09-2022,Standard Class,Consumer,Technology,Phones,TEC-PH-10000586,90,110,2,5,2325
8360,25-08-2023,Standard Class,Consumer,Technology,Accessories,TEC-AC-10003399,180,220,6,5,934
8361,24-12-2022,Second Class,Consumer,Office Supplies,Art,OFF-AR-10001955,30,30,2,2,3665
8362,11-04-2023,Second Class,Consumer,Office Supplies,Appliances,OFF-AP-10000027,10,10,2,3,4833
8363,22-04-2022,Second Class,Consumer,Furniture,Tables,FUR-TA-10002958,730,910,5,4,4140
8364,26-04-2023,Second Class,Consumer,Office Supplies,Storage,OFF-ST-10002615,320,370,3,5,3123
8365,11-03-2023,Standard Class,Consumer,Technology,Phones,TEC-PH-10002624,680,750,2,5,2992
8366,12-04-2022,First Class,Home Office,Technology,Phones,TEC-PH-10002275,530,600,4,5,1506
8367,01-12-2023,Second Class,Corporate,Office Supplies,Supplies,OFF-SU-10004290,30,30,4,5,513
8368,14-03-2022,Second Class,Corporate,Office Supplies,Paper,OFF-PA-10000174,20,20,2,5,3880
8369,06-02-2023,Second Class,Corporate,Office Supplies,Binders,OFF-BI-10004308,80,80,5,3,1086
8370,29-01-2022,Standard Class,Consumer,Furniture,Tables,FUR-TA-10003473,810,900,3,2,2710
8371,29-03-2023,Standard Class,Home Office,Furniture,Bookcases,FUR-BO-10003894,110,120,2,3,1227
8372,28-12-2023,First Class,Consumer,Office Supplies,Binders,OFF-BI-10001658,0,0,1,5,1984
8373,26-04-2023,Standard Class,Home Office,Furniture,Furnishings,FUR-FU-10003535,70,80,3,2,4227
8374,26-08-2022,First Class,Consumer,Office Supplies,Storage,OFF-ST-10000352,30,30,1,2,4462
8375,22-12-2023,Standard Class,Home Office,Office Supplies,Appliances,OFF-AP-10004859,90,90,6,2,824
8376,28-04-2023,Standard Class,Home Office,Office Supplies,Binders,OFF-BI-10001294,50,60,6,3,1020
8377,22-03-2022,Standard Class,Corporate,Office Supplies,Appliances,OFF-AP-10001242,50,60,1,2,4025
8378,31-12-2023,Standard Class,Corporate,Office Supplies,Storage,OFF-ST-10002344,50,60,1,4,1942
8379,20-10-2023,Standard Class,Corporate,Office Supplies,Paper,OFF-PA-10003349,20,20,3,4,4196
8380,18-03-2022,Standard Class,Corporate,Office Supplies,Envelopes,OFF-EN-10003055,180,220,7,4,2443
8381,13-12-2023,Second Class,Consumer,Office Supplies,Paper,OFF-PA-10001622,10,10,3,2,85
8382,02-08-2023,Second Class,Consumer,Technology,Phones,TEC-PH-10003800,80,80,2,4,1372
8383,14-12-2023,Standard Class,Corporate,Furniture,Chairs,FUR-CH-10001270,230,240,4,2,254
8384,12-08-2022,First Class,Home Office,Technology,Accessories,TEC-AC-10003447,50,60,3,4,348
8385,27-04-2023,First Class,Home Office,Office Supplies,Paper,OFF-PA-10004285,10,10,2,2,3842
8386,02-07-2022,Standard Class,Corporate,Office Supplies,Binders,OFF-BI-10001757,10,10,3,4,3209
8387,19-03-2023,Standard Class,Consumer,Office Supplies,Storage,OFF-ST-10001558,20,20,1,2,3034
8388,01-01-2022,Standard Class,Consumer,Office Supplies,Storage,OFF-ST-10001328,60,80,5,4,2268
8389,15-10-2022,Standard Class,Corporate,Office Supplies,Appliances,OFF-AP-10004708,60,80,2,5,4906
8390,11-11-2023,First Class,Home Office,Office Supplies,Fasteners,OFF-FA-10000621,20,20,6,4,3643
8391,20-08-2023,First Class,Corporate,Office Supplies,Paper,OFF-PA-10001838,10,10,2,3,939
8392,20-07-2023,Standard Class,Home Office,Furniture,Furnishings,FUR-FU-10001473,20,30,2,5,828
8393,19-05-2022,Second Class,Consumer,Technology,Phones,TEC-PH-10000193,130,140,3,3,1294
8394,25-09-2022,Second Class,Consumer,Furniture,Furnishings,FUR-FU-10002045,90,110,5,3,681
8395,07-11-2022,Second Class,Consumer,Office Supplies,Appliances,OFF-AP-10002945,840,900,3,5,1809
8396,03-12-2023,Second Class,Consumer,Furniture,Tables,FUR-TA-10001095,310,370,3,3,3810
8397,17-05-2022,Same Day,Consumer,Office Supplies,Paper,OFF-PA-10001144,290,310,7,4,1719
8398,06-06-2022,First Class,Home Office,Office Supplies,Binders,OFF-BI-10004099,10,10,5,4,3277
8399,28-06-2022,Second Class,Home Office,Furniture,Chairs,FUR-CH-10001973,130,160,2,4,3189
8400,23-10-2022,Standard Class,Consumer,Office Supplies,Storage,OFF-ST-10000344,10,10,1,4,1258
8401,15-06-2023,Second Class,Consumer,Office Supplies,Binders,OFF-BI-10002026,190,230,5,3,2237
8402,10-05-2022,Second Class,Consumer,Furniture,Chairs,FUR-CH-10003535,150,160,3,4,4982
8403,08-09-2023,Second Class,Consumer,Office Supplies,Paper,OFF-PA-10004156,20,20,2,2,3332
8404,20-10-2022,Standard Class,Corporate,Office Supplies,Paper,OFF-PA-10002254,90,110,4,2,442
8405,05-11-2022,Standard Class,Corporate,Furniture,Furnishings,FUR-FU-10003247,70,80,4,3,2261
8406,10-02-2023,Standard Class,Corporate,Technology,Accessories,TEC-AC-10002473,120,140,5,3,4303
8407,06-01-2022,Standard Class,Corporate,Furniture,Furnishings,FUR-FU-10001057,40,40,2,2,4761
8408,24-08-2023,Standard Class,Corporate,Office Supplies,Art,OFF-AR-10001419,30,30,7,4,1834
8409,16-04-2022,Standard Class,Corporate,Office Supplies,Art,OFF-AR-10004010,150,170,5,5,2245
8410,07-01-2022,Standard Class,Home Office,Office Supplies,Binders,OFF-BI-10004230,100,110,4,2,677
8411,11-04-2022,Same Day,Corporate,Furniture,Tables,FUR-TA-10001768,540,630,4,5,4805
8412,17-01-2023,Second Class,Consumer,Office Supplies,Art,OFF-AR-10003514,30,30,7,3,3518
8413,30-12-2023,Standard Class,Consumer,Furniture,Tables,FUR-TA-10002228,840,930,4,2,586
8414,24-09-2023,Standard Class,Corporate,Office Supplies,Paper,OFF-PA-10001972,40,50,10,5,2838
8415,02-07-2023,Standard Class,Corporate,Technology,Accessories,TEC-AC-10002942,150,170,3,4,2867
8416,17-08-2022,Standard Class,Home Office,Office Supplies,Paper,OFF-PA-10000474,100,110,3,2,3565
8417,14-12-2023,First Class,Home Office,Office Supplies,Binders,OFF-BI-10004330,140,150,5,3,457
8418,21-08-2022,First Class,Home Office,Office Supplies,Storage,OFF-ST-10000604,100,100,3,3,313
8419,11-09-2022,First Class,Home Office,Furniture,Tables,FUR-TA-10004154,270,290,1,3,4656
8420,20-06-2022,First Class,Home Office,Office Supplies,Storage,OFF-ST-10000636,60,70,4,3,2035
8421,07-06-2023,First Class,Home Office,Technology,Accessories,TEC-AC-10004171,190,200,2,3,2826
8422,23-07-2023,Standard Class,Consumer,Technology,Accessories,TEC-AC-10002167,40,50,3,4,3086
8423,12-08-2023,Standard Class,Consumer,Office Supplies,Fasteners,OFF-FA-10000621,20,20,5,4,5029
8424,29-04-2022,Standard Class,Consumer,Furniture,Furnishings,FUR-FU-10004053,30,40,2,3,3125
8425,10-11-2023,Standard Class,Consumer,Furniture,Bookcases,FUR-BO-10003404,2040,2150,5,3,3027
8426,22-10-2022,First Class,Corporate,Office Supplies,Binders,OFF-BI-10004099,20,20,8,5,4049
8427,18-03-2023,Standard Class,Consumer,Office Supplies,Supplies,OFF-SU-10004290,10,10,2,3,3883
8428,03-04-2022,First Class,Consumer,Office Supplies,Supplies,OFF-SU-10001935,0,0,2,5,187
8429,20-12-2023,Standard Class,Corporate,Technology,Accessories,TEC-AC-10004227,50,60,6,2,4514
8430,18-12-2022,Second Class,Consumer,Furniture,Furnishings,FUR-FU-10004904,280,300,5,3,4969
8431,05-09-2023,Standard Class,Consumer,Office Supplies,Storage,OFF-ST-10001511,120,130,2,5,49
8432,11-12-2023,Standard Class,Corporate,Furniture,Furnishings,FUR-FU-10003535,250,270,10,2,747
8433,17-04-2022,Second Class,Corporate,Office Supplies,Fasteners,OFF-FA-10000053,10,10,4,3,4989
8434,04-12-2023,Second Class,Corporate,Office Supplies,Paper,OFF-PA-10004610,10,10,2,3,1020
8435,31-10-2022,Second Class,Corporate,Furniture,Furnishings,FUR-FU-10000550,10,10,5,2,2824
8436,11-08-2022,Second Class,Corporate,Office Supplies,Binders,OFF-BI-10001721,10,10,2,2,2413
8437,02-08-2022,Standard Class,Consumer,Office Supplies,Binders,OFF-BI-10004040,40,50,11,5,1777
8438,17-06-2023,Standard Class,Consumer,Technology,Accessories,TEC-AC-10002550,20,30,2,2,192
8439,28-08-2022,Standard Class,Consumer,Office Supplies,Binders,OFF-BI-10003876,120,140,4,4,977
8440,07-03-2022,Second Class,Corporate,Technology,Phones,TEC-PH-10000213,40,50,2,2,255
8441,07-04-2023,Second Class,Home Office,Office Supplies,Paper,OFF-PA-10002615,10,10,3,2,3585
8442,22-03-2023,Standard Class,Consumer,Office Supplies,Paper,OFF-PA-10002254,80,80,4,2,4981
8443,30-08-2023,Standard Class,Home Office,Technology,Phones,TEC-PH-10004586,370,430,2,4,3133
8444,08-11-2022,Standard Class,Home Office,Office Supplies,Binders,OFF-BI-10002982,0,0,1,2,4190
8445,01-02-2022,Standard Class,Home Office,Technology,Phones,TEC-PH-10002538,60,70,3,2,1656
8446,26-04-2022,First Class,Corporate,Furniture,Tables,FUR-TA-10001039,230,240,4,3,806
8447,15-04-2023,First Class,Corporate,Furniture,Furnishings,FUR-FU-10004963,40,40,4,2,1831
8448,12-09-2022,First Class,Corporate,Furniture,Furnishings,FUR-FU-10000277,190,210,2,5,317
8449,07-11-2022,First Class,Corporate,Furniture,Tables,FUR-TA-10004915,540,640,3,2,824
8450,08-11-2023,First Class,Corporate,Office Supplies,Paper,OFF-PA-10003724,30,40,8,4,3736
8451,09-08-2022,First Class,Corporate,Office Supplies,Appliances,OFF-AP-10002906,0,0,1,5,4041
8452,10-04-2022,First Class,Consumer,Technology,Phones,TEC-PH-10001459,1510,1680,5,4,2348
8453,26-07-2023,Standard Class,Corporate,Furniture,Chairs,FUR-CH-10002880,310,340,4,2,37
8454,07-03-2023,Standard Class,Corporate,Office Supplies,Storage,OFF-ST-10001780,1290,1550,3,4,1732
8455,14-09-2023,Standard Class,Corporate,Furniture,Furnishings,FUR-FU-10004748,120,130,5,3,3807
8456,12-12-2023,Standard Class,Corporate,Technology,Phones,TEC-PH-10001918,180,220,2,5,2102
8457,27-05-2022,Second Class,Corporate,Furniture,Chairs,FUR-CH-10001146,90,110,3,4,1217
8458,25-11-2022,Second Class,Corporate,Office Supplies,Binders,OFF-BI-10004364,0,0,3,3,1736
8459,20-10-2023,Standard Class,Consumer,Office Supplies,Binders,OFF-BI-10002133,20,30,3,5,2667
8460,30-09-2022,Standard Class,Consumer,Office Supplies,Binders,OFF-BI-10002225,10,10,3,5,2636
8461,19-01-2022,Standard Class,Consumer,Office Supplies,Binders,OFF-BI-10002432,30,30,5,2,700
8462,27-11-2023,Standard Class,Consumer,Office Supplies,Storage,OFF-ST-10000563,80,100,3,2,5059
8463,18-06-2022,Second Class,Consumer,Office Supplies,Labels,OFF-LA-10001982,10,10,2,4,3039
8464,02-05-2023,Standard Class,Home Office,Technology,Phones,TEC-PH-10003273,280,300,3,3,970
8465,06-02-2023,Standard Class,Consumer,Technology,Accessories,TEC-AC-10002718,40,50,4,5,986
8466,10-06-2023,Standard Class,Consumer,Office Supplies,Storage,OFF-ST-10001505,20,20,3,5,3085
8467,26-12-2022,Standard Class,Consumer,Office Supplies,Appliances,OFF-AP-10000179,330,370,3,4,659
8468,09-12-2023,Standard Class,Corporate,Office Supplies,Binders,OFF-BI-10002309,10,10,2,5,1083
8469,23-06-2022,Standard Class,Corporate,Furniture,Tables,FUR-TA-10001950,2220,2680,6,5,4341
8470,25-06-2022,Standard Class,Home Office,Furniture,Bookcases,FUR-BO-10001972,340,390,4,2,2988
8471,28-03-2022,Standard Class,Home Office,Technology,Accessories,TEC-AC-10002473,40,50,2,5,309
8472,06-11-2023,Standard Class,Home Office,Furniture,Furnishings,FUR-FU-10000193,70,80,3,5,3560
8473,13-10-2023,Standard Class,Home Office,Office Supplies,Labels,OFF-LA-10000081,0,0,1,3,2400
8474,24-12-2022,Second Class,Consumer,Office Supplies,Storage,OFF-ST-10000876,10,10,1,5,3878
8475,01-09-2022,Standard Class,Corporate,Office Supplies,Binders,OFF-BI-10004492,30,40,4,2,3092
8476,12-03-2023,Standard Class,Corporate,Office Supplies,Paper,OFF-PA-10001033,60,70,2,4,2718
8477,18-12-2022,Standard Class,Home Office,Office Supplies,Paper,OFF-PA-10004039,30,40,1,3,692
8478,20-08-2022,Same Day,Corporate,Technology,Machines,TEC-MA-10004552,830,1040,4,5,1441
8479,24-10-2022,Standard Class,Home Office,Office Supplies,Art,OFF-AR-10002578,10,10,2,3,3507
8480,19-01-2023,Standard Class,Consumer,Office Supplies,Paper,OFF-PA-10004022,20,20,2,4,796
8481,17-09-2023,Standard Class,Consumer,Technology,Phones,TEC-PH-10004100,40,40,2,5,3878
8482,06-02-2022,Standard Class,Home Office,Office Supplies,Art,OFF-AR-10001860,20,20,3,3,3820
8483,10-09-2022,Standard Class,Corporate,Office Supplies,Labels,OFF-LA-10001297,20,20,2,4,4727
8484,26-09-2022,Standard Class,Consumer,Office Supplies,Binders,OFF-BI-10004828,70,80,5,5,4889
8485,14-12-2022,Same Day,Consumer,Furniture,Furnishings,FUR-FU-10002759,160,200,10,2,15
8486,25-10-2023,Standard Class,Home Office,Office Supplies,Paper,OFF-PA-10000740,40,50,2,4,2887
8487,29-06-2022,Standard Class,Home Office,Office Supplies,Paper,OFF-PA-10001144,90,110,2,4,2991
8488,31-07-2023,Standard Class,Home Office,Office Supplies,Paper,OFF-PA-10000859,10,10,3,3,1704
8489,22-02-2023,Second Class,Consumer,Technology,Machines,TEC-MA-10001127,8050,8750,5,2,157
8490,03-05-2022,Second Class,Consumer,Office Supplies,Binders,OFF-BI-10002557,30,40,8,5,360
8491,01-09-2022,Second Class,Consumer,Furniture,Furnishings,FUR-FU-10001731,20,20,7,5,1037
8492,07-07-2022,Standard Class,Consumer,Office Supplies,Fasteners,OFF-FA-10001135,10,10,3,2,3747
8493,13-12-2023,Standard Class,Consumer,Office Supplies,Paper,OFF-PA-10000069,50,60,8,5,3748
8494,19-02-2022,Standard Class,Consumer,Technology,Copiers,TEC-CO-10001943,450,480,3,5,354
8495,23-05-2023,Standard Class,Consumer,Office Supplies,Binders,OFF-BI-10000977,10,10,1,2,348
8496,16-12-2022,Standard Class,Corporate,Technology,Accessories,TEC-AC-10002942,160,170,3,2,168
8497,27-03-2022,Second Class,Consumer,Office Supplies,Art,OFF-AR-10000588,50,60,3,4,526
8498,03-02-2023,Second Class,Consumer,Technology,Accessories,TEC-AC-10002001,400,480,3,2,3164
8499,06-12-2022,Second Class,Consumer,Office Supplies,Supplies,OFF-SU-10000381,20,20,2,2,3452
8500,19-02-2022,Second Class,Consumer,Office Supplies,Binders,OFF-BI-10001617,50,50,6,3,597
8501,12-09-2023,Second Class,Consumer,Office Supplies,Paper,OFF-PA-10001878,90,100,2,2,4400
8502,05-07-2023,Second Class,Corporate,Technology,Phones,TEC-PH-10000376,20,20,2,2,4626
8503,26-11-2022,Second Class,Corporate,Furniture,Chairs,FUR-CH-10003396,170,180,3,4,4334
8504,15-07-2022,Standard Class,Home Office,Office Supplies,Paper,OFF-PA-10003363,10,10,2,2,1328
8505,14-05-2022,Standard Class,Consumer,Furniture,Chairs,FUR-CH-10003298,350,370,4,2,2550
8506,27-05-2022,Standard Class,Home Office,Office Supplies,Binders,OFF-BI-10001757,10,10,9,5,2353
8507,01-03-2023,Standard Class,Home Office,Technology,Accessories,TEC-AC-10004633,30,30,5,5,1696
8508,10-12-2022,Standard Class,Home Office,Office Supplies,Envelopes,OFF-EN-10001453,130,150,3,2,3280
8509,24-12-2023,First Class,Consumer,Technology,Accessories,TEC-AC-10004761,150,180,11,2,2087
8510,17-08-2022,First Class,Consumer,Technology,Phones,TEC-PH-10003691,120,130,1,4,3587
8511,31-08-2022,First Class,Consumer,Office Supplies,Binders,OFF-BI-10004965,20,20,2,3,183
8512,30-04-2023,Standard Class,Consumer,Office Supplies,Binders,OFF-BI-10004233,30,30,2,5,1299
8513,26-05-2022,Standard Class,Corporate,Furniture,Furnishings,FUR-FU-10003601,60,70,2,3,4475
8514,27-10-2022,Standard Class,Corporate,Office Supplies,Paper,OFF-PA-10002787,20,20,4,3,4666
8515,01-09-2022,Standard Class,Corporate,Office Supplies,Art,OFF-AR-10003602,20,20,3,5,1083
8516,08-04-2022,Standard Class,Corporate,Office Supplies,Art,OFF-AR-10002053,40,40,12,5,4524
8517,10-01-2023,Standard Class,Consumer,Office Supplies,Art,OFF-AR-10002833,0,0,2,4,312
8518,01-12-2023,Second Class,Consumer,Furniture,Furnishings,FUR-FU-10002501,30,30,6,4,850
8519,28-11-2022,Standard Class,Consumer,Furniture,Furnishings,FUR-FU-10002506,10,10,1,3,3627
8520,31-03-2023,Standard Class,Consumer,Furniture,Chairs,FUR-CH-10003817,170,180,3,3,4236
8521,15-06-2023,Standard Class,Consumer,Furniture,Chairs,FUR-CH-10004860,270,300,3,5,3304
8522,24-02-2023,Standard Class,Home Office,Furniture,Furnishings,FUR-FU-10002268,40,50,14,2,5027
8523,29-03-2022,Standard Class,Corporate,Technology,Phones,TEC-PH-10000148,10,10,1,2,3725
8524,23-01-2022,Standard Class,Consumer,Office Supplies,Paper,OFF-PA-10004082,50,60,7,3,2938
8525,04-07-2022,Same Day,Consumer,Technology,Phones,TEC-PH-10004348,30,40,2,2,4991
8526,26-08-2022,Same Day,Consumer,Furniture,Furnishings,FUR-FU-10003424,40,50,6,2,3157
8527,14-10-2022,Same Day,Consumer,Office Supplies,Binders,OFF-BI-10004654,10,10,3,5,4754
8528,30-09-2023,Same Day,Consumer,Technology,Accessories,TEC-AC-10004571,130,160,2,4,4015
8529,02-11-2023,Same Day,Consumer,Office Supplies,Storage,OFF-ST-10000675,40,50,2,4,3128
8530,24-10-2022,Standard Class,Home Office,Furniture,Chairs,FUR-CH-10001714,230,240,2,5,2363
8531,08-01-2022,Standard Class,Consumer,Office Supplies,Paper,OFF-PA-10000380,30,30,4,5,3276
8532,05-02-2023,Standard Class,Consumer,Office Supplies,Paper,OFF-PA-10002713,10,10,2,3,3818
8533,31-01-2023,Standard Class,Consumer,Office Supplies,Storage,OFF-ST-10001370,440,500,7,2,2457
8534,24-06-2023,Standard Class,Consumer,Furniture,Chairs,FUR-CH-10000513,330,390,3,5,3729
8535,26-02-2023,Second Class,Corporate,Office Supplies,Labels,OFF-LA-10003223,10,10,2,5,1826
8536,09-07-2022,Standard Class,Consumer,Technology,Accessories,TEC-AC-10002217,50,60,3,3,5001
8537,05-11-2022,Standard Class,Home Office,Office Supplies,Binders,OFF-BI-10003707,20,20,4,3,933
8538,07-12-2022,Standard Class,Home Office,Office Supplies,Paper,OFF-PA-10000552,30,30,5,5,4844
8539,18-06-2023,Standard Class,Home Office,Office Supplies,Art,OFF-AR-10003183,10,10,3,2,2773
8540,18-11-2022,Standard Class,Consumer,Technology,Copiers,TEC-CO-10000971,400,480,2,2,2543
8541,14-02-2022,Standard Class,Consumer,Office Supplies,Binders,OFF-BI-10003910,30,30,5,4,1972
8542,22-01-2023,First Class,Corporate,Office Supplies,Storage,OFF-ST-10001172,20,30,2,5,4200
8543,06-11-2022,First Class,Corporate,Furniture,Chairs,FUR-CH-10001270,340,420,7,3,501
8544,27-05-2022,Standard Class,Consumer,Technology,Accessories,TEC-AC-10004571,180,200,2,3,1186
8545,23-11-2022,Standard Class,Corporate,Furniture,Furnishings,FUR-FU-10004053,20,20,1,5,4098
8546,07-01-2023,Standard Class,Corporate,Furniture,Furnishings,FUR-FU-10003731,40,40,4,4,457
8547,03-10-2022,Standard Class,Corporate,Office Supplies,Binders,OFF-BI-10000962,20,30,2,3,1796
8548,08-01-2022,Standard Class,Corporate,Technology,Accessories,TEC-AC-10001266,40,40,3,5,3312
8549,22-05-2022,Standard Class,Corporate,Office Supplies,Labels,OFF-LA-10000452,10,10,4,3,3892
8550,04-09-2023,First Class,Corporate,Furniture,Furnishings,FUR-FU-10000073,20,20,4,2,1605
8551,10-02-2023,Standard Class,Corporate,Office Supplies,Labels,OFF-LA-10002368,10,10,3,4,4873
8552,01-12-2023,Standard Class,Corporate,Office Supplies,Fasteners,OFF-FA-10004248,10,10,4,5,2071
8553,29-12-2023,Standard Class,Corporate,Technology,Copiers,TEC-CO-10004202,660,720,3,5,2344
8554,15-12-2022,Standard Class,Consumer,Technology,Accessories,TEC-AC-10000927,220,240,8,3,3554
8555,04-04-2023,First Class,Consumer,Furniture,Tables,FUR-TA-10002530,930,1060,7,4,1245
8556,13-09-2022,Same Day,Consumer,Technology,Accessories,TEC-AC-10002567,380,450,7,3,2746
8557,15-07-2022,Same Day,Consumer,Office Supplies,Storage,OFF-ST-10002182,140,150,9,5,3819
8558,06-12-2022,Second Class,Corporate,Technology,Phones,TEC-PH-10004539,380,450,3,2,2136
8559,16-05-2022,Second Class,Corporate,Office Supplies,Labels,OFF-LA-10002945,40,50,9,3,4495
8560,11-02-2023,Second Class,Corporate,Technology,Phones,TEC-PH-10004345,240,290,3,3,1948
8561,25-06-2022,Second Class,Corporate,Technology,Phones,TEC-PH-10004912,110,130,3,2,4006
8562,13-03-2023,Second Class,Corporate,Furniture,Furnishings,FUR-FU-10000206,0,0,2,2,210
8563,30-03-2023,Second Class,Corporate,Furniture,Chairs,FUR-CH-10000847,1330,1450,5,2,210
8564,25-10-2023,Standard Class,Home Office,Office Supplies,Binders,OFF-BI-10000822,0,0,3,2,934
8565,03-06-2023,Standard Class,Home Office,Furniture,Furnishings,FUR-FU-10000747,200,220,6,3,3637
8566,05-01-2023,First Class,Consumer,Technology,Phones,TEC-PH-10002350,60,70,3,2,4743
8567,21-07-2023,First Class,Consumer,Office Supplies,Paper,OFF-PA-10000697,20,20,4,4,3410
8568,24-07-2022,First Class,Consumer,Office Supplies,Paper,OFF-PA-10002787,30,30,6,2,2117
8569,30-08-2022,Standard Class,Corporate,Office Supplies,Binders,OFF-BI-10004318,810,970,7,5,104
8570,10-02-2023,Standard Class,Corporate,Office Supplies,Binders,OFF-BI-10001721,180,220,13,5,3125
8571,19-03-2023,Standard Class,Corporate,Technology,Copiers,TEC-CO-10004202,420,480,2,5,2620
8572,04-03-2023,Same Day,Home Office,Office Supplies,Paper,OFF-PA-10003893,10,10,3,5,2568
8573,05-01-2023,Standard Class,Consumer,Technology,Machines,TEC-MA-10004679,820,1000,5,3,224
8574,24-12-2023,First Class,Consumer,Office Supplies,Paper,OFF-PA-10000249,20,20,2,5,376
8575,10-08-2022,Same Day,Home Office,Office Supplies,Fasteners,OFF-FA-10000053,10,10,3,2,4795
8576,11-02-2022,Second Class,Consumer,Office Supplies,Appliances,OFF-AP-10000804,10,10,4,3,4216
8577,04-11-2023,First Class,Consumer,Furniture,Furnishings,FUR-FU-10004188,90,100,1,4,3775
8578,10-10-2022,Standard Class,Consumer,Furniture,Tables,FUR-TA-10004915,510,610,2,4,2687
8579,20-05-2022,Standard Class,Consumer,Office Supplies,Storage,OFF-ST-10001228,30,30,2,3,4277
8580,26-06-2022,Standard Class,Consumer,Office Supplies,Labels,OFF-LA-10002368,0,0,1,4,193
8581,09-05-2023,Second Class,Corporate,Furniture,Furnishings,FUR-FU-10003489,10,10,3,5,4295
8582,16-09-2022,Second Class,Corporate,Office Supplies,Paper,OFF-PA-10000289,10,10,2,4,5060
8583,13-03-2023,Second Class,Corporate,Technology,Accessories,TEC-AC-10004227,20,20,2,2,804
8584,06-08-2022,Second Class,Corporate,Office Supplies,Storage,OFF-ST-10000636,60,70,5,4,4531
8585,17-02-2022,Second Class,Corporate,Office Supplies,Binders,OFF-BI-10003676,20,20,2,5,1266
8586,30-07-2022,Standard Class,Consumer,Office Supplies,Binders,OFF-BI-10001116,10,10,7,2,187
8587,24-05-2023,Standard Class,Corporate,Technology,Accessories,TEC-AC-10003832,1080,1290,5,2,2247
8588,06-01-2023,Standard Class,Corporate,Office Supplies,Appliances,OFF-AP-10003040,160,170,5,3,4842
8589,28-11-2022,Standard Class,Corporate,Office Supplies,Storage,OFF-ST-10002583,50,50,2,4,822
8590,11-09-2023,First Class,Consumer,Office Supplies,Art,OFF-AR-10002053,0,0,2,4,1322
8591,23-06-2022,First Class,Corporate,Office Supplies,Envelopes,OFF-EN-10004846,10,10,3,2,302
8592,02-02-2023,First Class,Consumer,Office Supplies,Envelopes,OFF-EN-10003134,20,20,2,2,4499
8593,09-02-2023,First Class,Consumer,Furniture,Furnishings,FUR-FU-10001025,10,10,3,3,289
8594,07-06-2022,Standard Class,Home Office,Technology,Accessories,TEC-AC-10002567,170,190,3,5,4391
8595,28-06-2022,Standard Class,Home Office,Technology,Phones,TEC-PH-10004094,440,500,4,5,1855
8596,19-01-2023,First Class,Corporate,Office Supplies,Binders,OFF-BI-10004364,10,10,2,3,3388
8597,25-07-2023,First Class,Corporate,Office Supplies,Paper,OFF-PA-10000474,30,40,1,2,3068
8598,28-12-2023,Standard Class,Home Office,Office Supplies,Binders,OFF-BI-10004308,70,70,4,5,3162
8599,31-12-2022,Standard Class,Corporate,Office Supplies,Binders,OFF-BI-10002012,0,0,3,2,824
8600,10-02-2023,Standard Class,Corporate,Office Supplies,Paper,OFF-PA-10002586,10,10,3,2,4239
8601,11-04-2022,Standard Class,Corporate,Office Supplies,Appliances,OFF-AP-10000692,40,40,2,2,606
8602,14-04-2023,Standard Class,Corporate,Office Supplies,Binders,OFF-BI-10001553,10,10,1,4,4721
8603,21-06-2022,Same Day,Home Office,Technology,Phones,TEC-PH-10004908,410,480,7,4,1671
8604,21-03-2023,Standard Class,Corporate,Technology,Accessories,TEC-AC-10002217,30,30,2,4,2620
8605,01-03-2023,Standard Class,Corporate,Technology,Accessories,TEC-AC-10002942,150,170,3,5,2715
8606,13-08-2022,Standard Class,Corporate,Technology,Phones,TEC-PH-10002890,150,180,5,2,243
8607,30-09-2022,Standard Class,Consumer,Technology,Accessories,TEC-AC-10003614,20,20,2,4,4210
8608,30-12-2022,Standard Class,Consumer,Furniture,Furnishings,FUR-FU-10002878,50,60,2,4,356
8609,14-10-2023,Standard Class,Consumer,Office Supplies,Appliances,OFF-AP-10001626,20,20,4,5,664
8610,28-04-2023,Standard Class,Consumer,Furniture,Bookcases,FUR-BO-10003272,290,350,2,2,4682
8611,07-05-2022,Standard Class,Consumer,Furniture,Furnishings,FUR-FU-10002191,10,10,2,5,989
8612,28-08-2022,Second Class,Consumer,Technology,Accessories,TEC-AC-10000682,60,80,5,4,4750
8613,26-01-2022,Second Class,Corporate,Office Supplies,Art,OFF-AR-10000588,30,40,2,2,2307
8614,27-02-2022,Standard Class,Consumer,Technology,Accessories,TEC-AC-10002001,400,480,3,2,405
8615,10-02-2023,Standard Class,Consumer,Office Supplies,Labels,OFF-LA-10003720,10,10,2,3,3339
8616,29-05-2022,Standard Class,Consumer,Office Supplies,Binders,OFF-BI-10004364,10,10,3,2,3325
8617,22-07-2022,Standard Class,Consumer,Office Supplies,Paper,OFF-PA-10000100,70,80,2,5,3417
8618,11-07-2022,Standard Class,Consumer,Office Supplies,Binders,OFF-BI-10004826,30,40,3,5,2537
8619,14-10-2022,Standard Class,Corporate,Furniture,Tables,FUR-TA-10001520,330,400,7,2,1003
8620,16-03-2023,Second Class,Corporate,Office Supplies,Storage,OFF-ST-10001031,60,70,4,3,4193
8621,26-12-2022,Second Class,Consumer,Furniture,Furnishings,FUR-FU-10003878,30,30,5,4,3873
8622,19-04-2022,Standard Class,Corporate,Office Supplies,Appliances,OFF-AP-10000358,20,20,2,2,338
8623,19-08-2022,Standard Class,Consumer,Office Supplies,Storage,OFF-ST-10000876,30,40,4,2,316
8624,22-06-2022,Standard Class,Consumer,Office Supplies,Binders,OFF-BI-10004224,110,120,6,5,1455
8625,25-02-2022,Standard Class,Consumer,Technology,Accessories,TEC-AC-10004568,100,110,5,3,335
8626,21-07-2022,Standard Class,Corporate,Office Supplies,Paper,OFF-PA-10000533,20,20,3,3,1310
8627,13-10-2023,Standard Class,Corporate,Office Supplies,Storage,OFF-ST-10003638,60,70,3,3,1636
8628,16-08-2022,Standard Class,Corporate,Technology,Accessories,TEC-AC-10002305,70,90,5,5,3288
8629,10-04-2023,Standard Class,Corporate,Office Supplies,Binders,OFF-BI-10000605,10,10,2,4,3123
8630,10-12-2023,Standard Class,Corporate,Furniture,Tables,FUR-TA-10003569,450,480,2,3,1698
8631,04-01-2023,Standard Class,Corporate,Office Supplies,Fasteners,OFF-FA-10003059,10,10,4,4,4740
8632,23-04-2022,First Class,Consumer,Furniture,Bookcases,FUR-BO-10004409,160,180,5,5,2128
8633,17-05-2022,First Class,Consumer,Office Supplies,Binders,OFF-BI-10000545,1300,1370,6,3,1720
8634,31-01-2022,First Class,Consumer,Office Supplies,Appliances,OFF-AP-10004052,10,10,3,3,34
8635,24-07-2022,Standard Class,Consumer,Furniture,Bookcases,FUR-BO-10001798,120,130,2,3,2674
8636,28-11-2023,First Class,Consumer,Office Supplies,Art,OFF-AR-10004010,150,170,5,2,4925
8637,19-10-2023,First Class,Consumer,Office Supplies,Storage,OFF-ST-10000585,730,830,5,3,3610
8638,15-05-2022,Standard Class,Consumer,Furniture,Furnishings,FUR-FU-10000397,120,140,7,3,3321
8639,07-08-2022,First Class,Home Office,Technology,Accessories,TEC-AC-10000736,320,400,5,2,5050
8640,25-12-2022,Second Class,Corporate,Office Supplies,Binders,OFF-BI-10004970,10,10,3,3,373
8641,16-03-2023,Standard Class,Corporate,Office Supplies,Binders,OFF-BI-10000545,650,760,5,3,166
8642,09-03-2023,Same Day,Consumer,Office Supplies,Binders,OFF-BI-10001670,60,70,6,2,4202
8643,21-01-2022,Standard Class,Corporate,Office Supplies,Fasteners,OFF-FA-10000624,30,30,11,4,3801
8644,22-06-2023,Standard Class,Corporate,Office Supplies,Labels,OFF-LA-10002945,10,10,1,4,252
8645,14-07-2022,Standard Class,Corporate,Office Supplies,Binders,OFF-BI-10000315,40,40,7,4,4808
8646,17-02-2022,Standard Class,Corporate,Furniture,Furnishings,FUR-FU-10000023,0,0,1,3,2248
8647,19-03-2023,Standard Class,Consumer,Furniture,Chairs,FUR-CH-10004698,180,190,3,5,740
8648,05-08-2023,First Class,Corporate,Furniture,Chairs,FUR-CH-10004477,90,100,2,3,3636
8649,20-04-2022,Standard Class,Consumer,Office Supplies,Storage,OFF-ST-10003816,620,700,5,2,174
8650,28-01-2023,Standard Class,Consumer,Office Supplies,Binders,OFF-BI-10002429,30,30,3,5,1830
8651,10-10-2023,Same Day,Consumer,Office Supplies,Fasteners,OFF-FA-10000840,10,10,5,3,3033
8652,02-05-2022,Same Day,Consumer,Furniture,Furnishings,FUR-FU-10001918,10,10,3,4,1618
8653,05-06-2022,Same Day,Consumer,Office Supplies,Supplies,OFF-SU-10001574,10,10,2,3,3255
8654,11-06-2022,Same Day,Consumer,Technology,Accessories,TEC-AC-10001606,170,200,2,4,2924
8655,05-12-2023,Same Day,Consumer,Technology,Accessories,TEC-AC-10003399,130,140,4,4,626
8656,06-02-2022,Same Day,Consumer,Technology,Accessories,TEC-AC-10000865,110,120,2,5,2902
8657,09-05-2022,Same Day,Consumer,Office Supplies,Paper,OFF-PA-10002923,40,50,1,3,3788
8658,28-02-2022,Same Day,Consumer,Office Supplies,Appliances,OFF-AP-10004785,20,20,2,2,4323
8659,17-02-2022,Standard Class,Corporate,Office Supplies,Binders,OFF-BI-10003727,0,0,1,5,2194
8660,28-12-2022,Standard Class,Corporate,Office Supplies,Paper,OFF-PA-10002246,30,30,6,5,4861
8661,07-12-2022,Standard Class,Consumer,Furniture,Bookcases,FUR-BO-10003965,620,720,5,2,859
8662,27-04-2023,Standard Class,Consumer,Furniture,Furnishings,FUR-FU-10000175,20,20,4,2,3143
8663,19-09-2022,Standard Class,Consumer,Technology,Phones,TEC-PH-10001336,570,620,6,5,899
8664,31-05-2022,Standard Class,Consumer,Office Supplies,Paper,OFF-PA-10001954,110,130,7,3,342
8665,15-08-2022,Second Class,Consumer,Furniture,Furnishings,FUR-FU-10004973,80,90,5,2,4836
8666,21-10-2022,First Class,Home Office,Office Supplies,Supplies,OFF-SU-10004231,50,50,5,5,1835
8667,19-06-2023,First Class,Corporate,Office Supplies,Art,OFF-AR-10004269,20,20,5,3,4776
8668,17-02-2022,Second Class,Home Office,Office Supplies,Binders,OFF-BI-10004002,60,60,4,5,1422
8669,12-01-2023,Second Class,Home Office,Technology,Machines,TEC-MA-10000752,10,10,1,4,2353
8670,07-06-2023,Second Class,Consumer,Office Supplies,Paper,OFF-PA-10004947,20,20,4,5,1057
8671,20-10-2023,Second Class,Consumer,Furniture,Furnishings,FUR-FU-10004904,170,180,3,5,1936
8672,31-10-2022,Second Class,Consumer,Office Supplies,Storage,OFF-ST-10002790,100,120,2,2,789
8673,14-07-2022,Standard Class,Consumer,Office Supplies,Fasteners,OFF-FA-10004854,20,20,2,3,727
8674,16-01-2022,Standard Class,Consumer,Furniture,Chairs,FUR-CH-10004063,560,600,3,2,2626
8675,30-11-2022,Standard Class,Consumer,Office Supplies,Storage,OFF-ST-10000642,40,50,3,2,2402
8676,11-05-2023,Standard Class,Consumer,Office Supplies,Art,OFF-AR-10004078,20,30,6,4,3809
8677,16-11-2023,Standard Class,Consumer,Furniture,Furnishings,FUR-FU-10004270,10,10,1,3,3004
8678,26-03-2022,First Class,Consumer,Furniture,Tables,FUR-TA-10004607,420,520,5,2,3110
8679,21-01-2023,Second Class,Home Office,Office Supplies,Binders,OFF-BI-10001132,10,10,8,5,1919
8680,12-02-2023,Second Class,Home Office,Technology,Accessories,TEC-AC-10001714,140,160,5,5,4290
8681,25-09-2023,Second Class,Corporate,Office Supplies,Appliances,OFF-AP-10002945,1680,2100,7,2,3438
8682,03-07-2023,Second Class,Corporate,Office Supplies,Supplies,OFF-SU-10004664,40,40,5,5,5025
8683,01-04-2022,Standard Class,Home Office,Technology,Accessories,TEC-AC-10002550,40,50,3,3,4853
8684,05-11-2022,Standard Class,Consumer,Office Supplies,Art,OFF-AR-10002335,10,10,2,5,920
8685,04-01-2022,Standard Class,Home Office,Technology,Accessories,TEC-AC-10001445,20,20,7,2,2139
8686,26-03-2023,Second Class,Corporate,Office Supplies,Storage,OFF-ST-10003996,80,100,6,4,737
8687,12-10-2023,Same Day,Corporate,Office Supplies,Supplies,OFF-SU-10003505,190,230,2,4,3541
8688,18-08-2023,Same Day,Corporate,Office Supplies,Fasteners,OFF-FA-10000624,20,20,5,2,2007
8689,06-07-2023,Same Day,Corporate,Office Supplies,Paper,OFF-PA-10002870,10,10,2,4,3016
8690,07-06-2023,Standard Class,Corporate,Office Supplies,Art,OFF-AR-10002257,10,10,3,2,1519
8691,03-01-2022,Standard Class,Corporate,Technology,Phones,TEC-PH-10003580,230,260,2,3,3808
8692,29-09-2023,Standard Class,Corporate,Technology,Phones,TEC-PH-10001530,200,250,2,4,4335
8693,20-10-2023,Standard Class,Corporate,Technology,Accessories,TEC-AC-10000420,250,280,5,2,116
8694,10-09-2022,Standard Class,Home Office,Technology,Accessories,TEC-AC-10000892,420,450,5,5,532
8695,05-01-2022,Second Class,Home Office,Office Supplies,Paper,OFF-PA-10001934,20,20,3,5,3325
8696,05-12-2023,Second Class,Home Office,Furniture,Tables,FUR-TA-10003473,240,300,1,2,2679
8697,23-09-2022,Standard Class,Corporate,Technology,Phones,TEC-PH-10001051,220,240,3,2,726
8698,28-06-2022,Standard Class,Corporate,Furniture,Furnishings,FUR-FU-10004351,30,30,4,4,3232
8699,23-01-2022,Standard Class,Corporate,Furniture,Tables,FUR-TA-10004152,110,120,2,4,3697
8700,25-11-2023,Standard Class,Corporate,Technology,Phones,TEC-PH-10000560,2080,2240,8,2,1189
8701,25-10-2023,Standard Class,Corporate,Office Supplies,Appliances,OFF-AP-10004249,70,80,8,3,1788
8702,27-07-2022,Standard Class,Corporate,Office Supplies,Storage,OFF-ST-10001490,110,140,1,2,39
8703,27-04-2023,Standard Class,Corporate,Office Supplies,Paper,OFF-PA-10000312,70,90,5,2,1757
8704,06-03-2022,Standard Class,Consumer,Office Supplies,Appliances,OFF-AP-10002906,0,0,2,4,2829
8705,01-06-2023,First Class,Consumer,Technology,Phones,TEC-PH-10004100,110,120,8,2,4093
8706,15-04-2023,Standard Class,Home Office,Office Supplies,Fasteners,OFF-FA-10000254,0,0,1,4,2971
8707,23-12-2022,Standard Class,Home Office,Furniture,Chairs,FUR-CH-10004289,160,170,2,4,3215
8708,26-02-2023,Standard Class,Home Office,Office Supplies,Art,OFF-AR-10003469,0,0,2,2,3650
8709,18-09-2022,First Class,Corporate,Technology,Phones,TEC-PH-10004188,60,80,4,3,4460
8710,16-09-2023,First Class,Corporate,Furniture,Bookcases,FUR-BO-10004015,280,310,3,4,4268
8711,01-03-2023,First Class,Corporate,Office Supplies,Storage,OFF-ST-10000991,300,340,3,3,1747
8712,09-11-2022,Standard Class,Consumer,Furniture,Tables,FUR-TA-10002958,510,630,3,4,2725
8713,16-12-2023,Standard Class,Consumer,Furniture,Bookcases,FUR-BO-10002213,290,360,3,3,3855
8714,29-11-2022,Standard Class,Corporate,Technology,Phones,TEC-PH-10000004,60,70,6,5,3357
8715,05-01-2023,Standard Class,Corporate,Office Supplies,Binders,OFF-BI-10003708,30,30,5,5,1101
8716,15-11-2022,Second Class,Corporate,Office Supplies,Binders,OFF-BI-10002949,0,0,1,2,2240
8717,22-04-2022,Second Class,Home Office,Office Supplies,Appliances,OFF-AP-10001242,50,60,4,3,2099
8718,17-09-2022,Second Class,Home Office,Furniture,Furnishings,FUR-FU-10001424,10,10,2,3,4831
8719,10-08-2022,Second Class,Home Office,Office Supplies,Art,OFF-AR-10003469,10,10,8,2,2081
8720,09-02-2022,Second Class,Home Office,Office Supplies,Paper,OFF-PA-10000232,20,20,3,4,1541
8721,20-07-2022,Second Class,Home Office,Furniture,Chairs,FUR-CH-10000229,350,380,2,2,1515
8722,29-04-2022,Second Class,Home Office,Office Supplies,Storage,OFF-ST-10002562,60,70,9,3,2124
8723,20-09-2023,Second Class,Home Office,Office Supplies,Binders,OFF-BI-10001525,0,0,2,4,4073
8724,06-01-2023,Second Class,Home Office,Office Supplies,Paper,OFF-PA-10002986,40,40,7,3,961
8725,20-01-2022,Second Class,Home Office,Office Supplies,Paper,OFF-PA-10000143,30,30,6,2,2250
8726,19-11-2022,Standard Class,Consumer,Office Supplies,Art,OFF-AR-10003752,50,50,4,2,4916
8727,02-02-2022,Standard Class,Corporate,Technology,Accessories,TEC-AC-10002370,0,0,3,3,3575
8728,06-11-2022,Standard Class,Corporate,Furniture,Furnishings,FUR-FU-10002030,40,50,3,3,4344
8729,11-02-2023,Standard Class,Corporate,Furniture,Bookcases,FUR-BO-10002853,110,130,2,2,1090
8730,17-05-2022,Standard Class,Corporate,Office Supplies,Storage,OFF-ST-10002562,20,20,3,2,3783
8731,03-05-2023,Standard Class,Corporate,Technology,Accessories,TEC-AC-10004227,60,70,7,2,2817
8732,25-04-2023,Standard Class,Corporate,Office Supplies,Supplies,OFF-SU-10002573,50,50,3,3,622
8733,18-01-2023,Second Class,Corporate,Office Supplies,Paper,OFF-PA-10003848,20,20,3,3,1512
8734,28-02-2022,Second Class,Corporate,Furniture,Furnishings,FUR-FU-10001290,120,130,3,5,449
8735,01-03-2023,Second Class,Corporate,Technology,Accessories,TEC-AC-10003832,1170,1290,5,2,3548
8736,25-03-2023,Second Class,Corporate,Office Supplies,Storage,OFF-ST-10001558,60,60,4,4,1023
8737,28-11-2022,Standard Class,Corporate,Office Supplies,Storage,OFF-ST-10001490,450,540,3,2,1677
8738,09-01-2023,Standard Class,Corporate,Office Supplies,Binders,OFF-BI-10003669,10,10,5,2,4505
8739,07-12-2023,First Class,Consumer,Office Supplies,Art,OFF-AR-10004441,10,10,4,3,538
8740,28-04-2022,First Class,Consumer,Technology,Phones,TEC-PH-10001924,60,80,2,4,4881
8741,10-09-2023,First Class,Consumer,Office Supplies,Art,OFF-AR-10004456,60,70,5,3,496
8742,04-06-2023,Same Day,Home Office,Office Supplies,Binders,OFF-BI-10001890,10,10,3,3,2459
8743,14-12-2023,First Class,Consumer,Furniture,Furnishings,FUR-FU-10000629,10,10,1,2,894
8744,26-01-2023,First Class,Consumer,Technology,Accessories,TEC-AC-10002323,50,50,3,5,1202
8745,21-10-2022,Second Class,Home Office,Office Supplies,Art,OFF-AR-10003056,20,20,4,2,1449
8746,14-06-2022,Second Class,Home Office,Office Supplies,Paper,OFF-PA-10000300,50,60,3,2,1518
8747,26-07-2023,Standard Class,Corporate,Furniture,Furnishings,FUR-FU-10000293,180,210,2,3,575
8748,21-05-2023,Standard Class,Corporate,Office Supplies,Binders,OFF-BI-10003638,30,30,2,5,447
8749,02-06-2023,Standard Class,Corporate,Technology,Machines,TEC-MA-10002109,210,240,2,5,993
8750,05-02-2022,First Class,Consumer,Office Supplies,Binders,OFF-BI-10003527,2680,3050,3,2,2375
8751,10-01-2023,First Class,Consumer,Technology,Phones,TEC-PH-10004922,120,130,2,5,563
8752,26-10-2022,Standard Class,Home Office,Office Supplies,Paper,OFF-PA-10001001,80,90,4,4,807
8753,04-03-2022,Standard Class,Home Office,Technology,Phones,TEC-PH-10001198,170,180,3,2,3184
8754,15-06-2022,First Class,Consumer,Office Supplies,Labels,OFF-LA-10000443,20,20,6,5,2086
8755,30-05-2022,First Class,Consumer,Office Supplies,Binders,OFF-BI-10003669,0,0,3,5,4568
8756,22-09-2023,First Class,Consumer,Office Supplies,Binders,OFF-BI-10001628,10,10,2,4,2669
8757,20-09-2022,Standard Class,Corporate,Office Supplies,Appliances,OFF-AP-10002350,40,40,2,5,194
8758,31-12-2022,Standard Class,Corporate,Office Supplies,Paper,OFF-PA-10004100,40,50,8,4,1136
8759,02-06-2022,Standard Class,Corporate,Furniture,Furnishings,FUR-FU-10000794,30,30,3,2,2560
8760,14-01-2023,Standard Class,Corporate,Office Supplies,Binders,OFF-BI-10002012,10,10,3,3,4426
8761,21-10-2023,Standard Class,Home Office,Office Supplies,Binders,OFF-BI-10003527,1080,1270,1,3,4778
8762,16-12-2022,Standard Class,Home Office,Office Supplies,Envelopes,OFF-EN-10004483,120,130,8,5,4431
8763,23-11-2022,Standard Class,Consumer,Office Supplies,Storage,OFF-ST-10003722,10,10,1,5,257
8764,08-07-2023,Standard Class,Consumer,Office Supplies,Supplies,OFF-SU-10002557,20,30,2,2,4906
8765,15-03-2023,Standard Class,Corporate,Office Supplies,Art,OFF-AR-10002257,10,10,2,4,182
8766,09-11-2022,Standard Class,Corporate,Office Supplies,Binders,OFF-BI-10000756,0,0,2,3,1083
8767,20-01-2022,Standard Class,Corporate,Office Supplies,Appliances,OFF-AP-10004136,20,20,3,3,945
8768,31-03-2023,Standard Class,Corporate,Office Supplies,Binders,OFF-BI-10002194,10,10,5,5,1826
8769,19-10-2022,Standard Class,Consumer,Technology,Accessories,TEC-AC-10000892,230,290,4,3,2731
8770,24-10-2023,Same Day,Home Office,Technology,Phones,TEC-PH-10001870,130,150,3,5,4359
8771,13-08-2023,Same Day,Home Office,Furniture,Chairs,FUR-CH-10002304,70,80,4,2,412
8772,04-02-2022,First Class,Corporate,Office Supplies,Appliances,OFF-AP-10002534,770,940,4,4,2457
8773,02-01-2022,First Class,Corporate,Office Supplies,Paper,OFF-PA-10001125,60,70,3,4,1145
8774,14-09-2022,Standard Class,Home Office,Office Supplies,Appliances,OFF-AP-10000804,30,30,6,5,3183
8775,13-06-2023,Standard Class,Home Office,Office Supplies,Binders,OFF-BI-10002982,10,10,2,3,865
8776,02-06-2022,Second Class,Home Office,Office Supplies,Art,OFF-AR-10001547,0,0,2,5,2500
8777,26-05-2023,First Class,Corporate,Furniture,Chairs,FUR-CH-10000665,500,530,5,2,1503
8778,20-10-2023,First Class,Corporate,Office Supplies,Paper,OFF-PA-10000520,40,40,8,5,3778
8779,20-10-2023,Standard Class,Corporate,Furniture,Bookcases,FUR-BO-10004015,260,290,3,2,4878
8780,06-07-2023,Second Class,Consumer,Office Supplies,Storage,OFF-ST-10004258,30,30,3,5,607
8781,15-07-2023,First Class,Corporate,Office Supplies,Art,OFF-AR-10003696,50,60,2,2,45
8782,20-07-2022,First Class,Corporate,Furniture,Bookcases,FUR-BO-10001811,1010,1230,6,4,2360
8783,12-05-2023,Standard Class,Corporate,Office Supplies,Binders,OFF-BI-10001249,20,20,4,4,3635
8784,19-01-2022,Standard Class,Corporate,Furniture,Tables,FUR-TA-10003473,950,1130,3,5,858
8785,19-03-2023,Standard Class,Home Office,Office Supplies,Labels,OFF-LA-10003190,0,0,2,2,216
8786,23-11-2022,Standard Class,Corporate,Technology,Phones,TEC-PH-10001305,180,200,5,2,642
8787,28-12-2023,Standard Class,Corporate,Office Supplies,Paper,OFF-PA-10001534,20,20,3,5,757
8788,02-05-2023,Standard Class,Corporate,Technology,Accessories,TEC-AC-10000844,230,270,4,4,2642
8789,12-09-2022,Standard Class,Consumer,Furniture,Chairs,FUR-CH-10000847,640,700,3,2,1713
8790,24-03-2023,Standard Class,Consumer,Furniture,Bookcases,FUR-BO-10000468,70,80,2,2,598
8791,14-05-2023,Standard Class,Corporate,Office Supplies,Binders,OFF-BI-10002799,50,50,9,5,4820
8792,13-04-2022,Standard Class,Consumer,Technology,Phones,TEC-PH-10001557,510,540,7,3,2547
8793,05-02-2023,First Class,Corporate,Office Supplies,Labels,OFF-LA-10001934,10,10,2,4,3531
8794,19-08-2022,First Class,Corporate,Office Supplies,Fasteners,OFF-FA-10004248,20,20,5,5,482
8795,21-06-2023,First Class,Corporate,Technology,Phones,TEC-PH-10001944,520,580,5,4,1254
8796,10-08-2023,First Class,Corporate,Technology,Phones,TEC-PH-10002085,170,210,4,4,2162
8797,03-12-2023,Standard Class,Consumer,Office Supplies,Paper,OFF-PA-10003441,10,10,2,4,3137
8798,23-03-2022,Standard Class,Consumer,Office Supplies,Art,OFF-AR-10004602,50,50,2,5,1626
8799,24-06-2022,Standard Class,Home Office,Technology,Phones,TEC-PH-10002555,1170,1290,5,5,1054
8800,09-12-2023,First Class,Consumer,Technology,Copiers,TEC-CO-10001449,1440,1800,5,2,1491
8801,21-03-2022,Standard Class,Corporate,Office Supplies,Paper,OFF-PA-10004285,10,10,2,5,4669
8802,01-12-2022,First Class,Consumer,Technology,Phones,TEC-PH-10000562,200,220,2,4,276
8803,10-07-2023,First Class,Consumer,Furniture,Bookcases,FUR-BO-10003966,270,340,2,3,4010
8804,25-08-2023,First Class,Corporate,Technology,Accessories,TEC-AC-10003614,20,30,3,3,2444
8805,30-11-2023,First Class,Corporate,Office Supplies,Labels,OFF-LA-10003148,20,20,3,4,3480
8806,19-11-2022,Standard Class,Consumer,Office Supplies,Binders,OFF-BI-10002133,80,100,3,4,1192
8807,06-11-2023,Standard Class,Corporate,Furniture,Furnishings,FUR-FU-10002813,40,40,2,4,3662
8808,24-05-2023,Standard Class,Consumer,Office Supplies,Binders,OFF-BI-10004330,30,30,3,4,2935
8809,01-08-2023,Standard Class,Consumer,Technology,Phones,TEC-PH-10002807,110,120,5,4,3512
8810,04-01-2022,Standard Class,Consumer,Office Supplies,Labels,OFF-LA-10001404,10,10,5,2,2835
8811,21-10-2022,Standard Class,Corporate,Office Supplies,Paper,OFF-PA-10004911,30,40,4,4,635
8812,23-03-2022,Standard Class,Corporate,Office Supplies,Appliances,OFF-AP-10004233,170,210,3,5,2280
8813,29-09-2022,Standard Class,Corporate,Office Supplies,Art,OFF-AR-10002766,10,10,5,4,4749
8814,30-12-2022,Standard Class,Corporate,Furniture,Chairs,FUR-CH-10003199,230,270,3,4,948
8815,24-12-2022,Second Class,Consumer,Technology,Phones,TEC-PH-10003012,280,310,2,4,2793
8816,16-03-2023,Second Class,Consumer,Office Supplies,Paper,OFF-PA-10001583,30,40,6,4,964
8817,22-05-2023,Second Class,Consumer,Office Supplies,Art,OFF-AR-10001940,10,10,4,4,1551
8818,19-06-2023,Second Class,Consumer,Office Supplies,Envelopes,OFF-EN-10003286,20,20,2,4,4930
8819,15-08-2023,Second Class,Consumer,Office Supplies,Paper,OFF-PA-10003441,40,40,6,2,3771
8820,03-02-2023,Standard Class,Consumer,Office Supplies,Paper,OFF-PA-10003395,320,340,4,4,4797
8821,21-01-2022,Standard Class,Consumer,Technology,Copiers,TEC-CO-10003236,880,960,2,3,1228
8822,16-02-2023,Standard Class,Consumer,Office Supplies,Binders,OFF-BI-10002982,0,0,2,3,1688
8823,28-10-2022,Standard Class,Consumer,Office Supplies,Art,OFF-AR-10004010,50,60,2,3,909
8824,22-02-2022,Standard Class,Consumer,Office Supplies,Paper,OFF-PA-10002947,10,10,2,5,1329
8825,07-10-2023,Second Class,Consumer,Office Supplies,Envelopes,OFF-EN-10003845,10,10,3,2,3001
8826,03-01-2023,First Class,Consumer,Office Supplies,Labels,OFF-LA-10003190,10,10,3,5,960
8827,26-02-2023,Second Class,Consumer,Office Supplies,Paper,OFF-PA-10002986,30,30,5,3,4965
8828,06-05-2022,Second Class,Consumer,Office Supplies,Paper,OFF-PA-10001593,30,30,7,2,3599
8829,03-03-2022,Standard Class,Corporate,Office Supplies,Paper,OFF-PA-10000528,10,10,2,5,2399
8830,09-12-2023,First Class,Corporate,Office Supplies,Storage,OFF-ST-10001932,310,390,2,4,2966
8831,05-04-2022,Second Class,Corporate,Office Supplies,Binders,OFF-BI-10003727,20,30,10,5,1129
8832,04-06-2022,Standard Class,Home Office,Furniture,Furnishings,FUR-FU-10002759,40,40,2,2,3584
8833,30-04-2023,Standard Class,Consumer,Office Supplies,Binders,OFF-BI-10000545,1110,1220,2,3,4626
8834,25-11-2022,Standard Class,Home Office,Office Supplies,Storage,OFF-ST-10004950,20,20,1,5,21
8835,09-12-2023,Standard Class,Home Office,Technology,Phones,TEC-PH-10003171,80,90,2,5,4355
8836,21-07-2023,Standard Class,Home Office,Office Supplies,Art,OFF-AR-10000614,10,10,4,5,1613
8837,29-09-2022,Standard Class,Home Office,Office Supplies,Art,OFF-AR-10000034,10,10,3,5,3746
8838,03-08-2023,Standard Class,Home Office,Office Supplies,Labels,OFF-LA-10003766,20,20,5,3,3436
8839,21-11-2022,Second Class,Corporate,Office Supplies,Art,OFF-AR-10001725,60,70,3,4,17
8840,27-10-2022,Second Class,Corporate,Office Supplies,Binders,OFF-BI-10002794,60,70,2,4,3845
8841,07-08-2022,Second Class,Corporate,Technology,Accessories,TEC-AC-10004171,260,300,3,5,4533
8842,28-03-2022,Standard Class,Corporate,Technology,Accessories,TEC-AC-10003628,80,90,3,4,4549
8843,26-08-2022,Standard Class,Corporate,Technology,Accessories,TEC-AC-10004761,20,30,2,2,3777
8844,26-05-2023,Second Class,Corporate,Office Supplies,Storage,OFF-ST-10000885,70,70,5,4,1674
8845,15-12-2022,Standard Class,Consumer,Office Supplies,Binders,OFF-BI-10004209,10,10,3,2,4276
8846,03-01-2023,Standard Class,Consumer,Office Supplies,Fasteners,OFF-FA-10002988,0,0,3,5,1377
8847,25-08-2022,Standard Class,Consumer,Office Supplies,Paper,OFF-PA-10002222,80,90,5,5,1931
8848,04-08-2022,Standard Class,Consumer,Office Supplies,Appliances,OFF-AP-10004487,110,130,2,2,3494
8849,23-09-2022,First Class,Corporate,Technology,Phones,TEC-PH-10003505,60,70,1,5,1934
8850,19-05-2023,First Class,Corporate,Furniture,Furnishings,FUR-FU-10000076,150,160,10,2,912
8851,13-02-2022,First Class,Corporate,Office Supplies,Binders,OFF-BI-10004728,0,0,2,5,996
8852,19-01-2023,First Class,Corporate,Office Supplies,Paper,OFF-PA-10002250,10,10,2,3,75
8853,19-03-2022,Second Class,Consumer,Office Supplies,Paper,OFF-PA-10003823,100,120,4,5,4816
8854,10-11-2023,First Class,Consumer,Office Supplies,Supplies,OFF-SU-10000898,50,60,5,2,671
8855,26-11-2023,First Class,Consumer,Technology,Accessories,TEC-AC-10003832,590,620,3,5,2458
8856,19-01-2023,Standard Class,Corporate,Office Supplies,Binders,OFF-BI-10001679,20,20,3,4,1280
8857,25-02-2022,Standard Class,Corporate,Technology,Accessories,TEC-AC-10002335,170,210,6,4,1625
8858,24-07-2022,Standard Class,Corporate,Technology,Phones,TEC-PH-10003187,20,30,2,5,4123
8859,25-01-2022,Standard Class,Corporate,Office Supplies,Binders,OFF-BI-10003527,4060,5080,5,5,1133
8860,06-08-2022,Standard Class,Home Office,Technology,Phones,TEC-PH-10003171,30,40,1,3,5036
8861,22-08-2023,Standard Class,Home Office,Office Supplies,Labels,OFF-LA-10000414,20,30,3,4,331
8862,23-11-2023,Standard Class,Home Office,Furniture,Furnishings,FUR-FU-10002107,10,10,4,5,2174
8863,22-03-2022,Standard Class,Home Office,Office Supplies,Binders,OFF-BI-10004593,200,210,4,5,4818
8864,29-04-2022,Standard Class,Home Office,Office Supplies,Appliances,OFF-AP-10003860,90,110,4,2,3078
8865,16-01-2023,Standard Class,Home Office,Office Supplies,Paper,OFF-PA-10000556,30,40,6,3,2232
8866,09-07-2023,Standard Class,Consumer,Office Supplies,Appliances,OFF-AP-10003281,30,40,3,2,2114
8867,21-03-2023,First Class,Consumer,Furniture,Bookcases,FUR-BO-10004218,460,490,5,5,3658
8868,03-09-2022,First Class,Consumer,Technology,Phones,TEC-PH-10002185,10,10,2,5,3407
8869,25-12-2023,Standard Class,Consumer,Technology,Machines,TEC-MA-10003176,620,690,2,5,283
8870,22-07-2023,Standard Class,Corporate,Office Supplies,Binders,OFF-BI-10002003,20,20,5,3,1550
8871,08-07-2022,Standard Class,Corporate,Furniture,Furnishings,FUR-FU-10000023,60,70,12,3,972
8872,03-12-2023,Standard Class,Corporate,Office Supplies,Storage,OFF-ST-10002756,460,540,4,3,214
8873,13-02-2022,Same Day,Consumer,Technology,Machines,TEC-MA-10002694,90,100,2,4,4223
8874,26-05-2022,Same Day,Consumer,Office Supplies,Binders,OFF-BI-10002429,20,20,2,4,2082
8875,18-10-2023,Second Class,Consumer,Office Supplies,Binders,OFF-BI-10003684,20,20,5,4,1729
8876,08-11-2022,Standard Class,Consumer,Office Supplies,Supplies,OFF-SU-10003505,160,190,2,2,3677
8877,14-12-2023,Standard Class,Consumer,Office Supplies,Appliances,OFF-AP-10002534,60,60,1,4,1915
8878,21-05-2023,Standard Class,Consumer,Technology,Machines,TEC-MA-10004626,400,480,4,2,3141
8879,07-04-2022,Standard Class,Consumer,Office Supplies,Storage,OFF-ST-10000615,30,30,3,5,1542
8880,13-03-2023,First Class,Corporate,Office Supplies,Paper,OFF-PA-10000659,170,190,11,2,3780
8881,07-02-2023,First Class,Corporate,Technology,Accessories,TEC-AC-10000736,200,240,3,5,5081
8882,08-02-2023,Second Class,Home Office,Technology,Accessories,TEC-AC-10003038,40,50,7,4,2878
8883,25-08-2023,Standard Class,Corporate,Technology,Phones,TEC-PH-10004071,20,20,2,2,2865
8884,23-01-2023,Standard Class,Corporate,Office Supplies,Paper,OFF-PA-10001667,10,10,3,4,1884
8885,04-04-2022,Standard Class,Corporate,Office Supplies,Binders,OFF-BI-10001982,10,10,4,4,3451
8886,03-11-2022,Standard Class,Corporate,Office Supplies,Binders,OFF-BI-10004141,0,0,3,5,583
8887,20-05-2023,Standard Class,Corporate,Office Supplies,Binders,OFF-BI-10002103,20,20,8,4,3123
8888,05-02-2023,Second Class,Corporate,Office Supplies,Storage,OFF-ST-10002574,250,280,2,5,4149
8889,27-04-2022,Standard Class,Home Office,Furniture,Furnishings,FUR-FU-10003394,570,630,9,4,309
8890,16-08-2023,Second Class,Home Office,Technology,Phones,TEC-PH-10003072,370,450,3,3,273
8891,18-04-2022,Second Class,Home Office,Office Supplies,Appliances,OFF-AP-10003057,1640,1930,7,4,3178
8892,15-01-2023,First Class,Home Office,Furniture,Chairs,FUR-CH-10001146,100,120,2,5,2893
8893,22-04-2022,Standard Class,Home Office,Furniture,Chairs,FUR-CH-10003973,2390,2680,9,5,4973
8894,24-12-2023,Standard Class,Consumer,Furniture,Tables,FUR-TA-10001307,430,490,2,3,2716
8895,24-06-2023,Standard Class,Consumer,Furniture,Furnishings,FUR-FU-10004071,290,310,3,3,2274
8896,22-05-2022,Standard Class,Consumer,Office Supplies,Storage,OFF-ST-10001505,20,20,3,3,845
8897,21-12-2023,Standard Class,Consumer,Technology,Phones,TEC-PH-10004614,150,170,3,4,941
8898,03-08-2022,Standard Class,Consumer,Office Supplies,Paper,OFF-PA-10004911,40,40,4,3,2127
8899,13-04-2022,Second Class,Corporate,Technology,Phones,TEC-PH-10003601,440,490,3,2,228
8900,25-06-2022,Second Class,Corporate,Office Supplies,Labels,OFF-LA-10004545,20,30,2,5,2565
8901,23-08-2022,Standard Class,Consumer,Furniture,Furnishings,FUR-FU-10001379,20,30,3,3,4906
8902,22-03-2023,Standard Class,Consumer,Office Supplies,Paper,OFF-PA-10001846,20,20,4,4,1313
8903,03-08-2022,Standard Class,Consumer,Furniture,Chairs,FUR-CH-10000422,160,190,3,4,1102
8904,16-01-2023,Standard Class,Consumer,Office Supplies,Paper,OFF-PA-10004621,10,10,2,4,4106
8905,30-05-2023,Same Day,Home Office,Office Supplies,Labels,OFF-LA-10001474,30,30,1,5,4908
8906,22-10-2023,Same Day,Home Office,Technology,Accessories,TEC-AC-10001635,30,30,3,4,3878
8907,22-01-2022,Same Day,Home Office,Office Supplies,Paper,OFF-PA-10001950,70,80,9,2,252
8908,11-03-2023,First Class,Corporate,Technology,Phones,TEC-PH-10001552,60,70,7,2,2242
8909,08-03-2023,Standard Class,Corporate,Office Supplies,Paper,OFF-PA-10003790,150,180,8,3,2157
8910,30-04-2023,Standard Class,Consumer,Office Supplies,Labels,OFF-LA-10002475,20,20,3,2,2591
8911,01-11-2022,Standard Class,Consumer,Technology,Accessories,TEC-AC-10000303,100,100,3,3,842
8912,15-11-2022,Standard Class,Consumer,Technology,Phones,TEC-PH-10000127,120,140,9,3,2142
8913,08-11-2022,Standard Class,Consumer,Office Supplies,Binders,OFF-BI-10004364,0,0,2,2,3253
8914,01-08-2023,Standard Class,Consumer,Office Supplies,Labels,OFF-LA-10002195,0,0,2,4,363
8915,31-12-2023,Standard Class,Corporate,Office Supplies,Storage,OFF-ST-10001490,720,860,6,3,629
8916,04-01-2022,Standard Class,Corporate,Office Supplies,Binders,OFF-BI-10002852,10,10,4,4,2148
8917,10-09-2023,Standard Class,Corporate,Office Supplies,Appliances,OFF-AP-10000390,50,50,4,5,5052
8918,15-11-2022,Standard Class,Corporate,Office Supplies,Paper,OFF-PA-10004327,80,80,2,5,2935
8919,23-08-2023,Standard Class,Corporate,Office Supplies,Binders,OFF-BI-10002353,20,20,6,5,3546
8920,27-06-2023,Standard Class,Corporate,Furniture,Furnishings,FUR-FU-10003192,150,180,2,3,624
8921,12-12-2022,Standard Class,Corporate,Technology,Accessories,TEC-AC-10000736,140,160,2,4,3257
8922,08-11-2022,Standard Class,Corporate,Technology,Phones,TEC-PH-10003095,50,50,3,2,3828
8923,25-02-2023,Standard Class,Corporate,Furniture,Furnishings,FUR-FU-10002885,10,10,3,5,587
8924,06-12-2023,Standard Class,Consumer,Office Supplies,Binders,OFF-BI-10001525,0,0,4,5,4262
8925,25-07-2022,Standard Class,Consumer,Technology,Phones,TEC-PH-10004241,1320,1440,4,5,1517
8926,02-04-2023,Standard Class,Consumer,Office Supplies,Binders,OFF-BI-10000546,0,0,3,2,885
8927,25-06-2022,Standard Class,Consumer,Furniture,Tables,FUR-TA-10004256,570,630,3,4,4148
8928,07-10-2022,Second Class,Corporate,Office Supplies,Art,OFF-AR-10002067,90,100,5,2,1591
8929,27-04-2023,Standard Class,Consumer,Furniture,Tables,FUR-TA-10000688,570,610,4,5,1431
8930,18-03-2023,Standard Class,Consumer,Furniture,Tables,FUR-TA-10002530,170,210,2,5,357
8931,19-08-2023,Standard Class,Consumer,Technology,Phones,TEC-PH-10001061,200,240,3,2,2091
8932,18-06-2022,Standard Class,Corporate,Furniture,Furnishings,FUR-FU-10001057,80,100,5,2,4721
8933,23-11-2023,Standard Class,Corporate,Technology,Accessories,TEC-AC-10002331,30,30,3,2,1358
8934,03-02-2023,Standard Class,Corporate,Furniture,Furnishings,FUR-FU-10003724,20,20,2,4,2115
8935,09-09-2022,Same Day,Corporate,Office Supplies,Paper,OFF-PA-10000528,10,10,3,4,3231
8936,07-10-2022,Same Day,Corporate,Technology,Accessories,TEC-AC-10001908,970,1120,14,4,1028
8937,31-08-2022,Second Class,Consumer,Office Supplies,Art,OFF-AR-10003903,170,200,5,3,1837
8938,30-08-2023,Second Class,Consumer,Technology,Phones,TEC-PH-10004908,130,140,2,4,3161
8939,08-11-2023,Second Class,Consumer,Office Supplies,Art,OFF-AR-10001940,20,20,5,2,4474
8940,16-02-2022,Second Class,Consumer,Office Supplies,Binders,OFF-BI-10002026,80,90,2,4,2319
8941,06-06-2022,Second Class,Consumer,Office Supplies,Supplies,OFF-SU-10003936,10,10,3,3,3295
8942,24-04-2023,First Class,Consumer,Office Supplies,Binders,OFF-BI-10002813,0,0,7,5,1749
8943,02-10-2023,First Class,Consumer,Technology,Machines,TEC-MA-10003337,150,180,3,5,3592
8944,01-04-2023,Standard Class,Consumer,Furniture,Chairs,FUR-CH-10001545,200,240,3,2,1481
8945,22-04-2022,First Class,Home Office,Office Supplies,Paper,OFF-PA-10000062,150,160,3,5,1543
8946,05-01-2022,Second Class,Corporate,Office Supplies,Supplies,OFF-SU-10001574,10,10,3,2,2572
8947,01-04-2022,Standard Class,Corporate,Office Supplies,Paper,OFF-PA-10001972,20,20,3,3,2712
8948,07-12-2023,Standard Class,Corporate,Office Supplies,Binders,OFF-BI-10000201,10,10,5,4,3317
8949,04-07-2023,First Class,Consumer,Office Supplies,Appliances,OFF-AP-10003278,10,10,1,3,1609
8950,20-08-2023,Standard Class,Consumer,Furniture,Tables,FUR-TA-10002903,820,930,6,5,4233
8951,24-05-2022,Standard Class,Consumer,Technology,Accessories,TEC-AC-10001013,50,50,2,5,1995
8952,09-07-2022,Standard Class,Consumer,Office Supplies,Storage,OFF-ST-10000918,30,30,3,2,3875
8953,20-01-2022,Standard Class,Consumer,Office Supplies,Art,OFF-AR-10001419,20,20,7,5,1326
8954,08-12-2022,Standard Class,Consumer,Office Supplies,Appliances,OFF-AP-10003266,60,60,5,3,115
8955,11-05-2022,Second Class,Consumer,Furniture,Bookcases,FUR-BO-10000468,130,160,4,3,1680
8956,11-03-2023,Standard Class,Corporate,Office Supplies,Paper,OFF-PA-10004610,10,10,2,3,1767
8957,27-04-2022,First Class,Consumer,Furniture,Furnishings,FUR-FU-10004963,20,20,3,4,1507
8958,21-06-2022,First Class,Consumer,Technology,Machines,TEC-MA-10004626,110,120,2,2,4460
8959,08-10-2022,Standard Class,Consumer,Technology,Phones,TEC-PH-10003437,270,300,5,2,3240
8960,26-03-2023,Standard Class,Consumer,Office Supplies,Appliances,OFF-AP-10002867,60,70,5,3,4873
8961,18-10-2022,Standard Class,Consumer,Furniture,Chairs,FUR-CH-10002126,760,850,5,5,3023
8962,26-02-2023,Standard Class,Consumer,Office Supplies,Art,OFF-AR-10001761,20,20,4,2,3611
8963,20-07-2023,First Class,Consumer,Furniture,Furnishings,FUR-FU-10004665,220,270,2,3,1314
8964,18-11-2023,First Class,Consumer,Technology,Accessories,TEC-AC-10000057,90,90,3,4,1373
8965,24-06-2023,First Class,Consumer,Furniture,Furnishings,FUR-FU-10003806,620,760,5,4,4432
8966,03-07-2023,Standard Class,Consumer,Office Supplies,Binders,OFF-BI-10000145,0,0,2,4,2931
8967,06-08-2023,Standard Class,Home Office,Technology,Accessories,TEC-AC-10000892,60,70,1,3,3803
8968,17-05-2023,Standard Class,Home Office,Furniture,Chairs,FUR-CH-10004886,380,470,7,3,2162
8969,25-07-2023,First Class,Consumer,Office Supplies,Storage,OFF-ST-10002554,30,40,1,5,3501
8970,04-09-2023,Standard Class,Corporate,Office Supplies,Art,OFF-AR-10001662,20,20,9,4,4692
8971,16-11-2023,Standard Class,Corporate,Technology,Phones,TEC-PH-10004531,130,150,2,3,152
8972,13-06-2023,Standard Class,Consumer,Furniture,Chairs,FUR-CH-10000665,250,270,2,5,3315
8973,04-01-2022,First Class,Consumer,Technology,Accessories,TEC-AC-10003023,40,50,1,3,2028
8974,28-04-2023,Second Class,Consumer,Furniture,Bookcases,FUR-BO-10004709,320,340,7,5,4363
8975,02-10-2022,First Class,Corporate,Office Supplies,Paper,OFF-PA-10000477,40,40,7,4,4577
8976,01-04-2023,First Class,Corporate,Office Supplies,Paper,OFF-PA-10002923,70,80,2,2,5000
8977,17-03-2022,First Class,Corporate,Furniture,Tables,FUR-TA-10003008,120,130,1,4,3357
8978,21-07-2023,First Class,Corporate,Office Supplies,Binders,OFF-BI-10003707,10,10,2,2,1890
8979,18-11-2022,Second Class,Corporate,Office Supplies,Binders,OFF-BI-10000546,10,10,2,5,1606
8980,03-11-2023,Second Class,Consumer,Office Supplies,Binders,OFF-BI-10000404,0,0,1,2,4850
8981,14-07-2023,Second Class,Consumer,Office Supplies,Binders,OFF-BI-10001196,10,10,2,4,4763
8982,10-06-2023,Standard Class,Consumer,Office Supplies,Appliances,OFF-AP-10001626,0,0,3,3,3216
8983,26-08-2022,Standard Class,Consumer,Office Supplies,Binders,OFF-BI-10004656,0,0,4,5,239
8984,27-11-2022,Standard Class,Consumer,Furniture,Furnishings,FUR-FU-10003773,140,160,5,4,2905
8985,05-10-2023,Standard Class,Consumer,Furniture,Tables,FUR-TA-10000849,130,150,2,3,966
8986,02-08-2023,Standard Class,Consumer,Furniture,Furnishings,FUR-FU-10000222,70,80,3,4,4669
8987,25-07-2023,Standard Class,Consumer,Office Supplies,Binders,OFF-BI-10001718,80,100,5,2,2817
8988,26-06-2023,Standard Class,Consumer,Technology,Phones,TEC-PH-10001700,90,110,2,5,483
8989,05-04-2023,Standard Class,Consumer,Office Supplies,Art,OFF-AR-10004078,10,10,2,2,2449
8990,29-01-2022,Standard Class,Corporate,Furniture,Furnishings,FUR-FU-10003026,10,10,2,5,2316
8991,14-09-2023,Standard Class,Corporate,Technology,Copiers,TEC-CO-10003763,4360,4900,7,3,1011
8992,15-02-2022,Standard Class,Home Office,Technology,Accessories,TEC-AC-10004708,90,100,5,5,3572
8993,29-10-2022,Standard Class,Corporate,Technology,Accessories,TEC-AC-10003499,20,20,2,3,1316
8994,22-03-2022,Standard Class,Corporate,Furniture,Tables,FUR-TA-10001950,1670,1880,7,4,3357
8995,13-07-2023,First Class,Consumer,Office Supplies,Paper,OFF-PA-10000312,80,90,5,5,47
8996,28-03-2022,First Class,Consumer,Office Supplies,Appliances,OFF-AP-10004708,130,150,5,5,2886
8997,07-01-2022,First Class,Consumer,Technology,Phones,TEC-PH-10004531,30,40,2,4,4241
8998,08-02-2023,Same Day,Consumer,Office Supplies,Paper,OFF-PA-10000474,50,60,2,2,2090
8999,15-07-2022,Same Day,Consumer,Office Supplies,Paper,OFF-PA-10002377,230,270,7,4,84
9000,03-10-2023,Standard Class,Home Office,Furniture,Chairs,FUR-CH-10001482,410,460,5,4,4349
9001,18-02-2023,Same Day,Consumer,Office Supplies,Binders,OFF-BI-10001553,10,10,3,4,689
9002,21-11-2023,Standard Class,Corporate,Technology,Accessories,TEC-AC-10000199,10,10,1,5,4217
9003,09-05-2022,Standard Class,Corporate,Office Supplies,Paper,OFF-PA-10002195,20,20,3,5,3569
9004,14-03-2022,Same Day,Consumer,Technology,Accessories,TEC-AC-10001767,220,240,6,2,1701
9005,13-05-2022,Same Day,Consumer,Office Supplies,Art,OFF-AR-10002467,20,20,8,2,2506
9006,15-08-2023,Same Day,Corporate,Office Supplies,Storage,OFF-ST-10001321,80,90,6,5,3201
9007,22-01-2023,Same Day,Corporate,Office Supplies,Storage,OFF-ST-10000777,30,40,1,5,358
9008,21-04-2023,Same Day,Corporate,Office Supplies,Labels,OFF-LA-10003720,10,10,2,4,765
9009,09-09-2022,Same Day,Corporate,Furniture,Furnishings,FUR-FU-10000206,10,10,2,4,3667
9010,10-12-2023,Standard Class,Consumer,Office Supplies,Paper,OFF-PA-10000791,0,0,1,4,4937
9011,25-02-2022,Standard Class,Corporate,Office Supplies,Binders,OFF-BI-10001787,30,30,4,5,4490
9012,20-09-2022,First Class,Home Office,Technology,Accessories,TEC-AC-10004353,90,100,2,2,4217
9013,25-05-2022,First Class,Corporate,Furniture,Furnishings,FUR-FU-10001861,110,140,7,2,643
9014,20-10-2023,Standard Class,Corporate,Office Supplies,Art,OFF-AR-10002766,10,10,5,5,4656
9015,01-09-2023,Standard Class,Corporate,Office Supplies,Envelopes,OFF-EN-10003072,20,20,5,4,1181
9016,25-10-2022,Standard Class,Corporate,Office Supplies,Binders,OFF-BI-10001636,10,10,2,3,4270
9017,19-07-2022,Standard Class,Corporate,Office Supplies,Binders,OFF-BI-10000948,10,10,1,4,670
9018,03-09-2022,Second Class,Consumer,Office Supplies,Paper,OFF-PA-10001838,20,20,3,2,1919
9019,06-07-2022,Second Class,Consumer,Office Supplies,Binders,OFF-BI-10002215,20,20,3,3,4067
9020,01-07-2022,Second Class,Consumer,Technology,Accessories,TEC-AC-10001314,90,100,2,5,976
9021,06-09-2023,Second Class,Consumer,Furniture,Furnishings,FUR-FU-10002268,30,30,6,2,1932
9022,27-11-2023,Standard Class,Corporate,Office Supplies,Binders,OFF-BI-10002133,160,170,13,3,3432
9023,05-04-2022,First Class,Home Office,Furniture,Furnishings,FUR-FU-10001979,80,100,3,4,4328
9024,03-06-2023,First Class,Consumer,Furniture,Chairs,FUR-CH-10001482,110,120,1,4,3782
9025,17-03-2022,Standard Class,Corporate,Technology,Accessories,TEC-AC-10002018,20,20,3,5,2208
9026,10-08-2023,Standard Class,Corporate,Technology,Accessories,TEC-AC-10000397,110,140,4,5,2144
9027,14-08-2022,Standard Class,Corporate,Furniture,Furnishings,FUR-FU-10003976,30,40,3,4,3044
9028,12-09-2022,Standard Class,Consumer,Furniture,Furnishings,FUR-FU-10002597,10,10,3,2,2319
9029,12-06-2023,Standard Class,Consumer,Furniture,Furnishings,FUR-FU-10004864,160,190,3,3,3435
9030,30-09-2023,Standard Class,Consumer,Office Supplies,Binders,OFF-BI-10002103,10,10,2,3,4671
9031,13-05-2022,Same Day,Corporate,Office Supplies,Appliances,OFF-AP-10001005,270,310,4,4,1812
9032,30-11-2022,Same Day,Corporate,Furniture,Tables,FUR-TA-10002607,240,280,4,3,3841
9033,04-01-2023,Standard Class,Home Office,Furniture,Chairs,FUR-CH-10000454,460,490,2,4,3479
9034,28-05-2022,Standard Class,Consumer,Office Supplies,Binders,OFF-BI-10001359,1450,1790,2,4,3745
9035,09-12-2022,Standard Class,Consumer,Office Supplies,Binders,OFF-BI-10003196,0,0,4,5,1542
9036,15-12-2022,Standard Class,Consumer,Technology,Accessories,TEC-AC-10003657,100,110,4,5,3286
9037,29-04-2022,First Class,Consumer,Office Supplies,Paper,OFF-PA-10002262,30,30,4,4,344
9038,02-04-2023,First Class,Consumer,Office Supplies,Storage,OFF-ST-10002214,20,20,2,5,635
9039,16-04-2022,Same Day,Consumer,Technology,Phones,TEC-PH-10003555,50,60,3,2,3564
9040,25-02-2023,Standard Class,Consumer,Office Supplies,Binders,OFF-BI-10000545,8410,9890,13,5,1024
9041,30-11-2023,Standard Class,Corporate,Furniture,Tables,FUR-TA-10004607,60,70,1,5,992
9042,11-11-2023,Standard Class,Consumer,Furniture,Furnishings,FUR-FU-10000277,270,340,4,5,1910
9043,04-06-2022,Second Class,Corporate,Office Supplies,Appliances,OFF-AP-10004532,60,60,3,5,1151
9044,02-08-2023,Standard Class,Corporate,Technology,Accessories,TEC-AC-10003911,450,480,3,2,5096
9045,26-01-2022,Second Class,Corporate,Office Supplies,Binders,OFF-BI-10003196,10,10,2,2,3273
9046,12-08-2023,Second Class,Corporate,Technology,Accessories,TEC-AC-10000358,160,190,5,2,4793
9047,28-07-2023,Second Class,Corporate,Technology,Accessories,TEC-AC-10000057,140,150,5,4,4228
9048,24-08-2023,Second Class,Corporate,Office Supplies,Art,OFF-AR-10001988,30,30,5,4,4527
9049,08-01-2023,Second Class,Corporate,Office Supplies,Labels,OFF-LA-10003498,30,40,3,3,2909
9050,09-07-2022,Standard Class,Home Office,Office Supplies,Art,OFF-AR-10002956,60,70,3,4,52
9051,06-01-2023,Standard Class,Corporate,Office Supplies,Paper,OFF-PA-10003724,10,10,2,5,286
9052,30-03-2023,Second Class,Corporate,Office Supplies,Art,OFF-AR-10004272,0,0,2,3,2161
9053,22-12-2023,Second Class,Corporate,Office Supplies,Binders,OFF-BI-10003291,30,30,4,3,1003
9054,12-11-2023,Second Class,Corporate,Technology,Phones,TEC-PH-10004100,30,30,2,5,4781
9055,14-06-2023,Standard Class,Consumer,Office Supplies,Supplies,OFF-SU-10001218,20,20,2,4,840
9056,05-12-2023,Second Class,Consumer,Technology,Accessories,TEC-AC-10004209,20,20,2,2,2011
9057,07-02-2022,First Class,Home Office,Furniture,Chairs,FUR-CH-10002073,2100,2620,11,2,4943
9058,08-03-2023,Standard Class,Consumer,Furniture,Furnishings,FUR-FU-10003424,60,70,7,4,5096
9059,13-08-2022,Standard Class,Consumer,Furniture,Tables,FUR-TA-10001086,310,360,3,5,2301
9060,17-12-2022,Standard Class,Corporate,Furniture,Tables,FUR-TA-10004619,940,1120,7,4,2616
9061,06-01-2022,First Class,Corporate,Office Supplies,Binders,OFF-BI-10002854,80,90,4,2,2748
9062,15-02-2023,First Class,Corporate,Office Supplies,Labels,OFF-LA-10002762,40,50,4,4,1836
9063,14-08-2023,Standard Class,Corporate,Office Supplies,Fasteners,OFF-FA-10003495,30,40,6,5,4428
9064,26-06-2023,Standard Class,Consumer,Office Supplies,Paper,OFF-PA-10002581,290,320,13,3,3721
9065,18-02-2023,Standard Class,Consumer,Office Supplies,Binders,OFF-BI-10000343,0,0,3,3,2419
9066,02-05-2023,Standard Class,Consumer,Office Supplies,Paper,OFF-PA-10001184,20,20,4,4,4808
9067,23-07-2023,Standard Class,Consumer,Technology,Accessories,TEC-AC-10000521,20,20,2,5,699
9068,29-09-2023,Standard Class,Consumer,Technology,Phones,TEC-PH-10002890,70,90,2,5,2864
9069,05-12-2023,Second Class,Consumer,Furniture,Chairs,FUR-CH-10003061,180,220,3,2,2622
9070,22-07-2022,Second Class,Consumer,Office Supplies,Envelopes,OFF-EN-10003567,60,70,3,4,859
9071,01-06-2022,First Class,Corporate,Furniture,Furnishings,FUR-FU-10001918,10,10,3,3,4930
9072,19-04-2022,Standard Class,Home Office,Office Supplies,Storage,OFF-ST-10002444,20,20,2,5,3379
9073,19-10-2023,Standard Class,Consumer,Office Supplies,Envelopes,OFF-EN-10003286,20,20,2,5,1862
9074,27-05-2022,Standard Class,Consumer,Technology,Accessories,TEC-AC-10000109,240,280,5,3,1920
9075,29-08-2023,Standard Class,Corporate,Office Supplies,Storage,OFF-ST-10002574,700,830,6,5,3309
9076,17-09-2022,First Class,Consumer,Office Supplies,Binders,OFF-BI-10000773,10,10,3,2,1896
9077,28-05-2023,First Class,Consumer,Office Supplies,Supplies,OFF-SU-10004661,30,30,4,5,34
9078,06-04-2022,Standard Class,Corporate,Technology,Accessories,TEC-AC-10003280,70,90,3,4,4538
9079,29-08-2022,Standard Class,Consumer,Furniture,Furnishings,FUR-FU-10003773,280,320,4,4,628
9080,03-08-2022,Standard Class,Consumer,Office Supplies,Binders,OFF-BI-10002412,10,10,1,3,248
9081,13-12-2023,Second Class,Corporate,Technology,Phones,TEC-PH-10002564,130,140,6,5,3507
9082,09-03-2022,Second Class,Corporate,Office Supplies,Paper,OFF-PA-10002262,20,20,3,3,2792
9083,19-06-2023,Standard Class,Consumer,Office Supplies,Art,OFF-AR-10000246,10,10,2,5,560
9084,09-10-2022,First Class,Corporate,Office Supplies,Storage,OFF-ST-10002554,140,150,3,4,4448
9085,17-10-2022,First Class,Corporate,Office Supplies,Paper,OFF-PA-10002751,30,30,5,5,4817
9086,27-09-2022,Second Class,Consumer,Office Supplies,Binders,OFF-BI-10004318,270,280,2,2,4662
9087,05-01-2022,Standard Class,Corporate,Office Supplies,Appliances,OFF-AP-10001564,80,90,2,4,4498
9088,17-10-2023,Standard Class,Corporate,Furniture,Chairs,FUR-CH-10000513,370,450,5,4,1043
9089,20-06-2022,Standard Class,Corporate,Technology,Phones,TEC-PH-10001433,240,250,3,4,4809
9090,15-09-2023,Second Class,Consumer,Office Supplies,Storage,OFF-ST-10002790,280,300,5,2,1541
9091,25-08-2023,First Class,Consumer,Office Supplies,Storage,OFF-ST-10002974,330,350,8,2,4502
9092,02-08-2023,Second Class,Corporate,Office Supplies,Paper,OFF-PA-10003177,20,20,3,3,1562
9093,19-05-2022,Second Class,Corporate,Furniture,Bookcases,FUR-BO-10001918,440,480,6,5,3460
9094,21-01-2022,Standard Class,Consumer,Technology,Phones,TEC-PH-10001299,250,300,2,3,1080
9095,31-12-2022,Standard Class,Consumer,Office Supplies,Binders,OFF-BI-10004224,330,400,6,3,3676
9096,20-04-2023,Standard Class,Consumer,Technology,Phones,TEC-PH-10001300,30,40,2,3,4270
9097,16-12-2023,Standard Class,Consumer,Office Supplies,Labels,OFF-LA-10004178,30,30,7,5,1911
9098,18-07-2023,Standard Class,Consumer,Office Supplies,Paper,OFF-PA-10000289,30,30,5,4,4907
9099,29-06-2022,Standard Class,Home Office,Technology,Phones,TEC-PH-10002085,350,370,7,2,4872
9100,21-02-2022,Standard Class,Home Office,Office Supplies,Paper,OFF-PA-10001934,10,10,2,4,4784
9101,02-01-2022,Standard Class,Home Office,Technology,Accessories,TEC-AC-10003033,750,790,3,3,4834
9102,22-08-2022,Standard Class,Consumer,Office Supplies,Art,OFF-AR-10001683,20,20,3,3,420
9103,04-08-2023,Standard Class,Consumer,Office Supplies,Storage,OFF-ST-10001713,70,80,2,5,4540
9104,22-12-2023,Standard Class,Consumer,Furniture,Furnishings,FUR-FU-10000193,50,60,5,5,2835
9105,13-10-2022,Standard Class,Consumer,Office Supplies,Binders,OFF-BI-10000474,30,30,10,2,3869
9106,04-09-2022,Standard Class,Consumer,Office Supplies,Storage,OFF-ST-10000129,150,180,2,3,4142
9107,22-07-2022,Standard Class,Consumer,Technology,Machines,TEC-MA-10001016,250,290,3,4,1927
9108,27-04-2022,First Class,Corporate,Office Supplies,Supplies,OFF-SU-10002557,20,20,2,5,66
9109,04-09-2022,First Class,Corporate,Office Supplies,Paper,OFF-PA-10002160,30,30,7,5,3219
9110,22-10-2023,First Class,Corporate,Technology,Accessories,TEC-AC-10003095,180,210,2,5,3882
9111,13-06-2023,First Class,Home Office,Office Supplies,Envelopes,OFF-EN-10003160,40,40,5,4,1753
9112,26-09-2023,First Class,Home Office,Technology,Accessories,TEC-AC-10001542,20,20,2,2,2841
9113,09-09-2022,First Class,Home Office,Office Supplies,Storage,OFF-ST-10003641,290,320,4,3,856
9114,13-03-2023,First Class,Home Office,Office Supplies,Binders,OFF-BI-10002432,20,20,3,3,3742
9115,07-08-2022,Second Class,Corporate,Technology,Phones,TEC-PH-10004094,580,620,5,4,239
9116,11-10-2022,Second Class,Consumer,Technology,Phones,TEC-PH-10001817,410,430,2,4,1828
9117,14-04-2023,Second Class,Consumer,Furniture,Furnishings,FUR-FU-10002759,30,30,2,4,3135
9118,13-01-2023,Second Class,Consumer,Furniture,Chairs,FUR-CH-10000309,850,890,3,2,4856
9119,03-08-2023,Second Class,Consumer,Office Supplies,Paper,OFF-PA-10003673,20,20,4,4,22
9120,01-07-2022,Standard Class,Home Office,Office Supplies,Labels,OFF-LA-10000452,20,20,7,2,2900
9121,25-06-2022,Standard Class,Home Office,Office Supplies,Paper,OFF-PA-10000210,90,100,5,2,322
9122,09-04-2022,Second Class,Corporate,Office Supplies,Appliances,OFF-AP-10000358,90,90,7,5,4926
9123,18-11-2023,Same Day,Consumer,Office Supplies,Paper,OFF-PA-10002137,10,10,1,3,5008
9124,17-01-2023,Second Class,Consumer,Office Supplies,Binders,OFF-BI-10003364,70,80,9,3,4911
9125,15-04-2023,Second Class,Home Office,Furniture,Furnishings,FUR-FU-10001940,10,10,3,5,1078
9126,30-04-2023,Second Class,Home Office,Furniture,Furnishings,FUR-FU-10000320,10,10,4,4,2262
9127,12-09-2023,Standard Class,Home Office,Office Supplies,Art,OFF-AR-10004441,10,10,2,4,283
9128,14-08-2022,Standard Class,Consumer,Office Supplies,Storage,OFF-ST-10002182,40,50,3,4,957
9129,14-05-2023,First Class,Corporate,Office Supplies,Binders,OFF-BI-10002931,80,90,7,3,877
9130,26-05-2022,Second Class,Consumer,Furniture,Bookcases,FUR-BO-10004357,290,300,3,4,1423
9131,07-04-2022,Second Class,Consumer,Office Supplies,Art,OFF-AR-10000475,20,20,2,3,4857
9132,31-05-2023,Standard Class,Corporate,Furniture,Furnishings,FUR-FU-10001473,30,30,2,4,108
9133,08-09-2022,Standard Class,Corporate,Office Supplies,Appliances,OFF-AP-10001469,120,130,3,2,4665
9134,27-08-2023,Standard Class,Home Office,Technology,Phones,TEC-PH-10004447,490,560,5,2,4697
9135,19-12-2023,Standard Class,Corporate,Office Supplies,Storage,OFF-ST-10001469,120,130,3,2,3348
9136,14-03-2022,Standard Class,Corporate,Office Supplies,Storage,OFF-ST-10000060,40,50,1,5,479
9137,19-05-2022,Standard Class,Corporate,Office Supplies,Paper,OFF-PA-10000807,10,10,3,3,2106
9138,29-01-2022,Standard Class,Consumer,Office Supplies,Binders,OFF-BI-10000666,20,20,2,2,715
9139,30-05-2023,Standard Class,Consumer,Technology,Phones,TEC-PH-10002890,150,180,5,4,2408
9140,06-05-2023,Standard Class,Consumer,Technology,Accessories,TEC-AC-10000844,440,480,7,5,10
9141,27-01-2022,Second Class,Home Office,Technology,Accessories,TEC-AC-10002402,150,160,2,3,3090
9142,21-09-2022,First Class,Corporate,Technology,Phones,TEC-PH-10003988,30,40,4,3,4473
9143,19-06-2023,Standard Class,Consumer,Office Supplies,Binders,OFF-BI-10004040,10,10,2,4,2493
9144,12-09-2022,Standard Class,Consumer,Technology,Phones,TEC-PH-10004094,1030,1120,9,5,1529
9145,18-09-2023,Standard Class,Consumer,Office Supplies,Appliances,OFF-AP-10000358,60,60,5,3,2689
9146,10-06-2022,Standard Class,Consumer,Office Supplies,Binders,OFF-BI-10000138,0,0,3,2,1460
9147,22-09-2023,Standard Class,Corporate,Technology,Accessories,TEC-AC-10002926,80,100,2,3,1212
9148,24-03-2022,Standard Class,Corporate,Office Supplies,Art,OFF-AR-10003477,10,10,6,2,1286
9149,13-08-2023,Standard Class,Corporate,Office Supplies,Storage,OFF-ST-10001526,1330,1560,13,2,3875
9150,29-12-2023,Standard Class,Corporate,Office Supplies,Binders,OFF-BI-10001765,120,140,4,3,4708
9151,09-03-2022,Standard Class,Corporate,Office Supplies,Appliances,OFF-AP-10004859,60,70,5,4,2783
9152,23-04-2022,Second Class,Consumer,Office Supplies,Art,OFF-AR-10003179,10,10,2,2,2152
9153,19-10-2023,Second Class,Consumer,Technology,Accessories,TEC-AC-10002345,20,20,2,3,832
9154,14-08-2022,Second Class,Consumer,Office Supplies,Art,OFF-AR-10001246,20,20,7,4,2360
9155,18-03-2022,Second Class,Consumer,Furniture,Furnishings,FUR-FU-10004864,20,20,2,2,4808
9156,13-10-2023,Standard Class,Consumer,Office Supplies,Paper,OFF-PA-10001804,30,40,6,4,47
9157,25-07-2022,Standard Class,Corporate,Office Supplies,Appliances,OFF-AP-10001271,90,100,2,3,4822
9158,05-09-2022,Standard Class,Corporate,Office Supplies,Paper,OFF-PA-10004353,240,260,13,3,3018
9159,28-07-2023,Standard Class,Corporate,Technology,Accessories,TEC-AC-10002473,240,260,9,5,2255
9160,29-06-2023,Standard Class,Home Office,Office Supplies,Binders,OFF-BI-10003314,0,0,3,3,2089
9161,14-09-2023,Standard Class,Home Office,Office Supplies,Binders,OFF-BI-10004465,10,10,5,5,2365
9162,03-05-2023,Standard Class,Consumer,Furniture,Bookcases,FUR-BO-10003450,380,410,7,5,1217
9163,29-10-2022,Standard Class,Consumer,Furniture,Chairs,FUR-CH-10002335,560,680,3,3,2458
9164,20-07-2023,Standard Class,Consumer,Technology,Accessories,TEC-AC-10003433,0,0,3,2,3235
9165,14-04-2023,Standard Class,Consumer,Office Supplies,Appliances,OFF-AP-10003849,130,140,2,4,2220
9166,24-03-2022,Second Class,Consumer,Technology,Machines,TEC-MA-10000984,3670,4480,4,4,4915
9167,16-05-2022,Second Class,Consumer,Office Supplies,Paper,OFF-PA-10000418,90,100,1,5,4632
9168,09-10-2023,Second Class,Consumer,Office Supplies,Appliances,OFF-AP-10001242,200,240,3,3,121
9169,17-01-2023,Standard Class,Home Office,Office Supplies,Paper,OFF-PA-10001954,290,320,14,5,272
9170,05-07-2022,Standard Class,Home Office,Office Supplies,Paper,OFF-PA-10001954,40,50,2,4,3445
9171,19-01-2022,Same Day,Home Office,Furniture,Furnishings,FUR-FU-10000448,20,30,2,5,4602
9172,18-01-2022,Same Day,Home Office,Office Supplies,Paper,OFF-PA-10001357,40,50,1,3,3729
9173,02-08-2022,Same Day,Home Office,Office Supplies,Storage,OFF-ST-10002292,1040,1110,3,3,1219
9174,25-04-2022,Same Day,Home Office,Office Supplies,Envelopes,OFF-EN-10001219,20,20,3,4,2539
9175,26-04-2022,Second Class,Consumer,Technology,Phones,TEC-PH-10002564,60,70,3,3,3802
9176,16-10-2023,Second Class,Consumer,Office Supplies,Paper,OFF-PA-10001639,20,20,3,3,1979
9177,02-03-2022,Standard Class,Corporate,Office Supplies,Binders,OFF-BI-10001153,30,30,3,2,480
9178,25-02-2023,Standard Class,Consumer,Technology,Phones,TEC-PH-10003356,10,10,2,4,3182
9179,15-09-2022,Standard Class,Consumer,Office Supplies,Art,OFF-AR-10001725,20,20,1,3,4241
9180,01-09-2022,Standard Class,Consumer,Technology,Phones,TEC-PH-10002415,600,710,3,5,2395
9181,29-06-2023,Standard Class,Consumer,Office Supplies,Binders,OFF-BI-10003355,10,10,3,5,4785
9182,09-09-2023,Standard Class,Consumer,Office Supplies,Binders,OFF-BI-10000216,30,30,3,5,4667
9183,04-11-2023,Standard Class,Consumer,Technology,Accessories,TEC-AC-10004803,60,60,4,4,3194
9184,02-01-2022,Standard Class,Consumer,Office Supplies,Paper,OFF-PA-10001970,20,20,2,4,4535
9185,26-12-2023,Standard Class,Consumer,Furniture,Furnishings,FUR-FU-10004848,40,50,1,3,3532
9186,30-01-2023,Standard Class,Consumer,Furniture,Chairs,FUR-CH-10002317,180,210,1,4,4123
9187,21-01-2022,Standard Class,Consumer,Office Supplies,Appliances,OFF-AP-10002534,1310,1470,5,4,1709
9188,31-08-2022,Standard Class,Home Office,Office Supplies,Supplies,OFF-SU-10001935,0,0,2,4,1740
9189,27-11-2023,Standard Class,Home Office,Technology,Accessories,TEC-AC-10000290,20,20,4,5,3774
9190,31-12-2022,Standard Class,Home Office,Office Supplies,Storage,OFF-ST-10002574,630,660,6,5,485
9191,26-03-2023,Standard Class,Home Office,Office Supplies,Binders,OFF-BI-10004519,90,100,2,5,3049
9192,14-12-2023,Standard Class,Home Office,Office Supplies,Paper,OFF-PA-10003625,40,50,2,2,3355
9193,21-05-2022,Standard Class,Corporate,Office Supplies,Binders,OFF-BI-10001524,20,30,7,3,4212
9194,05-04-2022,Standard Class,Corporate,Technology,Phones,TEC-PH-10002200,290,340,2,5,2018
9195,20-08-2023,Standard Class,Consumer,Office Supplies,Supplies,OFF-SU-10001664,40,50,7,4,296
9196,27-08-2023,Standard Class,Consumer,Technology,Accessories,TEC-AC-10002550,90,100,4,2,278
9197,10-09-2022,Standard Class,Consumer,Office Supplies,Paper,OFF-PA-10004353,30,40,2,2,4861
9198,25-12-2023,Standard Class,Consumer,Technology,Phones,TEC-PH-10001817,1320,1430,5,2,2794
9199,07-10-2022,Standard Class,Consumer,Office Supplies,Supplies,OFF-SU-10004737,30,40,6,3,620
9200,18-04-2023,Standard Class,Consumer,Furniture,Chairs,FUR-CH-10002320,250,260,1,5,2994
9201,02-04-2023,First Class,Consumer,Furniture,Bookcases,FUR-BO-10001337,110,120,1,3,2377
9202,07-09-2023,First Class,Consumer,Office Supplies,Binders,OFF-BI-10004584,280,320,1,4,4162
9203,13-10-2022,Standard Class,Corporate,Office Supplies,Binders,OFF-BI-10004817,30,30,3,2,2774
9204,20-09-2023,Standard Class,Corporate,Office Supplies,Art,OFF-AR-10004602,90,110,5,4,781
9205,13-07-2023,Standard Class,Corporate,Office Supplies,Art,OFF-AR-10001149,20,20,8,5,415
9206,16-06-2022,Same Day,Consumer,Office Supplies,Art,OFF-AR-10004817,20,20,3,5,3221
9207,09-07-2022,Same Day,Consumer,Office Supplies,Paper,OFF-PA-10003797,40,50,8,2,4988
9208,04-01-2022,Standard Class,Consumer,Technology,Accessories,TEC-AC-10000682,40,40,3,3,1243
9209,12-06-2022,Second Class,Corporate,Office Supplies,Storage,OFF-ST-10003996,20,20,1,4,3488
9210,16-01-2022,Second Class,Home Office,Office Supplies,Envelopes,OFF-EN-10003160,10,10,1,2,1904
9211,27-11-2023,Second Class,Home Office,Office Supplies,Binders,OFF-BI-10002012,10,10,3,2,3734
9212,01-11-2022,Standard Class,Consumer,Office Supplies,Paper,OFF-PA-10002105,20,20,3,4,1822
9213,24-02-2022,Standard Class,Corporate,Furniture,Furnishings,FUR-FU-10000397,40,40,2,5,681
9214,07-09-2022,Standard Class,Corporate,Furniture,Furnishings,FUR-FU-10000758,70,80,3,5,518
9215,04-09-2023,First Class,Corporate,Office Supplies,Labels,OFF-LA-10004677,20,20,7,4,4746
9216,25-06-2022,Standard Class,Corporate,Office Supplies,Paper,OFF-PA-10004451,30,30,5,5,4391
9217,11-10-2022,Standard Class,Corporate,Office Supplies,Appliances,OFF-AP-10002311,10,10,1,4,4521
9218,15-02-2023,First Class,Home Office,Office Supplies,Envelopes,OFF-EN-10004459,20,20,2,3,2216
9219,03-07-2023,Standard Class,Consumer,Office Supplies,Storage,OFF-ST-10002352,30,40,7,3,239
9220,10-08-2022,Standard Class,Consumer,Furniture,Bookcases,FUR-BO-10000780,270,300,3,3,2702
9221,29-04-2023,First Class,Consumer,Office Supplies,Labels,OFF-LA-10000248,10,10,3,2,4839
9222,26-01-2023,First Class,Consumer,Furniture,Tables,FUR-TA-10003473,1280,1500,4,3,4184
9223,27-06-2023,First Class,Consumer,Office Supplies,Paper,OFF-PA-10004355,20,30,4,2,3485
9224,19-01-2022,Same Day,Home Office,Office Supplies,Binders,OFF-BI-10001308,10,10,6,4,4565
9225,20-06-2023,Same Day,Home Office,Office Supplies,Binders,OFF-BI-10003094,0,0,2,5,345
9226,03-01-2022,Same Day,Home Office,Office Supplies,Binders,OFF-BI-10004040,0,0,4,5,4563
9227,11-12-2022,Same Day,Home Office,Office Supplies,Storage,OFF-ST-10002485,40,50,3,5,1681
9228,18-07-2023,Standard Class,Corporate,Office Supplies,Appliances,OFF-AP-10001205,350,380,7,2,3494
9229,19-03-2023,Same Day,Home Office,Office Supplies,Art,OFF-AR-10001868,10,10,4,2,916
9230,22-07-2023,First Class,Consumer,Office Supplies,Binders,OFF-BI-10003429,20,20,3,2,617
9231,23-08-2022,First Class,Consumer,Office Supplies,Paper,OFF-PA-10002689,50,60,9,5,908
9232,10-09-2023,Standard Class,Consumer,Office Supplies,Binders,OFF-BI-10003650,830,950,6,5,5061
9233,30-10-2022,Standard Class,Consumer,Furniture,Furnishings,FUR-FU-10001889,70,90,9,5,329
9234,10-11-2022,Standard Class,Consumer,Office Supplies,Storage,OFF-ST-10000321,20,20,3,3,4009
9235,17-02-2023,Standard Class,Consumer,Technology,Phones,TEC-PH-10001530,900,1090,4,5,102
9236,19-05-2022,Standard Class,Consumer,Office Supplies,Art,OFF-AR-10004752,20,20,7,2,285
9237,04-10-2022,Standard Class,Consumer,Furniture,Tables,FUR-TA-10001539,460,570,3,3,1664
9238,09-07-2022,Standard Class,Consumer,Office Supplies,Binders,OFF-BI-10001553,10,10,1,5,496
9239,02-12-2023,First Class,Consumer,Furniture,Furnishings,FUR-FU-10003601,130,150,2,5,3683
9240,24-08-2023,Standard Class,Corporate,Office Supplies,Paper,OFF-PA-10001685,50,60,7,5,2367
9241,22-02-2023,Standard Class,Corporate,Office Supplies,Binders,OFF-BI-10001097,10,10,3,4,2939
9242,06-07-2023,Standard Class,Corporate,Office Supplies,Art,OFF-AR-10001662,10,10,3,5,3888
9243,18-05-2023,Standard Class,Home Office,Office Supplies,Binders,OFF-BI-10002609,10,10,6,5,2425
9244,05-09-2023,Standard Class,Home Office,Furniture,Bookcases,FUR-BO-10004218,110,120,1,3,5005
9245,26-02-2022,Standard Class,Home Office,Office Supplies,Art,OFF-AR-10003251,10,10,2,2,3608
9246,30-10-2023,Standard Class,Home Office,Office Supplies,Paper,OFF-PA-10002365,30,30,5,2,3692
9247,23-06-2023,Standard Class,Home Office,Office Supplies,Art,OFF-AR-10003651,10,10,3,3,5021
9248,06-09-2022,Standard Class,Home Office,Office Supplies,Art,OFF-AR-10003732,0,0,1,5,4508
9249,27-04-2023,Standard Class,Consumer,Office Supplies,Binders,OFF-BI-10002557,0,0,1,3,2991
9250,28-03-2022,Standard Class,Consumer,Technology,Phones,TEC-PH-10003691,830,880,7,2,2096
9251,06-02-2022,Standard Class,Corporate,Office Supplies,Binders,OFF-BI-10001107,100,120,8,5,832
9252,20-01-2023,Standard Class,Corporate,Office Supplies,Binders,OFF-BI-10004224,100,110,2,3,1662
9253,13-02-2022,Second Class,Consumer,Technology,Accessories,TEC-AC-10001114,190,200,5,3,4348
9254,21-04-2022,Second Class,Consumer,Office Supplies,Paper,OFF-PA-10002005,10,10,2,4,4508
9255,17-01-2023,Second Class,Consumer,Furniture,Chairs,FUR-CH-10001146,60,60,1,3,3693
9256,06-09-2023,Second Class,Consumer,Office Supplies,Labels,OFF-LA-10004853,10,10,3,3,1793
9257,24-06-2022,Second Class,Consumer,Office Supplies,Binders,OFF-BI-10004728,10,10,2,4,4265
9258,27-11-2022,Second Class,Consumer,Furniture,Furnishings,FUR-FU-10002298,280,330,3,4,1301
9259,09-09-2023,Second Class,Consumer,Office Supplies,Binders,OFF-BI-10004654,50,50,3,4,1673
9260,26-08-2022,Second Class,Consumer,Office Supplies,Storage,OFF-ST-10002583,50,60,2,3,1747
9261,19-08-2022,Second Class,Consumer,Office Supplies,Supplies,OFF-SU-10004661,30,30,3,4,1019
9262,08-02-2022,Same Day,Home Office,Furniture,Chairs,FUR-CH-10003061,200,220,3,5,762
9263,18-02-2023,Standard Class,Consumer,Furniture,Chairs,FUR-CH-10000513,370,390,3,3,4805
9264,01-04-2022,Standard Class,Consumer,Office Supplies,Appliances,OFF-AP-10002191,230,270,5,3,3239
9265,22-01-2023,Standard Class,Corporate,Office Supplies,Binders,OFF-BI-10000216,10,10,3,4,1884
9266,15-07-2023,Standard Class,Corporate,Office Supplies,Envelopes,OFF-EN-10003448,60,60,7,5,755
9267,19-04-2022,First Class,Home Office,Furniture,Furnishings,FUR-FU-10002111,10,10,2,4,2054
9268,05-06-2022,Same Day,Consumer,Furniture,Chairs,FUR-CH-10001545,90,100,1,5,4134
9269,16-01-2022,Same Day,Consumer,Office Supplies,Paper,OFF-PA-10002947,20,20,3,2,4639
9270,27-04-2023,Standard Class,Consumer,Office Supplies,Binders,OFF-BI-10003476,20,30,7,5,298
9271,07-03-2022,Standard Class,Consumer,Office Supplies,Binders,OFF-BI-10001359,3840,4310,6,3,783
9272,07-06-2022,Standard Class,Corporate,Furniture,Furnishings,FUR-FU-10000320,10,10,3,4,1522
9273,29-01-2023,Standard Class,Corporate,Technology,Phones,TEC-PH-10001835,550,630,4,5,306
9274,21-04-2022,Standard Class,Consumer,Office Supplies,Binders,OFF-BI-10003650,1340,1580,3,4,4826
9275,22-12-2022,Same Day,Corporate,Office Supplies,Art,OFF-AR-10000937,240,260,7,3,3202
9276,09-04-2022,Second Class,Corporate,Office Supplies,Storage,OFF-ST-10000532,150,180,6,5,4569
9277,14-07-2023,Second Class,Corporate,Technology,Accessories,TEC-AC-10001267,50,50,2,5,4134
9278,18-05-2022,Standard Class,Consumer,Office Supplies,Labels,OFF-LA-10004853,20,20,4,4,2384
9279,02-11-2023,Standard Class,Consumer,Office Supplies,Binders,OFF-BI-10001759,10,10,7,5,762
9280,08-02-2023,Standard Class,Consumer,Furniture,Chairs,FUR-CH-10003379,340,400,2,5,736
9281,30-09-2022,Standard Class,Home Office,Furniture,Bookcases,FUR-BO-10002853,150,160,2,2,4213
9282,19-03-2022,Standard Class,Consumer,Office Supplies,Appliances,OFF-AP-10000027,60,70,5,4,4580
9283,17-07-2022,Standard Class,Consumer,Office Supplies,Paper,OFF-PA-10002421,70,70,4,5,224
9284,12-09-2023,Second Class,Consumer,Office Supplies,Labels,OFF-LA-10002475,10,10,2,3,3333
9285,12-09-2023,Standard Class,Corporate,Furniture,Chairs,FUR-CH-10001482,340,390,3,5,3705
9286,07-05-2022,First Class,Consumer,Furniture,Furnishings,FUR-FU-10000087,20,20,1,3,863
9287,07-01-2022,Standard Class,Home Office,Office Supplies,Binders,OFF-BI-10003166,10,10,3,3,2201
9288,05-08-2023,Standard Class,Home Office,Furniture,Tables,FUR-TA-10000688,400,460,3,4,869
9289,05-04-2023,First Class,Consumer,Furniture,Chairs,FUR-CH-10003981,890,1080,6,4,1670
9290,04-10-2023,Second Class,Home Office,Office Supplies,Paper,OFF-PA-10001878,50,50,1,2,2880
9291,02-08-2022,First Class,Consumer,Office Supplies,Art,OFF-AR-10002375,10,10,3,5,3709
9292,17-02-2023,First Class,Consumer,Office Supplies,Binders,OFF-BI-10004965,30,30,3,3,191
9293,24-08-2022,Same Day,Corporate,Office Supplies,Binders,OFF-BI-10004022,0,0,1,2,1919
9294,12-12-2023,Second Class,Consumer,Office Supplies,Binders,OFF-BI-10000050,40,40,6,3,3751
9295,01-10-2022,Standard Class,Corporate,Office Supplies,Paper,OFF-PA-10002464,10,10,3,2,2599
9296,18-06-2022,Standard Class,Corporate,Furniture,Bookcases,FUR-BO-10004709,100,120,4,3,2352
9297,11-11-2023,Second Class,Corporate,Technology,Accessories,TEC-AC-10003590,40,40,2,3,4874
9298,21-02-2023,Second Class,Corporate,Technology,Phones,TEC-PH-10003357,190,240,4,4,4505
9299,05-05-2023,Second Class,Corporate,Office Supplies,Art,OFF-AR-10003373,60,70,3,2,2269
9300,27-04-2023,Second Class,Corporate,Office Supplies,Binders,OFF-BI-10003676,0,0,2,4,4282
9301,25-11-2023,Second Class,Corporate,Furniture,Chairs,FUR-CH-10000225,50,60,1,5,493
9302,22-04-2023,Second Class,Corporate,Technology,Phones,TEC-PH-10001870,90,100,2,3,3884
9303,03-01-2022,Second Class,Corporate,Office Supplies,Art,OFF-AR-10003481,10,10,3,5,3005
9304,10-11-2022,Second Class,Corporate,Office Supplies,Paper,OFF-PA-10003936,20,20,3,2,1494
9305,20-10-2022,Second Class,Corporate,Office Supplies,Binders,OFF-BI-10000320,0,0,1,4,1211
9306,20-07-2023,Standard Class,Home Office,Office Supplies,Art,OFF-AR-10001972,10,10,5,4,2856
9307,20-12-2023,Standard Class,Consumer,Office Supplies,Art,OFF-AR-10003829,10,10,2,3,1046
9308,27-05-2022,Standard Class,Consumer,Office Supplies,Art,OFF-AR-10003338,10,10,2,3,2889
9309,12-09-2022,Standard Class,Consumer,Technology,Accessories,TEC-AC-10002558,40,50,4,5,2048
9310,28-03-2023,Standard Class,Consumer,Office Supplies,Art,OFF-AR-10000034,30,30,6,5,2561
9311,03-06-2022,Standard Class,Corporate,Office Supplies,Binders,OFF-BI-10001510,130,150,8,2,544
9312,22-11-2022,Standard Class,Consumer,Office Supplies,Labels,OFF-LA-10000134,0,0,2,2,3467
9313,28-12-2022,Standard Class,Consumer,Office Supplies,Art,OFF-AR-10000588,50,60,4,4,3316
9314,17-11-2023,Same Day,Corporate,Office Supplies,Storage,OFF-ST-10003282,340,420,7,4,2069
9315,04-07-2022,Same Day,Corporate,Office Supplies,Appliances,OFF-AP-10002311,110,120,2,4,759
9316,21-10-2023,Standard Class,Consumer,Technology,Phones,TEC-PH-10000141,100,120,3,5,3774
9317,17-11-2023,Standard Class,Consumer,Office Supplies,Supplies,OFF-SU-10000646,620,770,4,2,2393
9318,26-03-2022,Standard Class,Consumer,Technology,Accessories,TEC-AC-10002076,40,50,1,5,3308
9319,28-09-2022,Standard Class,Corporate,Office Supplies,Paper,OFF-PA-10000743,10,10,2,3,2863
9320,27-11-2022,Standard Class,Corporate,Furniture,Chairs,FUR-CH-10002780,150,160,2,3,643
9321,04-05-2023,Standard Class,Corporate,Furniture,Furnishings,FUR-FU-10000747,160,180,4,4,1628
9322,26-02-2023,Standard Class,Consumer,Furniture,Furnishings,FUR-FU-10002445,10,10,3,2,4678
9323,22-10-2022,Standard Class,Consumer,Furniture,Furnishings,FUR-FU-10000723,60,70,4,3,1088
9324,27-10-2023,Standard Class,Consumer,Office Supplies,Paper,OFF-PA-10003641,200,210,8,5,4373
9325,29-05-2023,Standard Class,Consumer,Furniture,Chairs,FUR-CH-10003973,480,590,2,2,4948
9326,28-09-2022,Standard Class,Consumer,Office Supplies,Binders,OFF-BI-10000977,60,70,3,3,900
9327,06-04-2022,First Class,Consumer,Furniture,Furnishings,FUR-FU-10004053,70,80,4,3,1675
9328,18-12-2022,First Class,Consumer,Technology,Phones,TEC-PH-10002033,400,460,2,5,1906
9329,30-07-2022,First Class,Consumer,Office Supplies,Art,OFF-AR-10004260,30,30,1,2,1674
9330,08-02-2022,First Class,Consumer,Office Supplies,Appliances,OFF-AP-10004655,40,50,4,5,933
9331,24-02-2022,Standard Class,Consumer,Office Supplies,Envelopes,OFF-EN-10001539,20,20,2,5,2852
9332,02-09-2023,Standard Class,Corporate,Technology,Phones,TEC-PH-10001817,710,860,3,3,4664
9333,08-12-2023,Second Class,Consumer,Office Supplies,Appliances,OFF-AP-10002578,170,200,4,3,2841
9334,24-11-2023,Second Class,Consumer,Office Supplies,Fasteners,OFF-FA-10000992,10,10,4,3,1599
9335,13-04-2022,First Class,Consumer,Furniture,Bookcases,FUR-BO-10001798,290,310,3,2,2518
9336,05-08-2023,First Class,Consumer,Office Supplies,Labels,OFF-LA-10004409,0,0,2,4,2422
9337,12-01-2023,Standard Class,Corporate,Office Supplies,Fasteners,OFF-FA-10000621,20,20,5,3,1206
9338,20-11-2023,Second Class,Corporate,Office Supplies,Binders,OFF-BI-10003196,0,0,1,5,2409
9339,14-11-2022,Second Class,Corporate,Office Supplies,Binders,OFF-BI-10003727,20,20,6,2,1477
9340,16-05-2023,Second Class,Corporate,Office Supplies,Paper,OFF-PA-10003228,140,150,3,5,3107
9341,13-07-2023,Second Class,Corporate,Office Supplies,Labels,OFF-LA-10002787,20,20,5,4,4952
9342,17-08-2022,Second Class,Corporate,Technology,Phones,TEC-PH-10001305,110,120,3,3,4222
9343,12-09-2023,Standard Class,Home Office,Office Supplies,Binders,OFF-BI-10001036,40,50,7,5,4978
9344,07-09-2022,First Class,Home Office,Furniture,Tables,FUR-TA-10001086,400,460,5,5,2362
9345,12-09-2023,First Class,Home Office,Office Supplies,Binders,OFF-BI-10001525,10,10,5,2,3610
9346,12-03-2023,First Class,Home Office,Technology,Phones,TEC-PH-10000526,50,60,1,5,3034
9347,03-07-2022,First Class,Home Office,Furniture,Furnishings,FUR-FU-10004973,20,30,2,2,1517
9348,10-07-2022,First Class,Home Office,Furniture,Chairs,FUR-CH-10003981,750,900,5,4,2648
9349,07-01-2023,Standard Class,Consumer,Furniture,Furnishings,FUR-FU-10000277,760,840,8,2,4037
9350,16-12-2023,Standard Class,Consumer,Furniture,Furnishings,FUR-FU-10001934,30,40,2,2,2265
9351,16-09-2022,Standard Class,Corporate,Office Supplies,Binders,OFF-BI-10004970,10,10,4,2,2271
9352,28-02-2023,Standard Class,Corporate,Furniture,Chairs,FUR-CH-10003396,150,180,3,3,2559
9353,01-05-2022,First Class,Consumer,Furniture,Chairs,FUR-CH-10003973,430,520,2,2,1508
9354,29-11-2023,First Class,Consumer,Office Supplies,Paper,OFF-PA-10002109,10,10,3,5,2926
9355,21-06-2022,Standard Class,Home Office,Office Supplies,Paper,OFF-PA-10001826,20,20,3,4,2584
9356,13-11-2023,Standard Class,Home Office,Office Supplies,Art,OFF-AR-10000823,0,0,2,2,1081
9357,26-11-2023,Standard Class,Home Office,Office Supplies,Paper,OFF-PA-10001776,20,20,2,4,4153
9358,01-09-2023,Second Class,Corporate,Office Supplies,Binders,OFF-BI-10003676,40,40,5,3,778
9359,03-11-2022,Second Class,Corporate,Furniture,Tables,FUR-TA-10001095,260,310,3,3,403
9360,25-10-2023,Second Class,Corporate,Furniture,Furnishings,FUR-FU-10000747,40,50,1,2,4588
9361,01-04-2023,Second Class,Corporate,Office Supplies,Storage,OFF-ST-10004337,360,430,7,3,489
9362,10-08-2023,Standard Class,Home Office,Office Supplies,Binders,OFF-BI-10004410,30,30,6,2,4092
9363,01-09-2022,Standard Class,Home Office,Office Supplies,Fasteners,OFF-FA-10004838,10,10,7,2,4098
9364,01-08-2022,Standard Class,Home Office,Furniture,Furnishings,FUR-FU-10002364,20,20,3,4,2200
9365,05-03-2022,Standard Class,Home Office,Office Supplies,Storage,OFF-ST-10001809,340,360,4,5,36
9366,13-08-2022,First Class,Consumer,Office Supplies,Paper,OFF-PA-10001846,10,10,2,2,94
9367,03-06-2022,Standard Class,Consumer,Office Supplies,Binders,OFF-BI-10003876,70,70,2,2,5083
9368,11-07-2023,Standard Class,Consumer,Office Supplies,Storage,OFF-ST-10003470,1580,1680,6,5,2549
9369,28-07-2022,First Class,Corporate,Office Supplies,Paper,OFF-PA-10004243,40,40,2,4,541
9370,30-10-2023,Second Class,Corporate,Furniture,Chairs,FUR-CH-10000422,250,270,3,2,945
9371,16-10-2022,First Class,Corporate,Furniture,Furnishings,FUR-FU-10002506,40,40,4,4,3204
9372,25-01-2023,First Class,Corporate,Furniture,Chairs,FUR-CH-10000863,290,320,3,2,2828
9373,07-02-2023,First Class,Corporate,Office Supplies,Fasteners,OFF-FA-10002988,10,10,5,2,3232
9374,18-11-2022,Standard Class,Consumer,Technology,Phones,TEC-PH-10003437,370,420,7,5,2585
9375,24-04-2022,Standard Class,Corporate,Office Supplies,Supplies,OFF-SU-10002537,60,60,6,3,2953
9376,19-07-2023,Second Class,Consumer,Technology,Accessories,TEC-AC-10003063,40,50,2,4,177
9377,20-12-2022,Standard Class,Consumer,Technology,Accessories,TEC-AC-10003237,20,30,3,5,4950
9378,05-08-2023,Standard Class,Corporate,Office Supplies,Storage,OFF-ST-10001031,20,30,2,4,3333
9379,07-07-2022,Standard Class,Consumer,Office Supplies,Envelopes,OFF-EN-10001535,10,10,2,4,3003
9380,23-10-2023,Second Class,Consumer,Office Supplies,Paper,OFF-PA-10001295,40,50,3,2,297
9381,15-02-2022,Second Class,Consumer,Furniture,Chairs,FUR-CH-10004698,50,60,1,5,1955
9382,23-12-2023,Second Class,Consumer,Office Supplies,Storage,OFF-ST-10000078,340,420,2,4,4481
9383,21-01-2023,Second Class,Consumer,Office Supplies,Art,OFF-AR-10001868,0,0,1,2,4786
9384,06-07-2022,Second Class,Consumer,Office Supplies,Storage,OFF-ST-10004950,60,80,5,5,4909
9385,19-12-2023,Standard Class,Home Office,Office Supplies,Paper,OFF-PA-10003441,30,30,4,4,3674
9386,19-02-2023,Standard Class,Consumer,Furniture,Furnishings,FUR-FU-10004973,100,120,8,2,4457
9387,14-11-2022,Standard Class,Consumer,Office Supplies,Paper,OFF-PA-10000157,70,80,4,5,3340
9388,02-06-2022,Standard Class,Consumer,Office Supplies,Paper,OFF-PA-10001970,10,10,1,5,4956
9389,08-05-2022,Standard Class,Consumer,Office Supplies,Appliances,OFF-AP-10000828,460,540,3,4,4742
9390,12-04-2022,Standard Class,Consumer,Office Supplies,Envelopes,OFF-EN-10001509,0,0,1,2,3513
9391,26-02-2022,Standard Class,Home Office,Office Supplies,Storage,OFF-ST-10003692,220,230,5,3,1716
9392,29-06-2023,First Class,Corporate,Technology,Phones,TEC-PH-10004700,10,10,1,4,3793
9393,29-01-2022,Same Day,Corporate,Furniture,Chairs,FUR-CH-10000422,520,580,8,2,303
9394,09-09-2023,First Class,Consumer,Technology,Phones,TEC-PH-10003484,540,630,5,2,3421
9395,15-01-2023,First Class,Consumer,Furniture,Chairs,FUR-CH-10001394,500,630,2,5,328
9396,01-11-2022,First Class,Consumer,Furniture,Bookcases,FUR-BO-10002213,740,800,2,2,3794
9397,29-09-2022,First Class,Consumer,Office Supplies,Labels,OFF-LA-10002762,60,80,6,3,2297
9398,29-10-2022,First Class,Consumer,Office Supplies,Appliances,OFF-AP-10003842,20,30,1,5,4908
9399,20-04-2023,First Class,Consumer,Technology,Phones,TEC-PH-10003072,1150,1350,9,5,4308
9400,21-05-2022,Standard Class,Consumer,Office Supplies,Art,OFF-AR-10003394,10,10,6,3,1441
9401,22-11-2022,Standard Class,Consumer,Office Supplies,Envelopes,OFF-EN-10001539,30,30,4,5,2504
9402,17-10-2022,Standard Class,Consumer,Furniture,Furnishings,FUR-FU-10001731,0,0,2,2,4473
9403,01-03-2023,Second Class,Consumer,Furniture,Tables,FUR-TA-10001095,180,210,2,4,4829
9404,12-06-2022,Second Class,Consumer,Office Supplies,Storage,OFF-ST-10000078,1370,1590,6,5,4096
9405,02-04-2022,Standard Class,Corporate,Office Supplies,Fasteners,OFF-FA-10004076,10,10,5,2,1746
9406,26-03-2023,First Class,Home Office,Technology,Machines,TEC-MA-10003626,530,570,2,4,1407
9407,29-07-2023,First Class,Home Office,Office Supplies,Paper,OFF-PA-10001215,10,10,2,5,2217
9408,24-01-2022,Second Class,Consumer,Technology,Accessories,TEC-AC-10002842,970,1070,9,5,969
9409,05-10-2023,Second Class,Consumer,Furniture,Furnishings,FUR-FU-10004864,10,10,1,3,1216
9410,23-08-2022,First Class,Consumer,Office Supplies,Binders,OFF-BI-10000014,0,0,1,4,199
9411,12-02-2022,First Class,Consumer,Furniture,Furnishings,FUR-FU-10001475,80,90,5,5,817
9412,15-03-2023,Second Class,Corporate,Office Supplies,Storage,OFF-ST-10001272,90,100,1,3,4865
9413,01-12-2022,First Class,Consumer,Furniture,Chairs,FUR-CH-10002024,2380,2800,5,5,4710
9414,20-07-2023,First Class,Corporate,Office Supplies,Binders,OFF-BI-10004001,10,10,2,3,93
9415,16-05-2023,Standard Class,Consumer,Technology,Phones,TEC-PH-10004094,210,250,2,5,1193
9416,16-06-2023,Standard Class,Consumer,Office Supplies,Paper,OFF-PA-10001184,20,20,3,4,2580
9417,25-08-2022,Standard Class,Consumer,Furniture,Furnishings,FUR-FU-10002505,10,10,3,5,1359
9418,28-10-2023,Standard Class,Home Office,Office Supplies,Paper,OFF-PA-10001166,10,10,2,4,4928
9419,19-09-2022,Standard Class,Home Office,Office Supplies,Paper,OFF-PA-10000349,10,10,3,2,642
9420,03-08-2022,Second Class,Corporate,Office Supplies,Appliances,OFF-AP-10004708,20,20,2,3,4651
9421,11-08-2022,Second Class,Corporate,Office Supplies,Appliances,OFF-AP-10001947,20,20,6,4,5044
9422,15-06-2022,Standard Class,Corporate,Technology,Phones,TEC-PH-10000441,500,600,6,5,3464
9423,20-11-2022,Standard Class,Corporate,Office Supplies,Supplies,OFF-SU-10004664,30,40,5,2,1408
9424,21-03-2022,Standard Class,Corporate,Technology,Phones,TEC-PH-10004531,260,300,3,2,910
9425,10-03-2023,Standard Class,Corporate,Technology,Accessories,TEC-AC-10002167,40,50,3,2,1038
9426,18-09-2023,Second Class,Consumer,Furniture,Chairs,FUR-CH-10002024,3180,3790,6,5,117
9427,26-03-2023,Standard Class,Consumer,Office Supplies,Art,OFF-AR-10002445,30,40,5,2,2823
9428,29-06-2022,Standard Class,Corporate,Furniture,Furnishings,FUR-FU-10003268,170,200,5,2,4128
9429,18-10-2022,Standard Class,Corporate,Furniture,Chairs,FUR-CH-10000015,970,1210,8,3,4954
9430,06-02-2023,Standard Class,Corporate,Technology,Phones,TEC-PH-10004165,880,1100,5,4,3555
9431,06-11-2023,Standard Class,Corporate,Furniture,Tables,FUR-TA-10004607,90,100,1,3,2579
9432,06-05-2022,Same Day,Home Office,Office Supplies,Labels,OFF-LA-10004677,10,10,2,5,1951
9433,09-08-2022,Standard Class,Consumer,Technology,Accessories,TEC-AC-10002217,30,30,2,2,3531
9434,20-05-2023,Standard Class,Consumer,Office Supplies,Paper,OFF-PA-10001937,40,40,7,3,3349
9435,15-05-2023,Standard Class,Consumer,Office Supplies,Art,OFF-AR-10000203,10,10,3,4,1773
9436,16-03-2023,Standard Class,Consumer,Technology,Accessories,TEC-AC-10001142,230,250,4,2,1057
9437,28-03-2022,Same Day,Consumer,Office Supplies,Binders,OFF-BI-10003712,0,0,2,4,279
9438,09-07-2023,Standard Class,Consumer,Office Supplies,Paper,OFF-PA-10000520,10,10,2,2,1027
9439,21-04-2023,Standard Class,Consumer,Technology,Phones,TEC-PH-10001079,240,290,4,5,3591
9440,29-06-2023,Standard Class,Corporate,Office Supplies,Supplies,OFF-SU-10000898,20,20,2,4,283
9441,29-04-2022,Standard Class,Consumer,Office Supplies,Paper,OFF-PA-10001471,10,10,2,4,1128
9442,17-01-2022,Second Class,Consumer,Office Supplies,Appliances,OFF-AP-10003281,40,50,5,4,2389
9443,20-11-2023,Standard Class,Home Office,Office Supplies,Art,OFF-AR-10003156,20,20,2,5,2473
9444,11-11-2023,Standard Class,Home Office,Technology,Phones,TEC-PH-10000576,200,220,2,4,2427
9445,21-08-2023,First Class,Corporate,Technology,Phones,TEC-PH-10003215,90,100,4,4,168
9446,03-11-2022,Standard Class,Consumer,Office Supplies,Labels,OFF-LA-10004484,10,10,3,3,3402
9447,14-01-2022,Standard Class,Consumer,Office Supplies,Paper,OFF-PA-10002245,30,40,6,5,1578
9448,04-05-2023,Standard Class,Consumer,Furniture,Furnishings,FUR-FU-10003664,390,480,5,4,1639
9449,17-02-2023,Standard Class,Home Office,Office Supplies,Labels,OFF-LA-10002195,10,10,4,4,5082
9450,31-01-2023,Standard Class,Consumer,Office Supplies,Binders,OFF-BI-10000822,10,10,2,2,4540
9451,22-04-2022,Standard Class,Home Office,Office Supplies,Storage,OFF-ST-10004963,110,140,9,2,1417
9452,20-06-2022,Standard Class,Corporate,Office Supplies,Appliances,OFF-AP-10002495,160,190,3,5,2182
9453,26-03-2022,Standard Class,Corporate,Office Supplies,Binders,OFF-BI-10004001,70,80,6,3,3620
9454,21-01-2022,Standard Class,Corporate,Office Supplies,Supplies,OFF-SU-10004884,40,50,3,3,2296
9455,04-11-2023,Standard Class,Corporate,Technology,Phones,TEC-PH-10003555,40,40,2,3,3316
9456,12-01-2023,Second Class,Home Office,Technology,Machines,TEC-MA-10003493,70,90,1,4,3880
9457,29-10-2023,Standard Class,Corporate,Technology,Accessories,TEC-AC-10002380,20,30,3,5,296
9458,22-09-2022,Standard Class,Corporate,Office Supplies,Binders,OFF-BI-10004209,10,10,5,4,1457
9459,18-05-2022,Standard Class,Consumer,Office Supplies,Art,OFF-AR-10002135,130,140,3,2,2326
9460,01-10-2023,Standard Class,Consumer,Technology,Phones,TEC-PH-10002583,20,20,1,5,4452
9461,01-10-2022,Second Class,Home Office,Office Supplies,Paper,OFF-PA-10003591,30,30,3,2,210
9462,20-12-2022,Standard Class,Home Office,Technology,Phones,TEC-PH-10004922,280,320,6,4,1347
9463,12-04-2023,Second Class,Corporate,Furniture,Chairs,FUR-CH-10001854,600,700,2,2,1539
9464,26-03-2022,First Class,Consumer,Office Supplies,Art,OFF-AR-10003560,20,20,4,3,1868
9465,15-01-2023,Standard Class,Consumer,Office Supplies,Labels,OFF-LA-10004409,20,20,6,2,512
9466,06-06-2023,Standard Class,Corporate,Furniture,Furnishings,FUR-FU-10000448,30,30,2,5,4195
9467,10-05-2023,Second Class,Consumer,Office Supplies,Binders,OFF-BI-10002735,140,160,6,2,1191
9468,31-07-2022,Second Class,Consumer,Furniture,Tables,FUR-TA-10003469,140,170,2,3,4079
9469,20-01-2022,Second Class,Consumer,Office Supplies,Paper,OFF-PA-10001870,10,10,2,3,2705
9470,03-02-2022,Second Class,Consumer,Office Supplies,Paper,OFF-PA-10004071,100,110,2,4,2507
9471,16-02-2022,Second Class,Consumer,Technology,Phones,TEC-PH-10001448,90,100,2,2,1016
9472,11-10-2023,Second Class,Consumer,Office Supplies,Binders,OFF-BI-10002706,10,10,1,3,938
9473,09-03-2022,Second Class,Consumer,Furniture,Chairs,FUR-CH-10004875,110,130,2,5,1758
9474,26-08-2022,Second Class,Consumer,Furniture,Furnishings,FUR-FU-10004245,90,100,5,4,845
9475,09-07-2022,Second Class,Corporate,Office Supplies,Labels,OFF-LA-10000443,10,10,2,3,210
9476,12-08-2022,Second Class,Corporate,Office Supplies,Paper,OFF-PA-10001125,140,170,7,4,2977
9477,27-08-2022,Second Class,Corporate,Furniture,Furnishings,FUR-FU-10002703,50,50,2,3,1520
9478,21-06-2023,Second Class,Corporate,Office Supplies,Binders,OFF-BI-10004364,0,0,3,4,788
9479,05-09-2023,Standard Class,Consumer,Office Supplies,Fasteners,OFF-FA-10000936,10,10,5,5,2600
9480,02-07-2023,Standard Class,Consumer,Office Supplies,Binders,OFF-BI-10001249,0,0,3,4,413
9481,16-11-2022,Standard Class,Consumer,Office Supplies,Binders,OFF-BI-10004632,290,300,5,3,3524
9482,01-06-2023,Standard Class,Consumer,Office Supplies,Storage,OFF-ST-10000615,20,20,2,5,4852
9483,04-10-2022,Second Class,Home Office,Technology,Accessories,TEC-AC-10001838,280,320,2,2,2669
9484,07-05-2022,Standard Class,Home Office,Office Supplies,Art,OFF-AR-10004757,20,20,6,3,123
9485,19-03-2023,Second Class,Corporate,Furniture,Bookcases,FUR-BO-10003893,720,780,10,5,3606
9486,03-08-2023,Second Class,Corporate,Office Supplies,Paper,OFF-PA-10003893,30,30,9,5,3712
9487,18-01-2023,Same Day,Consumer,Furniture,Tables,FUR-TA-10001932,620,670,3,2,2995
9488,10-04-2023,First Class,Corporate,Office Supplies,Fasteners,OFF-FA-10001561,10,10,3,4,1191
9489,25-09-2022,First Class,Consumer,Technology,Phones,TEC-PH-10001817,530,570,2,2,1336
9490,09-01-2022,Standard Class,Corporate,Office Supplies,Art,OFF-AR-10000538,170,200,7,3,1573
9491,09-10-2022,Standard Class,Consumer,Office Supplies,Binders,OFF-BI-10004584,1780,2020,8,5,68
9492,05-03-2022,Standard Class,Consumer,Office Supplies,Art,OFF-AR-10000817,10,10,3,5,2972
9493,29-04-2023,Same Day,Consumer,Office Supplies,Binders,OFF-BI-10000756,30,40,9,3,4994
9494,29-12-2023,Standard Class,Corporate,Furniture,Tables,FUR-TA-10000617,1350,1590,7,2,3164
9495,07-12-2022,Standard Class,Corporate,Office Supplies,Binders,OFF-BI-10004364,10,10,2,4,3258
9496,05-04-2023,Standard Class,Consumer,Technology,Accessories,TEC-AC-10004518,100,120,6,4,112
9497,03-03-2022,Standard Class,Consumer,Office Supplies,Appliances,OFF-AP-10002222,10,10,1,5,3612
9498,07-01-2023,First Class,Home Office,Office Supplies,Paper,OFF-PA-10002615,0,0,1,4,92
9499,19-05-2023,First Class,Home Office,Office Supplies,Paper,OFF-PA-10000565,150,170,3,4,2007
9500,08-09-2023,First Class,Home Office,Office Supplies,Paper,OFF-PA-10003673,60,70,10,5,3233
9501,07-01-2023,Standard Class,Consumer,Furniture,Furnishings,FUR-FU-10002088,20,30,3,4,4892
9502,10-09-2023,Standard Class,Consumer,Furniture,Furnishings,FUR-FU-10001546,30,30,3,5,1172
9503,04-01-2023,Standard Class,Consumer,Office Supplies,Art,OFF-AR-10000614,20,30,9,3,370
9504,02-10-2022,Standard Class,Consumer,Office Supplies,Art,OFF-AR-10003190,0,0,1,2,359
9505,19-04-2023,Standard Class,Corporate,Technology,Phones,TEC-PH-10004094,940,1090,7,3,261
9506,24-04-2023,Standard Class,Corporate,Office Supplies,Paper,OFF-PA-10001970,100,110,2,5,1130
9507,28-07-2023,Second Class,Consumer,Office Supplies,Art,OFF-AR-10002952,20,30,2,2,1176
9508,25-01-2022,Second Class,Consumer,Office Supplies,Binders,OFF-BI-10004209,30,40,5,3,618
9509,08-09-2022,Second Class,Consumer,Office Supplies,Art,OFF-AR-10004685,10,10,3,3,284
9510,23-12-2023,Second Class,Consumer,Office Supplies,Storage,OFF-ST-10000991,590,690,6,3,3413
9511,09-09-2022,Standard Class,Consumer,Office Supplies,Art,OFF-AR-10002399,40,40,9,2,3282
9512,26-12-2023,First Class,Corporate,Office Supplies,Binders,OFF-BI-10002353,10,10,3,4,2308
9513,19-11-2022,Second Class,Consumer,Furniture,Bookcases,FUR-BO-10001811,160,200,1,5,604
9514,20-07-2022,Standard Class,Consumer,Technology,Accessories,TEC-AC-10003033,1340,1650,5,3,310
9515,02-06-2022,Standard Class,Home Office,Office Supplies,Paper,OFF-PA-10000176,80,90,6,4,2823
9516,01-11-2022,Standard Class,Consumer,Office Supplies,Art,OFF-AR-10003631,50,50,14,4,913
9517,10-12-2023,Second Class,Consumer,Technology,Phones,TEC-PH-10000923,30,30,3,2,3767
9518,18-09-2022,Second Class,Consumer,Office Supplies,Labels,OFF-LA-10003190,10,10,3,4,1860
9519,11-08-2022,Second Class,Consumer,Office Supplies,Storage,OFF-ST-10003208,360,440,3,2,4054
9520,03-05-2023,Second Class,Consumer,Office Supplies,Appliances,OFF-AP-10000692,70,80,4,2,2682
9521,16-09-2022,Standard Class,Corporate,Office Supplies,Storage,OFF-ST-10004180,80,90,2,2,1826
9522,11-10-2023,Standard Class,Consumer,Technology,Phones,TEC-PH-10002817,280,320,3,3,261
9523,16-02-2022,Standard Class,Consumer,Office Supplies,Paper,OFF-PA-10000295,20,20,3,3,3345
9524,04-08-2022,Standard Class,Consumer,Office Supplies,Storage,OFF-ST-10000419,30,30,3,5,573
9525,07-09-2023,First Class,Home Office,Office Supplies,Binders,OFF-BI-10001524,70,80,5,5,118
9526,05-06-2023,First Class,Home Office,Furniture,Furnishings,FUR-FU-10003268,160,200,5,5,44
9527,12-08-2023,First Class,Home Office,Technology,Phones,TEC-PH-10000148,30,30,3,3,3542
9528,19-03-2022,First Class,Home Office,Office Supplies,Binders,OFF-BI-10001543,150,170,6,4,4649
9529,03-03-2023,First Class,Home Office,Office Supplies,Binders,OFF-BI-10002071,10,10,2,3,1473
9530,06-07-2022,Same Day,Corporate,Office Supplies,Storage,OFF-ST-10002352,10,10,2,4,2827
9531,07-05-2022,Standard Class,Home Office,Office Supplies,Paper,OFF-PA-10003127,50,50,2,4,4495
9532,15-02-2022,Standard Class,Home Office,Office Supplies,Storage,OFF-ST-10000464,50,60,2,5,3777
9533,04-12-2023,Standard Class,Consumer,Furniture,Chairs,FUR-CH-10000553,370,430,14,4,3279
9534,30-08-2022,Standard Class,Consumer,Office Supplies,Fasteners,OFF-FA-10000134,30,40,7,5,2282
9535,23-02-2023,Standard Class,Consumer,Office Supplies,Storage,OFF-ST-10000636,30,30,2,3,3120
9536,05-03-2022,Standard Class,Consumer,Office Supplies,Binders,OFF-BI-10002949,10,10,2,4,4507
9537,06-09-2022,Second Class,Consumer,Furniture,Furnishings,FUR-FU-10002364,10,10,3,2,4897
9538,01-07-2022,First Class,Corporate,Furniture,Bookcases,FUR-BO-10002613,380,480,2,4,321
9539,04-06-2023,First Class,Consumer,Office Supplies,Paper,OFF-PA-10002659,20,20,5,5,4439
9540,17-01-2022,First Class,Consumer,Office Supplies,Paper,OFF-PA-10000157,30,40,2,2,1266
9541,21-04-2023,Second Class,Home Office,Furniture,Chairs,FUR-CH-10004540,160,190,7,2,2526
9542,07-01-2023,Standard Class,Corporate,Office Supplies,Labels,OFF-LA-10004544,40,40,3,2,1341
9543,17-03-2023,Standard Class,Corporate,Office Supplies,Binders,OFF-BI-10001097,10,10,5,4,3425
9544,25-12-2022,Standard Class,Corporate,Office Supplies,Paper,OFF-PA-10003302,50,60,2,2,1717
9545,08-10-2022,Standard Class,Corporate,Furniture,Bookcases,FUR-BO-10003965,330,370,3,2,108
9546,13-01-2022,Standard Class,Corporate,Technology,Accessories,TEC-AC-10003433,0,0,2,5,4654
9547,09-05-2022,Standard Class,Corporate,Office Supplies,Paper,OFF-PA-10000482,70,80,2,2,3549
9548,30-12-2023,Second Class,Corporate,Office Supplies,Paper,OFF-PA-10004610,10,10,2,5,937
9549,01-12-2023,Second Class,Corporate,Office Supplies,Binders,OFF-BI-10003910,0,0,2,4,4282
9550,01-06-2022,Second Class,Corporate,Office Supplies,Appliances,OFF-AP-10001394,420,450,3,3,3047
9551,15-01-2023,First Class,Home Office,Office Supplies,Binders,OFF-BI-10004654,10,10,3,4,804
9552,13-01-2023,Standard Class,Consumer,Office Supplies,Storage,OFF-ST-10001526,520,580,6,4,4221
9553,02-09-2022,Standard Class,Home Office,Technology,Accessories,TEC-AC-10000358,130,150,4,2,2801
9554,19-08-2022,Standard Class,Corporate,Furniture,Furnishings,FUR-FU-10000246,60,70,7,4,4054
9555,04-12-2023,Standard Class,Consumer,Furniture,Furnishings,FUR-FU-10003799,60,70,5,3,2904
9556,06-02-2023,Standard Class,Consumer,Office Supplies,Fasteners,OFF-FA-10003021,0,0,2,4,943
9557,01-08-2023,Second Class,Home Office,Office Supplies,Paper,OFF-PA-10003656,150,180,7,2,1464
9558,26-01-2022,Second Class,Consumer,Furniture,Furnishings,FUR-FU-10004586,10,10,2,4,4598
9559,04-12-2022,First Class,Consumer,Technology,Accessories,TEC-AC-10003832,120,130,5,5,2354
9560,19-08-2023,First Class,Consumer,Office Supplies,Storage,OFF-ST-10002554,170,200,5,5,2632
9561,05-01-2023,First Class,Consumer,Furniture,Furnishings,FUR-FU-10001876,50,50,2,5,4809
9562,30-10-2022,First Class,Consumer,Technology,Accessories,TEC-AC-10002637,350,430,3,2,493
9563,15-02-2023,First Class,Consumer,Technology,Machines,TEC-MA-10003589,200,220,3,2,4343
9564,22-02-2023,First Class,Consumer,Office Supplies,Labels,OFF-LA-10000081,10,10,2,3,3073
9565,10-12-2023,Standard Class,Home Office,Office Supplies,Paper,OFF-PA-10001838,10,10,2,2,2889
9566,19-12-2023,Same Day,Consumer,Furniture,Chairs,FUR-CH-10002965,1070,1130,7,3,4704
9567,02-07-2023,Same Day,Consumer,Office Supplies,Binders,OFF-BI-10001636,10,10,5,3,4362
9568,07-06-2022,Same Day,Consumer,Office Supplies,Art,OFF-AR-10004027,0,0,2,4,239
9569,04-01-2023,First Class,Corporate,Technology,Phones,TEC-PH-10002293,60,80,4,4,1883
9570,19-03-2023,Same Day,Consumer,Office Supplies,Binders,OFF-BI-10003196,10,10,6,2,4939
9571,27-02-2022,Same Day,Consumer,Office Supplies,Storage,OFF-ST-10001172,30,30,2,4,3472
9572,27-10-2022,Same Day,Consumer,Office Supplies,Envelopes,OFF-EN-10003068,20,20,2,4,2783
9573,02-04-2022,Same Day,Consumer,Office Supplies,Labels,OFF-LA-10003510,20,20,1,5,4395
9574,08-09-2023,Same Day,Consumer,Office Supplies,Art,OFF-AR-10003504,20,20,5,3,246
9575,10-10-2023,Same Day,Consumer,Furniture,Furnishings,FUR-FU-10001889,20,30,3,4,2991
9576,21-07-2022,Second Class,Consumer,Furniture,Chairs,FUR-CH-10000863,100,110,1,4,562
9577,09-03-2023,Second Class,Consumer,Technology,Machines,TEC-MA-10004679,350,400,2,3,2671
9578,22-07-2022,Second Class,Consumer,Furniture,Chairs,FUR-CH-10004754,90,100,5,4,2430
9579,21-08-2023,First Class,Home Office,Technology,Phones,TEC-PH-10004586,870,1080,3,4,2223
9580,22-12-2023,First Class,Home Office,Office Supplies,Storage,OFF-ST-10001370,60,70,1,2,3710
9581,20-11-2022,First Class,Home Office,Office Supplies,Art,OFF-AR-10001988,20,30,5,4,1295
9582,29-03-2022,First Class,Home Office,Furniture,Chairs,FUR-CH-10003298,470,590,5,3,520
9583,16-05-2023,Standard Class,Home Office,Office Supplies,Fasteners,OFF-FA-10002988,10,10,6,3,1061
9584,07-12-2022,Second Class,Consumer,Furniture,Bookcases,FUR-BO-10002213,330,400,1,4,2059
9585,08-08-2022,First Class,Home Office,Office Supplies,Storage,OFF-ST-10000344,40,50,4,5,1150
9586,16-06-2022,First Class,Corporate,Office Supplies,Paper,OFF-PA-10002319,30,30,1,4,636
9587,15-05-2023,Same Day,Consumer,Office Supplies,Binders,OFF-BI-10002437,60,60,5,2,2948
9588,17-06-2023,Standard Class,Corporate,Office Supplies,Storage,OFF-ST-10001418,170,200,4,4,2994
9589,23-07-2022,Standard Class,Consumer,Office Supplies,Art,OFF-AR-10000380,100,120,4,2,2585
9590,22-07-2022,Standard Class,Home Office,Office Supplies,Paper,OFF-PA-10003036,20,20,3,5,3779
9591,27-05-2023,Standard Class,Home Office,Office Supplies,Binders,OFF-BI-10002026,90,100,9,5,2028
9592,13-12-2022,Standard Class,Home Office,Furniture,Furnishings,FUR-FU-10003691,20,20,5,4,1532
9593,22-03-2023,Standard Class,Home Office,Furniture,Furnishings,FUR-FU-10003806,250,300,5,5,3343
9594,10-03-2023,Standard Class,Consumer,Office Supplies,Paper,OFF-PA-10002741,10,10,2,3,1884
9595,04-11-2023,Standard Class,Consumer,Office Supplies,Paper,OFF-PA-10003845,10,10,2,2,4021
9596,18-01-2022,Standard Class,Corporate,Office Supplies,Appliances,OFF-AP-10001492,30,30,3,5,4307
9597,26-01-2023,Standard Class,Corporate,Office Supplies,Binders,OFF-BI-10004318,240,280,2,4,186
9598,10-01-2022,Standard Class,Corporate,Technology,Phones,TEC-PH-10000193,100,110,3,3,1823
9599,03-11-2023,Standard Class,Home Office,Furniture,Furnishings,FUR-FU-10003464,60,60,3,3,1646
9600,07-06-2022,Standard Class,Consumer,Office Supplies,Appliances,OFF-AP-10002403,40,40,1,4,3677
9601,03-07-2023,Second Class,Corporate,Office Supplies,Paper,OFF-PA-10003848,40,40,8,3,1877
9602,03-06-2022,Standard Class,Consumer,Office Supplies,Paper,OFF-PA-10001357,190,240,5,3,1308
9603,09-04-2023,First Class,Consumer,Office Supplies,Supplies,OFF-SU-10004737,30,30,5,5,1972
9604,20-06-2023,Standard Class,Corporate,Furniture,Tables,FUR-TA-10003715,360,380,3,2,89
9605,04-09-2023,First Class,Consumer,Office Supplies,Appliances,OFF-AP-10003099,160,200,4,3,2188
9606,11-05-2023,Standard Class,Corporate,Technology,Accessories,TEC-AC-10002323,60,70,4,4,1800
9607,17-04-2022,Standard Class,Corporate,Office Supplies,Storage,OFF-ST-10002344,150,190,3,4,582
9608,23-08-2023,Second Class,Consumer,Office Supplies,Paper,OFF-PA-10000007,20,20,6,5,959
9609,10-07-2022,Second Class,Consumer,Office Supplies,Labels,OFF-LA-10000248,10,10,3,3,2879
9610,31-08-2023,Second Class,Consumer,Furniture,Furnishings,FUR-FU-10002116,260,280,4,2,425
9611,06-08-2022,Second Class,Consumer,Office Supplies,Labels,OFF-LA-10002195,30,30,9,3,4975
9612,02-05-2023,Standard Class,Consumer,Office Supplies,Fasteners,OFF-FA-10000735,10,10,4,5,2977
9613,22-01-2022,Standard Class,Consumer,Technology,Phones,TEC-PH-10001299,230,240,2,2,2374
9614,03-10-2023,First Class,Corporate,Office Supplies,Appliances,OFF-AP-10002892,20,20,1,3,3129
9615,29-08-2022,First Class,Corporate,Technology,Accessories,TEC-AC-10002718,90,100,7,3,5056
9616,20-07-2023,First Class,Corporate,Office Supplies,Binders,OFF-BI-10003527,1640,2030,2,2,4005
9617,29-08-2022,Standard Class,Corporate,Office Supplies,Art,OFF-AR-10002255,10,10,2,4,3497
9618,03-08-2023,Standard Class,Corporate,Technology,Copiers,TEC-CO-10002095,760,900,3,4,2980
9619,27-10-2022,Standard Class,Corporate,Office Supplies,Art,OFF-AR-10004022,80,90,3,2,2010
9620,24-01-2022,Standard Class,Corporate,Technology,Accessories,TEC-AC-10002335,120,140,5,5,2222
9621,20-04-2023,Standard Class,Home Office,Office Supplies,Appliances,OFF-AP-10001634,20,20,6,2,4845
9622,21-11-2023,Standard Class,Home Office,Technology,Accessories,TEC-AC-10002370,0,0,2,3,3200
9623,21-05-2022,Standard Class,Home Office,Office Supplies,Paper,OFF-PA-10000174,20,30,4,4,639
9624,18-12-2023,First Class,Consumer,Office Supplies,Appliances,OFF-AP-10000240,20,20,2,2,1966
9625,11-08-2023,First Class,Consumer,Furniture,Tables,FUR-TA-10002855,280,310,3,4,1716
9626,26-06-2022,First Class,Consumer,Furniture,Bookcases,FUR-BO-10000780,340,410,3,5,3894
9627,03-11-2022,First Class,Corporate,Office Supplies,Paper,OFF-PA-10001846,10,10,2,3,4547
9628,20-09-2023,Standard Class,Consumer,Office Supplies,Binders,OFF-BI-10002049,10,10,3,4,2469
9629,22-10-2022,Standard Class,Consumer,Office Supplies,Paper,OFF-PA-10002947,40,40,7,4,661
9630,05-05-2023,Standard Class,Consumer,Office Supplies,Binders,OFF-BI-10003476,0,0,2,4,1538
9631,22-08-2023,Standard Class,Consumer,Office Supplies,Binders,OFF-BI-10002609,10,10,3,2,2403
9632,28-06-2023,Standard Class,Consumer,Technology,Phones,TEC-PH-10003215,170,180,6,3,4949
9633,12-08-2023,Standard Class,Consumer,Office Supplies,Appliances,OFF-AP-10004785,80,90,8,4,2659
9634,04-04-2022,First Class,Consumer,Technology,Accessories,TEC-AC-10000865,140,180,3,3,275
9635,25-09-2023,First Class,Consumer,Office Supplies,Storage,OFF-ST-10000615,80,80,7,5,1285
9636,31-01-2022,First Class,Consumer,Furniture,Chairs,FUR-CH-10000749,1320,1630,9,5,652
9637,07-05-2022,Standard Class,Corporate,Furniture,Furnishings,FUR-FU-10003553,110,140,2,4,3443
9638,23-04-2022,Standard Class,Corporate,Furniture,Tables,FUR-TA-10003008,670,730,4,3,4906
9639,26-03-2022,Second Class,Consumer,Office Supplies,Paper,OFF-PA-10001846,10,10,2,3,2196
9640,27-11-2022,Second Class,Consumer,Furniture,Tables,FUR-TA-10000198,3530,4300,13,5,478
9641,15-01-2023,Standard Class,Corporate,Office Supplies,Art,OFF-AR-10000390,20,20,5,3,4146
9642,14-10-2023,Standard Class,Corporate,Office Supplies,Storage,OFF-ST-10000934,190,200,5,3,230
9643,31-10-2022,Standard Class,Corporate,Furniture,Chairs,FUR-CH-10002780,400,440,6,5,4999
9644,27-02-2023,Standard Class,Corporate,Furniture,Chairs,FUR-CH-10004495,460,480,2,2,963
9645,08-11-2023,Standard Class,Consumer,Technology,Accessories,TEC-AC-10002006,70,90,7,4,1538
9646,25-02-2022,Standard Class,Consumer,Office Supplies,Storage,OFF-ST-10002485,40,40,2,2,1670
9647,19-01-2022,Standard Class,Consumer,Office Supplies,Binders,OFF-BI-10000778,70,70,2,2,1758
9648,05-04-2022,Standard Class,Consumer,Office Supplies,Storage,OFF-ST-10000877,210,220,4,4,3573
9649,14-09-2022,Standard Class,Consumer,Technology,Phones,TEC-PH-10002103,240,280,3,3,4263
9650,07-09-2023,Standard Class,Consumer,Furniture,Bookcases,FUR-BO-10002213,3000,3410,8,2,1674
9651,16-08-2022,Standard Class,Consumer,Office Supplies,Art,OFF-AR-10004269,30,40,9,5,3044
9652,30-01-2023,Standard Class,Consumer,Office Supplies,Appliances,OFF-AP-10000055,50,60,2,5,4025
9653,16-07-2022,Standard Class,Consumer,Furniture,Furnishings,FUR-FU-10002937,550,600,6,5,4207
9654,02-07-2022,Standard Class,Home Office,Technology,Accessories,TEC-AC-10001874,90,100,2,5,4697
9655,21-12-2022,Standard Class,Home Office,Office Supplies,Binders,OFF-BI-10004506,0,0,2,5,2233
9656,17-08-2023,Standard Class,Consumer,Furniture,Furnishings,FUR-FU-10001876,90,100,3,4,3818
9657,21-03-2023,Standard Class,Consumer,Office Supplies,Binders,OFF-BI-10003355,0,0,1,5,3826
9658,01-06-2023,Standard Class,Consumer,Office Supplies,Art,OFF-AR-10003876,10,10,4,4,1650
9659,20-02-2022,Standard Class,Consumer,Furniture,Chairs,FUR-CH-10004983,470,580,4,2,3188
9660,24-07-2023,Second Class,Consumer,Office Supplies,Labels,OFF-LA-10001982,20,20,5,3,3531
9661,22-01-2023,Standard Class,Home Office,Technology,Phones,TEC-PH-10001459,2720,3020,9,4,1363
9662,23-02-2022,Standard Class,Home Office,Technology,Accessories,TEC-AC-10002134,30,30,2,2,4811
9663,01-01-2022,Standard Class,Home Office,Technology,Phones,TEC-PH-10001760,430,480,3,5,2278
9664,18-11-2023,Standard Class,Consumer,Office Supplies,Storage,OFF-ST-10001511,160,190,3,2,4685
9665,16-08-2022,Same Day,Corporate,Office Supplies,Paper,OFF-PA-10003953,10,10,2,2,3265
9666,15-06-2022,Standard Class,Consumer,Furniture,Furnishings,FUR-FU-10003268,100,120,3,4,2193
9667,03-02-2022,Standard Class,Consumer,Furniture,Furnishings,FUR-FU-10001847,10,10,3,3,2084
9668,08-05-2022,Standard Class,Consumer,Office Supplies,Binders,OFF-BI-10002764,20,20,7,3,913
9669,22-06-2023,Standard Class,Consumer,Office Supplies,Envelopes,OFF-EN-10004386,60,70,3,4,4498
9670,20-07-2022,Standard Class,Consumer,Office Supplies,Labels,OFF-LA-10001569,10,10,3,5,2149
9671,02-12-2022,First Class,Corporate,Office Supplies,Art,OFF-AR-10001446,50,60,7,2,4387
9672,31-05-2023,Standard Class,Consumer,Technology,Phones,TEC-PH-10003442,20,20,5,4,4244
9673,12-09-2022,Standard Class,Home Office,Office Supplies,Paper,OFF-PA-10000477,10,10,2,3,2265
9674,15-01-2022,Standard Class,Home Office,Technology,Phones,TEC-PH-10002645,1280,1500,5,4,4626
9675,31-07-2022,Second Class,Consumer,Office Supplies,Storage,OFF-ST-10003123,20,30,1,3,4721
9676,24-03-2022,Standard Class,Consumer,Furniture,Furnishings,FUR-FU-10001617,30,40,4,2,4853
9677,31-01-2022,Standard Class,Corporate,Office Supplies,Envelopes,OFF-EN-10003862,50,60,6,3,1311
9678,21-07-2022,Standard Class,Corporate,Office Supplies,Art,OFF-AR-10001573,10,10,3,2,1670
9679,07-07-2022,Standard Class,Corporate,Office Supplies,Supplies,OFF-SU-10004290,10,10,1,4,4750
9680,04-01-2022,Standard Class,Corporate,Office Supplies,Storage,OFF-ST-10000046,290,320,2,3,2471
9681,17-02-2022,Standard Class,Corporate,Technology,Phones,TEC-PH-10003505,620,670,9,5,444
9682,06-08-2022,Standard Class,Consumer,Office Supplies,Labels,OFF-LA-10004559,10,10,3,2,1003
9683,04-09-2022,Standard Class,Consumer,Office Supplies,Paper,OFF-PA-10003172,30,40,6,5,812
9684,13-03-2023,Standard Class,Consumer,Furniture,Furnishings,FUR-FU-10001473,190,200,8,4,1403
9685,12-03-2023,Standard Class,Consumer,Office Supplies,Paper,OFF-PA-10000232,10,10,2,3,36
9686,04-07-2023,Second Class,Corporate,Technology,Accessories,TEC-AC-10000682,20,20,1,2,3544
9687,11-10-2023,Standard Class,Consumer,Office Supplies,Art,OFF-AR-10003405,40,40,6,5,695
9688,23-09-2022,Standard Class,Home Office,Office Supplies,Binders,OFF-BI-10000301,10,10,9,2,2946
9689,18-12-2023,Standard Class,Consumer,Office Supplies,Paper,OFF-PA-10001534,20,30,5,4,1478
9690,18-12-2023,Standard Class,Consumer,Technology,Phones,TEC-PH-10003691,480,500,4,5,2778
9691,15-12-2023,First Class,Home Office,Office Supplies,Art,OFF-AR-10001545,10,10,4,5,2569
9692,22-01-2022,Standard Class,Consumer,Furniture,Bookcases,FUR-BO-10001811,500,610,3,2,3817
9693,23-07-2022,Standard Class,Corporate,Office Supplies,Storage,OFF-ST-10001837,410,470,11,5,2722
9694,19-12-2022,Second Class,Home Office,Office Supplies,Paper,OFF-PA-10000551,30,30,6,3,149
9695,31-05-2023,Second Class,Home Office,Office Supplies,Supplies,OFF-SU-10001574,10,10,2,3,2433
9696,13-12-2022,First Class,Corporate,Office Supplies,Appliances,OFF-AP-10002892,60,70,4,3,4547
9697,07-11-2023,Second Class,Corporate,Office Supplies,Labels,OFF-LA-10003930,450,490,5,2,2164
9698,15-01-2023,Same Day,Home Office,Furniture,Furnishings,FUR-FU-10001037,30,30,4,5,2341
9699,24-11-2023,Standard Class,Consumer,Office Supplies,Paper,OFF-PA-10004569,20,20,3,3,768
9700,24-09-2022,Standard Class,Consumer,Office Supplies,Appliances,OFF-AP-10000027,50,50,4,3,2826
9701,04-04-2022,Standard Class,Consumer,Technology,Phones,TEC-PH-10000675,160,200,3,2,1809
9702,09-07-2022,Standard Class,Consumer,Office Supplies,Fasteners,OFF-FA-10003059,0,0,2,5,356
9703,17-12-2022,Standard Class,Home Office,Office Supplies,Paper,OFF-PA-10003256,10,10,1,3,848
9704,25-09-2022,Standard Class,Home Office,Office Supplies,Binders,OFF-BI-10003656,730,850,5,2,5072
9705,14-07-2023,Standard Class,Home Office,Office Supplies,Binders,OFF-BI-10002897,10,10,3,2,2520
9706,21-06-2023,Standard Class,Consumer,Office Supplies,Binders,OFF-BI-10004826,30,40,3,5,2214
9707,30-04-2023,Standard Class,Consumer,Furniture,Chairs,FUR-CH-10004626,210,240,3,3,1385
9708,28-07-2023,Standard Class,Consumer,Office Supplies,Art,OFF-AR-10000390,10,10,3,2,1170
9709,29-01-2023,Standard Class,Consumer,Furniture,Furnishings,FUR-FU-10003731,20,20,2,5,387
9710,26-03-2022,Standard Class,Consumer,Office Supplies,Storage,OFF-ST-10002743,310,340,3,3,2341
9711,04-04-2023,Standard Class,Consumer,Furniture,Furnishings,FUR-FU-10001468,230,270,2,5,3218
9712,18-12-2022,Standard Class,Consumer,Office Supplies,Binders,OFF-BI-10003684,10,10,2,4,4576
9713,26-01-2023,Standard Class,Consumer,Office Supplies,Storage,OFF-ST-10003716,940,1080,6,3,3120
9714,04-10-2022,Standard Class,Consumer,Technology,Accessories,TEC-AC-10001101,50,50,5,2,469
9715,31-10-2023,Standard Class,Consumer,Technology,Accessories,TEC-AC-10004864,50,60,2,4,2521
9716,05-05-2022,Standard Class,Consumer,Office Supplies,Binders,OFF-BI-10001543,50,60,2,5,1731
9717,28-02-2023,Second Class,Home Office,Office Supplies,Art,OFF-AR-10000914,30,40,4,2,3084
9718,12-04-2023,Same Day,Consumer,Technology,Phones,TEC-PH-10002293,70,80,5,4,1477
9719,19-09-2022,Same Day,Consumer,Technology,Accessories,TEC-AC-10000109,210,220,5,5,4238
9720,24-04-2023,Second Class,Consumer,Office Supplies,Storage,OFF-ST-10002574,180,220,2,4,4778
9721,01-05-2023,Standard Class,Corporate,Furniture,Furnishings,FUR-FU-10002445,20,20,2,2,2218
9722,05-11-2023,Standard Class,Consumer,Furniture,Chairs,FUR-CH-10001802,280,330,3,2,3396
9723,24-07-2023,Standard Class,Consumer,Technology,Accessories,TEC-AC-10003628,70,90,3,2,4324
9724,16-09-2023,Standard Class,Home Office,Office Supplies,Binders,OFF-BI-10003984,290,300,13,4,2447
9725,02-02-2023,Standard Class,Consumer,Office Supplies,Envelopes,OFF-EN-10004459,10,10,2,3,415
9726,03-08-2023,First Class,Consumer,Technology,Accessories,TEC-AC-10001109,80,90,3,2,2180
9727,20-02-2023,First Class,Consumer,Office Supplies,Appliances,OFF-AP-10001293,250,290,7,4,4280
9728,23-09-2022,First Class,Consumer,Technology,Phones,TEC-PH-10004977,790,980,5,2,1030
9729,28-09-2022,First Class,Consumer,Office Supplies,Supplies,OFF-SU-10001935,0,0,2,4,1078
9730,04-06-2022,Standard Class,Consumer,Office Supplies,Binders,OFF-BI-10001308,10,10,2,4,77
9731,31-01-2023,Standard Class,Consumer,Office Supplies,Storage,OFF-ST-10000046,750,810,5,3,2646
9732,02-12-2023,Standard Class,Consumer,Office Supplies,Art,OFF-AR-10003504,30,30,8,4,533
9733,07-12-2022,Standard Class,Corporate,Furniture,Chairs,FUR-CH-10001797,440,500,13,3,2797
9734,26-06-2022,Standard Class,Corporate,Office Supplies,Paper,OFF-PA-10000246,20,20,2,5,4136
9735,31-07-2022,Standard Class,Corporate,Office Supplies,Binders,OFF-BI-10001359,740,900,1,3,1239
9736,20-03-2023,Second Class,Home Office,Office Supplies,Paper,OFF-PA-10001583,10,10,1,4,4521
9737,13-03-2023,Standard Class,Home Office,Technology,Phones,TEC-PH-10004667,250,270,2,4,1888
9738,23-11-2022,Standard Class,Corporate,Office Supplies,Storage,OFF-ST-10002615,250,310,2,3,4004
9739,15-12-2023,Standard Class,Corporate,Office Supplies,Binders,OFF-BI-10004236,60,70,6,2,4791
9740,18-04-2023,Standard Class,Corporate,Office Supplies,Binders,OFF-BI-10001757,20,20,5,3,432
9741,22-01-2023,Standard Class,Corporate,Office Supplies,Appliances,OFF-AP-10001154,120,140,3,3,2716
9742,12-08-2023,Standard Class,Corporate,Furniture,Bookcases,FUR-BO-10004834,3650,4400,5,3,3038
9743,27-12-2022,Standard Class,Consumer,Office Supplies,Labels,OFF-LA-10001074,60,60,5,5,581
9744,21-03-2022,Standard Class,Consumer,Office Supplies,Labels,OFF-LA-10001641,10,10,3,2,3385
9745,11-01-2022,Standard Class,Consumer,Office Supplies,Envelopes,OFF-EN-10002230,250,270,4,5,1720
9746,18-01-2023,Same Day,Consumer,Furniture,Tables,FUR-TA-10000617,320,360,2,4,1010
9747,25-05-2022,Same Day,Consumer,Furniture,Tables,FUR-TA-10001676,70,70,2,5,1215
9748,06-11-2022,Standard Class,Consumer,Furniture,Furnishings,FUR-FU-10000175,10,10,2,4,4436
9749,19-06-2022,Standard Class,Consumer,Furniture,Chairs,FUR-CH-10003379,650,800,4,2,361
9750,12-11-2023,Standard Class,Corporate,Technology,Accessories,TEC-AC-10002567,150,160,2,5,1150
9751,15-01-2023,Standard Class,Consumer,Office Supplies,Art,OFF-AR-10003183,10,10,2,2,2554
9752,05-10-2022,Standard Class,Consumer,Office Supplies,Art,OFF-AR-10001446,30,30,3,4,2391
9753,17-06-2023,First Class,Home Office,Office Supplies,Binders,OFF-BI-10000145,0,0,1,2,2494
9754,20-08-2023,Second Class,Consumer,Office Supplies,Labels,OFF-LA-10000476,10,10,2,3,4483
9755,28-01-2023,Second Class,Consumer,Office Supplies,Binders,OFF-BI-10001679,20,20,2,2,4938
9756,06-10-2022,Second Class,Consumer,Office Supplies,Storage,OFF-ST-10001128,290,330,3,4,4466
9757,24-06-2022,Second Class,Consumer,Furniture,Tables,FUR-TA-10002533,260,290,2,5,1283
9758,19-12-2022,Second Class,Consumer,Technology,Phones,TEC-PH-10004006,170,210,5,5,1229
9759,08-07-2022,Second Class,Consumer,Office Supplies,Paper,OFF-PA-10002615,20,20,4,2,1812
9760,24-11-2022,Standard Class,Corporate,Furniture,Chairs,FUR-CH-10001854,1220,1400,5,2,720
9761,02-10-2023,Standard Class,Home Office,Office Supplies,Art,OFF-AR-10000657,0,0,2,3,4209
9762,22-05-2023,Standard Class,Corporate,Technology,Accessories,TEC-AC-10000736,220,240,3,5,5095
9763,11-10-2023,Standard Class,Corporate,Office Supplies,Appliances,OFF-AP-10001293,70,80,2,4,1830
9764,21-05-2023,Standard Class,Corporate,Office Supplies,Supplies,OFF-SU-10000157,210,240,2,5,468
9765,15-07-2023,Standard Class,Consumer,Technology,Phones,TEC-PH-10000215,110,140,5,4,2760
9766,05-10-2023,Standard Class,Consumer,Office Supplies,Binders,OFF-BI-10001757,10,10,2,2,4095
9767,06-04-2023,Standard Class,Consumer,Office Supplies,Paper,OFF-PA-10002137,10,10,1,3,491
9768,22-03-2023,Standard Class,Consumer,Office Supplies,Binders,OFF-BI-10000088,40,50,5,4,1194
9769,07-12-2022,Standard Class,Home Office,Office Supplies,Paper,OFF-PA-10000380,40,50,6,3,1794
9770,18-05-2022,Standard Class,Home Office,Furniture,Bookcases,FUR-BO-10001619,290,340,5,2,3309
9771,25-08-2023,Standard Class,Home Office,Office Supplies,Paper,OFF-PA-10001609,10,10,4,3,4186
9772,21-12-2023,Standard Class,Home Office,Office Supplies,Appliances,OFF-AP-10002765,40,40,2,3,1183
9773,27-03-2023,Same Day,Corporate,Office Supplies,Paper,OFF-PA-10000167,100,120,5,3,3231
9774,22-11-2023,Standard Class,Consumer,Technology,Phones,TEC-PH-10004434,130,140,1,2,4028
9775,16-10-2023,Standard Class,Consumer,Office Supplies,Binders,OFF-BI-10004995,1790,2180,8,2,1609
9776,29-03-2022,Standard Class,Consumer,Furniture,Furnishings,FUR-FU-10004666,20,20,3,5,911
9777,29-05-2022,Standard Class,Consumer,Office Supplies,Binders,OFF-BI-10001524,20,20,4,2,4815
9778,05-07-2022,Standard Class,Consumer,Technology,Accessories,TEC-AC-10002076,360,430,9,4,4427
9779,30-11-2022,Standard Class,Consumer,Office Supplies,Binders,OFF-BI-10001679,10,10,5,3,485
9780,16-11-2023,Standard Class,Consumer,Office Supplies,Appliances,OFF-AP-10003281,0,0,2,4,993
9781,07-03-2023,Standard Class,Consumer,Technology,Phones,TEC-PH-10001944,380,440,3,3,2583
9782,15-04-2023,Standard Class,Consumer,Office Supplies,Binders,OFF-BI-10004390,580,670,2,2,1130
9783,08-03-2023,Second Class,Corporate,Office Supplies,Paper,OFF-PA-10002120,220,270,5,5,2947
9784,30-11-2023,Second Class,Corporate,Office Supplies,Storage,OFF-ST-10004340,60,60,1,5,1152
9785,08-03-2023,Second Class,Corporate,Furniture,Furnishings,FUR-FU-10001847,10,10,2,5,3002
9786,23-03-2023,Standard Class,Consumer,Office Supplies,Binders,OFF-BI-10000962,50,50,3,5,3849
9787,24-06-2022,Same Day,Consumer,Furniture,Chairs,FUR-CH-10004754,130,150,5,4,2708
9788,07-01-2023,Standard Class,Consumer,Furniture,Bookcases,FUR-BO-10001811,860,1020,5,3,3809
9789,07-04-2023,Standard Class,Consumer,Furniture,Chairs,FUR-CH-10004063,480,600,3,2,2262
9790,09-05-2022,Standard Class,Consumer,Technology,Accessories,TEC-AC-10004901,30,40,1,4,4525
9791,16-05-2023,Standard Class,Consumer,Furniture,Chairs,FUR-CH-10001714,170,210,2,3,2014
9792,31-12-2022,Second Class,Consumer,Office Supplies,Envelopes,OFF-EN-10003134,60,60,6,4,828
9793,23-01-2023,Second Class,Consumer,Furniture,Chairs,FUR-CH-10003396,100,110,2,5,263
9794,29-07-2023,Second Class,Consumer,Office Supplies,Paper,OFF-PA-10001560,0,0,1,4,3612
9795,14-04-2023,Second Class,Consumer,Office Supplies,Binders,OFF-BI-10000977,20,20,3,4,5061
9796,03-11-2022,Standard Class,Corporate,Office Supplies,Binders,OFF-BI-10003429,0,0,3,4,4725
9797,11-05-2023,Standard Class,Corporate,Office Supplies,Art,OFF-AR-10001374,10,10,2,3,3783
9798,08-11-2022,Standard Class,Corporate,Technology,Phones,TEC-PH-10004977,210,240,2,2,419
9799,02-06-2023,Standard Class,Corporate,Technology,Phones,TEC-PH-10000912,30,30,4,2,1105
9800,27-10-2023,Standard Class,Corporate,Technology,Accessories,TEC-AC-10000487,10,10,2,4,2495
9801,23-09-2023,Standard Class,Corporate,Technology,Phones,TEC-PH-10002262,90,110,3,5,4630
9802,04-06-2022,Standard Class,Consumer,Office Supplies,Supplies,OFF-SU-10000898,90,100,7,3,807
9803,29-08-2022,Second Class,Consumer,Office Supplies,Binders,OFF-BI-10004182,0,0,2,3,978
9804,13-11-2022,Second Class,Consumer,Technology,Phones,TEC-PH-10002468,130,140,1,2,3271
9805,16-02-2023,Second Class,Consumer,Furniture,Furnishings,FUR-FU-10002364,10,10,1,4,3191
9806,27-03-2023,Standard Class,Home Office,Furniture,Furnishings,FUR-FU-10002878,40,50,2,4,2263
9807,13-02-2023,Standard Class,Home Office,Office Supplies,Binders,OFF-BI-10004817,30,30,8,4,392
9808,16-12-2023,Second Class,Consumer,Furniture,Chairs,FUR-CH-10001146,170,190,4,4,3616
9809,08-01-2023,Standard Class,Consumer,Office Supplies,Binders,OFF-BI-10001116,0,0,2,2,4149
9810,28-10-2023,Second Class,Consumer,Office Supplies,Paper,OFF-PA-10000304,30,30,5,3,4130
9811,20-03-2023,Second Class,Consumer,Office Supplies,Art,OFF-AR-10002240,110,120,4,2,4859
9812,29-04-2022,First Class,Consumer,Office Supplies,Paper,OFF-PA-10001246,30,30,4,5,5083
9813,09-02-2022,First Class,Consumer,Office Supplies,Art,OFF-AR-10000658,30,30,3,4,4897
9814,26-08-2023,First Class,Consumer,Office Supplies,Paper,OFF-PA-10000100,170,200,5,3,4386
9815,16-02-2023,First Class,Consumer,Office Supplies,Binders,OFF-BI-10004233,60,80,5,3,2403
9816,27-02-2023,Standard Class,Corporate,Office Supplies,Paper,OFF-PA-10002581,160,170,7,4,1803
9817,16-02-2022,Standard Class,Corporate,Office Supplies,Storage,OFF-ST-10000046,420,520,4,3,2735
9818,01-11-2023,Standard Class,Corporate,Furniture,Furnishings,FUR-FU-10001185,150,170,7,2,3343
9819,12-07-2022,Standard Class,Corporate,Office Supplies,Art,OFF-AR-10003856,0,0,2,2,1952
9820,22-07-2022,Standard Class,Corporate,Office Supplies,Labels,OFF-LA-10001982,10,10,3,5,67
9821,02-06-2022,Standard Class,Corporate,Office Supplies,Paper,OFF-PA-10001215,40,40,10,2,2216
9822,23-08-2022,Standard Class,Corporate,Office Supplies,Binders,OFF-BI-10002429,20,20,2,5,5004
9823,16-12-2022,Standard Class,Consumer,Office Supplies,Appliances,OFF-AP-10003287,140,150,3,2,1906
9824,23-04-2022,Standard Class,Consumer,Office Supplies,Paper,OFF-PA-10000167,80,90,3,3,2913
9825,23-04-2022,Standard Class,Consumer,Office Supplies,Binders,OFF-BI-10002309,20,20,4,3,2248
9826,06-07-2022,Standard Class,Consumer,Office Supplies,Binders,OFF-BI-10003638,40,50,3,2,4746
9827,17-06-2023,Standard Class,Consumer,Furniture,Chairs,FUR-CH-10003833,190,200,4,3,382
9828,08-07-2023,Standard Class,Corporate,Office Supplies,Storage,OFF-ST-10001511,110,130,2,3,1688
9829,28-01-2022,Standard Class,Corporate,Office Supplies,Binders,OFF-BI-10004728,10,10,3,5,3028
9830,12-06-2023,Standard Class,Consumer,Furniture,Chairs,FUR-CH-10004218,200,240,3,4,90
9831,27-03-2023,Second Class,Consumer,Technology,Accessories,TEC-AC-10004171,260,320,4,4,2992
9832,27-07-2022,Second Class,Consumer,Furniture,Furnishings,FUR-FU-10001706,10,10,7,2,1368
9833,25-11-2022,Second Class,Consumer,Office Supplies,Paper,OFF-PA-10001526,0,0,1,5,3707
9834,16-10-2022,Standard Class,Corporate,Technology,Accessories,TEC-AC-10002001,790,900,7,5,1251
9835,21-11-2023,First Class,Consumer,Furniture,Furnishings,FUR-FU-10004963,10,10,4,3,2891
9836,24-11-2023,First Class,Consumer,Office Supplies,Binders,OFF-BI-10001597,20,20,2,4,3258
9837,12-05-2022,Standard Class,Consumer,Office Supplies,Paper,OFF-PA-10000141,10,10,5,2,2290
9838,09-07-2022,Standard Class,Consumer,Office Supplies,Labels,OFF-LA-10003923,30,30,2,3,3635
9839,01-03-2023,Standard Class,Consumer,Office Supplies,Labels,OFF-LA-10001771,0,0,1,3,289
9840,25-07-2022,Standard Class,Consumer,Technology,Copiers,TEC-CO-10001943,420,480,3,3,1659
9841,26-10-2023,Standard Class,Consumer,Technology,Phones,TEC-PH-10003356,30,40,8,2,5007
9842,10-07-2023,Standard Class,Consumer,Office Supplies,Art,OFF-AR-10002255,10,10,2,5,1323
9843,22-08-2023,Standard Class,Consumer,Furniture,Chairs,FUR-CH-10000665,440,480,4,5,3406
9844,22-01-2023,First Class,Consumer,Office Supplies,Labels,OFF-LA-10001771,20,20,4,5,4553
9845,04-03-2023,First Class,Consumer,Furniture,Furnishings,FUR-FU-10001475,50,60,7,4,2953
9846,22-08-2022,First Class,Consumer,Office Supplies,Storage,OFF-ST-10000877,120,130,3,4,2851
9847,23-05-2022,Second Class,Home Office,Office Supplies,Appliances,OFF-AP-10001492,30,40,5,5,4491
9848,04-07-2022,Second Class,Home Office,Furniture,Furnishings,FUR-FU-10004188,460,510,5,3,4463
9849,26-09-2022,Second Class,Home Office,Office Supplies,Binders,OFF-BI-10004330,130,150,5,5,1411
9850,05-08-2022,Standard Class,Corporate,Office Supplies,Art,OFF-AR-10002987,40,40,2,4,1521
9851,26-05-2022,Standard Class,Corporate,Furniture,Furnishings,FUR-FU-10000732,10,10,2,4,2269
9852,10-08-2023,Standard Class,Corporate,Office Supplies,Binders,OFF-BI-10001670,80,90,3,3,18
9853,15-06-2023,Standard Class,Corporate,Office Supplies,Paper,OFF-PA-10000533,10,10,2,2,2653
9854,22-03-2023,Standard Class,Corporate,Furniture,Furnishings,FUR-FU-10002253,180,210,5,5,1255
9855,13-02-2022,Standard Class,Consumer,Furniture,Furnishings,FUR-FU-10002396,40,50,4,5,123
9856,13-12-2022,Standard Class,Consumer,Office Supplies,Paper,OFF-PA-10004438,20,20,2,4,25
9857,27-07-2023,Standard Class,Consumer,Office Supplies,Paper,OFF-PA-10000587,30,40,6,4,4839
9858,07-09-2022,Standard Class,Corporate,Furniture,Tables,FUR-TA-10001889,2880,3390,8,4,5033
9859,04-10-2023,Standard Class,Home Office,Office Supplies,Storage,OFF-ST-10001590,60,70,5,5,2566
9860,13-08-2022,Standard Class,Home Office,Office Supplies,Fasteners,OFF-FA-10003472,0,0,2,2,74
9861,07-06-2022,Standard Class,Home Office,Technology,Phones,TEC-PH-10000169,70,70,4,3,4346
9862,06-11-2023,Standard Class,Home Office,Office Supplies,Storage,OFF-ST-10002562,20,20,2,3,1153
9863,30-01-2023,Standard Class,Home Office,Technology,Accessories,TEC-AC-10001445,10,10,4,4,5079
9864,02-10-2023,Standard Class,Home Office,Office Supplies,Paper,OFF-PA-10004156,10,10,1,3,2887
9865,16-07-2022,Standard Class,Home Office,Technology,Accessories,TEC-AC-10004469,150,160,4,2,4904
9866,27-03-2023,Standard Class,Home Office,Furniture,Furnishings,FUR-FU-10001037,20,20,2,5,461
9867,12-07-2022,Second Class,Corporate,Office Supplies,Storage,OFF-ST-10002615,980,1090,7,2,2613
9868,11-12-2023,Second Class,Corporate,Office Supplies,Appliances,OFF-AP-10000595,10,10,3,3,293
9869,16-11-2022,First Class,Corporate,Furniture,Furnishings,FUR-FU-10002253,60,70,2,4,3876
9870,02-01-2023,First Class,Corporate,Office Supplies,Binders,OFF-BI-10000494,0,0,2,5,3682
9871,07-03-2022,First Class,Corporate,Office Supplies,Binders,OFF-BI-10001658,20,20,3,2,3132
9872,16-07-2023,Same Day,Consumer,Office Supplies,Storage,OFF-ST-10003208,230,290,2,4,2051
9873,08-08-2022,Same Day,Consumer,Office Supplies,Art,OFF-AR-10004790,20,20,2,4,739
9874,01-05-2022,Standard Class,Home Office,Office Supplies,Paper,OFF-PA-10004609,10,10,1,5,4139
9875,03-11-2022,Second Class,Home Office,Office Supplies,Envelopes,OFF-EN-10003055,50,60,2,3,3536
9876,06-02-2022,Standard Class,Consumer,Office Supplies,Supplies,OFF-SU-10003936,10,10,2,2,3603
9877,10-01-2022,First Class,Home Office,Office Supplies,Storage,OFF-ST-10000078,770,850,4,2,832
9878,06-11-2023,First Class,Home Office,Office Supplies,Binders,OFF-BI-10000174,10,10,5,2,1245
9879,06-02-2023,First Class,Home Office,Technology,Phones,TEC-PH-10004080,100,120,3,2,711
9880,25-09-2023,Standard Class,Consumer,Furniture,Chairs,FUR-CH-10002961,530,570,7,5,2401
9881,09-01-2022,First Class,Home Office,Office Supplies,Paper,OFF-PA-10000474,70,90,3,3,1556
9882,02-01-2023,First Class,Consumer,Office Supplies,Binders,OFF-BI-10000138,10,10,3,5,3730
9883,24-12-2022,First Class,Consumer,Technology,Accessories,TEC-AC-10000023,250,270,13,5,968
9884,25-08-2023,Standard Class,Corporate,Office Supplies,Envelopes,OFF-EN-10001415,10,10,2,2,1996
9885,20-09-2023,Standard Class,Corporate,Technology,Accessories,TEC-AC-10001284,50,60,3,5,81
9886,05-09-2022,Standard Class,Corporate,Technology,Accessories,TEC-AC-10000736,140,160,2,3,3524
9887,10-07-2023,Standard Class,Consumer,Office Supplies,Fasteners,OFF-FA-10003467,10,10,3,4,540
9888,23-07-2022,First Class,Consumer,Office Supplies,Paper,OFF-PA-10000477,10,10,2,5,1360
9889,10-03-2023,Standard Class,Consumer,Technology,Accessories,TEC-AC-10000736,60,80,1,2,361
9890,16-10-2022,First Class,Corporate,Office Supplies,Art,OFF-AR-10002467,10,10,3,3,3084
9891,26-07-2023,Second Class,Corporate,Office Supplies,Paper,OFF-PA-10004996,20,20,2,2,2238
9892,21-05-2023,Second Class,Corporate,Technology,Accessories,TEC-AC-10003116,110,120,7,3,2232
9893,02-01-2023,Second Class,Corporate,Technology,Phones,TEC-PH-10002262,260,300,5,3,1806
9894,05-05-2023,Second Class,Corporate,Furniture,Chairs,FUR-CH-10004626,340,400,4,4,4573
9895,16-10-2023,Second Class,Corporate,Furniture,Furnishings,FUR-FU-10001756,80,100,5,2,4323
9896,25-07-2022,Standard Class,Consumer,Technology,Accessories,TEC-AC-10004859,140,150,11,3,4095
9897,17-03-2022,Second Class,Consumer,Office Supplies,Paper,OFF-PA-10001725,50,60,2,5,4864
9898,29-12-2023,Standard Class,Consumer,Furniture,Furnishings,FUR-FU-10004306,390,470,3,4,4476
9899,27-02-2023,Standard Class,Consumer,Furniture,Furnishings,FUR-FU-10004845,70,80,2,5,502
9900,26-06-2023,Standard Class,Home Office,Furniture,Tables,FUR-TA-10000198,290,330,1,2,4570
9901,14-05-2023,Standard Class,Consumer,Office Supplies,Storage,OFF-ST-10000036,210,240,3,5,2107
9902,29-05-2023,Standard Class,Consumer,Furniture,Furnishings,FUR-FU-10001037,20,20,3,4,1636
9903,17-02-2022,Standard Class,Consumer,Office Supplies,Paper,OFF-PA-10001950,10,10,1,2,2741
9904,09-10-2023,Standard Class,Consumer,Furniture,Furnishings,FUR-FU-10004587,30,30,3,2,3660
9905,05-04-2022,Standard Class,Consumer,Technology,Accessories,TEC-AC-10002567,110,130,2,2,4544
9906,27-10-2022,First Class,Corporate,Furniture,Furnishings,FUR-FU-10004973,110,130,7,5,394
9907,21-11-2022,First Class,Corporate,Office Supplies,Binders,OFF-BI-10001628,30,30,3,5,4537
9908,06-07-2022,First Class,Corporate,Furniture,Chairs,FUR-CH-10000155,680,720,3,4,4630
9909,15-07-2023,First Class,Corporate,Furniture,Furnishings,FUR-FU-10002379,180,210,5,3,2922
9910,25-04-2023,First Class,Corporate,Furniture,Furnishings,FUR-FU-10004018,30,40,3,4,2075
9911,05-09-2023,First Class,Corporate,Office Supplies,Paper,OFF-PA-10000994,180,210,2,4,1422
9912,23-03-2022,Standard Class,Corporate,Office Supplies,Binders,OFF-BI-10002852,100,120,7,4,947
9913,06-10-2022,First Class,Corporate,Furniture,Chairs,FUR-CH-10001714,330,360,3,3,4016
9914,15-03-2022,First Class,Corporate,Office Supplies,Labels,OFF-LA-10000414,20,30,3,4,3343
9915,18-12-2022,Second Class,Consumer,Office Supplies,Paper,OFF-PA-10003848,10,10,2,2,4981
9916,22-01-2023,Second Class,Consumer,Office Supplies,Paper,OFF-PA-10000176,70,90,5,2,1612
9917,25-10-2022,Second Class,Consumer,Office Supplies,Storage,OFF-ST-10001590,10,10,1,2,85
9918,09-04-2023,Second Class,Consumer,Furniture,Furnishings,FUR-FU-10000010,10,10,3,3,2349
9919,05-07-2022,Standard Class,Consumer,Office Supplies,Envelopes,OFF-EN-10003055,30,40,1,2,3808
9920,03-04-2022,Standard Class,Corporate,Furniture,Chairs,FUR-CH-10000863,460,530,5,2,2252
9921,13-07-2023,Standard Class,Corporate,Office Supplies,Binders,OFF-BI-10004233,20,20,7,2,3073
9922,15-04-2023,Standard Class,Home Office,Office Supplies,Binders,OFF-BI-10003350,10,10,3,2,2724
9923,01-08-2023,Standard Class,Consumer,Technology,Accessories,TEC-AC-10001990,160,190,4,3,363
9924,02-07-2023,First Class,Corporate,Office Supplies,Binders,OFF-BI-10003982,40,50,3,5,184
9925,28-01-2023,First Class,Corporate,Office Supplies,Envelopes,OFF-EN-10004386,20,20,1,5,4494
9926,17-02-2023,First Class,Corporate,Office Supplies,Binders,OFF-BI-10003656,950,1090,8,3,328
9927,25-01-2022,First Class,Corporate,Technology,Phones,TEC-PH-10002310,160,200,2,3,2734
9928,15-06-2023,First Class,Corporate,Office Supplies,Storage,OFF-ST-10001172,70,80,4,2,4495
9929,03-08-2022,Same Day,Consumer,Furniture,Furnishings,FUR-FU-10000260,20,20,3,3,854
9930,13-07-2022,Same Day,Consumer,Technology,Copiers,TEC-CO-10003763,2380,2800,5,4,23
9931,02-08-2023,Standard Class,Consumer,Office Supplies,Binders,OFF-BI-10001267,10,10,2,2,2613
9932,28-04-2022,Standard Class,Consumer,Furniture,Bookcases,FUR-BO-10004357,560,680,4,3,514
9933,04-03-2023,Standard Class,Consumer,Office Supplies,Paper,OFF-PA-10004610,30,30,7,4,2248
9934,10-05-2022,First Class,Consumer,Technology,Phones,TEC-PH-10004912,140,160,3,3,3733
9935,04-01-2022,Standard Class,Consumer,Office Supplies,Appliances,OFF-AP-10003278,30,30,3,5,2135
9936,10-02-2023,Standard Class,Consumer,Office Supplies,Storage,OFF-ST-10001627,30,40,3,2,2146
9937,01-10-2023,Standard Class,Consumer,Office Supplies,Binders,OFF-BI-10002735,90,100,3,5,1849
9938,16-01-2023,Second Class,Corporate,Furniture,Tables,FUR-TA-10001676,60,70,2,5,62
9939,14-10-2023,Standard Class,Corporate,Furniture,Furnishings,FUR-FU-10004864,50,60,5,3,1926
9940,28-10-2022,Standard Class,Corporate,Office Supplies,Supplies,OFF-SU-10000952,40,40,4,4,342
9941,30-03-2023,Standard Class,Corporate,Office Supplies,Art,OFF-AR-10000462,10,10,7,4,1806
9942,21-07-2022,Standard Class,Consumer,Technology,Accessories,TEC-AC-10001772,180,220,14,5,3884
9943,08-04-2022,Standard Class,Consumer,Office Supplies,Storage,OFF-ST-10001128,950,1000,9,3,2221
9944,06-12-2022,Standard Class,Consumer,Office Supplies,Supplies,OFF-SU-10002537,40,50,5,2,364
9945,25-09-2022,Second Class,Home Office,Office Supplies,Storage,OFF-ST-10000419,30,40,3,3,4288
9946,26-06-2023,Standard Class,Corporate,Office Supplies,Paper,OFF-PA-10000327,0,0,1,4,2496
9947,16-04-2022,Standard Class,Corporate,Technology,Accessories,TEC-AC-10004353,120,150,3,2,235
9948,31-10-2022,Second Class,Corporate,Furniture,Chairs,FUR-CH-10003746,1600,1930,6,4,350
9949,13-09-2022,Second Class,Corporate,Office Supplies,Appliances,OFF-AP-10002945,1950,2410,8,3,3015
9950,07-01-2022,Second Class,Corporate,Technology,Accessories,TEC-AC-10004568,70,80,3,3,4041
9951,19-03-2022,Second Class,Corporate,Technology,Accessories,TEC-AC-10001714,40,40,1,3,4447
9952,07-04-2022,Second Class,Corporate,Office Supplies,Binders,OFF-BI-10002072,20,20,2,3,2859
9953,28-09-2022,Second Class,Corporate,Office Supplies,Binders,OFF-BI-10001153,50,60,2,4,29
9954,27-10-2022,Second Class,Corporate,Office Supplies,Paper,OFF-PA-10004983,10,10,1,2,1025
9955,02-08-2023,Second Class,Corporate,Office Supplies,Binders,OFF-BI-10000948,20,30,3,2,1968
9956,18-03-2022,Second Class,Corporate,Furniture,Tables,FUR-TA-10002622,220,270,2,2,3530
9957,10-10-2022,Standard Class,Home Office,Office Supplies,Paper,OFF-PA-10001776,50,50,5,2,1254
9958,03-01-2023,Standard Class,Home Office,Office Supplies,Paper,OFF-PA-10004039,210,220,4,4,635
9959,21-12-2023,Standard Class,Home Office,Office Supplies,Supplies,OFF-SU-10001574,10,10,2,3,2237
9960,09-02-2023,Standard Class,Consumer,Office Supplies,Art,OFF-AR-10001761,10,10,2,2,2251
9961,26-02-2023,Second Class,Home Office,Technology,Accessories,TEC-AC-10002305,20,20,1,5,1238
9962,18-04-2022,First Class,Home Office,Office Supplies,Paper,OFF-PA-10000675,60,70,2,4,3810
9963,02-09-2022,First Class,Home Office,Furniture,Bookcases,FUR-BO-10004218,320,380,4,3,4338
9964,17-01-2022,Same Day,Consumer,Office Supplies,Paper,OFF-PA-10003072,10,10,2,3,385
9965,08-07-2023,Second Class,Corporate,Furniture,Furnishings,FUR-FU-10002671,10,10,1,3,544
9966,31-12-2022,Second Class,Corporate,Office Supplies,Paper,OFF-PA-10000349,0,0,1,5,2095
9967,21-02-2022,Second Class,Corporate,Office Supplies,Envelopes,OFF-EN-10004483,100,110,7,4,4588
9968,02-10-2022,Standard Class,Consumer,Office Supplies,Binders,OFF-BI-10004209,30,40,5,2,2954
9969,15-04-2023,Standard Class,Consumer,Office Supplies,Binders,OFF-BI-10004600,700,740,2,3,4304
9970,18-11-2023,Standard Class,Consumer,Office Supplies,Appliances,OFF-AP-10003622,20,20,7,5,680
9971,04-05-2023,Standard Class,Home Office,Office Supplies,Binders,OFF-BI-10002867,110,120,2,2,4903
9972,27-07-2023,Standard Class,Home Office,Office Supplies,Art,OFF-AR-10000538,110,140,5,4,625
9973,07-04-2022,Standard Class,Consumer,Office Supplies,Envelopes,OFF-EN-10000056,90,100,2,2,1794
9974,07-03-2023,Standard Class,Home Office,Technology,Phones,TEC-PH-10004080,230,270,5,4,654
9975,17-11-2022,Standard Class,Home Office,Office Supplies,Art,OFF-AR-10004752,20,20,7,2,4492
9976,16-12-2023,Standard Class,Home Office,Office Supplies,Paper,OFF-PA-10000743,10,10,2,4,2864
9977,11-09-2022,Standard Class,Home Office,Technology,Phones,TEC-PH-10002496,200,250,2,5,1527
9978,03-12-2023,Standard Class,Home Office,Office Supplies,Fasteners,OFF-FA-10003467,10,10,7,4,3765
9979,05-06-2023,Standard Class,Home Office,Office Supplies,Binders,OFF-BI-10003727,10,10,4,4,4687
9980,12-10-2023,Standard Class,Home Office,Office Supplies,Binders,OFF-BI-10002026,410,440,14,3,210
9981,26-06-2023,Second Class,Consumer,Furniture,Tables,FUR-TA-10001039,80,90,1,2,2046
9982,14-11-2022,First Class,Consumer,Office Supplies,Labels,OFF-LA-10004484,20,20,5,5,2124
9983,27-05-2023,Standard Class,Consumer,Office Supplies,Paper,OFF-PA-10002195,40,40,7,4,1160
9984,14-09-2022,Standard Class,Consumer,Technology,Phones,TEC-PH-10001305,80,100,2,4,4763
9985,04-08-2023,Standard Class,Consumer,Office Supplies,Labels,OFF-LA-10003766,30,30,10,2,257
9986,30-09-2023,Standard Class,Consumer,Office Supplies,Supplies,OFF-SU-10000898,50,60,4,3,853
9987,30-11-2022,Standard Class,Consumer,Technology,Accessories,TEC-AC-10003399,40,40,1,5,2004
9988,01-04-2023,Standard Class,Corporate,Technology,Accessories,TEC-AC-10001539,80,80,1,3,4492
9989,17-11-2022,Standard Class,Corporate,Technology,Phones,TEC-PH-10004006,180,210,5,5,4842
9990,18-02-2023,Second Class,Consumer,Furniture,Furnishings,FUR-FU-10001889,30,30,3,4,1652
9991,17-03-2023,Standard Class,Consumer,Furniture,Furnishings,FUR-FU-10000747,70,90,2,4,3225
9992,07-08-2022,Standard Class,Consumer,Technology,Phones,TEC-PH-10003645,220,260,2,2,864
9993,19-11-2022,Standard Class,Consumer,Office Supplies,Paper,OFF-PA-10004041,30,30,4,3,2372
9994,17-07-2022,Second Class,Consumer,Office Supplies,Appliances,OFF-AP-10002684,210,240,2,3,1190
