Customer Number,Month,Fin Year,Month Year,Delinquency Months,Recovery Amount,Recovery Branch
1,1,2018,1-2018,30 Days,3.53,Delhi
6,6,2017,6-2017,60 Days,9.42,Ranchi
7,12,2017,12-2017,90 Days,1.40,Shillong
9,9,2018,9-2018,90 Days,5.59,Nasik
10,12,2017,12-2017,12 Months,14.13,Ranchi
11,6,2017,6-2017,6 Month,8.39,Gandhinagar
12,12,2017,12-2017,30 Days,1.18,Nagpur
13,9,2018,9-2018,90 Days,11.19,Gandhinagar
14,12,2018,12-2018,60 Days,1.77,Nagpur
15,1,2018,1-2018,90 Days,1.18,Ranchi
17,11,2018,11-2018,30 Days,3.53,Pune
18,6,2017,6-2017,12 Months,16.78,Jaipur
19,12,2018,12-2018,60 Days,4.71,Delhi
21,3,2018,3-2018,90 Days,2.80,Aurangabad
22,7,2017,7-2017,6 Month,10.60,Chennai
24,3,2018,3-2018,6 Month,6.99,Aurangabad
26,9,2018,9-2018,30 Days,10.60,Pune
28,11,2018,11-2018,24 Months and more,8.39,Jaipur
29,9,2017,9-2017,30 Days,12.59,Mumbai
30,5,2018,5-2018,6 Month,3.53,Ranchi
31,9,2017,9-2017,30 Days,6.48,Delhi
32,6,2018,6-2018,12 Months,13.98,Delhi
33,5,2017,5-2017,90 Days,1.40,Gandhinagar
34,12,2017,12-2017,12 Months,2.36,Shillong
35,10,2017,10-2017,60 Days,2.36,Shillong
36,8,2017,8-2017,6 Month,8.39,Pune
37,12,2018,12-2018,30 Days,1.40,Ranchi
38,5,2017,5-2017,12 Months,3.53,Jaipur
39,4,2018,4-2018,6 Month,1.18,Chennai
42,6,2017,6-2017,6 Month,5.89,Mumbai
44,7,2018,7-2018,6 Month,16.78,Mumbai
46,2,2018,2-2018,12 Months,10.60,Gandhinagar
47,6,2017,6-2017,24 Months and more,4.71,Shillong
48,12,2018,12-2018,60 Days,1.40,Mumbai
49,10,2018,10-2018,24 Months and more,5.30,Gandhinagar
50,1,2018,1-2018,24 Months and more,4.71,Delhi
51,9,2017,9-2017,60 Days,2.80,Chennai
52,6,2017,6-2017,12 Months,5.89,Delhi
53,3,2018,3-2018,60 Days,5.59,Gandhinagar
54,8,2017,8-2017,90 Days,1.18,Pune
55,8,2018,8-2018,6 Month,4.20,Jaipur
56,5,2017,5-2017,30 Days,0.59,Nagpur
57,9,2017,9-2017,12 Months,4.71,Nagpur
58,10,2018,10-2018,60 Days,5.59,Aurangabad
59,5,2018,5-2018,24 Months and more,2.36,Chandigarh
60,3,2018,3-2018,6 Month,0.59,Gandhinagar
61,7,2018,7-2018,6 Month,11.19,Chandigarh
63,10,2018,10-2018,30 Days,2.36,Srinagar
64,3,2018,3-2018,24 Months and more,11.19,Aurangabad
66,1,2018,1-2018,6 Month,2.36,Nasik
67,9,2017,9-2017,12 Months,9.79,Chennai
68,9,2017,9-2017,30 Days,4.71,Shillong
69,12,2017,12-2017,30 Days,9.42,Shillong
71,10,2017,10-2017,24 Months and more,2.94,Aurangabad
74,10,2018,10-2018,6 Month,1.77,Mumbai
75,4,2017,4-2017,24 Months and more,1.77,Delhi
77,2,2017,2-2017,90 Days,3.53,Aurangabad
78,1,2018,1-2018,90 Days,8.24,Srinagar
79,1,2018,1-2018,60 Days,8.39,Srinagar
80,3,2017,3-2017,24 Months and more,5.30,Gandhinagar
82,8,2018,8-2018,24 Months and more,13.98,Shillong
85,5,2018,5-2018,12 Months,11.19,Bengaluru
86,3,2017,3-2017,12 Months,11.19,Nasik
87,3,2018,3-2018,24 Months and more,8.39,Pune
88,1,2018,1-2018,12 Months,2.36,Jaipur
90,5,2017,5-2017,60 Days,13.98,Chandigarh
91,11,2018,11-2018,12 Months,1.40,Bengaluru
93,8,2018,8-2018,6 Month,7.07,Chandigarh
95,5,2018,5-2018,60 Days,7.07,Mumbai
96,3,2018,3-2018,90 Days,1.40,Shillong
97,2,2017,2-2017,12 Months,7.07,Aurangabad
98,6,2017,6-2017,6 Month,2.36,Shillong
100,4,2017,4-2017,12 Months,7.07,Chandigarh
101,12,2017,12-2017,30 Days,7.07,Chandigarh
102,2,2017,2-2017,60 Days,3.53,Nagpur
103,9,2018,9-2018,90 Days,10.60,Aurangabad
104,11,2017,11-2017,60 Days,2.94,Mumbai
105,9,2017,9-2017,90 Days,0.59,Ranchi
106,11,2018,11-2018,30 Days,0.59,Bengaluru
108,3,2018,3-2018,30 Days,1.77,Nasik
109,4,2018,4-2018,30 Days,5.59,Pune
111,6,2018,6-2018,6 Month,10.60,Bengaluru
112,7,2018,7-2018,6 Month,15.38,Chennai
114,10,2017,10-2017,12 Months,11.78,Gandhinagar
115,7,2017,7-2017,6 Month,12.59,Srinagar
117,2,2017,2-2017,30 Days,5.89,Bhopal
118,6,2018,6-2018,90 Days,12.59,Gandhinagar
121,3,2017,3-2017,90 Days,1.18,Bhopal
122,7,2018,7-2018,12 Months,5.30,Mumbai
123,8,2018,8-2018,6 Month,2.80,Delhi
124,12,2017,12-2017,90 Days,4.71,Ranchi
125,7,2017,7-2017,90 Days,1.18,Gandhinagar
127,9,2017,9-2017,12 Months,6.99,Ranchi
128,8,2018,8-2018,24 Months and more,9.79,Delhi
129,9,2017,9-2017,30 Days,7.07,Pune
132,2,2018,2-2018,90 Days,2.36,Bhopal
133,4,2018,4-2018,12 Months,2.94,Aurangabad
134,3,2017,3-2017,90 Days,12.59,Jaipur
135,2,2018,2-2018,6 Month,3.53,Pune
136,1,2017,1-2017,60 Days,5.30,Jaipur
137,8,2018,8-2018,90 Days,1.40,Nasik
138,4,2018,4-2018,6 Month,4.71,Shillong
140,12,2017,12-2017,60 Days,4.71,Aurangabad
141,4,2017,4-2017,6 Month,2.94,Pune
142,6,2018,6-2018,30 Days,6.99,Ranchi
143,2,2017,2-2017,6 Month,4.71,Jaipur
144,6,2018,6-2018,90 Days,5.30,Aurangabad
146,12,2017,12-2017,12 Months,5.89,Pune
147,8,2018,8-2018,12 Months,5.89,Bengaluru
148,11,2017,11-2017,90 Days,2.36,Chandigarh
149,1,2018,1-2018,24 Months and more,1.18,Shillong
152,2,2018,2-2018,24 Months and more,8.39,Mumbai
153,3,2017,3-2017,12 Months,12.95,Nagpur
156,2,2017,2-2017,24 Months and more,7.07,Nasik
157,2,2017,2-2017,12 Months,2.94,Nagpur
159,9,2018,9-2018,6 Month,6.48,Bhopal
160,1,2018,1-2018,90 Days,9.79,Srinagar
161,3,2017,3-2017,60 Days,7.07,Shillong
163,1,2018,1-2018,6 Month,5.89,Srinagar
165,6,2018,6-2018,24 Months and more,2.94,Chandigarh
166,11,2018,11-2018,30 Days,2.80,Srinagar
167,4,2018,4-2018,6 Month,2.94,Nagpur
168,11,2017,11-2017,90 Days,10.60,Shillong
169,10,2018,10-2018,24 Months and more,12.59,Bhopal
170,3,2017,3-2017,24 Months and more,9.79,Shillong
172,11,2017,11-2017,12 Months,7.07,Nasik
173,7,2017,7-2017,6 Month,0.59,Pune
174,2,2017,2-2017,12 Months,15.38,Jaipur
175,1,2017,1-2017,90 Days,4.71,Chennai
176,1,2018,1-2018,60 Days,4.20,Nasik
177,4,2017,4-2017,6 Month,8.24,Chennai
178,6,2018,6-2018,60 Days,4.71,Pune
179,12,2018,12-2018,60 Days,0.59,Jaipur
180,1,2017,1-2017,30 Days,0.59,Delhi
181,8,2018,8-2018,6 Month,2.36,Pune
182,9,2018,9-2018,30 Days,6.99,Delhi
183,6,2018,6-2018,90 Days,1.18,Delhi
184,1,2018,1-2018,24 Months and more,2.94,Bengaluru
186,9,2017,9-2017,12 Months,10.60,Jaipur
187,3,2017,3-2017,30 Days,12.59,Chandigarh
188,6,2018,6-2018,60 Days,12.95,Mumbai
190,3,2017,3-2017,30 Days,1.40,Gandhinagar
191,10,2017,10-2017,12 Months,0.59,Jaipur
194,3,2018,3-2018,60 Days,2.36,Chennai
195,9,2017,9-2017,6 Month,5.59,Aurangabad
196,4,2017,4-2017,12 Months,9.42,Ranchi
197,1,2018,1-2018,90 Days,4.71,Chennai
198,5,2018,5-2018,24 Months and more,1.18,Jaipur
199,2,2017,2-2017,60 Days,7.07,Delhi
202,10,2017,10-2017,24 Months and more,9.42,Ranchi
204,10,2017,10-2017,60 Days,7.07,Chandigarh
205,4,2017,4-2017,60 Days,15.38,Chandigarh
208,6,2018,6-2018,24 Months and more,3.53,Nasik
209,2,2018,2-2018,60 Days,12.95,Pune
210,2,2017,2-2017,60 Days,5.89,Bhopal
211,8,2017,8-2017,30 Days,2.94,Aurangabad
214,3,2017,3-2017,6 Month,2.36,Shillong
216,4,2018,4-2018,24 Months and more,1.18,Srinagar
219,4,2017,4-2017,12 Months,5.30,Pune
220,8,2017,8-2017,6 Month,3.53,Bengaluru
221,7,2018,7-2018,90 Days,4.12,Bhopal
224,5,2017,5-2017,60 Days,0.59,Nagpur
226,9,2017,9-2017,60 Days,6.48,Bengaluru
227,4,2017,4-2017,90 Days,16.78,Nasik
228,3,2017,3-2017,6 Month,13.98,Mumbai
230,5,2017,5-2017,12 Months,6.99,Chennai
235,3,2017,3-2017,24 Months and more,2.36,Gandhinagar
237,5,2018,5-2018,30 Days,5.89,Jaipur
238,11,2017,11-2017,6 Month,12.59,Pune
239,12,2017,12-2017,6 Month,14.13,Delhi
240,2,2018,2-2018,12 Months,2.36,Delhi
241,1,2018,1-2018,60 Days,6.48,Srinagar
243,5,2017,5-2017,60 Days,13.98,Bengaluru
245,7,2017,7-2017,24 Months and more,5.30,Delhi
246,4,2018,4-2018,24 Months and more,7.07,Shillong
247,7,2018,7-2018,90 Days,11.19,Mumbai
249,4,2017,4-2017,24 Months and more,5.30,Srinagar
250,2,2018,2-2018,30 Days,2.94,Ranchi
251,8,2017,8-2017,12 Months,4.71,Ranchi
252,6,2017,6-2017,90 Days,2.80,Srinagar
253,7,2017,7-2017,60 Days,0.59,Ranchi
254,5,2017,5-2017,6 Month,0.59,Ranchi
255,9,2017,9-2017,30 Days,8.24,Shillong
256,3,2017,3-2017,12 Months,5.89,Chennai
257,5,2018,5-2018,60 Days,5.89,Pune
259,7,2017,7-2017,24 Months and more,1.18,Chennai
260,7,2018,7-2018,90 Days,4.71,Gandhinagar
261,1,2017,1-2017,90 Days,2.80,Nagpur
262,9,2017,9-2017,6 Month,4.12,Chandigarh
263,5,2017,5-2017,90 Days,13.98,Chandigarh
264,4,2017,4-2017,60 Days,13.98,Gandhinagar
265,8,2017,8-2017,30 Days,4.71,Jaipur
266,3,2017,3-2017,90 Days,5.89,Delhi
267,5,2017,5-2017,30 Days,2.94,Srinagar
269,11,2017,11-2017,60 Days,1.18,Srinagar
270,1,2017,1-2017,12 Months,7.07,Pune
272,7,2018,7-2018,12 Months,3.53,Srinagar
273,2,2017,2-2017,60 Days,3.53,Bhopal
279,2,2018,2-2018,6 Month,2.36,Mumbai
280,2,2018,2-2018,6 Month,6.99,Ranchi
283,4,2017,4-2017,24 Months and more,1.40,Jaipur
285,12,2017,12-2017,60 Days,11.19,Ranchi
286,5,2018,5-2018,6 Month,2.80,Gandhinagar
287,1,2018,1-2018,24 Months and more,0.59,Bhopal
288,8,2018,8-2018,6 Month,1.77,Nagpur
289,4,2017,4-2017,60 Days,4.20,Ranchi
290,12,2017,12-2017,60 Days,1.18,Jaipur
291,10,2018,10-2018,90 Days,2.94,Shillong
294,5,2017,5-2017,12 Months,1.18,Nagpur
295,5,2018,5-2018,6 Month,16.78,Srinagar
296,11,2018,11-2018,90 Days,1.18,Ranchi
298,2,2017,2-2017,60 Days,6.99,Delhi
299,3,2017,3-2017,6 Month,2.36,Chandigarh
301,3,2018,3-2018,24 Months and more,2.94,Pune
302,4,2017,4-2017,60 Days,1.18,Jaipur
303,5,2018,5-2018,60 Days,7.07,Chandigarh
306,10,2017,10-2017,12 Months,16.78,Chennai
307,4,2017,4-2017,90 Days,12.59,Bhopal
308,4,2018,4-2018,24 Months and more,1.40,Delhi
310,9,2018,9-2018,60 Days,5.30,Nagpur
311,9,2017,9-2017,24 Months and more,5.59,Mumbai
312,8,2017,8-2017,90 Days,2.94,Delhi
315,4,2018,4-2018,24 Months and more,1.40,Nasik
317,3,2018,3-2018,12 Months,4.20,Aurangabad
318,3,2017,3-2017,30 Days,1.40,Gandhinagar
320,11,2018,11-2018,12 Months,13.98,Chandigarh
324,9,2018,9-2018,30 Days,2.80,Chennai
326,11,2017,11-2017,60 Days,16.78,Shillong
327,11,2018,11-2018,12 Months,14.13,Delhi
328,12,2017,12-2017,6 Month,4.71,Nasik
331,12,2018,12-2018,6 Month,5.89,Srinagar
332,7,2018,7-2018,6 Month,2.80,Chennai
334,12,2018,12-2018,90 Days,1.18,Chandigarh
336,4,2018,4-2018,30 Days,1.77,Mumbai
337,3,2018,3-2018,24 Months and more,2.80,Delhi
339,8,2017,8-2017,12 Months,16.78,Pune
340,1,2018,1-2018,6 Month,2.94,Delhi
342,5,2017,5-2017,6 Month,4.20,Delhi
343,7,2018,7-2018,12 Months,1.18,Gandhinagar
344,2,2017,2-2017,90 Days,11.19,Delhi
345,11,2017,11-2017,24 Months and more,1.18,Gandhinagar
346,4,2018,4-2018,6 Month,10.60,Jaipur
348,2,2017,2-2017,60 Days,6.99,Gandhinagar
350,9,2017,9-2017,6 Month,6.48,Shillong
352,9,2018,9-2018,90 Days,7.07,Mumbai
354,5,2017,5-2017,24 Months and more,2.94,Ranchi
355,1,2017,1-2017,90 Days,2.94,Srinagar
358,2,2018,2-2018,24 Months and more,12.95,Jaipur
359,1,2017,1-2017,6 Month,2.80,Bhopal
360,7,2018,7-2018,30 Days,9.42,Chandigarh
363,6,2018,6-2018,30 Days,5.89,Shillong
367,1,2017,1-2017,12 Months,12.59,Mumbai
368,2,2017,2-2017,6 Month,9.79,Srinagar
370,1,2017,1-2017,6 Month,0.59,Nagpur
372,4,2018,4-2018,12 Months,2.94,Srinagar
374,1,2018,1-2018,12 Months,5.89,Nasik
375,1,2017,1-2017,24 Months and more,5.30,Nagpur
376,9,2018,9-2018,30 Days,0.59,Bengaluru
378,11,2017,11-2017,24 Months and more,1.18,Jaipur
379,7,2017,7-2017,12 Months,2.36,Aurangabad
381,12,2018,12-2018,30 Days,3.53,Pune
382,11,2018,11-2018,12 Months,1.40,Delhi
385,5,2018,5-2018,60 Days,4.20,Jaipur
387,7,2018,7-2018,12 Months,1.77,Gandhinagar
389,11,2017,11-2017,60 Days,5.30,Ranchi
390,5,2018,5-2018,12 Months,3.53,Gandhinagar
392,3,2017,3-2017,60 Days,1.18,Delhi
393,2,2018,2-2018,6 Month,2.94,Shillong
395,8,2017,8-2017,24 Months and more,4.20,Jaipur
396,7,2017,7-2017,12 Months,1.18,Chandigarh
397,12,2017,12-2017,12 Months,14.13,Mumbai
398,6,2018,6-2018,24 Months and more,4.12,Bengaluru
399,3,2017,3-2017,60 Days,5.59,Chennai
402,8,2017,8-2017,60 Days,5.30,Mumbai
403,2,2018,2-2018,12 Months,6.48,Nasik
404,8,2017,8-2017,60 Days,1.40,Chandigarh
405,2,2018,2-2018,60 Days,5.59,Jaipur
406,3,2018,3-2018,12 Months,2.80,Bengaluru
408,8,2018,8-2018,30 Days,2.94,Jaipur
409,1,2018,1-2018,12 Months,15.38,Gandhinagar
410,1,2018,1-2018,30 Days,16.78,Chandigarh
411,3,2017,3-2017,60 Days,3.53,Shillong
414,3,2017,3-2017,60 Days,1.40,Ranchi
415,11,2018,11-2018,12 Months,7.07,Jaipur
417,1,2017,1-2017,90 Days,16.78,Jaipur
421,11,2018,11-2018,60 Days,5.89,Srinagar
425,7,2017,7-2017,24 Months and more,2.36,Nagpur
426,1,2017,1-2017,90 Days,1.18,Chennai
431,8,2017,8-2017,60 Days,10.60,Nasik
432,6,2017,6-2017,12 Months,8.24,Pune
433,12,2018,12-2018,90 Days,2.36,Srinagar
434,11,2018,11-2018,24 Months and more,11.19,Bhopal
435,4,2017,4-2017,6 Month,5.59,Nagpur
436,10,2018,10-2018,90 Days,3.53,Chennai
437,5,2018,5-2018,90 Days,6.48,Delhi
438,4,2017,4-2017,6 Month,2.94,Srinagar
439,7,2018,7-2018,90 Days,13.98,Delhi
442,4,2017,4-2017,60 Days,12.59,Bhopal
444,10,2017,10-2017,90 Days,11.19,Nagpur
445,11,2017,11-2017,6 Month,1.40,Shillong
446,12,2017,12-2017,24 Months and more,2.94,Bengaluru
447,12,2018,12-2018,12 Months,6.48,Bengaluru
448,5,2018,5-2018,12 Months,5.89,Shillong
452,10,2017,10-2017,24 Months and more,12.59,Mumbai
453,7,2018,7-2018,30 Days,4.20,Chandigarh
454,1,2017,1-2017,90 Days,4.71,Nagpur
455,6,2017,6-2017,6 Month,15.38,Srinagar
456,10,2017,10-2017,90 Days,12.59,Jaipur
457,4,2018,4-2018,12 Months,4.12,Gandhinagar
459,11,2017,11-2017,6 Month,7.07,Delhi
460,12,2017,12-2017,90 Days,5.89,Jaipur
461,5,2018,5-2018,90 Days,6.48,Chennai
462,12,2017,12-2017,60 Days,5.89,Aurangabad
463,6,2017,6-2017,60 Days,3.53,Chennai
465,7,2018,7-2018,24 Months and more,4.12,Ranchi
466,9,2017,9-2017,90 Days,7.07,Bengaluru
467,12,2017,12-2017,24 Months and more,8.39,Shillong
468,3,2017,3-2017,90 Days,13.98,Bhopal
471,5,2017,5-2017,24 Months and more,5.59,Srinagar
472,3,2018,3-2018,60 Days,1.18,Gandhinagar
473,10,2018,10-2018,90 Days,5.30,Shillong
474,2,2017,2-2017,90 Days,4.71,Ranchi
475,7,2018,7-2018,60 Days,4.20,Ranchi
476,7,2018,7-2018,60 Days,7.07,Chandigarh
477,8,2018,8-2018,60 Days,12.59,Aurangabad
478,12,2017,12-2017,30 Days,2.36,Aurangabad
479,10,2018,10-2018,30 Days,4.20,Chandigarh
482,7,2017,7-2017,60 Days,4.12,Chandigarh
483,10,2017,10-2017,60 Days,0.59,Chandigarh
485,9,2018,9-2018,30 Days,2.94,Aurangabad
486,9,2018,9-2018,90 Days,9.79,Jaipur
487,8,2017,8-2017,90 Days,1.77,Chennai
491,9,2017,9-2017,6 Month,7.07,Nasik
493,12,2018,12-2018,60 Days,4.20,Pune
495,5,2018,5-2018,90 Days,5.30,Bhopal
497,12,2018,12-2018,12 Months,2.36,Srinagar
499,8,2017,8-2017,30 Days,6.48,Chandigarh
500,12,2017,12-2017,24 Months and more,4.12,Bengaluru
501,4,2018,4-2018,12 Months,2.94,Shillong
502,1,2018,1-2018,6 Month,2.36,Bengaluru
503,12,2017,12-2017,30 Days,1.18,Nasik
505,12,2017,12-2017,6 Month,7.07,Pune
506,8,2018,8-2018,6 Month,6.99,Chennai
507,5,2017,5-2017,30 Days,4.20,Delhi
509,5,2018,5-2018,12 Months,5.30,Shillong
510,5,2018,5-2018,12 Months,5.30,Mumbai
512,10,2018,10-2018,12 Months,0.59,Bhopal
513,6,2018,6-2018,24 Months and more,8.39,Chennai
515,9,2017,9-2017,60 Days,5.30,Bhopal
518,5,2017,5-2017,60 Days,16.78,Shillong
520,4,2017,4-2017,30 Days,10.60,Delhi
521,7,2018,7-2018,90 Days,15.38,Nasik
523,11,2018,11-2018,6 Month,13.98,Shillong
525,12,2017,12-2017,6 Month,1.18,Ranchi
526,6,2018,6-2018,24 Months and more,4.71,Aurangabad
528,11,2017,11-2017,12 Months,3.53,Shillong
529,12,2017,12-2017,24 Months and more,11.78,Mumbai
530,7,2017,7-2017,90 Days,3.53,Srinagar
532,4,2018,4-2018,6 Month,5.30,Pune
533,5,2017,5-2017,30 Days,1.18,Shillong
534,8,2017,8-2017,6 Month,1.18,Nasik
535,4,2018,4-2018,12 Months,3.53,Mumbai
536,3,2017,3-2017,12 Months,4.12,Gandhinagar
537,3,2017,3-2017,90 Days,1.18,Delhi
538,2,2017,2-2017,24 Months and more,4.71,Chandigarh
540,1,2018,1-2018,90 Days,7.07,Bhopal
541,3,2017,3-2017,90 Days,1.18,Nagpur
542,1,2018,1-2018,6 Month,4.20,Bengaluru
543,6,2017,6-2017,6 Month,4.12,Srinagar
544,1,2017,1-2017,6 Month,16.78,Mumbai
545,10,2017,10-2017,90 Days,14.13,Gandhinagar
546,12,2018,12-2018,24 Months and more,5.30,Chandigarh
547,8,2017,8-2017,60 Days,8.39,Pune
549,4,2017,4-2017,30 Days,3.53,Bengaluru
550,6,2018,6-2018,6 Month,11.19,Jaipur
551,1,2018,1-2018,60 Days,4.20,Jaipur
552,12,2018,12-2018,60 Days,5.30,Bengaluru
553,9,2017,9-2017,30 Days,15.38,Mumbai
554,7,2018,7-2018,60 Days,5.89,Ranchi
555,12,2018,12-2018,60 Days,1.18,Ranchi
557,2,2018,2-2018,24 Months and more,8.39,Bhopal
558,5,2017,5-2017,30 Days,0.59,Jaipur
559,12,2017,12-2017,12 Months,1.18,Chennai
560,8,2018,8-2018,24 Months and more,4.71,Gandhinagar
561,7,2018,7-2018,24 Months and more,4.71,Delhi
562,2,2018,2-2018,90 Days,5.30,Nagpur
563,2,2018,2-2018,6 Month,1.77,Delhi
566,9,2017,9-2017,60 Days,1.18,Aurangabad
568,11,2017,11-2017,60 Days,1.77,Chennai
570,11,2017,11-2017,90 Days,5.30,Chennai
573,5,2018,5-2018,60 Days,13.98,Jaipur
574,12,2018,12-2018,90 Days,2.36,Jaipur
576,11,2017,11-2017,12 Months,16.78,Delhi
577,12,2018,12-2018,30 Days,5.89,Ranchi
578,10,2017,10-2017,60 Days,3.53,Bhopal
581,11,2018,11-2018,90 Days,2.36,Nasik
582,9,2018,9-2018,24 Months and more,1.18,Jaipur
583,3,2017,3-2017,6 Month,5.30,Chennai
584,10,2017,10-2017,6 Month,3.53,Bengaluru
586,5,2017,5-2017,60 Days,4.71,Mumbai
588,5,2017,5-2017,90 Days,6.48,Srinagar
589,11,2017,11-2017,60 Days,3.53,Shillong
590,4,2017,4-2017,6 Month,2.94,Nagpur
591,8,2018,8-2018,24 Months and more,5.89,Chennai
594,12,2017,12-2017,90 Days,6.48,Bhopal
597,9,2017,9-2017,60 Days,3.53,Jaipur
599,5,2017,5-2017,6 Month,1.77,Pune
600,10,2017,10-2017,6 Month,4.71,Aurangabad
601,4,2018,4-2018,60 Days,12.59,Chandigarh
602,3,2018,3-2018,30 Days,5.89,Shillong
604,8,2017,8-2017,12 Months,11.19,Srinagar
606,6,2018,6-2018,30 Days,5.30,Nagpur
607,11,2017,11-2017,30 Days,5.30,Aurangabad
608,5,2018,5-2018,30 Days,10.60,Chennai
609,11,2018,11-2018,30 Days,3.53,Chandigarh
610,3,2017,3-2017,30 Days,5.89,Mumbai
613,8,2018,8-2018,60 Days,0.59,Aurangabad
614,12,2018,12-2018,24 Months and more,0.59,Jaipur
615,5,2018,5-2018,12 Months,11.19,Jaipur
617,10,2018,10-2018,90 Days,8.39,Gandhinagar
621,7,2018,7-2018,90 Days,4.71,Srinagar
622,10,2017,10-2017,60 Days,5.89,Chennai
623,4,2018,4-2018,60 Days,7.07,Srinagar
625,5,2017,5-2017,30 Days,7.07,Mumbai
626,7,2018,7-2018,90 Days,0.59,Chennai
627,5,2018,5-2018,24 Months and more,3.53,Nasik
631,11,2017,11-2017,24 Months and more,11.78,Srinagar
632,10,2017,10-2017,24 Months and more,4.12,Srinagar
633,3,2017,3-2017,12 Months,14.13,Mumbai
634,12,2018,12-2018,12 Months,2.94,Mumbai
635,5,2018,5-2018,12 Months,9.42,Mumbai
638,8,2017,8-2017,30 Days,9.79,Mumbai
639,1,2018,1-2018,90 Days,11.19,Ranchi
640,12,2017,12-2017,6 Month,16.78,Shillong
641,5,2018,5-2018,12 Months,2.36,Chandigarh
642,5,2017,5-2017,12 Months,4.12,Bhopal
643,3,2017,3-2017,12 Months,13.98,Shillong
644,7,2018,7-2018,12 Months,5.89,Aurangabad
645,11,2018,11-2018,90 Days,1.40,Pune
646,5,2018,5-2018,60 Days,7.07,Jaipur
647,2,2017,2-2017,60 Days,4.12,Nasik
648,8,2018,8-2018,6 Month,7.07,Jaipur
649,2,2018,2-2018,30 Days,5.30,Aurangabad
650,5,2017,5-2017,24 Months and more,7.07,Gandhinagar
651,9,2018,9-2018,6 Month,13.98,Delhi
653,5,2018,5-2018,12 Months,7.07,Bengaluru
655,5,2018,5-2018,30 Days,3.53,Delhi
656,2,2017,2-2017,12 Months,4.12,Nasik
657,6,2017,6-2017,24 Months and more,1.77,Pune
658,5,2017,5-2017,24 Months and more,4.12,Delhi
659,6,2018,6-2018,90 Days,15.38,Nasik
661,11,2017,11-2017,90 Days,0.59,Srinagar
662,7,2018,7-2018,6 Month,12.59,Mumbai
663,1,2018,1-2018,60 Days,4.12,Bengaluru
664,4,2017,4-2017,30 Days,5.30,Bhopal
665,10,2018,10-2018,60 Days,11.19,Pune
666,6,2017,6-2017,6 Month,2.36,Bengaluru
670,7,2018,7-2018,6 Month,16.78,Aurangabad
671,5,2017,5-2017,12 Months,8.39,Pune
675,11,2018,11-2018,90 Days,1.40,Pune
676,3,2018,3-2018,6 Month,4.71,Nasik
677,3,2017,3-2017,24 Months and more,0.59,Bhopal
678,6,2018,6-2018,90 Days,2.36,Gandhinagar
681,8,2017,8-2017,24 Months and more,7.07,Nasik
682,11,2018,11-2018,12 Months,3.53,Bengaluru
683,10,2018,10-2018,6 Month,10.60,Nagpur
684,12,2017,12-2017,30 Days,5.59,Nasik
685,9,2017,9-2017,6 Month,7.07,Chandigarh
686,2,2018,2-2018,60 Days,11.78,Gandhinagar
688,4,2017,4-2017,24 Months and more,8.24,Jaipur
689,6,2017,6-2017,30 Days,1.77,Mumbai
691,2,2018,2-2018,24 Months and more,1.77,Bhopal
693,7,2018,7-2018,30 Days,11.19,Nasik
694,11,2017,11-2017,30 Days,5.59,Pune
695,2,2017,2-2017,24 Months and more,4.71,Chennai
699,5,2017,5-2017,30 Days,9.42,Delhi
701,5,2018,5-2018,60 Days,14.13,Jaipur
702,7,2017,7-2017,90 Days,1.18,Mumbai
703,10,2018,10-2018,12 Months,13.98,Bengaluru
706,3,2018,3-2018,30 Days,11.19,Srinagar
708,2,2018,2-2018,12 Months,1.18,Jaipur
709,11,2018,11-2018,6 Month,4.71,Nasik
710,4,2018,4-2018,90 Days,5.89,Nagpur
712,4,2018,4-2018,6 Month,6.48,Ranchi
713,9,2018,9-2018,90 Days,9.79,Srinagar
714,2,2018,2-2018,30 Days,11.19,Chandigarh
715,8,2017,8-2017,24 Months and more,1.77,Chennai
717,2,2018,2-2018,12 Months,5.89,Gandhinagar
718,9,2017,9-2017,24 Months and more,1.18,Delhi
719,12,2018,12-2018,12 Months,13.98,Mumbai
721,11,2018,11-2018,60 Days,9.79,Jaipur
722,1,2017,1-2017,30 Days,16.78,Pune
723,2,2017,2-2017,30 Days,12.59,Bengaluru
724,10,2017,10-2017,12 Months,2.36,Mumbai
726,11,2018,11-2018,6 Month,12.59,Srinagar
728,5,2017,5-2017,12 Months,0.59,Aurangabad
729,6,2017,6-2017,90 Days,13.98,Nasik
730,6,2017,6-2017,12 Months,16.78,Nagpur
731,1,2018,1-2018,12 Months,1.18,Nasik
733,1,2017,1-2017,24 Months and more,1.18,Chandigarh
737,3,2018,3-2018,6 Month,2.36,Gandhinagar
738,2,2017,2-2017,30 Days,2.36,Jaipur
739,12,2018,12-2018,60 Days,16.78,Chandigarh
742,2,2018,2-2018,12 Months,3.53,Bhopal
743,9,2018,9-2018,12 Months,1.77,Aurangabad
744,6,2017,6-2017,60 Days,1.40,Delhi
745,12,2018,12-2018,30 Days,1.18,Nasik
746,12,2018,12-2018,6 Month,5.59,Nagpur
747,2,2018,2-2018,12 Months,3.53,Mumbai
748,5,2017,5-2017,90 Days,3.53,Chennai
749,9,2017,9-2017,90 Days,4.20,Shillong
750,2,2017,2-2017,90 Days,15.38,Mumbai
751,3,2018,3-2018,24 Months and more,1.77,Chennai
753,12,2017,12-2017,12 Months,1.18,Ranchi
754,9,2018,9-2018,30 Days,10.60,Nagpur
756,10,2018,10-2018,6 Month,1.40,Shillong
757,12,2018,12-2018,24 Months and more,1.40,Chennai
758,10,2017,10-2017,30 Days,4.12,Bengaluru
759,11,2017,11-2017,60 Days,1.77,Mumbai
760,12,2018,12-2018,30 Days,8.24,Delhi
761,11,2018,11-2018,60 Days,6.48,Gandhinagar
762,2,2017,2-2017,60 Days,5.59,Bhopal
763,5,2017,5-2017,60 Days,4.12,Delhi
765,10,2017,10-2017,30 Days,4.20,Nasik
767,6,2018,6-2018,90 Days,2.36,Pune
768,3,2017,3-2017,12 Months,15.38,Srinagar
773,7,2018,7-2018,30 Days,6.99,Gandhinagar
778,6,2017,6-2017,24 Months and more,4.71,Shillong
780,7,2017,7-2017,90 Days,7.07,Srinagar
782,6,2017,6-2017,60 Days,5.89,Mumbai
783,12,2017,12-2017,6 Month,5.89,Chennai
784,8,2017,8-2017,30 Days,15.38,Nagpur
786,8,2018,8-2018,12 Months,5.89,Aurangabad
789,3,2017,3-2017,24 Months and more,1.18,Gandhinagar
790,3,2018,3-2018,12 Months,3.53,Mumbai
791,4,2018,4-2018,24 Months and more,6.48,Gandhinagar
793,5,2018,5-2018,24 Months and more,2.94,Nagpur
796,11,2017,11-2017,60 Days,1.40,Chennai
797,6,2018,6-2018,60 Days,6.99,Ranchi
799,12,2018,12-2018,90 Days,16.78,Nasik
800,11,2017,11-2017,12 Months,7.07,Chandigarh
802,9,2017,9-2017,6 Month,5.30,Nasik
805,11,2017,11-2017,90 Days,1.18,Shillong
806,4,2018,4-2018,60 Days,1.40,Pune
807,7,2017,7-2017,6 Month,1.77,Chandigarh
808,9,2018,9-2018,24 Months and more,3.53,Pune
809,3,2017,3-2017,6 Month,0.59,Nagpur
810,10,2017,10-2017,60 Days,9.79,Delhi
811,12,2017,12-2017,60 Days,12.95,Nagpur
812,8,2017,8-2017,24 Months and more,13.98,Chandigarh
813,3,2017,3-2017,6 Month,14.13,Bengaluru
814,5,2018,5-2018,12 Months,12.59,Shillong
815,7,2018,7-2018,12 Months,4.20,Shillong
817,9,2018,9-2018,30 Days,5.89,Aurangabad
818,8,2017,8-2017,60 Days,5.89,Shillong
819,10,2017,10-2017,30 Days,5.30,Shillong
821,12,2017,12-2017,30 Days,4.71,Srinagar
822,5,2018,5-2018,30 Days,7.07,Nasik
823,9,2018,9-2018,24 Months and more,8.39,Mumbai
824,1,2018,1-2018,90 Days,4.12,Pune
826,11,2017,11-2017,24 Months and more,7.07,Pune
827,11,2018,11-2018,6 Month,9.79,Srinagar
828,2,2017,2-2017,60 Days,5.30,Bhopal
829,6,2017,6-2017,6 Month,1.77,Chennai
830,8,2017,8-2017,12 Months,3.53,Bengaluru
831,9,2018,9-2018,30 Days,1.18,Chennai
832,9,2017,9-2017,90 Days,2.36,Bengaluru
833,9,2017,9-2017,24 Months and more,7.07,Chennai
835,4,2017,4-2017,90 Days,3.53,Nagpur
836,6,2017,6-2017,12 Months,4.71,Chennai
837,3,2017,3-2017,90 Days,4.12,Aurangabad
838,2,2017,2-2017,24 Months and more,2.80,Pune
839,10,2017,10-2017,24 Months and more,3.53,Chandigarh
840,2,2017,2-2017,6 Month,1.40,Aurangabad
842,11,2018,11-2018,30 Days,4.71,Ranchi
846,5,2018,5-2018,60 Days,1.18,Chandigarh
848,7,2018,7-2018,6 Month,2.94,Chennai
851,10,2017,10-2017,30 Days,6.99,Mumbai
853,4,2017,4-2017,6 Month,15.38,Mumbai
854,4,2017,4-2017,30 Days,1.77,Srinagar
861,5,2018,5-2018,90 Days,9.42,Chandigarh
863,3,2017,3-2017,24 Months and more,2.36,Delhi
864,10,2018,10-2018,24 Months and more,2.94,Chandigarh
865,2,2017,2-2017,24 Months and more,1.40,Gandhinagar
866,11,2018,11-2018,30 Days,4.71,Ranchi
867,8,2018,8-2018,30 Days,2.36,Srinagar
868,7,2017,7-2017,90 Days,2.36,Nasik
869,9,2017,9-2017,6 Month,4.71,Shillong
870,9,2017,9-2017,12 Months,8.24,Shillong
871,8,2017,8-2017,60 Days,16.78,Ranchi
872,11,2018,11-2018,24 Months and more,6.99,Chandigarh
873,3,2018,3-2018,12 Months,2.36,Pune
874,7,2018,7-2018,90 Days,12.59,Nagpur
876,9,2017,9-2017,24 Months and more,5.59,Pune
877,4,2018,4-2018,24 Months and more,9.79,Jaipur
878,6,2018,6-2018,24 Months and more,9.79,Bengaluru
882,9,2018,9-2018,24 Months and more,5.59,Aurangabad
884,5,2017,5-2017,6 Month,2.36,Srinagar
885,2,2018,2-2018,12 Months,5.89,Mumbai
887,3,2018,3-2018,12 Months,12.59,Chennai
888,5,2017,5-2017,24 Months and more,4.12,Shillong
889,10,2018,10-2018,6 Month,1.40,Ranchi
891,4,2017,4-2017,30 Days,4.71,Ranchi
893,8,2018,8-2018,12 Months,5.30,Jaipur
894,6,2017,6-2017,90 Days,14.13,Chennai
896,7,2017,7-2017,60 Days,8.39,Shillong
898,3,2018,3-2018,12 Months,5.89,Nasik
899,11,2017,11-2017,60 Days,5.89,Nagpur
902,10,2018,10-2018,12 Months,1.18,Aurangabad
903,4,2017,4-2017,12 Months,7.07,Jaipur
905,3,2018,3-2018,12 Months,1.77,Chandigarh
906,11,2017,11-2017,12 Months,4.71,Jaipur
907,8,2018,8-2018,90 Days,7.07,Nasik
908,9,2018,9-2018,24 Months and more,3.53,Srinagar
909,2,2017,2-2017,60 Days,5.89,Chandigarh
911,2,2017,2-2017,6 Month,11.19,Mumbai
912,7,2018,7-2018,12 Months,8.39,Mumbai
913,2,2018,2-2018,6 Month,16.78,Jaipur
914,4,2017,4-2017,90 Days,5.30,Chandigarh
920,2,2017,2-2017,90 Days,16.78,Nasik
922,8,2018,8-2018,24 Months and more,5.89,Bengaluru
923,12,2018,12-2018,24 Months and more,2.80,Chandigarh
926,12,2017,12-2017,60 Days,6.48,Mumbai
927,12,2017,12-2017,6 Month,6.48,Mumbai
928,3,2017,3-2017,30 Days,9.42,Ranchi
930,6,2017,6-2017,90 Days,2.94,Nagpur
932,11,2017,11-2017,90 Days,5.30,Nagpur
933,11,2017,11-2017,6 Month,13.98,Srinagar
936,11,2017,11-2017,24 Months and more,0.59,Chandigarh
940,10,2017,10-2017,30 Days,4.12,Shillong
941,9,2017,9-2017,12 Months,6.48,Jaipur
942,11,2017,11-2017,24 Months and more,5.30,Ranchi
943,9,2017,9-2017,24 Months and more,6.48,Chandigarh
945,5,2017,5-2017,24 Months and more,3.53,Mumbai
947,6,2018,6-2018,24 Months and more,1.77,Mumbai
948,5,2017,5-2017,24 Months and more,5.59,Srinagar
949,6,2017,6-2017,90 Days,5.59,Delhi
950,6,2018,6-2018,24 Months and more,5.89,Mumbai
952,9,2018,9-2018,90 Days,5.89,Nagpur
953,11,2017,11-2017,90 Days,11.78,Bhopal
954,3,2017,3-2017,24 Months and more,12.59,Mumbai
956,9,2018,9-2018,6 Month,16.78,Bengaluru
957,9,2017,9-2017,6 Month,13.98,Gandhinagar
958,8,2018,8-2018,12 Months,4.12,Bengaluru
959,4,2018,4-2018,30 Days,8.24,Nagpur
961,11,2017,11-2017,90 Days,6.48,Shillong
962,2,2017,2-2017,12 Months,1.77,Gandhinagar
963,2,2017,2-2017,30 Days,11.19,Delhi
964,3,2018,3-2018,6 Month,3.53,Gandhinagar
967,4,2018,4-2018,30 Days,11.19,Delhi
969,8,2018,8-2018,12 Months,9.79,Bengaluru
971,12,2017,12-2017,60 Days,11.19,Delhi
973,1,2017,1-2017,60 Days,12.95,Bengaluru
977,11,2017,11-2017,30 Days,12.59,Nasik
978,8,2018,8-2018,12 Months,1.77,Ranchi
979,1,2017,1-2017,30 Days,16.78,Jaipur
980,2,2017,2-2017,90 Days,5.59,Mumbai
981,11,2017,11-2017,60 Days,9.79,Aurangabad
984,11,2017,11-2017,30 Days,1.18,Delhi
988,11,2017,11-2017,90 Days,0.59,Chandigarh
990,12,2017,12-2017,30 Days,5.59,Chennai
991,10,2017,10-2017,30 Days,2.36,Gandhinagar
993,9,2018,9-2018,24 Months and more,4.12,Pune
996,3,2017,3-2017,24 Months and more,12.95,Mumbai
998,8,2018,8-2018,60 Days,1.77,Gandhinagar
1003,9,2018,9-2018,24 Months and more,2.36,Srinagar
1004,10,2018,10-2018,60 Days,2.94,Pune
1005,2,2017,2-2017,90 Days,6.48,Delhi
1006,12,2017,12-2017,60 Days,12.59,Aurangabad
1007,12,2017,12-2017,24 Months and more,9.79,Nagpur
1008,6,2018,6-2018,6 Month,13.98,Nasik
1009,1,2017,1-2017,30 Days,1.40,Chandigarh
1012,6,2017,6-2017,30 Days,7.07,Chennai
1013,1,2017,1-2017,12 Months,1.40,Chennai
1014,2,2018,2-2018,12 Months,2.36,Chennai
1015,3,2017,3-2017,24 Months and more,11.19,Gandhinagar
1016,7,2017,7-2017,24 Months and more,13.98,Bhopal
1017,10,2018,10-2018,30 Days,8.39,Mumbai
1018,9,2018,9-2018,30 Days,9.79,Pune
1019,8,2018,8-2018,30 Days,12.59,Bhopal
1021,7,2017,7-2017,60 Days,4.71,Ranchi
1022,3,2017,3-2017,12 Months,5.59,Bhopal
1024,12,2018,12-2018,30 Days,6.99,Pune
1025,7,2018,7-2018,24 Months and more,8.24,Nasik
1026,6,2017,6-2017,60 Days,9.79,Bengaluru
1027,12,2018,12-2018,24 Months and more,11.78,Chennai
1030,8,2018,8-2018,30 Days,4.20,Shillong
1032,2,2018,2-2018,60 Days,6.48,Shillong
1033,11,2017,11-2017,30 Days,2.36,Srinagar
1036,9,2018,9-2018,30 Days,4.12,Pune
1037,6,2018,6-2018,60 Days,5.30,Mumbai
1038,3,2018,3-2018,24 Months and more,2.94,Ranchi
1040,7,2017,7-2017,12 Months,15.38,Nagpur
1042,1,2018,1-2018,12 Months,1.77,Jaipur
1043,11,2017,11-2017,30 Days,15.38,Aurangabad
1044,8,2018,8-2018,6 Month,5.30,Pune
1045,8,2017,8-2017,12 Months,6.48,Shillong
1048,12,2018,12-2018,6 Month,15.38,Nagpur
1054,4,2018,4-2018,12 Months,12.59,Gandhinagar
1055,1,2017,1-2017,30 Days,5.89,Nagpur
1057,2,2018,2-2018,60 Days,4.71,Aurangabad
1058,7,2018,7-2018,30 Days,2.80,Ranchi
1059,7,2017,7-2017,90 Days,2.36,Jaipur
1060,9,2017,9-2017,30 Days,5.59,Bhopal
1061,12,2018,12-2018,6 Month,7.07,Chennai
1062,11,2018,11-2018,60 Days,2.36,Nagpur
1063,1,2018,1-2018,60 Days,5.89,Srinagar
1064,7,2017,7-2017,12 Months,0.59,Jaipur
1066,3,2018,3-2018,24 Months and more,3.53,Nasik
1068,5,2018,5-2018,12 Months,9.79,Aurangabad
1069,9,2018,9-2018,24 Months and more,5.89,Mumbai
1070,5,2017,5-2017,24 Months and more,13.98,Pune
1073,1,2018,1-2018,6 Month,4.71,Gandhinagar
1075,5,2018,5-2018,12 Months,10.60,Nasik
1076,7,2018,7-2018,12 Months,16.78,Aurangabad
1077,10,2018,10-2018,12 Months,16.78,Shillong
1078,6,2018,6-2018,6 Month,3.53,Chandigarh
1079,5,2018,5-2018,24 Months and more,4.20,Srinagar
1080,4,2017,4-2017,12 Months,1.77,Chennai
1081,11,2018,11-2018,24 Months and more,5.30,Gandhinagar
1082,4,2018,4-2018,60 Days,4.12,Chennai
1083,2,2017,2-2017,30 Days,6.48,Ranchi
1085,11,2017,11-2017,6 Month,1.77,Chandigarh
1086,12,2018,12-2018,30 Days,16.78,Ranchi
1087,6,2018,6-2018,90 Days,4.12,Shillong
1088,8,2018,8-2018,90 Days,4.20,Shillong
1089,1,2018,1-2018,12 Months,1.18,Ranchi
1090,10,2018,10-2018,60 Days,4.12,Nasik
1092,9,2018,9-2018,12 Months,11.19,Pune
1094,8,2017,8-2017,60 Days,5.59,Nagpur
1098,4,2017,4-2017,30 Days,0.59,Delhi
1099,7,2018,7-2018,60 Days,13.98,Delhi
1100,2,2018,2-2018,12 Months,4.71,Jaipur
1101,7,2017,7-2017,6 Month,16.78,Chandigarh
1102,1,2018,1-2018,90 Days,4.12,Chennai
1106,11,2018,11-2018,90 Days,4.20,Nagpur
1107,3,2017,3-2017,6 Month,5.89,Nagpur
1108,8,2018,8-2018,60 Days,4.20,Jaipur
1110,3,2017,3-2017,12 Months,13.98,Nasik
1112,7,2017,7-2017,30 Days,6.99,Chandigarh
1113,9,2017,9-2017,6 Month,12.59,Shillong
1114,6,2018,6-2018,12 Months,5.89,Ranchi
1116,2,2017,2-2017,30 Days,3.53,Nagpur
1117,10,2018,10-2018,6 Month,4.71,Aurangabad
1118,4,2017,4-2017,12 Months,4.12,Aurangabad
1119,10,2017,10-2017,90 Days,6.48,Nasik
1120,6,2017,6-2017,6 Month,2.80,Aurangabad
1122,5,2018,5-2018,6 Month,16.78,Aurangabad
1123,4,2018,4-2018,6 Month,11.19,Shillong
1125,5,2018,5-2018,90 Days,8.24,Jaipur
1128,11,2018,11-2018,6 Month,5.59,Mumbai
1129,3,2017,3-2017,24 Months and more,4.20,Chennai
1130,1,2017,1-2017,90 Days,1.77,Bengaluru
1131,3,2017,3-2017,90 Days,2.80,Pune
1132,2,2017,2-2017,6 Month,3.53,Delhi
1133,5,2017,5-2017,90 Days,4.71,Bengaluru
1134,5,2018,5-2018,60 Days,3.53,Bhopal
1135,6,2017,6-2017,90 Days,2.94,Bhopal
1136,1,2017,1-2017,90 Days,1.18,Gandhinagar
1138,8,2018,8-2018,90 Days,8.24,Delhi
1139,1,2017,1-2017,12 Months,0.59,Aurangabad
1140,3,2017,3-2017,6 Month,2.94,Nagpur
1141,4,2018,4-2018,12 Months,4.12,Chennai
1142,6,2018,6-2018,6 Month,4.71,Nasik
1144,11,2018,11-2018,12 Months,2.80,Chandigarh
1146,3,2017,3-2017,30 Days,5.89,Nagpur
1147,5,2017,5-2017,90 Days,9.42,Bhopal
1149,11,2018,11-2018,24 Months and more,2.36,Chennai
1151,8,2018,8-2018,60 Days,9.42,Pune
1152,5,2018,5-2018,30 Days,6.48,Pune
1154,8,2018,8-2018,30 Days,5.89,Chennai
1155,7,2017,7-2017,6 Month,9.79,Chandigarh
1158,8,2017,8-2017,24 Months and more,9.79,Srinagar
1160,10,2018,10-2018,12 Months,1.18,Bengaluru
1161,11,2018,11-2018,6 Month,12.59,Shillong
1162,2,2018,2-2018,12 Months,5.89,Mumbai
1164,9,2017,9-2017,30 Days,6.99,Nagpur
1165,4,2018,4-2018,30 Days,1.77,Shillong
1166,10,2018,10-2018,6 Month,0.59,Shillong
1167,1,2017,1-2017,6 Month,2.94,Gandhinagar
1168,9,2018,9-2018,60 Days,5.30,Pune
1169,11,2018,11-2018,6 Month,2.36,Shillong
1170,8,2017,8-2017,6 Month,10.60,Gandhinagar
1171,8,2017,8-2017,12 Months,12.59,Mumbai
1172,9,2018,9-2018,90 Days,7.07,Gandhinagar
1173,12,2018,12-2018,60 Days,2.94,Shillong
1175,9,2018,9-2018,30 Days,3.53,Jaipur
1176,2,2017,2-2017,12 Months,3.53,Bhopal
1177,8,2017,8-2017,24 Months and more,0.59,Nasik
1180,3,2017,3-2017,90 Days,7.07,Jaipur
1181,7,2018,7-2018,24 Months and more,1.18,Mumbai
1184,7,2018,7-2018,6 Month,3.53,Bengaluru
1186,1,2017,1-2017,90 Days,1.40,Nagpur
1187,4,2017,4-2017,60 Days,9.79,Jaipur
1188,1,2018,1-2018,12 Months,6.99,Nasik
1189,12,2017,12-2017,12 Months,4.12,Gandhinagar
1190,9,2018,9-2018,24 Months and more,7.07,Chennai
1191,12,2018,12-2018,24 Months and more,7.07,Bhopal
1194,1,2018,1-2018,12 Months,12.59,Aurangabad
1195,10,2017,10-2017,60 Days,3.53,Nasik
1197,9,2018,9-2018,24 Months and more,4.20,Bhopal
1198,9,2018,9-2018,90 Days,16.78,Nagpur
1200,2,2018,2-2018,6 Month,2.94,Pune
1204,10,2018,10-2018,90 Days,9.79,Chennai
1206,2,2018,2-2018,24 Months and more,5.89,Nasik
1208,8,2018,8-2018,6 Month,5.89,Mumbai
1209,11,2017,11-2017,6 Month,1.18,Aurangabad
1210,5,2018,5-2018,30 Days,2.36,Nasik
1212,3,2018,3-2018,24 Months and more,6.99,Nasik
1213,6,2017,6-2017,60 Days,7.07,Chandigarh
1216,6,2018,6-2018,24 Months and more,4.20,Chandigarh
1217,9,2017,9-2017,90 Days,5.30,Mumbai
1218,3,2018,3-2018,60 Days,1.18,Srinagar
1219,12,2018,12-2018,90 Days,6.99,Nasik
1220,5,2017,5-2017,12 Months,3.53,Pune
1223,2,2018,2-2018,30 Days,4.20,Delhi
1224,4,2017,4-2017,24 Months and more,3.53,Mumbai
1225,7,2017,7-2017,24 Months and more,1.18,Chennai
1226,6,2018,6-2018,30 Days,5.89,Aurangabad
1227,3,2018,3-2018,60 Days,12.95,Pune
1229,9,2018,9-2018,30 Days,9.79,Nagpur
1230,9,2017,9-2017,6 Month,7.07,Ranchi
1231,6,2017,6-2017,30 Days,3.53,Nasik
1234,4,2017,4-2017,60 Days,6.48,Mumbai
1236,12,2018,12-2018,60 Days,4.71,Bengaluru
1237,6,2018,6-2018,6 Month,6.48,Srinagar
1241,5,2018,5-2018,12 Months,2.94,Ranchi
1242,8,2017,8-2017,6 Month,2.36,Bhopal
1243,10,2017,10-2017,24 Months and more,2.36,Nasik
1244,3,2018,3-2018,60 Days,2.80,Pune
1245,9,2017,9-2017,12 Months,8.39,Gandhinagar
1247,2,2018,2-2018,24 Months and more,13.98,Ranchi
1248,1,2017,1-2017,12 Months,5.89,Aurangabad
1249,9,2017,9-2017,90 Days,0.59,Delhi
1251,6,2017,6-2017,60 Days,0.59,Mumbai
1253,6,2017,6-2017,60 Days,12.95,Pune
1254,3,2018,3-2018,30 Days,0.59,Ranchi
1257,11,2017,11-2017,30 Days,1.77,Pune
1258,4,2017,4-2017,60 Days,7.07,Delhi
1260,6,2017,6-2017,60 Days,2.94,Chandigarh
1262,8,2018,8-2018,90 Days,2.94,Jaipur
1263,2,2017,2-2017,12 Months,5.59,Jaipur
1264,2,2017,2-2017,60 Days,1.77,Ranchi
1265,3,2017,3-2017,30 Days,5.59,Shillong
1266,1,2018,1-2018,24 Months and more,1.77,Delhi
1267,3,2017,3-2017,24 Months and more,6.99,Pune
1269,6,2018,6-2018,60 Days,15.38,Shillong
1270,7,2018,7-2018,90 Days,2.36,Jaipur
1271,3,2018,3-2018,60 Days,5.59,Mumbai
1272,6,2017,6-2017,24 Months and more,11.19,Mumbai
1273,8,2018,8-2018,12 Months,9.79,Bhopal
1274,10,2017,10-2017,12 Months,7.07,Delhi
1276,7,2017,7-2017,30 Days,15.38,Gandhinagar
1278,6,2017,6-2017,12 Months,2.80,Pune
1279,7,2018,7-2018,6 Month,2.94,Mumbai
1280,5,2018,5-2018,6 Month,6.48,Delhi
1283,5,2018,5-2018,6 Month,4.12,Shillong
1284,5,2018,5-2018,24 Months and more,11.78,Aurangabad
1285,7,2017,7-2017,30 Days,2.36,Nagpur
1287,12,2018,12-2018,90 Days,12.59,Nasik
1288,12,2017,12-2017,30 Days,1.77,Pune
1289,3,2018,3-2018,90 Days,8.39,Shillong
1290,2,2018,2-2018,6 Month,15.38,Shillong
1291,8,2018,8-2018,30 Days,5.89,Nagpur
1292,11,2017,11-2017,90 Days,16.78,Aurangabad
1293,5,2017,5-2017,6 Month,8.39,Nasik
1294,7,2017,7-2017,60 Days,6.48,Chennai
1295,7,2017,7-2017,60 Days,1.40,Delhi
1297,2,2017,2-2017,12 Months,2.94,Jaipur
1298,10,2017,10-2017,24 Months and more,3.53,Delhi
1299,4,2017,4-2017,12 Months,6.48,Srinagar
1300,4,2018,4-2018,24 Months and more,4.12,Delhi
1302,4,2018,4-2018,90 Days,2.94,Ranchi
1305,2,2018,2-2018,12 Months,4.12,Shillong
1306,3,2018,3-2018,6 Month,6.99,Nagpur
1307,4,2018,4-2018,90 Days,0.59,Pune
1308,12,2017,12-2017,30 Days,8.39,Gandhinagar
1309,10,2018,10-2018,12 Months,14.13,Jaipur
1312,11,2018,11-2018,6 Month,1.40,Mumbai
1313,5,2017,5-2017,30 Days,4.20,Mumbai
1314,9,2017,9-2017,90 Days,9.79,Ranchi
1315,4,2018,4-2018,60 Days,5.59,Jaipur
1316,1,2018,1-2018,6 Month,5.59,Chandigarh
1317,6,2018,6-2018,12 Months,13.98,Gandhinagar
1320,7,2017,7-2017,60 Days,4.71,Chennai
1321,1,2018,1-2018,24 Months and more,2.36,Ranchi
1323,8,2018,8-2018,90 Days,16.78,Nagpur
1324,7,2018,7-2018,60 Days,7.07,Mumbai
1326,4,2017,4-2017,60 Days,12.95,Delhi
1327,12,2018,12-2018,60 Days,16.78,Nagpur
1328,11,2018,11-2018,6 Month,6.48,Bengaluru
1329,10,2017,10-2017,6 Month,7.07,Delhi
1330,4,2017,4-2017,60 Days,8.24,Bengaluru
1331,3,2017,3-2017,30 Days,0.59,Nagpur
1332,3,2018,3-2018,60 Days,10.60,Nasik
1334,8,2018,8-2018,12 Months,11.19,Mumbai
1335,10,2018,10-2018,90 Days,5.30,Nasik
1336,11,2018,11-2018,6 Month,2.94,Nagpur
1338,10,2017,10-2017,6 Month,3.53,Nasik
1339,4,2018,4-2018,90 Days,16.78,Mumbai
1340,12,2017,12-2017,60 Days,1.77,Jaipur
1341,12,2017,12-2017,60 Days,5.59,Pune
1344,10,2017,10-2017,24 Months and more,1.18,Srinagar
1347,4,2018,4-2018,24 Months and more,5.89,Nasik
1348,5,2018,5-2018,6 Month,4.20,Aurangabad
1349,6,2018,6-2018,24 Months and more,12.95,Ranchi
1351,3,2018,3-2018,6 Month,13.98,Mumbai
1352,8,2017,8-2017,30 Days,2.36,Pune
1353,8,2017,8-2017,24 Months and more,3.53,Delhi
1354,11,2017,11-2017,12 Months,6.99,Nasik
1355,2,2018,2-2018,12 Months,4.12,Chennai
1356,5,2018,5-2018,24 Months and more,6.99,Chennai
1359,2,2017,2-2017,60 Days,13.98,Aurangabad
1360,12,2017,12-2017,60 Days,5.89,Pune
1361,10,2018,10-2018,6 Month,4.71,Mumbai
1362,9,2017,9-2017,24 Months and more,8.24,Nagpur
1363,10,2018,10-2018,12 Months,15.38,Mumbai
1364,1,2018,1-2018,90 Days,12.95,Chandigarh
1365,6,2018,6-2018,60 Days,10.60,Bhopal
1366,5,2018,5-2018,24 Months and more,1.40,Srinagar
1367,3,2018,3-2018,90 Days,15.38,Bengaluru
1368,2,2017,2-2017,6 Month,5.89,Shillong
1369,5,2017,5-2017,12 Months,1.18,Chandigarh
1370,6,2017,6-2017,90 Days,4.71,Chandigarh
1373,4,2017,4-2017,90 Days,7.07,Bengaluru
1376,6,2017,6-2017,90 Days,8.39,Nagpur
1380,6,2017,6-2017,60 Days,12.59,Pune
1381,2,2017,2-2017,24 Months and more,6.48,Bengaluru
1383,5,2018,5-2018,6 Month,7.07,Nagpur
1384,4,2018,4-2018,12 Months,6.48,Delhi
1385,9,2018,9-2018,24 Months and more,1.18,Srinagar
1388,8,2017,8-2017,30 Days,4.20,Gandhinagar
1389,1,2018,1-2018,60 Days,6.99,Bhopal
1392,2,2018,2-2018,6 Month,7.07,Delhi
1393,6,2017,6-2017,30 Days,1.77,Chennai
1396,2,2017,2-2017,6 Month,0.59,Aurangabad
1400,4,2017,4-2017,60 Days,0.59,Pune
1403,3,2018,3-2018,24 Months and more,0.59,Bengaluru
1404,8,2018,8-2018,12 Months,6.99,Aurangabad
1406,9,2017,9-2017,60 Days,16.78,Shillong
1407,1,2017,1-2017,24 Months and more,16.78,Nasik
1410,12,2018,12-2018,24 Months and more,2.36,Delhi
1413,2,2018,2-2018,60 Days,14.13,Chennai
1414,12,2018,12-2018,24 Months and more,9.79,Jaipur
1416,9,2017,9-2017,6 Month,2.36,Nagpur
1417,7,2017,7-2017,12 Months,12.95,Bhopal
1418,6,2018,6-2018,90 Days,1.77,Jaipur
1419,11,2018,11-2018,12 Months,3.53,Bhopal
1423,9,2017,9-2017,90 Days,5.89,Ranchi
1425,12,2017,12-2017,24 Months and more,6.48,Nasik
1426,9,2017,9-2017,30 Days,5.89,Pune
1427,12,2017,12-2017,24 Months and more,15.38,Nasik
1428,2,2018,2-2018,90 Days,6.48,Nasik
1429,8,2017,8-2017,24 Months and more,1.77,Mumbai
1430,12,2017,12-2017,6 Month,9.79,Chennai
1431,5,2018,5-2018,60 Days,8.39,Nagpur
1432,7,2017,7-2017,12 Months,2.36,Chandigarh
1435,6,2018,6-2018,6 Month,11.19,Ranchi
1436,10,2018,10-2018,30 Days,8.39,Mumbai
1437,11,2017,11-2017,90 Days,5.89,Mumbai
1438,3,2017,3-2017,6 Month,5.89,Mumbai
1439,8,2017,8-2017,6 Month,1.77,Delhi
1440,6,2017,6-2017,12 Months,1.18,Bhopal
1441,8,2017,8-2017,90 Days,9.79,Delhi
1442,12,2017,12-2017,12 Months,5.89,Gandhinagar
1444,10,2017,10-2017,60 Days,7.07,Delhi
1445,7,2017,7-2017,12 Months,4.12,Aurangabad
1448,3,2017,3-2017,12 Months,3.53,Mumbai
1449,8,2018,8-2018,30 Days,2.80,Shillong
1450,4,2018,4-2018,6 Month,5.89,Chennai
1453,9,2017,9-2017,12 Months,13.98,Srinagar
1454,5,2017,5-2017,30 Days,2.94,Pune
1455,3,2018,3-2018,6 Month,2.94,Aurangabad
1456,2,2017,2-2017,6 Month,4.12,Bhopal
1458,2,2018,2-2018,30 Days,1.18,Nagpur
1459,1,2018,1-2018,60 Days,4.12,Pune
1460,7,2017,7-2017,12 Months,2.36,Shillong
1461,9,2018,9-2018,90 Days,4.20,Nagpur
1462,4,2017,4-2017,24 Months and more,13.98,Chennai
1463,12,2018,12-2018,30 Days,5.89,Shillong
1464,10,2018,10-2018,90 Days,13.98,Nasik
1465,10,2018,10-2018,90 Days,0.59,Nagpur
1466,7,2018,7-2018,30 Days,0.59,Nagpur
1467,1,2017,1-2017,12 Months,7.07,Pune
1472,11,2017,11-2017,24 Months and more,4.71,Chennai
1473,7,2017,7-2017,24 Months and more,7.07,Nagpur
1474,4,2017,4-2017,60 Days,0.59,Pune
1475,10,2017,10-2017,6 Month,9.79,Gandhinagar
1480,2,2017,2-2017,30 Days,6.48,Ranchi
1482,8,2017,8-2017,24 Months and more,10.60,Delhi
1483,2,2018,2-2018,6 Month,12.59,Chennai
1484,10,2018,10-2018,30 Days,7.07,Nagpur
1486,10,2018,10-2018,60 Days,0.59,Shillong
1487,1,2017,1-2017,6 Month,11.19,Nasik
1488,6,2017,6-2017,60 Days,7.07,Bhopal
1493,4,2017,4-2017,6 Month,11.19,Nagpur
1494,10,2017,10-2017,6 Month,5.89,Bengaluru
1496,8,2017,8-2017,24 Months and more,4.71,Pune
1497,6,2017,6-2017,90 Days,4.71,Nasik
1499,5,2018,5-2018,12 Months,10.60,Bengaluru
1500,6,2017,6-2017,30 Days,3.53,Nagpur
1503,2,2017,2-2017,6 Month,2.36,Nagpur
1504,4,2017,4-2017,90 Days,1.18,Shillong
1505,12,2017,12-2017,6 Month,11.78,Ranchi
1506,3,2017,3-2017,6 Month,9.79,Bhopal
1507,10,2018,10-2018,24 Months and more,2.94,Delhi
1508,7,2018,7-2018,12 Months,5.30,Aurangabad
1509,1,2018,1-2018,60 Days,1.18,Nasik
1510,9,2018,9-2018,12 Months,0.59,Ranchi
1512,3,2018,3-2018,60 Days,11.19,Delhi
1514,11,2018,11-2018,60 Days,6.48,Bengaluru
1516,6,2018,6-2018,90 Days,2.36,Srinagar
1517,12,2018,12-2018,24 Months and more,9.79,Srinagar
1518,8,2018,8-2018,24 Months and more,4.71,Shillong
1519,3,2018,3-2018,6 Month,8.39,Nasik
1521,1,2017,1-2017,90 Days,16.78,Bengaluru
1522,7,2017,7-2017,6 Month,6.48,Bhopal
1524,9,2017,9-2017,30 Days,0.59,Mumbai
1526,6,2018,6-2018,24 Months and more,4.12,Pune
1527,12,2017,12-2017,24 Months and more,5.59,Nasik
1530,4,2017,4-2017,30 Days,16.78,Aurangabad
1533,3,2018,3-2018,60 Days,4.12,Srinagar
1534,12,2017,12-2017,24 Months and more,5.89,Chennai
1535,9,2018,9-2018,24 Months and more,7.07,Nagpur
1536,5,2018,5-2018,30 Days,5.30,Aurangabad
1537,1,2017,1-2017,30 Days,12.59,Aurangabad
1539,1,2018,1-2018,24 Months and more,0.59,Gandhinagar
1541,8,2018,8-2018,24 Months and more,5.30,Bhopal
1542,8,2017,8-2017,30 Days,3.53,Bhopal
1543,1,2018,1-2018,24 Months and more,11.19,Aurangabad
1546,6,2017,6-2017,6 Month,5.89,Delhi
1548,5,2018,5-2018,30 Days,13.98,Aurangabad
1553,7,2018,7-2018,24 Months and more,6.99,Pune
1554,1,2017,1-2017,6 Month,9.42,Nasik
1558,5,2017,5-2017,60 Days,9.42,Pune
1559,7,2018,7-2018,24 Months and more,0.59,Mumbai
1561,1,2018,1-2018,12 Months,3.53,Jaipur
1563,2,2018,2-2018,60 Days,15.38,Nagpur
1566,12,2017,12-2017,12 Months,1.77,Pune
1569,12,2018,12-2018,60 Days,7.07,Jaipur
1571,3,2017,3-2017,60 Days,4.20,Delhi
1572,9,2017,9-2017,24 Months and more,5.89,Gandhinagar
1575,11,2017,11-2017,6 Month,1.40,Pune
1576,11,2018,11-2018,12 Months,1.77,Srinagar
1577,7,2017,7-2017,24 Months and more,3.53,Ranchi
1578,1,2018,1-2018,12 Months,13.98,Srinagar
1579,7,2017,7-2017,30 Days,1.77,Ranchi
1582,4,2017,4-2017,12 Months,7.07,Mumbai
1583,9,2017,9-2017,6 Month,6.48,Gandhinagar
1587,9,2017,9-2017,30 Days,5.59,Mumbai
1588,8,2018,8-2018,24 Months and more,2.94,Nagpur
1589,11,2017,11-2017,6 Month,7.07,Gandhinagar
1590,9,2018,9-2018,24 Months and more,6.99,Nasik
1592,12,2018,12-2018,90 Days,11.78,Aurangabad
1593,8,2018,8-2018,30 Days,7.07,Chandigarh
1595,8,2017,8-2017,90 Days,7.07,Jaipur
1596,11,2017,11-2017,24 Months and more,11.19,Nasik
1597,11,2018,11-2018,90 Days,1.18,Nagpur
1598,8,2018,8-2018,30 Days,1.40,Shillong
1599,12,2017,12-2017,12 Months,3.53,Chandigarh
1606,3,2017,3-2017,12 Months,4.71,Pune
1607,12,2018,12-2018,6 Month,15.38,Bhopal
1608,8,2017,8-2017,90 Days,4.12,Nagpur
1611,6,2018,6-2018,12 Months,14.13,Srinagar
1613,6,2017,6-2017,90 Days,7.07,Bengaluru
1616,4,2017,4-2017,60 Days,11.19,Nasik
1617,2,2017,2-2017,24 Months and more,1.77,Jaipur
1618,2,2018,2-2018,24 Months and more,2.94,Nasik
1619,6,2017,6-2017,90 Days,2.94,Nagpur
1620,3,2018,3-2018,90 Days,8.39,Shillong
1622,8,2018,8-2018,90 Days,2.94,Chennai
1623,12,2018,12-2018,60 Days,13.98,Aurangabad
1624,12,2018,12-2018,24 Months and more,7.07,Nagpur
1625,5,2018,5-2018,24 Months and more,9.79,Bengaluru
1626,1,2018,1-2018,24 Months and more,1.18,Chandigarh
1627,11,2018,11-2018,90 Days,10.60,Jaipur
1628,11,2017,11-2017,60 Days,4.71,Srinagar
1630,11,2018,11-2018,6 Month,8.24,Gandhinagar
1635,9,2018,9-2018,24 Months and more,4.12,Srinagar
1637,6,2018,6-2018,60 Days,0.59,Aurangabad
1638,7,2018,7-2018,12 Months,4.12,Pune
1639,2,2018,2-2018,30 Days,0.59,Jaipur
1641,1,2018,1-2018,30 Days,6.99,Shillong
1646,7,2017,7-2017,60 Days,1.40,Shillong
1647,4,2017,4-2017,30 Days,11.19,Chandigarh
1648,2,2017,2-2017,6 Month,16.78,Gandhinagar
1649,10,2017,10-2017,30 Days,5.30,Bengaluru
1650,5,2017,5-2017,60 Days,14.13,Gandhinagar
1652,3,2017,3-2017,24 Months and more,5.30,Chandigarh
1653,7,2018,7-2018,60 Days,1.18,Srinagar
1654,5,2017,5-2017,90 Days,8.39,Chennai
1656,5,2018,5-2018,24 Months and more,11.19,Chandigarh
1657,4,2017,4-2017,90 Days,12.59,Chandigarh
1658,1,2018,1-2018,24 Months and more,4.12,Ranchi
1659,11,2018,11-2018,24 Months and more,4.71,Bengaluru
1661,12,2018,12-2018,6 Month,4.12,Shillong
1662,9,2018,9-2018,6 Month,4.12,Aurangabad
1665,4,2017,4-2017,90 Days,2.36,Nagpur
1667,1,2018,1-2018,24 Months and more,1.77,Mumbai
1668,12,2017,12-2017,12 Months,16.78,Pune
1669,5,2017,5-2017,6 Month,4.20,Chennai
1670,9,2017,9-2017,24 Months and more,5.89,Bengaluru
1671,2,2017,2-2017,24 Months and more,2.36,Nasik
1672,11,2018,11-2018,30 Days,1.18,Chennai
1675,4,2017,4-2017,6 Month,4.12,Nagpur
1678,10,2017,10-2017,60 Days,9.42,Chennai
1679,8,2018,8-2018,6 Month,9.79,Jaipur
1680,5,2018,5-2018,90 Days,4.20,Bhopal
1682,10,2018,10-2018,30 Days,4.20,Nasik
1685,7,2018,7-2018,12 Months,15.38,Delhi
1686,7,2018,7-2018,60 Days,11.19,Ranchi
1687,9,2017,9-2017,24 Months and more,5.30,Mumbai
1688,2,2017,2-2017,30 Days,6.99,Mumbai
1689,4,2017,4-2017,6 Month,6.99,Nagpur
1690,10,2017,10-2017,12 Months,2.80,Bengaluru
1692,8,2018,8-2018,90 Days,3.53,Bhopal
1693,9,2017,9-2017,6 Month,16.78,Mumbai
1694,10,2017,10-2017,12 Months,16.78,Gandhinagar
1695,3,2017,3-2017,12 Months,4.12,Mumbai
1696,11,2017,11-2017,6 Month,6.48,Pune
1697,11,2017,11-2017,6 Month,2.94,Ranchi
1698,6,2018,6-2018,60 Days,9.79,Jaipur
1700,1,2018,1-2018,6 Month,16.78,Delhi
1702,5,2017,5-2017,12 Months,7.07,Chennai
1703,5,2017,5-2017,30 Days,7.07,Gandhinagar
1704,10,2018,10-2018,12 Months,9.42,Chandigarh
1705,4,2017,4-2017,90 Days,4.12,Delhi
1706,7,2017,7-2017,6 Month,1.18,Nagpur
1707,7,2017,7-2017,24 Months and more,4.12,Srinagar
1708,3,2017,3-2017,60 Days,7.07,Mumbai
1709,5,2018,5-2018,90 Days,6.48,Bhopal
1710,5,2017,5-2017,6 Month,4.20,Ranchi
1711,8,2017,8-2017,90 Days,15.38,Aurangabad
1712,3,2017,3-2017,60 Days,11.19,Bengaluru
1714,7,2017,7-2017,6 Month,7.07,Aurangabad
1715,8,2018,8-2018,30 Days,5.89,Chandigarh
1716,12,2017,12-2017,30 Days,13.98,Bengaluru
1717,6,2018,6-2018,12 Months,1.40,Gandhinagar
1718,3,2017,3-2017,6 Month,2.80,Jaipur
1719,8,2017,8-2017,60 Days,5.89,Jaipur
1720,6,2017,6-2017,30 Days,7.07,Pune
1721,5,2018,5-2018,30 Days,15.38,Ranchi
1722,8,2018,8-2018,24 Months and more,2.94,Nagpur
1723,1,2017,1-2017,30 Days,2.36,Chennai
1725,6,2017,6-2017,30 Days,9.42,Aurangabad
1727,8,2017,8-2017,60 Days,11.78,Nagpur
1728,11,2017,11-2017,60 Days,1.18,Pune
1729,7,2017,7-2017,6 Month,2.36,Bengaluru
1732,2,2017,2-2017,30 Days,9.79,Srinagar
1734,11,2018,11-2018,60 Days,6.48,Bengaluru
1735,3,2017,3-2017,30 Days,1.18,Nagpur
1736,6,2018,6-2018,90 Days,4.71,Aurangabad
1739,10,2017,10-2017,30 Days,0.59,Jaipur
1740,2,2018,2-2018,60 Days,2.80,Jaipur
1741,5,2017,5-2017,90 Days,4.71,Bhopal
1742,11,2017,11-2017,90 Days,3.53,Delhi
1743,12,2018,12-2018,60 Days,8.39,Jaipur
1744,3,2017,3-2017,12 Months,1.77,Bhopal
1745,9,2017,9-2017,30 Days,4.20,Gandhinagar
1747,1,2018,1-2018,12 Months,4.71,Chandigarh
1748,12,2018,12-2018,12 Months,4.71,Mumbai
1749,9,2017,9-2017,12 Months,4.71,Pune
1750,11,2018,11-2018,12 Months,6.48,Shillong
1753,12,2018,12-2018,24 Months and more,6.48,Chandigarh
1754,7,2018,7-2018,90 Days,1.77,Chandigarh
1755,5,2018,5-2018,60 Days,5.30,Gandhinagar
1756,10,2018,10-2018,12 Months,1.40,Aurangabad
1757,7,2018,7-2018,60 Days,6.48,Jaipur
1760,3,2017,3-2017,12 Months,2.94,Chennai
1761,8,2017,8-2017,6 Month,1.18,Aurangabad
1764,1,2018,1-2018,6 Month,4.71,Srinagar
1766,12,2018,12-2018,30 Days,2.36,Chennai
1767,12,2017,12-2017,12 Months,4.71,Aurangabad
1769,5,2017,5-2017,90 Days,5.30,Srinagar
1770,1,2018,1-2018,30 Days,6.99,Nagpur
1771,10,2017,10-2017,30 Days,4.20,Aurangabad
1772,9,2017,9-2017,6 Month,16.78,Nagpur
1775,5,2018,5-2018,90 Days,12.95,Delhi
1776,12,2018,12-2018,60 Days,12.59,Chandigarh
1777,5,2018,5-2018,90 Days,4.71,Srinagar
1780,7,2017,7-2017,30 Days,2.94,Ranchi
1781,11,2018,11-2018,60 Days,1.18,Gandhinagar
1783,5,2017,5-2017,90 Days,3.53,Shillong
1784,11,2018,11-2018,6 Month,4.71,Srinagar
1785,2,2017,2-2017,60 Days,11.19,Pune
1786,1,2018,1-2018,24 Months and more,6.48,Jaipur
1787,5,2017,5-2017,30 Days,7.07,Gandhinagar
1788,2,2017,2-2017,24 Months and more,5.30,Bhopal
1789,12,2017,12-2017,24 Months and more,2.94,Mumbai
1790,5,2018,5-2018,60 Days,4.71,Mumbai
1792,5,2018,5-2018,12 Months,3.53,Mumbai
1793,8,2017,8-2017,6 Month,2.36,Aurangabad
1794,5,2017,5-2017,90 Days,16.78,Mumbai
1796,1,2018,1-2018,30 Days,2.36,Srinagar
1797,6,2017,6-2017,30 Days,1.77,Chennai
1798,10,2018,10-2018,24 Months and more,1.18,Delhi
1799,2,2018,2-2018,60 Days,2.36,Pune
1800,4,2018,4-2018,12 Months,9.79,Chandigarh
1801,11,2017,11-2017,12 Months,4.71,Chennai
1802,11,2018,11-2018,24 Months and more,2.36,Aurangabad
1803,6,2018,6-2018,30 Days,7.07,Bengaluru
1804,12,2018,12-2018,30 Days,4.71,Mumbai
1807,4,2017,4-2017,30 Days,4.71,Bengaluru
1809,10,2018,10-2018,12 Months,2.94,Gandhinagar
1810,6,2018,6-2018,90 Days,2.36,Chandigarh
1812,9,2017,9-2017,6 Month,1.77,Aurangabad
1813,10,2018,10-2018,90 Days,1.40,Aurangabad
1814,5,2018,5-2018,24 Months and more,1.77,Bhopal
1815,11,2017,11-2017,90 Days,0.59,Pune
1816,3,2018,3-2018,60 Days,2.80,Ranchi
1817,2,2017,2-2017,24 Months and more,15.38,Mumbai
1819,6,2017,6-2017,60 Days,1.77,Delhi
1820,4,2017,4-2017,24 Months and more,6.99,Shillong
1821,5,2017,5-2017,6 Month,15.38,Jaipur
1823,10,2017,10-2017,30 Days,4.71,Shillong
1828,10,2017,10-2017,12 Months,3.53,Nasik
1829,4,2018,4-2018,6 Month,6.99,Jaipur
1830,2,2017,2-2017,90 Days,8.39,Aurangabad
1831,9,2018,9-2018,90 Days,2.36,Nasik
1832,12,2017,12-2017,60 Days,1.18,Nasik
1834,9,2017,9-2017,90 Days,1.18,Srinagar
1835,9,2018,9-2018,60 Days,7.07,Aurangabad
1836,3,2018,3-2018,30 Days,8.24,Chandigarh
1837,11,2018,11-2018,24 Months and more,1.77,Gandhinagar
1838,8,2017,8-2017,90 Days,12.59,Chennai
1839,10,2018,10-2018,30 Days,1.18,Shillong
1840,1,2018,1-2018,24 Months and more,8.39,Ranchi
1842,10,2018,10-2018,6 Month,12.59,Chandigarh
1843,12,2018,12-2018,90 Days,6.48,Chandigarh
1844,3,2017,3-2017,24 Months and more,16.78,Gandhinagar
1847,11,2017,11-2017,24 Months and more,2.94,Chandigarh
1848,11,2018,11-2018,90 Days,5.89,Pune
1849,6,2018,6-2018,24 Months and more,14.13,Nasik
1850,9,2018,9-2018,30 Days,4.20,Pune
1852,1,2017,1-2017,90 Days,0.59,Chennai
1853,3,2018,3-2018,90 Days,8.24,Shillong
1854,4,2018,4-2018,24 Months and more,1.18,Srinagar
1855,11,2017,11-2017,30 Days,12.59,Aurangabad
1856,4,2017,4-2017,12 Months,2.80,Mumbai
1857,9,2018,9-2018,90 Days,11.78,Mumbai
1858,11,2017,11-2017,12 Months,10.60,Aurangabad
1859,7,2018,7-2018,60 Days,9.79,Chennai
1861,9,2017,9-2017,12 Months,16.78,Chennai
1864,10,2018,10-2018,6 Month,2.36,Srinagar
1865,2,2018,2-2018,60 Days,16.78,Nagpur
1866,5,2018,5-2018,12 Months,7.07,Bengaluru
1867,7,2017,7-2017,60 Days,6.48,Delhi
1868,11,2018,11-2018,24 Months and more,11.19,Bhopal
1870,8,2018,8-2018,12 Months,4.20,Gandhinagar
1872,9,2018,9-2018,60 Days,16.78,Ranchi
1873,4,2018,4-2018,24 Months and more,16.78,Jaipur
1876,3,2017,3-2017,30 Days,3.53,Nagpur
1877,10,2017,10-2017,12 Months,4.71,Mumbai
1878,7,2017,7-2017,90 Days,9.79,Bengaluru
1879,11,2017,11-2017,24 Months and more,7.07,Jaipur
1880,3,2017,3-2017,24 Months and more,5.30,Ranchi
1883,10,2018,10-2018,30 Days,4.20,Gandhinagar
1884,10,2018,10-2018,30 Days,4.12,Delhi
1885,4,2018,4-2018,60 Days,5.59,Srinagar
1886,11,2018,11-2018,12 Months,1.77,Bhopal
1887,4,2017,4-2017,30 Days,12.59,Shillong
1888,11,2018,11-2018,90 Days,5.59,Chandigarh
1891,7,2017,7-2017,12 Months,6.48,Bhopal
1892,9,2017,9-2017,60 Days,3.53,Mumbai
1895,7,2017,7-2017,30 Days,1.18,Chandigarh
1896,9,2017,9-2017,30 Days,1.18,Bengaluru
1897,11,2018,11-2018,30 Days,11.78,Gandhinagar
1898,2,2017,2-2017,90 Days,1.18,Chandigarh
1900,7,2018,7-2018,30 Days,15.38,Shillong
1903,2,2017,2-2017,24 Months and more,1.18,Srinagar
1905,1,2017,1-2017,6 Month,8.39,Srinagar
1906,1,2018,1-2018,6 Month,2.94,Gandhinagar
1907,7,2017,7-2017,90 Days,8.24,Jaipur
1909,6,2018,6-2018,90 Days,3.53,Ranchi
1911,9,2018,9-2018,12 Months,2.36,Ranchi
1912,11,2017,11-2017,30 Days,4.20,Bengaluru
1913,8,2018,8-2018,90 Days,4.71,Shillong
1915,7,2018,7-2018,24 Months and more,14.13,Srinagar
1917,8,2018,8-2018,12 Months,7.07,Chennai
1918,12,2017,12-2017,24 Months and more,7.07,Delhi
1920,11,2017,11-2017,6 Month,5.89,Chandigarh
1921,12,2018,12-2018,30 Days,5.89,Aurangabad
1922,9,2018,9-2018,12 Months,6.99,Nasik
1923,1,2017,1-2017,30 Days,4.20,Gandhinagar
1924,1,2018,1-2018,90 Days,12.59,Jaipur
1925,6,2017,6-2017,60 Days,2.80,Bengaluru
1926,1,2017,1-2017,24 Months and more,4.71,Bengaluru
1928,3,2018,3-2018,6 Month,5.89,Delhi
1929,5,2017,5-2017,6 Month,2.94,Nasik
1930,8,2017,8-2017,30 Days,5.59,Bhopal
1931,2,2017,2-2017,12 Months,16.78,Nasik
1932,10,2017,10-2017,60 Days,7.07,Gandhinagar
1937,1,2018,1-2018,6 Month,6.99,Mumbai
1940,2,2017,2-2017,60 Days,2.80,Jaipur
1941,3,2018,3-2018,60 Days,5.30,Srinagar
1942,2,2017,2-2017,90 Days,3.53,Aurangabad
1943,10,2017,10-2017,6 Month,11.19,Gandhinagar
1944,9,2017,9-2017,24 Months and more,12.59,Delhi
1945,9,2017,9-2017,24 Months and more,0.59,Chennai
1946,9,2018,9-2018,90 Days,12.59,Jaipur
1951,11,2017,11-2017,12 Months,0.59,Gandhinagar
1953,6,2018,6-2018,30 Days,11.19,Bengaluru
1954,12,2017,12-2017,12 Months,1.77,Chennai
1955,10,2017,10-2017,24 Months and more,4.20,Chandigarh
1956,6,2018,6-2018,30 Days,16.78,Ranchi
1958,6,2018,6-2018,24 Months and more,10.60,Chandigarh
1961,4,2017,4-2017,24 Months and more,7.07,Srinagar
1962,4,2017,4-2017,12 Months,0.59,Bengaluru
1963,4,2018,4-2018,60 Days,16.78,Nagpur
1964,4,2018,4-2018,60 Days,11.19,Aurangabad
1966,8,2018,8-2018,24 Months and more,15.38,Shillong
1967,2,2018,2-2018,24 Months and more,1.18,Shillong
1968,4,2018,4-2018,12 Months,1.77,Shillong
1969,1,2017,1-2017,30 Days,2.36,Chandigarh
1971,4,2018,4-2018,90 Days,5.30,Nagpur
1972,10,2018,10-2018,90 Days,0.59,Bengaluru
1973,4,2017,4-2017,90 Days,11.78,Ranchi
1974,12,2017,12-2017,30 Days,4.12,Mumbai
1978,1,2017,1-2017,12 Months,3.53,Srinagar
1979,10,2017,10-2017,12 Months,8.39,Jaipur
1980,9,2018,9-2018,60 Days,1.77,Mumbai
1981,3,2018,3-2018,24 Months and more,1.18,Ranchi
1982,8,2018,8-2018,12 Months,12.95,Pune
1984,1,2017,1-2017,24 Months and more,6.99,Bhopal
1986,11,2017,11-2017,90 Days,3.53,Aurangabad
1988,3,2018,3-2018,60 Days,7.07,Gandhinagar
1990,3,2017,3-2017,60 Days,4.71,Shillong
1993,7,2018,7-2018,90 Days,2.36,Delhi
1994,6,2018,6-2018,30 Days,5.89,Pune
1995,1,2018,1-2018,6 Month,11.78,Bhopal
1996,7,2017,7-2017,12 Months,1.18,Chandigarh
1997,11,2018,11-2018,60 Days,2.36,Aurangabad
1998,3,2017,3-2017,90 Days,6.48,Nasik
1999,10,2018,10-2018,60 Days,11.78,Nagpur
2000,1,2017,1-2017,24 Months and more,10.60,Ranchi
2001,6,2017,6-2017,30 Days,7.07,Chennai
2002,3,2018,3-2018,60 Days,2.80,Jaipur
2003,12,2017,12-2017,24 Months and more,6.48,Gandhinagar
2004,4,2018,4-2018,24 Months and more,0.59,Jaipur
2005,6,2017,6-2017,12 Months,0.59,Bengaluru
2006,3,2018,3-2018,90 Days,3.53,Gandhinagar
2008,5,2018,5-2018,90 Days,5.59,Aurangabad
2009,8,2018,8-2018,12 Months,7.07,Ranchi
2010,10,2017,10-2017,60 Days,15.38,Delhi
2013,6,2018,6-2018,60 Days,3.53,Gandhinagar
2016,10,2017,10-2017,30 Days,7.07,Ranchi
2017,4,2018,4-2018,30 Days,4.12,Ranchi
2018,1,2018,1-2018,12 Months,3.53,Srinagar
2019,4,2018,4-2018,24 Months and more,10.60,Mumbai
2020,6,2017,6-2017,6 Month,8.24,Chennai
2022,3,2017,3-2017,12 Months,11.78,Nasik
2023,10,2018,10-2018,12 Months,10.60,Nagpur
2027,12,2018,12-2018,6 Month,9.79,Chennai
2029,11,2018,11-2018,30 Days,16.78,Bengaluru
2030,7,2018,7-2018,24 Months and more,5.59,Bengaluru
2031,7,2017,7-2017,24 Months and more,2.36,Pune
2032,6,2018,6-2018,30 Days,1.18,Chandigarh
2033,9,2018,9-2018,6 Month,2.94,Srinagar
2035,6,2018,6-2018,30 Days,2.36,Nagpur
2037,8,2018,8-2018,60 Days,8.39,Bengaluru
2038,3,2018,3-2018,12 Months,6.48,Srinagar
2039,10,2018,10-2018,90 Days,4.12,Ranchi
2040,10,2017,10-2017,6 Month,7.07,Shillong
2042,2,2017,2-2017,60 Days,9.79,Gandhinagar
2044,10,2017,10-2017,90 Days,5.89,Bengaluru
2045,4,2017,4-2017,60 Days,4.12,Ranchi
2046,8,2017,8-2017,24 Months and more,3.53,Delhi
2048,1,2017,1-2017,30 Days,6.48,Pune
2050,11,2018,11-2018,12 Months,13.98,Ranchi
2051,12,2017,12-2017,24 Months and more,12.59,Aurangabad
2052,7,2018,7-2018,12 Months,6.48,Mumbai
2054,2,2017,2-2017,6 Month,2.80,Shillong
2056,5,2018,5-2018,60 Days,2.36,Jaipur
2057,4,2018,4-2018,30 Days,8.39,Aurangabad
2058,7,2017,7-2017,12 Months,6.48,Chennai
2059,4,2017,4-2017,60 Days,4.71,Delhi
2060,3,2018,3-2018,12 Months,4.20,Aurangabad
2061,1,2017,1-2017,90 Days,6.48,Srinagar
2067,12,2017,12-2017,60 Days,1.18,Chennai
2068,9,2017,9-2017,24 Months and more,1.18,Jaipur
2070,9,2017,9-2017,60 Days,7.07,Chennai
2071,11,2017,11-2017,30 Days,5.59,Pune
2072,1,2018,1-2018,60 Days,2.36,Nasik
2073,4,2018,4-2018,24 Months and more,5.59,Chennai
2074,1,2017,1-2017,90 Days,1.18,Srinagar
2075,10,2018,10-2018,6 Month,10.60,Chennai
2076,5,2017,5-2017,90 Days,0.59,Delhi
2078,8,2018,8-2018,90 Days,11.78,Nasik
2080,12,2017,12-2017,6 Month,6.99,Pune
2081,5,2018,5-2018,12 Months,3.53,Ranchi
2083,1,2017,1-2017,30 Days,1.77,Jaipur
2084,9,2017,9-2017,30 Days,1.77,Nagpur
2086,10,2018,10-2018,30 Days,5.30,Srinagar
2087,3,2017,3-2017,12 Months,2.80,Srinagar
2090,7,2017,7-2017,6 Month,0.59,Gandhinagar
2092,12,2017,12-2017,24 Months and more,1.40,Pune
2096,12,2017,12-2017,30 Days,1.77,Aurangabad
2097,9,2017,9-2017,24 Months and more,1.18,Jaipur
2098,8,2018,8-2018,30 Days,6.48,Bengaluru
2099,9,2018,9-2018,24 Months and more,11.19,Nagpur
2101,4,2017,4-2017,6 Month,9.42,Bhopal
2105,4,2018,4-2018,6 Month,14.13,Jaipur
2109,1,2017,1-2017,60 Days,12.59,Bhopal
2110,2,2018,2-2018,24 Months and more,3.53,Srinagar
2111,10,2018,10-2018,90 Days,1.18,Delhi
2112,8,2018,8-2018,30 Days,9.42,Pune
2113,1,2018,1-2018,90 Days,4.12,Shillong
2118,9,2017,9-2017,12 Months,11.19,Delhi
2119,10,2017,10-2017,24 Months and more,1.18,Delhi
2121,4,2017,4-2017,30 Days,2.36,Jaipur
2122,12,2017,12-2017,12 Months,2.94,Chennai
2126,9,2017,9-2017,30 Days,0.59,Delhi
2127,6,2017,6-2017,90 Days,4.12,Chandigarh
2128,11,2017,11-2017,12 Months,5.30,Srinagar
2129,5,2018,5-2018,30 Days,5.59,Gandhinagar
2131,10,2018,10-2018,30 Days,6.48,Nagpur
2135,9,2018,9-2018,6 Month,1.77,Ranchi
2139,9,2018,9-2018,90 Days,2.94,Mumbai
2141,1,2018,1-2018,90 Days,11.78,Ranchi
2142,10,2017,10-2017,30 Days,1.18,Srinagar
2143,11,2018,11-2018,12 Months,11.19,Gandhinagar
2145,12,2017,12-2017,90 Days,8.39,Chandigarh
2146,1,2018,1-2018,24 Months and more,2.36,Ranchi
2147,8,2017,8-2017,6 Month,12.59,Ranchi
2151,5,2018,5-2018,60 Days,8.39,Gandhinagar
2152,9,2017,9-2017,60 Days,8.39,Nagpur
2153,10,2017,10-2017,60 Days,1.77,Mumbai
2154,4,2018,4-2018,6 Month,5.89,Chennai
2155,2,2017,2-2017,6 Month,8.24,Mumbai
2157,12,2018,12-2018,90 Days,15.38,Gandhinagar
2158,1,2017,1-2017,24 Months and more,4.12,Pune
2160,5,2017,5-2017,12 Months,2.94,Shillong
2162,12,2017,12-2017,6 Month,4.71,Bengaluru
2163,9,2017,9-2017,12 Months,2.36,Gandhinagar
2166,12,2017,12-2017,90 Days,3.53,Delhi
2167,6,2018,6-2018,6 Month,4.12,Jaipur
2169,7,2018,7-2018,30 Days,2.94,Srinagar
2170,9,2018,9-2018,6 Month,2.36,Bhopal
2173,11,2018,11-2018,60 Days,15.38,Bengaluru
2175,7,2018,7-2018,24 Months and more,4.20,Mumbai
2178,5,2017,5-2017,24 Months and more,15.38,Delhi
2182,9,2017,9-2017,30 Days,0.59,Bhopal
2183,5,2018,5-2018,60 Days,2.80,Aurangabad
2184,9,2018,9-2018,24 Months and more,2.36,Aurangabad
2190,7,2018,7-2018,30 Days,12.95,Mumbai
2191,5,2017,5-2017,60 Days,4.71,Nagpur
2192,10,2018,10-2018,12 Months,2.80,Delhi
2193,8,2018,8-2018,12 Months,1.77,Nagpur
2194,12,2017,12-2017,90 Days,1.77,Delhi
2195,8,2017,8-2017,30 Days,2.94,Bengaluru
2197,1,2017,1-2017,12 Months,3.53,Nasik
2199,5,2018,5-2018,30 Days,4.12,Nagpur
2200,11,2017,11-2017,90 Days,5.59,Delhi
2201,5,2018,5-2018,90 Days,4.12,Aurangabad
2204,1,2017,1-2017,12 Months,7.07,Shillong
2206,5,2017,5-2017,60 Days,4.71,Chennai
2207,7,2017,7-2017,6 Month,1.18,Jaipur
2209,12,2017,12-2017,6 Month,2.36,Shillong
2210,1,2017,1-2017,60 Days,9.42,Mumbai
2211,10,2018,10-2018,60 Days,4.12,Ranchi
2212,12,2017,12-2017,60 Days,13.98,Nasik
2213,11,2018,11-2018,90 Days,4.71,Bhopal
2215,8,2017,8-2017,12 Months,4.12,Mumbai
2216,3,2017,3-2017,24 Months and more,5.89,Bengaluru
2218,7,2017,7-2017,30 Days,4.12,Delhi
2219,2,2018,2-2018,6 Month,6.48,Pune
2220,9,2018,9-2018,30 Days,11.19,Chandigarh
2221,2,2017,2-2017,6 Month,3.53,Srinagar
2222,3,2017,3-2017,30 Days,1.40,Mumbai
2224,10,2018,10-2018,30 Days,4.20,Pune
2229,11,2017,11-2017,12 Months,6.48,Shillong
2231,12,2017,12-2017,30 Days,4.71,Gandhinagar
2232,10,2018,10-2018,30 Days,16.78,Shillong
2233,9,2018,9-2018,6 Month,12.59,Nasik
2234,7,2017,7-2017,30 Days,2.80,Gandhinagar
2235,11,2018,11-2018,6 Month,5.30,Srinagar
2236,10,2017,10-2017,6 Month,14.13,Nasik
2237,4,2017,4-2017,24 Months and more,13.98,Gandhinagar
2238,7,2018,7-2018,30 Days,2.36,Delhi
2239,10,2017,10-2017,30 Days,15.38,Shillong
2240,6,2018,6-2018,60 Days,0.59,Chennai
2241,11,2018,11-2018,90 Days,3.53,Mumbai
2243,1,2018,1-2018,90 Days,2.36,Mumbai
2244,10,2018,10-2018,60 Days,3.53,Mumbai
2245,9,2017,9-2017,24 Months and more,3.53,Mumbai
2247,2,2018,2-2018,30 Days,2.94,Gandhinagar
2249,11,2018,11-2018,12 Months,12.59,Delhi
2250,5,2018,5-2018,60 Days,1.18,Pune
2251,5,2017,5-2017,6 Month,11.78,Mumbai
2252,5,2018,5-2018,6 Month,1.18,Jaipur
2255,1,2017,1-2017,60 Days,0.59,Ranchi
2256,3,2017,3-2017,6 Month,2.36,Gandhinagar
2257,11,2018,11-2018,60 Days,8.24,Ranchi
2258,4,2018,4-2018,24 Months and more,1.77,Pune
2259,8,2018,8-2018,6 Month,4.20,Gandhinagar
2260,10,2017,10-2017,30 Days,6.48,Delhi
2261,8,2017,8-2017,30 Days,4.12,Ranchi
2263,6,2018,6-2018,24 Months and more,9.79,Nasik
2264,6,2018,6-2018,30 Days,1.77,Aurangabad
2265,2,2017,2-2017,6 Month,6.48,Chandigarh
2266,2,2017,2-2017,24 Months and more,5.30,Ranchi
2268,9,2017,9-2017,6 Month,0.59,Chennai
2272,10,2017,10-2017,24 Months and more,2.36,Delhi
2274,4,2018,4-2018,24 Months and more,0.59,Shillong
2275,10,2018,10-2018,6 Month,6.48,Nasik
2276,4,2018,4-2018,6 Month,6.48,Pune
2277,4,2018,4-2018,24 Months and more,3.53,Nasik
2278,9,2018,9-2018,90 Days,3.53,Pune
2280,2,2018,2-2018,60 Days,2.36,Bengaluru
2281,9,2018,9-2018,6 Month,12.95,Nasik
2283,9,2018,9-2018,60 Days,11.19,Bhopal
2284,8,2018,8-2018,30 Days,0.59,Nagpur
2285,9,2018,9-2018,12 Months,5.59,Bhopal
2286,12,2018,12-2018,12 Months,12.59,Mumbai
2287,5,2017,5-2017,12 Months,1.77,Bengaluru
2289,1,2018,1-2018,12 Months,11.19,Ranchi
2291,7,2018,7-2018,90 Days,2.36,Chennai
2292,10,2017,10-2017,24 Months and more,12.59,Ranchi
2293,12,2017,12-2017,60 Days,11.19,Mumbai
2296,4,2017,4-2017,60 Days,5.30,Gandhinagar
2297,8,2017,8-2017,6 Month,15.38,Jaipur
2298,3,2018,3-2018,30 Days,0.59,Pune
2299,1,2017,1-2017,30 Days,8.24,Shillong
2300,10,2018,10-2018,6 Month,13.98,Shillong
2301,5,2018,5-2018,24 Months and more,4.12,Bengaluru
2303,2,2017,2-2017,30 Days,2.36,Bhopal
2306,11,2018,11-2018,60 Days,4.71,Chandigarh
2309,11,2018,11-2018,60 Days,6.99,Srinagar
2310,7,2017,7-2017,12 Months,7.07,Mumbai
2312,4,2017,4-2017,24 Months and more,7.07,Nasik
2314,1,2018,1-2018,6 Month,2.36,Shillong
2315,5,2017,5-2017,6 Month,3.53,Bhopal
2319,5,2018,5-2018,30 Days,9.79,Delhi
2320,1,2018,1-2018,6 Month,3.53,Bhopal
2321,9,2017,9-2017,90 Days,5.89,Chennai
2323,3,2018,3-2018,12 Months,5.30,Chennai
2324,12,2018,12-2018,60 Days,1.40,Pune
2326,7,2018,7-2018,90 Days,5.30,Bhopal
2327,10,2018,10-2018,60 Days,5.89,Pune
2328,9,2018,9-2018,60 Days,1.77,Chennai
2330,1,2018,1-2018,6 Month,5.89,Aurangabad
2331,6,2017,6-2017,30 Days,9.79,Nagpur
2332,7,2017,7-2017,24 Months and more,3.53,Pune
2334,4,2017,4-2017,30 Days,11.19,Nasik
2336,4,2017,4-2017,12 Months,1.77,Nagpur
2337,10,2017,10-2017,60 Days,4.71,Pune
2338,1,2018,1-2018,90 Days,4.20,Nasik
2339,4,2018,4-2018,12 Months,3.53,Gandhinagar
2341,2,2017,2-2017,24 Months and more,4.71,Chennai
2342,1,2017,1-2017,6 Month,12.59,Ranchi
2343,11,2018,11-2018,30 Days,3.53,Bhopal
2344,12,2018,12-2018,12 Months,6.48,Ranchi
2345,2,2018,2-2018,90 Days,9.79,Nagpur
2346,11,2017,11-2017,30 Days,5.89,Bengaluru
2348,1,2017,1-2017,6 Month,9.79,Pune
2349,11,2017,11-2017,6 Month,1.18,Gandhinagar
2350,9,2017,9-2017,90 Days,8.39,Shillong
2351,3,2017,3-2017,90 Days,4.71,Shillong
2352,1,2017,1-2017,30 Days,1.40,Jaipur
2353,12,2017,12-2017,90 Days,5.59,Gandhinagar
2356,1,2017,1-2017,6 Month,1.18,Nagpur
2357,2,2018,2-2018,90 Days,4.20,Ranchi
2358,4,2017,4-2017,30 Days,13.98,Gandhinagar
2362,12,2017,12-2017,24 Months and more,15.38,Nasik
2363,9,2017,9-2017,24 Months and more,4.12,Aurangabad
2364,7,2017,7-2017,6 Month,2.36,Nagpur
2366,5,2018,5-2018,60 Days,2.80,Ranchi
2367,4,2017,4-2017,12 Months,11.19,Gandhinagar
2369,3,2018,3-2018,12 Months,4.20,Pune
2370,3,2017,3-2017,24 Months and more,2.36,Delhi
2371,7,2018,7-2018,12 Months,8.24,Bhopal
2372,4,2018,4-2018,12 Months,13.98,Pune
2374,5,2018,5-2018,60 Days,12.59,Jaipur
2375,11,2017,11-2017,30 Days,16.78,Delhi
2378,11,2017,11-2017,90 Days,12.59,Mumbai
2380,5,2018,5-2018,6 Month,15.38,Bengaluru
2382,12,2018,12-2018,12 Months,4.12,Shillong
2383,1,2017,1-2017,12 Months,2.80,Gandhinagar
2384,6,2017,6-2017,6 Month,5.30,Delhi
2385,12,2017,12-2017,24 Months and more,12.95,Mumbai
2386,4,2017,4-2017,12 Months,12.59,Bengaluru
2387,2,2017,2-2017,12 Months,1.18,Mumbai
2391,11,2018,11-2018,6 Month,2.80,Pune
2392,2,2017,2-2017,12 Months,0.59,Shillong
2393,4,2017,4-2017,12 Months,11.19,Chandigarh
2394,6,2017,6-2017,12 Months,6.48,Delhi
2395,9,2017,9-2017,60 Days,7.07,Ranchi
2396,2,2017,2-2017,60 Days,4.71,Nagpur
2397,3,2018,3-2018,90 Days,15.38,Chandigarh
2399,1,2017,1-2017,12 Months,2.36,Pune
2400,3,2018,3-2018,12 Months,2.94,Nasik
2401,8,2017,8-2017,6 Month,3.53,Srinagar
2402,1,2017,1-2017,30 Days,4.12,Shillong
2403,9,2018,9-2018,12 Months,4.20,Chennai
2405,5,2018,5-2018,6 Month,2.94,Chandigarh
2406,2,2017,2-2017,60 Days,0.59,Nagpur
2412,5,2017,5-2017,24 Months and more,6.99,Chennai
2414,9,2018,9-2018,90 Days,2.80,Srinagar
2415,1,2018,1-2018,30 Days,11.19,Ranchi
2416,5,2018,5-2018,60 Days,1.77,Delhi
2417,5,2018,5-2018,24 Months and more,3.53,Gandhinagar
2422,5,2017,5-2017,6 Month,0.59,Chennai
2424,2,2017,2-2017,24 Months and more,2.36,Shillong
2426,4,2018,4-2018,6 Month,4.71,Ranchi
2427,4,2017,4-2017,60 Days,9.79,Gandhinagar
2428,3,2017,3-2017,90 Days,7.07,Nasik
2429,9,2017,9-2017,90 Days,4.20,Jaipur
2430,8,2017,8-2017,24 Months and more,4.71,Aurangabad
2431,11,2018,11-2018,6 Month,1.77,Aurangabad
2432,11,2017,11-2017,24 Months and more,1.18,Chandigarh
2433,11,2018,11-2018,12 Months,7.07,Bhopal
2434,7,2018,7-2018,24 Months and more,2.94,Chandigarh
2435,10,2017,10-2017,24 Months and more,7.07,Mumbai
2436,12,2018,12-2018,60 Days,5.89,Jaipur
2437,8,2017,8-2017,24 Months and more,1.77,Chandigarh
2438,7,2018,7-2018,6 Month,1.77,Bhopal
2440,9,2017,9-2017,12 Months,7.07,Srinagar
2441,3,2017,3-2017,90 Days,5.89,Nagpur
2442,2,2017,2-2017,30 Days,5.30,Ranchi
2443,2,2017,2-2017,24 Months and more,14.13,Shillong
2445,1,2018,1-2018,12 Months,15.38,Jaipur
2449,5,2017,5-2017,12 Months,15.38,Aurangabad
2450,12,2018,12-2018,24 Months and more,12.95,Bhopal
2451,9,2017,9-2017,24 Months and more,7.07,Ranchi
2452,12,2018,12-2018,30 Days,2.94,Srinagar
2453,5,2017,5-2017,24 Months and more,5.59,Aurangabad
2454,5,2017,5-2017,30 Days,2.80,Ranchi
2455,4,2017,4-2017,90 Days,1.18,Chandigarh
2456,12,2017,12-2017,12 Months,8.24,Nasik
2458,10,2017,10-2017,24 Months and more,5.59,Ranchi
2460,8,2017,8-2017,60 Days,7.07,Nagpur
2461,6,2017,6-2017,24 Months and more,2.80,Pune
2462,4,2018,4-2018,24 Months and more,15.38,Aurangabad
2464,8,2017,8-2017,6 Month,6.48,Nasik
2465,6,2017,6-2017,90 Days,8.24,Jaipur
2466,6,2017,6-2017,60 Days,4.71,Mumbai
2469,10,2017,10-2017,30 Days,4.12,Gandhinagar
2470,8,2017,8-2017,90 Days,2.36,Mumbai
2473,4,2017,4-2017,12 Months,3.53,Nagpur
2474,6,2017,6-2017,6 Month,2.36,Aurangabad
2476,7,2017,7-2017,12 Months,6.48,Chennai
2477,11,2018,11-2018,12 Months,6.99,Shillong
2478,10,2017,10-2017,90 Days,1.40,Nagpur
2479,9,2018,9-2018,90 Days,8.24,Pune
2480,11,2017,11-2017,12 Months,5.30,Chennai
2482,6,2017,6-2017,30 Days,5.30,Jaipur
2483,8,2017,8-2017,60 Days,2.80,Shillong
2485,1,2018,1-2018,24 Months and more,15.38,Ranchi
2486,2,2017,2-2017,6 Month,1.40,Ranchi
2487,2,2017,2-2017,12 Months,5.30,Gandhinagar
2488,10,2018,10-2018,6 Month,3.53,Shillong
2489,4,2017,4-2017,24 Months and more,1.77,Bhopal
2490,8,2018,8-2018,6 Month,16.78,Gandhinagar
2491,2,2018,2-2018,12 Months,2.94,Chandigarh
2492,12,2018,12-2018,30 Days,7.07,Mumbai
2494,7,2017,7-2017,30 Days,1.40,Chennai
2495,9,2018,9-2018,12 Months,5.59,Srinagar
2496,12,2018,12-2018,12 Months,2.94,Chennai
2497,9,2018,9-2018,12 Months,6.99,Chennai
2500,4,2017,4-2017,6 Month,9.79,Srinagar
2501,12,2017,12-2017,30 Days,6.48,Mumbai
2502,8,2017,8-2017,24 Months and more,8.39,Chennai
2503,4,2018,4-2018,24 Months and more,2.94,Nasik
2504,9,2017,9-2017,24 Months and more,7.07,Mumbai
2505,11,2018,11-2018,6 Month,2.94,Nagpur
2506,4,2017,4-2017,12 Months,4.12,Jaipur
2507,1,2017,1-2017,90 Days,0.59,Ranchi
2508,1,2017,1-2017,24 Months and more,5.59,Chennai
2513,11,2017,11-2017,60 Days,8.39,Mumbai
2514,6,2017,6-2017,30 Days,6.48,Chandigarh
2515,1,2018,1-2018,12 Months,9.79,Nasik
2516,7,2018,7-2018,30 Days,1.18,Pune
2517,11,2018,11-2018,24 Months and more,7.07,Aurangabad
2519,11,2017,11-2017,24 Months and more,6.99,Jaipur
2520,12,2018,12-2018,6 Month,2.94,Nagpur
2522,7,2017,7-2017,24 Months and more,1.18,Chandigarh
2523,2,2017,2-2017,90 Days,7.07,Jaipur
2524,9,2018,9-2018,30 Days,11.78,Pune
2525,6,2018,6-2018,24 Months and more,1.18,Mumbai
2526,9,2018,9-2018,60 Days,5.89,Shillong
2528,4,2018,4-2018,24 Months and more,7.07,Shillong
2529,8,2017,8-2017,24 Months and more,2.36,Chandigarh
2531,5,2017,5-2017,30 Days,10.60,Aurangabad
2532,5,2018,5-2018,6 Month,2.80,Delhi
2533,4,2018,4-2018,30 Days,9.79,Gandhinagar
2534,1,2017,1-2017,6 Month,6.48,Chennai
2535,6,2018,6-2018,90 Days,8.39,Chandigarh
2538,12,2018,12-2018,6 Month,2.94,Mumbai
2539,4,2017,4-2017,6 Month,1.40,Pune
2540,10,2017,10-2017,6 Month,5.30,Nagpur
2541,6,2017,6-2017,90 Days,1.18,Nagpur
2542,8,2018,8-2018,60 Days,5.89,Bhopal
2543,2,2017,2-2017,30 Days,0.59,Srinagar
2545,8,2018,8-2018,12 Months,3.53,Srinagar
2546,8,2018,8-2018,6 Month,6.48,Bengaluru
2547,2,2018,2-2018,6 Month,2.80,Jaipur
2548,6,2018,6-2018,12 Months,2.94,Mumbai
2551,1,2017,1-2017,90 Days,1.77,Bengaluru
2555,7,2018,7-2018,24 Months and more,3.53,Chennai
2556,6,2017,6-2017,30 Days,7.07,Chandigarh
2558,2,2017,2-2017,60 Days,1.40,Chandigarh
2560,3,2017,3-2017,24 Months and more,1.18,Aurangabad
2561,6,2017,6-2017,30 Days,4.71,Ranchi
2562,1,2018,1-2018,30 Days,5.89,Shillong
2564,9,2018,9-2018,12 Months,4.71,Mumbai
2565,2,2018,2-2018,12 Months,16.78,Shillong
2566,2,2017,2-2017,90 Days,7.07,Bengaluru
2567,1,2017,1-2017,90 Days,2.36,Bengaluru
2568,9,2017,9-2017,90 Days,2.94,Delhi
2569,6,2018,6-2018,6 Month,5.30,Nasik
2574,10,2017,10-2017,6 Month,9.42,Delhi
2576,4,2017,4-2017,6 Month,1.18,Ranchi
2577,10,2018,10-2018,24 Months and more,1.18,Bhopal
2578,1,2017,1-2017,6 Month,8.39,Chennai
2580,4,2017,4-2017,12 Months,12.59,Mumbai
2581,9,2017,9-2017,12 Months,6.48,Shillong
2582,5,2018,5-2018,12 Months,1.77,Shillong
2585,9,2017,9-2017,30 Days,7.07,Delhi
2586,9,2017,9-2017,6 Month,1.18,Delhi
2587,4,2017,4-2017,90 Days,3.53,Ranchi
2588,3,2017,3-2017,60 Days,4.20,Nasik
2589,2,2018,2-2018,12 Months,7.07,Shillong
2590,12,2018,12-2018,90 Days,11.78,Ranchi
2592,10,2017,10-2017,24 Months and more,4.20,Bengaluru
2593,8,2018,8-2018,30 Days,0.59,Aurangabad
2594,12,2018,12-2018,6 Month,5.59,Srinagar
2596,1,2017,1-2017,12 Months,6.48,Gandhinagar
2597,2,2018,2-2018,90 Days,11.19,Nagpur
2598,10,2017,10-2017,12 Months,0.59,Ranchi
2601,12,2018,12-2018,24 Months and more,2.80,Nagpur
2602,1,2018,1-2018,12 Months,13.98,Shillong
2605,6,2017,6-2017,6 Month,7.07,Srinagar
2606,11,2017,11-2017,12 Months,11.78,Jaipur
2608,8,2018,8-2018,12 Months,1.40,Nasik
2609,11,2017,11-2017,6 Month,5.89,Srinagar
2610,12,2017,12-2017,24 Months and more,0.59,Chennai
2611,9,2018,9-2018,90 Days,5.89,Delhi
2612,4,2017,4-2017,24 Months and more,2.94,Mumbai
2613,6,2018,6-2018,90 Days,14.13,Bengaluru
2615,2,2017,2-2017,24 Months and more,4.20,Chennai
2617,12,2018,12-2018,6 Month,13.98,Gandhinagar
2618,3,2018,3-2018,30 Days,0.59,Nagpur
2619,3,2018,3-2018,90 Days,1.18,Chandigarh
2621,4,2017,4-2017,90 Days,5.30,Ranchi
2622,2,2017,2-2017,60 Days,6.99,Gandhinagar
2624,8,2018,8-2018,12 Months,7.07,Bhopal
2626,5,2017,5-2017,90 Days,2.36,Srinagar
2627,7,2018,7-2018,24 Months and more,7.07,Nasik
2628,12,2018,12-2018,90 Days,3.53,Bengaluru
2629,8,2018,8-2018,30 Days,16.78,Jaipur
2631,3,2017,3-2017,90 Days,8.39,Chennai
2633,8,2017,8-2017,90 Days,2.80,Bengaluru
2634,1,2018,1-2018,30 Days,0.59,Bhopal
2636,7,2018,7-2018,24 Months and more,4.71,Jaipur
2637,6,2018,6-2018,6 Month,1.18,Chennai
2639,12,2017,12-2017,90 Days,7.07,Pune
2641,7,2017,7-2017,60 Days,8.39,Shillong
2643,5,2017,5-2017,90 Days,11.78,Delhi
2644,12,2018,12-2018,90 Days,4.12,Bhopal
2645,6,2017,6-2017,60 Days,1.77,Bengaluru
2646,12,2018,12-2018,24 Months and more,2.94,Nasik
2647,1,2018,1-2018,30 Days,11.19,Chandigarh
2648,1,2018,1-2018,6 Month,9.79,Chennai
2649,9,2017,9-2017,60 Days,1.18,Shillong
2650,8,2018,8-2018,6 Month,9.42,Pune
2652,5,2017,5-2017,90 Days,7.07,Chennai
2655,4,2018,4-2018,90 Days,4.71,Gandhinagar
2656,12,2018,12-2018,12 Months,6.48,Jaipur
2658,9,2017,9-2017,12 Months,9.42,Aurangabad
2659,8,2017,8-2017,30 Days,2.80,Ranchi
2660,10,2017,10-2017,12 Months,0.59,Bengaluru
2661,4,2018,4-2018,12 Months,9.79,Jaipur
2663,9,2017,9-2017,30 Days,12.59,Delhi
2666,6,2018,6-2018,12 Months,4.20,Chandigarh
2667,12,2017,12-2017,30 Days,11.19,Aurangabad
2668,5,2018,5-2018,24 Months and more,0.59,Ranchi
2669,10,2017,10-2017,30 Days,7.07,Gandhinagar
2670,7,2018,7-2018,30 Days,7.07,Shillong
2671,3,2018,3-2018,30 Days,12.59,Shillong
2672,8,2017,8-2017,90 Days,0.59,Shillong
2673,6,2017,6-2017,30 Days,6.99,Srinagar
2675,10,2018,10-2018,60 Days,2.80,Bengaluru
2676,9,2018,9-2018,12 Months,12.59,Srinagar
2677,2,2018,2-2018,6 Month,13.98,Ranchi
2678,6,2018,6-2018,6 Month,5.59,Bengaluru
2679,2,2018,2-2018,24 Months and more,1.18,Chennai
2684,1,2017,1-2017,12 Months,2.94,Aurangabad
2688,3,2018,3-2018,60 Days,2.80,Ranchi
2689,10,2017,10-2017,30 Days,2.36,Shillong
2691,7,2017,7-2017,12 Months,4.20,Mumbai
2692,2,2018,2-2018,6 Month,2.36,Bhopal
2693,4,2018,4-2018,60 Days,1.77,Ranchi
2694,1,2017,1-2017,6 Month,8.39,Pune
2695,6,2017,6-2017,24 Months and more,8.39,Mumbai
2696,1,2017,1-2017,90 Days,4.71,Srinagar
2697,7,2017,7-2017,12 Months,1.18,Gandhinagar
2698,10,2017,10-2017,30 Days,10.60,Jaipur
2699,1,2018,1-2018,12 Months,9.42,Aurangabad
2700,6,2017,6-2017,30 Days,12.95,Mumbai
2701,11,2017,11-2017,60 Days,14.13,Nasik
2702,10,2018,10-2018,60 Days,11.78,Chandigarh
2704,2,2018,2-2018,6 Month,7.07,Bhopal
2705,5,2017,5-2017,12 Months,2.36,Nagpur
2706,11,2018,11-2018,60 Days,4.71,Gandhinagar
2707,10,2017,10-2017,60 Days,11.19,Jaipur
2709,10,2018,10-2018,90 Days,1.18,Gandhinagar
2710,3,2018,3-2018,24 Months and more,4.12,Srinagar
2711,7,2017,7-2017,12 Months,1.18,Chandigarh
2712,10,2018,10-2018,12 Months,7.07,Aurangabad
2713,10,2018,10-2018,30 Days,9.79,Nasik
2714,2,2018,2-2018,30 Days,12.59,Mumbai
2716,6,2017,6-2017,12 Months,9.79,Chandigarh
2719,4,2017,4-2017,24 Months and more,7.07,Bengaluru
2720,11,2017,11-2017,12 Months,12.59,Mumbai
2721,12,2018,12-2018,6 Month,13.98,Nasik
2725,2,2018,2-2018,6 Month,7.07,Bhopal
2726,6,2018,6-2018,90 Days,9.79,Gandhinagar
2727,2,2017,2-2017,12 Months,5.59,Aurangabad
2728,10,2017,10-2017,24 Months and more,4.71,Shillong
2729,6,2017,6-2017,24 Months and more,0.59,Jaipur
2730,3,2018,3-2018,6 Month,4.71,Shillong
2732,11,2018,11-2018,12 Months,5.30,Gandhinagar
2733,3,2018,3-2018,90 Days,7.07,Aurangabad
2734,5,2017,5-2017,6 Month,2.94,Srinagar
2736,11,2018,11-2018,12 Months,4.12,Delhi
2737,12,2017,12-2017,24 Months and more,2.94,Bhopal
2739,1,2018,1-2018,6 Month,8.39,Ranchi
2740,2,2018,2-2018,30 Days,3.53,Bhopal
2742,4,2017,4-2017,90 Days,1.18,Delhi
2743,8,2018,8-2018,60 Days,12.59,Ranchi
2748,4,2017,4-2017,6 Month,5.59,Ranchi
2750,4,2018,4-2018,90 Days,5.89,Bengaluru
2753,6,2017,6-2017,12 Months,3.53,Ranchi
2754,4,2018,4-2018,6 Month,1.18,Nagpur
2755,8,2018,8-2018,24 Months and more,2.94,Chandigarh
2756,11,2017,11-2017,30 Days,4.12,Delhi
2758,12,2017,12-2017,24 Months and more,8.39,Aurangabad
2760,9,2018,9-2018,30 Days,11.19,Chandigarh
2762,10,2017,10-2017,90 Days,6.99,Chennai
2763,11,2017,11-2017,30 Days,4.71,Srinagar
2764,1,2017,1-2017,60 Days,6.99,Delhi
2766,10,2018,10-2018,12 Months,12.95,Ranchi
2768,11,2018,11-2018,12 Months,3.53,Bhopal
2770,12,2018,12-2018,6 Month,7.07,Chennai
2771,4,2017,4-2017,90 Days,12.59,Chennai
2772,6,2017,6-2017,60 Days,4.20,Shillong
2775,5,2018,5-2018,60 Days,3.53,Pune
2776,6,2018,6-2018,30 Days,13.98,Bhopal
2777,1,2017,1-2017,6 Month,4.20,Shillong
2778,7,2018,7-2018,12 Months,5.30,Bengaluru
2779,3,2017,3-2017,12 Months,13.98,Srinagar
2780,10,2017,10-2017,6 Month,11.19,Jaipur
2781,9,2018,9-2018,6 Month,8.39,Pune
2783,4,2018,4-2018,90 Days,4.12,Srinagar
2785,8,2017,8-2017,30 Days,7.07,Srinagar
2788,7,2017,7-2017,6 Month,6.48,Srinagar
2791,6,2018,6-2018,30 Days,0.59,Chennai
2795,5,2017,5-2017,60 Days,7.07,Nasik
2796,4,2017,4-2017,6 Month,3.53,Bengaluru
2800,9,2017,9-2017,30 Days,14.13,Ranchi
2801,8,2017,8-2017,30 Days,4.71,Mumbai
2802,9,2018,9-2018,12 Months,8.39,Chennai
2805,3,2018,3-2018,24 Months and more,16.78,Shillong
2806,5,2018,5-2018,60 Days,4.71,Jaipur
2807,8,2018,8-2018,90 Days,8.24,Nasik
2809,4,2018,4-2018,90 Days,5.59,Gandhinagar
2810,8,2018,8-2018,12 Months,14.13,Pune
2811,8,2018,8-2018,30 Days,0.59,Pune
2812,6,2017,6-2017,90 Days,1.18,Pune
2814,9,2018,9-2018,12 Months,1.18,Nagpur
2816,8,2017,8-2017,12 Months,0.59,Srinagar
2818,6,2017,6-2017,6 Month,8.39,Ranchi
2819,10,2017,10-2017,12 Months,12.95,Nagpur
2820,12,2017,12-2017,60 Days,14.13,Ranchi
2821,9,2017,9-2017,24 Months and more,1.18,Shillong
2823,7,2017,7-2017,12 Months,8.39,Ranchi
2826,8,2018,8-2018,90 Days,6.48,Chandigarh
2827,12,2017,12-2017,6 Month,4.71,Nasik
2828,5,2017,5-2017,6 Month,2.36,Bhopal
2830,12,2018,12-2018,90 Days,3.53,Chandigarh
2831,6,2018,6-2018,12 Months,16.78,Nasik
2832,5,2018,5-2018,90 Days,8.24,Chennai
2833,5,2018,5-2018,60 Days,12.95,Pune
2834,9,2018,9-2018,12 Months,2.36,Bengaluru
2835,8,2018,8-2018,12 Months,13.98,Srinagar
2836,11,2018,11-2018,6 Month,1.18,Chandigarh
2837,6,2017,6-2017,6 Month,3.53,Chandigarh
2838,1,2017,1-2017,24 Months and more,4.71,Aurangabad
2840,4,2018,4-2018,90 Days,4.20,Mumbai
2841,8,2017,8-2017,24 Months and more,6.48,Bengaluru
2842,2,2017,2-2017,24 Months and more,2.80,Nagpur
2844,11,2017,11-2017,6 Month,3.53,Mumbai
2849,7,2017,7-2017,12 Months,0.59,Chandigarh
2851,3,2018,3-2018,12 Months,0.59,Mumbai
2854,11,2017,11-2017,24 Months and more,11.78,Nasik
2857,12,2018,12-2018,12 Months,3.53,Gandhinagar
2858,12,2017,12-2017,60 Days,3.53,Ranchi
2859,9,2017,9-2017,30 Days,2.36,Bhopal
2860,11,2018,11-2018,12 Months,7.07,Chandigarh
2861,11,2017,11-2017,90 Days,6.99,Nagpur
2863,1,2017,1-2017,24 Months and more,5.89,Pune
2864,11,2017,11-2017,30 Days,11.19,Bengaluru
2867,2,2018,2-2018,90 Days,4.71,Pune
2869,10,2017,10-2017,30 Days,5.89,Nagpur
2870,2,2017,2-2017,60 Days,7.07,Gandhinagar
2872,8,2017,8-2017,12 Months,4.71,Aurangabad
2874,3,2017,3-2017,24 Months and more,6.48,Nagpur
2875,9,2018,9-2018,90 Days,6.48,Chennai
2876,8,2017,8-2017,60 Days,2.94,Mumbai
2877,2,2017,2-2017,60 Days,5.89,Gandhinagar
2879,3,2018,3-2018,60 Days,1.40,Delhi
2880,9,2018,9-2018,6 Month,6.99,Aurangabad
2881,5,2017,5-2017,12 Months,7.07,Srinagar
2882,1,2017,1-2017,12 Months,5.59,Nagpur
2884,1,2017,1-2017,30 Days,13.98,Bhopal
2885,10,2018,10-2018,60 Days,4.12,Nagpur
2886,12,2017,12-2017,90 Days,12.59,Shillong
2887,2,2018,2-2018,60 Days,1.40,Nagpur
2888,5,2017,5-2017,60 Days,11.78,Delhi
2889,3,2018,3-2018,24 Months and more,3.53,Delhi
2890,3,2018,3-2018,12 Months,4.12,Shillong
2891,6,2017,6-2017,6 Month,2.36,Nasik
2894,12,2018,12-2018,60 Days,14.13,Chennai
2895,12,2018,12-2018,24 Months and more,3.53,Ranchi
2896,2,2017,2-2017,90 Days,5.89,Chennai
2899,7,2018,7-2018,24 Months and more,6.48,Srinagar
2900,2,2018,2-2018,24 Months and more,4.12,Gandhinagar
2901,6,2018,6-2018,12 Months,7.07,Chennai
2902,11,2018,11-2018,12 Months,1.18,Ranchi
2903,8,2018,8-2018,24 Months and more,2.94,Mumbai
2904,7,2017,7-2017,12 Months,11.19,Bengaluru
2906,12,2018,12-2018,90 Days,5.89,Nasik
2907,2,2017,2-2017,24 Months and more,8.39,Mumbai
2908,12,2018,12-2018,6 Month,5.89,Gandhinagar
2911,7,2017,7-2017,12 Months,3.53,Gandhinagar
2913,3,2018,3-2018,12 Months,7.07,Nasik
2914,11,2018,11-2018,12 Months,3.53,Shillong
2915,8,2018,8-2018,6 Month,8.39,Bhopal
2916,6,2018,6-2018,6 Month,5.59,Chennai
2917,3,2017,3-2017,12 Months,8.39,Ranchi
2919,5,2017,5-2017,24 Months and more,2.94,Jaipur
2922,5,2017,5-2017,24 Months and more,7.07,Chennai
2923,5,2018,5-2018,30 Days,1.18,Aurangabad
2924,11,2018,11-2018,12 Months,12.95,Bengaluru
2927,3,2017,3-2017,24 Months and more,11.19,Nasik
2929,5,2018,5-2018,30 Days,2.36,Bengaluru
2930,3,2018,3-2018,60 Days,5.89,Chandigarh
2931,2,2018,2-2018,6 Month,12.95,Ranchi
2933,11,2017,11-2017,30 Days,2.80,Pune
2934,8,2018,8-2018,90 Days,6.99,Aurangabad
2935,2,2017,2-2017,90 Days,5.89,Chandigarh
2936,10,2018,10-2018,60 Days,5.30,Pune
2937,7,2017,7-2017,90 Days,1.77,Bengaluru
2938,6,2018,6-2018,30 Days,11.19,Pune
2939,2,2018,2-2018,6 Month,5.59,Jaipur
2940,9,2018,9-2018,60 Days,2.36,Nagpur
2942,6,2018,6-2018,60 Days,6.99,Nagpur
2944,6,2018,6-2018,12 Months,4.71,Srinagar
2945,8,2018,8-2018,12 Months,0.59,Bhopal
2946,10,2017,10-2017,24 Months and more,1.18,Srinagar
2947,6,2017,6-2017,90 Days,2.94,Jaipur
2948,1,2017,1-2017,24 Months and more,3.53,Nagpur
2949,1,2018,1-2018,12 Months,2.94,Bengaluru
2950,8,2018,8-2018,90 Days,4.12,Chennai
2951,2,2017,2-2017,24 Months and more,2.80,Chennai
2953,12,2018,12-2018,60 Days,7.07,Chandigarh
2955,8,2017,8-2017,60 Days,2.80,Jaipur
2956,7,2018,7-2018,12 Months,1.18,Jaipur
2957,10,2017,10-2017,24 Months and more,9.79,Bhopal
2958,2,2017,2-2017,6 Month,10.60,Bengaluru
2959,5,2017,5-2017,90 Days,3.53,Nasik
2961,3,2018,3-2018,6 Month,6.99,Nagpur
2962,9,2018,9-2018,30 Days,0.59,Srinagar
2963,4,2017,4-2017,30 Days,3.53,Ranchi
2964,7,2017,7-2017,90 Days,5.59,Chennai
2966,1,2018,1-2018,6 Month,4.71,Chandigarh
2967,3,2018,3-2018,24 Months and more,5.30,Bhopal
2968,11,2018,11-2018,6 Month,4.71,Jaipur
2969,1,2017,1-2017,12 Months,5.59,Chennai
2970,2,2018,2-2018,60 Days,13.98,Nagpur
2971,7,2018,7-2018,60 Days,5.30,Aurangabad
2972,6,2018,6-2018,60 Days,6.48,Pune
2973,10,2017,10-2017,6 Month,3.53,Nagpur
2974,4,2017,4-2017,24 Months and more,0.59,Bengaluru
2975,6,2018,6-2018,60 Days,1.40,Gandhinagar
2976,9,2017,9-2017,60 Days,1.40,Delhi
2977,2,2018,2-2018,6 Month,1.77,Mumbai
2978,3,2017,3-2017,60 Days,6.48,Mumbai
2979,2,2017,2-2017,6 Month,4.12,Chandigarh
2980,11,2018,11-2018,90 Days,8.39,Nagpur
2981,5,2017,5-2017,6 Month,1.40,Jaipur
2983,5,2018,5-2018,60 Days,11.19,Bhopal
2985,5,2017,5-2017,60 Days,1.18,Nagpur
2986,10,2017,10-2017,30 Days,11.78,Shillong
2987,3,2018,3-2018,30 Days,4.20,Ranchi
2988,3,2018,3-2018,6 Month,0.59,Nagpur
2989,3,2017,3-2017,6 Month,11.19,Shillong
2991,7,2017,7-2017,30 Days,8.24,Nasik
2992,9,2017,9-2017,60 Days,5.89,Ranchi
2993,5,2018,5-2018,90 Days,15.38,Mumbai
2994,11,2017,11-2017,12 Months,5.30,Gandhinagar
2995,1,2018,1-2018,6 Month,8.39,Gandhinagar
2996,9,2018,9-2018,12 Months,6.48,Gandhinagar
2997,2,2018,2-2018,30 Days,4.20,Shillong
2998,4,2018,4-2018,60 Days,7.07,Mumbai
2999,1,2017,1-2017,90 Days,7.07,Shillong
3000,6,2018,6-2018,12 Months,5.30,Bengaluru
3001,7,2017,7-2017,6 Month,6.48,Shillong
3002,7,2018,7-2018,30 Days,3.53,Delhi
3004,1,2017,1-2017,6 Month,1.18,Delhi
3005,8,2017,8-2017,30 Days,8.39,Bengaluru
3006,11,2017,11-2017,24 Months and more,1.77,Chandigarh
3008,1,2017,1-2017,30 Days,0.59,Srinagar
3009,5,2018,5-2018,60 Days,6.99,Bhopal
3010,1,2017,1-2017,6 Month,8.39,Srinagar
3011,1,2018,1-2018,12 Months,3.53,Nagpur
3012,4,2018,4-2018,24 Months and more,11.78,Bhopal
3014,2,2017,2-2017,30 Days,1.18,Chandigarh
3015,10,2017,10-2017,30 Days,4.12,Bhopal
3016,11,2017,11-2017,30 Days,6.48,Aurangabad
3017,1,2018,1-2018,24 Months and more,5.30,Ranchi
3018,11,2017,11-2017,30 Days,1.77,Shillong
3019,8,2017,8-2017,6 Month,9.42,Chennai
3023,7,2018,7-2018,30 Days,7.07,Bengaluru
3024,4,2018,4-2018,24 Months and more,1.77,Bhopal
3025,9,2018,9-2018,60 Days,2.94,Nasik
3028,8,2017,8-2017,6 Month,2.36,Pune
3031,3,2018,3-2018,60 Days,15.38,Srinagar
3032,12,2018,12-2018,6 Month,2.94,Jaipur
3034,11,2017,11-2017,60 Days,16.78,Ranchi
3036,7,2018,7-2018,24 Months and more,7.07,Nasik
3039,7,2018,7-2018,6 Month,7.07,Nagpur
3041,2,2017,2-2017,60 Days,2.94,Bhopal
3044,3,2017,3-2017,12 Months,12.59,Shillong
3045,6,2017,6-2017,12 Months,4.20,Pune
3047,8,2017,8-2017,6 Month,15.38,Aurangabad
3048,6,2017,6-2017,6 Month,2.36,Bhopal
3049,10,2017,10-2017,12 Months,16.78,Nasik
3050,9,2017,9-2017,6 Month,10.60,Pune
3053,12,2018,12-2018,30 Days,3.53,Jaipur
3054,10,2018,10-2018,30 Days,5.30,Bengaluru
3055,6,2018,6-2018,60 Days,7.07,Bengaluru
3056,3,2017,3-2017,90 Days,15.38,Jaipur
3058,6,2018,6-2018,90 Days,3.53,Chandigarh
3059,8,2017,8-2017,24 Months and more,3.53,Bengaluru
3061,6,2017,6-2017,60 Days,9.79,Nasik
3062,12,2018,12-2018,30 Days,2.94,Chandigarh
3063,3,2017,3-2017,24 Months and more,15.38,Chennai
3064,9,2018,9-2018,90 Days,2.94,Ranchi
3065,8,2018,8-2018,30 Days,15.38,Gandhinagar
3066,8,2017,8-2017,60 Days,7.07,Jaipur
3070,7,2017,7-2017,90 Days,1.18,Delhi
3071,10,2018,10-2018,60 Days,1.18,Nagpur
3072,6,2017,6-2017,60 Days,1.18,Chennai
3073,6,2017,6-2017,30 Days,15.38,Pune
3074,2,2017,2-2017,6 Month,9.42,Gandhinagar
3075,1,2017,1-2017,90 Days,1.18,Gandhinagar
3077,11,2018,11-2018,12 Months,4.12,Srinagar
3079,4,2018,4-2018,24 Months and more,12.59,Bengaluru
3080,5,2017,5-2017,12 Months,6.99,Bhopal
3082,5,2017,5-2017,24 Months and more,5.59,Shillong
3083,10,2017,10-2017,90 Days,4.12,Delhi
3084,12,2017,12-2017,90 Days,14.13,Mumbai
3085,4,2018,4-2018,90 Days,5.89,Nagpur
3087,12,2017,12-2017,30 Days,12.59,Bhopal
3088,6,2017,6-2017,90 Days,9.42,Pune
3089,3,2017,3-2017,12 Months,8.39,Nagpur
3090,7,2018,7-2018,6 Month,13.98,Jaipur
3093,3,2018,3-2018,6 Month,5.59,Bhopal
3094,9,2017,9-2017,6 Month,11.78,Srinagar
3095,10,2017,10-2017,60 Days,7.07,Ranchi
3097,1,2017,1-2017,6 Month,5.89,Chennai
3098,7,2017,7-2017,6 Month,1.18,Chennai
3100,10,2018,10-2018,6 Month,4.71,Ranchi
3102,4,2018,4-2018,6 Month,5.30,Nagpur
3103,7,2018,7-2018,90 Days,0.59,Aurangabad
3105,10,2017,10-2017,90 Days,6.48,Delhi
3106,11,2018,11-2018,12 Months,2.36,Delhi
3107,2,2017,2-2017,60 Days,9.79,Srinagar
3110,5,2017,5-2017,6 Month,1.18,Jaipur
3112,11,2018,11-2018,90 Days,1.40,Ranchi
3115,12,2017,12-2017,24 Months and more,2.94,Srinagar
3116,5,2017,5-2017,24 Months and more,8.39,Jaipur
3117,10,2017,10-2017,30 Days,5.89,Nasik
3119,8,2017,8-2017,24 Months and more,4.71,Gandhinagar
3120,2,2018,2-2018,12 Months,1.77,Mumbai
3123,7,2017,7-2017,6 Month,1.18,Nasik
3124,6,2017,6-2017,24 Months and more,11.19,Delhi
3125,6,2017,6-2017,24 Months and more,1.18,Bengaluru
3126,8,2018,8-2018,24 Months and more,13.98,Gandhinagar
3127,2,2018,2-2018,24 Months and more,4.71,Nasik
3128,5,2018,5-2018,12 Months,13.98,Pune
3129,3,2018,3-2018,12 Months,1.18,Srinagar
3130,6,2018,6-2018,24 Months and more,1.40,Bengaluru
3131,7,2017,7-2017,24 Months and more,4.71,Delhi
3133,12,2017,12-2017,60 Days,6.99,Chandigarh
3134,4,2017,4-2017,90 Days,3.53,Jaipur
3135,10,2017,10-2017,6 Month,1.18,Ranchi
3136,7,2018,7-2018,12 Months,5.59,Ranchi
3138,8,2018,8-2018,24 Months and more,7.07,Nasik
3139,4,2017,4-2017,60 Days,7.07,Delhi
3141,1,2017,1-2017,6 Month,13.98,Bengaluru
3142,6,2018,6-2018,60 Days,2.36,Bengaluru
3145,11,2018,11-2018,60 Days,12.59,Nagpur
3147,3,2018,3-2018,12 Months,5.59,Gandhinagar
3150,4,2018,4-2018,90 Days,4.71,Bengaluru
3152,5,2017,5-2017,24 Months and more,2.36,Bhopal
3154,6,2018,6-2018,60 Days,7.07,Mumbai
3156,1,2018,1-2018,90 Days,1.18,Aurangabad
3157,5,2017,5-2017,6 Month,8.24,Chennai
3158,10,2017,10-2017,24 Months and more,4.71,Mumbai
3159,2,2018,2-2018,90 Days,13.98,Aurangabad
3160,7,2017,7-2017,30 Days,6.99,Nagpur
3161,2,2017,2-2017,12 Months,0.59,Ranchi
3162,10,2018,10-2018,30 Days,4.71,Jaipur
3163,5,2018,5-2018,12 Months,0.59,Pune
3164,8,2018,8-2018,60 Days,0.59,Mumbai
3165,2,2018,2-2018,30 Days,2.80,Chennai
3166,7,2017,7-2017,24 Months and more,4.71,Delhi
3167,7,2018,7-2018,30 Days,2.36,Nasik
3168,10,2018,10-2018,30 Days,12.59,Pune
3169,11,2018,11-2018,6 Month,2.36,Pune
3170,3,2018,3-2018,60 Days,2.80,Jaipur
3171,2,2018,2-2018,12 Months,6.48,Srinagar
3172,3,2018,3-2018,30 Days,13.98,Chandigarh
3173,5,2017,5-2017,24 Months and more,15.38,Gandhinagar
3175,12,2017,12-2017,60 Days,11.19,Aurangabad
3176,3,2018,3-2018,24 Months and more,1.77,Nagpur
3177,4,2018,4-2018,24 Months and more,13.98,Srinagar
3179,1,2018,1-2018,24 Months and more,8.39,Jaipur
3181,1,2018,1-2018,60 Days,5.30,Bhopal
3182,11,2017,11-2017,60 Days,8.39,Jaipur
3183,9,2018,9-2018,60 Days,5.89,Bhopal
3184,2,2018,2-2018,24 Months and more,0.59,Jaipur
3185,8,2017,8-2017,90 Days,5.30,Bengaluru
3187,9,2018,9-2018,60 Days,0.59,Bhopal
3188,8,2018,8-2018,12 Months,4.20,Mumbai
3189,12,2018,12-2018,24 Months and more,8.39,Chandigarh
3190,12,2018,12-2018,60 Days,10.60,Gandhinagar
3193,5,2018,5-2018,90 Days,5.89,Nagpur
3197,4,2018,4-2018,6 Month,2.94,Delhi
3198,4,2018,4-2018,12 Months,12.59,Srinagar
3199,12,2017,12-2017,30 Days,4.12,Chandigarh
3201,5,2017,5-2017,60 Days,7.07,Jaipur
3202,7,2018,7-2018,24 Months and more,3.53,Bhopal
3203,4,2017,4-2017,30 Days,3.53,Jaipur
3207,1,2018,1-2018,12 Months,9.79,Delhi
3208,4,2018,4-2018,6 Month,4.71,Aurangabad
3210,11,2017,11-2017,24 Months and more,13.98,Pune
3211,8,2017,8-2017,12 Months,3.53,Jaipur
3213,11,2018,11-2018,30 Days,7.07,Ranchi
3214,12,2017,12-2017,24 Months and more,1.18,Gandhinagar
3216,6,2017,6-2017,6 Month,7.07,Delhi
3217,9,2018,9-2018,6 Month,4.71,Bengaluru
3219,11,2018,11-2018,12 Months,8.39,Aurangabad
3220,3,2017,3-2017,30 Days,3.53,Jaipur
3221,10,2018,10-2018,24 Months and more,5.89,Delhi
3222,4,2017,4-2017,12 Months,15.38,Ranchi
3224,3,2018,3-2018,24 Months and more,4.12,Chennai
3226,12,2018,12-2018,90 Days,6.48,Aurangabad
3227,5,2017,5-2017,30 Days,4.12,Shillong
3229,9,2017,9-2017,24 Months and more,5.30,Nasik
3232,4,2017,4-2017,90 Days,16.78,Nasik
3233,2,2017,2-2017,12 Months,5.59,Nasik
3234,3,2017,3-2017,24 Months and more,3.53,Chandigarh
3236,7,2017,7-2017,30 Days,12.59,Pune
3237,9,2018,9-2018,90 Days,4.12,Bengaluru
3239,6,2017,6-2017,90 Days,11.78,Mumbai
3240,12,2018,12-2018,6 Month,2.94,Bengaluru
3241,10,2017,10-2017,24 Months and more,1.77,Nasik
3242,2,2017,2-2017,12 Months,12.95,Chandigarh
3243,7,2017,7-2017,30 Days,2.94,Chandigarh
3246,4,2018,4-2018,90 Days,12.95,Delhi
3251,9,2018,9-2018,12 Months,2.36,Shillong
3253,1,2017,1-2017,90 Days,16.78,Jaipur
3256,12,2018,12-2018,60 Days,5.59,Chennai
3257,6,2018,6-2018,6 Month,1.18,Srinagar
3258,1,2017,1-2017,24 Months and more,15.38,Ranchi
3259,8,2018,8-2018,12 Months,4.12,Bengaluru
3260,11,2017,11-2017,24 Months and more,1.77,Gandhinagar
3261,7,2017,7-2017,90 Days,9.79,Chennai
3263,5,2017,5-2017,12 Months,1.77,Srinagar
3264,10,2018,10-2018,90 Days,13.98,Shillong
3265,1,2018,1-2018,6 Month,7.07,Chandigarh
3266,6,2017,6-2017,60 Days,6.48,Chennai
3269,11,2018,11-2018,30 Days,10.60,Srinagar
3270,5,2018,5-2018,30 Days,9.79,Pune
3271,6,2017,6-2017,60 Days,13.98,Bengaluru
3272,10,2017,10-2017,6 Month,8.24,Nasik
3273,4,2018,4-2018,24 Months and more,2.36,Nasik
3274,11,2018,11-2018,60 Days,2.94,Chennai
3275,10,2017,10-2017,12 Months,16.78,Chandigarh
3276,8,2017,8-2017,60 Days,7.07,Aurangabad
3277,4,2017,4-2017,6 Month,0.59,Aurangabad
3278,1,2017,1-2017,90 Days,2.80,Srinagar
3282,7,2018,7-2018,30 Days,11.78,Srinagar
3284,6,2017,6-2017,6 Month,4.71,Aurangabad
3286,3,2017,3-2017,24 Months and more,4.20,Mumbai
3287,10,2018,10-2018,6 Month,7.07,Shillong
3288,10,2017,10-2017,6 Month,7.07,Pune
3289,2,2018,2-2018,30 Days,4.71,Shillong
3290,5,2018,5-2018,60 Days,1.18,Delhi
3291,11,2017,11-2017,6 Month,2.80,Delhi
3292,11,2018,11-2018,12 Months,0.59,Chandigarh
3293,12,2017,12-2017,30 Days,12.95,Shillong
3294,2,2018,2-2018,12 Months,9.79,Aurangabad
3295,6,2017,6-2017,24 Months and more,2.36,Nagpur
3297,2,2017,2-2017,90 Days,2.36,Jaipur
3298,4,2018,4-2018,24 Months and more,3.53,Pune
3299,10,2017,10-2017,90 Days,5.30,Chandigarh
3305,7,2017,7-2017,6 Month,9.79,Bengaluru
3306,12,2018,12-2018,24 Months and more,5.89,Chandigarh
3308,9,2018,9-2018,30 Days,2.94,Gandhinagar
3309,1,2017,1-2017,90 Days,2.36,Bengaluru
3311,8,2017,8-2017,30 Days,1.18,Mumbai
3313,11,2017,11-2017,12 Months,13.98,Bengaluru
3314,9,2018,9-2018,12 Months,1.77,Jaipur
3315,6,2017,6-2017,30 Days,5.89,Jaipur
3316,12,2018,12-2018,90 Days,11.19,Nagpur
3320,1,2017,1-2017,30 Days,1.40,Chennai
3321,11,2018,11-2018,12 Months,11.78,Nagpur
3324,1,2018,1-2018,30 Days,8.39,Bengaluru
3325,10,2017,10-2017,30 Days,1.18,Gandhinagar
3326,7,2017,7-2017,60 Days,5.30,Delhi
3327,5,2018,5-2018,24 Months and more,7.07,Ranchi
3333,1,2018,1-2018,90 Days,6.48,Shillong
3334,9,2017,9-2017,12 Months,7.07,Srinagar
3335,1,2018,1-2018,24 Months and more,9.79,Gandhinagar
3336,10,2018,10-2018,30 Days,2.36,Nasik
3337,11,2017,11-2017,12 Months,6.48,Jaipur
3339,7,2017,7-2017,30 Days,4.71,Chandigarh
3340,3,2018,3-2018,90 Days,1.18,Nagpur
3342,7,2017,7-2017,90 Days,1.18,Chennai
3343,4,2018,4-2018,60 Days,13.98,Shillong
3344,11,2018,11-2018,60 Days,16.78,Bengaluru
3345,5,2018,5-2018,24 Months and more,8.39,Shillong
3346,1,2018,1-2018,6 Month,1.77,Gandhinagar
3348,2,2017,2-2017,12 Months,4.71,Bengaluru
3349,9,2018,9-2018,90 Days,2.94,Aurangabad
3355,2,2018,2-2018,60 Days,0.59,Nasik
3356,10,2018,10-2018,90 Days,11.19,Pune
3357,8,2017,8-2017,24 Months and more,1.18,Srinagar
3358,2,2017,2-2017,6 Month,2.36,Chennai
3360,11,2018,11-2018,90 Days,1.77,Gandhinagar
3362,4,2017,4-2017,24 Months and more,14.13,Chennai
3365,12,2017,12-2017,90 Days,11.19,Delhi
3366,6,2018,6-2018,30 Days,4.20,Mumbai
3367,11,2017,11-2017,24 Months and more,15.38,Jaipur
3369,9,2017,9-2017,12 Months,13.98,Chandigarh
3370,11,2018,11-2018,6 Month,4.12,Shillong
3371,1,2018,1-2018,90 Days,1.77,Jaipur
3374,9,2017,9-2017,30 Days,3.53,Ranchi
3375,6,2018,6-2018,60 Days,8.39,Gandhinagar
3376,2,2017,2-2017,6 Month,14.13,Chennai
3377,9,2018,9-2018,90 Days,5.59,Gandhinagar
3378,2,2017,2-2017,60 Days,4.12,Nagpur
3382,4,2017,4-2017,90 Days,1.18,Aurangabad
3383,9,2018,9-2018,90 Days,5.59,Nagpur
3386,6,2018,6-2018,60 Days,3.53,Aurangabad
3388,12,2018,12-2018,30 Days,1.40,Chandigarh
3390,9,2017,9-2017,60 Days,2.80,Bhopal
3391,6,2018,6-2018,90 Days,9.79,Chennai
3395,6,2018,6-2018,6 Month,7.07,Aurangabad
3396,2,2018,2-2018,30 Days,1.18,Delhi
3397,7,2017,7-2017,30 Days,6.48,Nasik
3400,9,2017,9-2017,24 Months and more,15.38,Shillong
3402,11,2017,11-2017,30 Days,6.48,Gandhinagar
3403,6,2018,6-2018,60 Days,5.30,Bhopal
3404,7,2018,7-2018,6 Month,6.48,Shillong
3405,5,2017,5-2017,30 Days,5.89,Nasik
3407,9,2017,9-2017,6 Month,1.77,Nagpur
3408,3,2017,3-2017,90 Days,2.80,Bhopal
3411,12,2017,12-2017,60 Days,6.48,Bhopal
3413,5,2018,5-2018,60 Days,3.53,Gandhinagar
3414,12,2018,12-2018,24 Months and more,12.59,Gandhinagar
3415,9,2018,9-2018,90 Days,5.89,Delhi
3416,6,2017,6-2017,12 Months,1.40,Jaipur
3418,1,2018,1-2018,24 Months and more,11.19,Mumbai
3420,2,2018,2-2018,30 Days,13.98,Pune
3421,9,2017,9-2017,90 Days,13.98,Ranchi
3422,7,2018,7-2018,24 Months and more,6.99,Shillong
3423,5,2017,5-2017,30 Days,2.36,Delhi
3425,10,2018,10-2018,12 Months,6.48,Bengaluru
3427,10,2018,10-2018,30 Days,5.59,Chennai
3428,6,2018,6-2018,12 Months,12.95,Aurangabad
3429,1,2017,1-2017,24 Months and more,11.78,Chandigarh
3431,4,2018,4-2018,24 Months and more,8.39,Bhopal
3432,3,2018,3-2018,6 Month,9.42,Delhi
3434,1,2017,1-2017,24 Months and more,15.38,Ranchi
3435,1,2017,1-2017,24 Months and more,6.48,Aurangabad
3436,1,2017,1-2017,12 Months,6.99,Pune
3437,6,2017,6-2017,24 Months and more,6.99,Srinagar
3438,7,2018,7-2018,90 Days,15.38,Chennai
3441,5,2018,5-2018,12 Months,7.07,Ranchi
3442,11,2017,11-2017,6 Month,1.40,Ranchi
3443,2,2018,2-2018,60 Days,4.12,Bhopal
3444,12,2017,12-2017,12 Months,4.20,Chennai
3445,3,2018,3-2018,30 Days,1.18,Aurangabad
3446,12,2018,12-2018,12 Months,4.20,Bengaluru
3447,12,2017,12-2017,12 Months,3.53,Shillong
3449,8,2017,8-2017,90 Days,5.59,Jaipur
3450,2,2017,2-2017,12 Months,11.19,Mumbai
3451,2,2018,2-2018,90 Days,3.53,Pune
3452,7,2018,7-2018,60 Days,7.07,Nasik
3454,3,2018,3-2018,90 Days,4.12,Aurangabad
3455,9,2018,9-2018,60 Days,2.36,Jaipur
3456,12,2017,12-2017,6 Month,13.98,Bhopal
3457,9,2017,9-2017,90 Days,2.36,Aurangabad
3458,3,2018,3-2018,30 Days,0.59,Bhopal
3460,3,2018,3-2018,60 Days,3.53,Srinagar
3462,9,2017,9-2017,24 Months and more,9.42,Mumbai
3463,8,2018,8-2018,90 Days,15.38,Nagpur
3464,2,2018,2-2018,24 Months and more,7.07,Aurangabad
3467,1,2018,1-2018,60 Days,2.94,Jaipur
3468,9,2017,9-2017,24 Months and more,1.18,Gandhinagar
3469,8,2018,8-2018,24 Months and more,4.12,Bengaluru
3470,6,2018,6-2018,60 Days,4.71,Gandhinagar
3471,6,2018,6-2018,24 Months and more,4.12,Pune
3473,4,2017,4-2017,60 Days,5.89,Chandigarh
3474,12,2018,12-2018,90 Days,1.18,Delhi
3475,8,2018,8-2018,12 Months,2.36,Gandhinagar
3476,11,2017,11-2017,6 Month,10.60,Shillong
3478,5,2018,5-2018,90 Days,2.36,Delhi
3480,4,2017,4-2017,30 Days,1.40,Chennai
3481,5,2017,5-2017,30 Days,16.78,Delhi
3484,11,2018,11-2018,30 Days,11.19,Bengaluru
3485,9,2017,9-2017,6 Month,16.78,Chennai
3486,1,2018,1-2018,60 Days,13.98,Ranchi
3487,1,2018,1-2018,6 Month,2.80,Nagpur
3489,5,2017,5-2017,30 Days,1.77,Bhopal
3492,3,2018,3-2018,6 Month,2.36,Bengaluru
3493,7,2017,7-2017,60 Days,6.48,Delhi
3495,12,2018,12-2018,30 Days,13.98,Shillong
3496,10,2017,10-2017,24 Months and more,3.53,Jaipur
3497,11,2018,11-2018,90 Days,5.30,Jaipur
3499,4,2017,4-2017,6 Month,1.77,Delhi
3500,9,2017,9-2017,6 Month,6.99,Delhi
3501,9,2018,9-2018,90 Days,2.36,Aurangabad
3503,1,2017,1-2017,24 Months and more,2.36,Nasik
3504,10,2018,10-2018,6 Month,1.18,Chandigarh
3505,7,2017,7-2017,6 Month,8.39,Mumbai
3506,8,2017,8-2017,60 Days,8.39,Nasik
3507,10,2017,10-2017,24 Months and more,4.71,Chandigarh
3509,6,2017,6-2017,90 Days,8.39,Nagpur
3510,11,2018,11-2018,30 Days,5.59,Bengaluru
3511,3,2017,3-2017,6 Month,1.77,Srinagar
3512,6,2017,6-2017,24 Months and more,16.78,Gandhinagar
3513,8,2017,8-2017,6 Month,16.78,Bengaluru
3514,8,2018,8-2018,24 Months and more,5.30,Jaipur
3516,10,2017,10-2017,12 Months,2.94,Chandigarh
3517,9,2017,9-2017,90 Days,3.53,Nagpur
3518,4,2018,4-2018,60 Days,11.19,Srinagar
3519,1,2018,1-2018,30 Days,5.89,Srinagar
3521,12,2018,12-2018,12 Months,13.98,Srinagar
3522,8,2017,8-2017,30 Days,5.89,Shillong
3523,1,2018,1-2018,30 Days,6.48,Gandhinagar
3526,11,2018,11-2018,30 Days,4.71,Chennai
3527,12,2018,12-2018,90 Days,7.07,Nagpur
3528,1,2017,1-2017,6 Month,16.78,Chennai
3529,8,2017,8-2017,60 Days,4.12,Ranchi
3530,11,2017,11-2017,30 Days,7.07,Aurangabad
3531,11,2018,11-2018,24 Months and more,3.53,Jaipur
3533,2,2018,2-2018,6 Month,15.38,Jaipur
3534,4,2017,4-2017,90 Days,2.94,Chandigarh
3535,11,2017,11-2017,12 Months,7.07,Mumbai
3536,1,2018,1-2018,90 Days,1.77,Bhopal
3537,9,2017,9-2017,60 Days,2.36,Delhi
3538,9,2018,9-2018,24 Months and more,5.30,Chandigarh
3540,11,2018,11-2018,24 Months and more,7.07,Pune
3544,7,2017,7-2017,60 Days,0.59,Gandhinagar
3545,2,2018,2-2018,6 Month,2.80,Pune
3547,4,2018,4-2018,12 Months,11.19,Shillong
3548,2,2017,2-2017,24 Months and more,12.59,Srinagar
3549,2,2018,2-2018,6 Month,5.89,Shillong
3550,11,2017,11-2017,6 Month,9.79,Mumbai
3551,3,2017,3-2017,6 Month,0.59,Nasik
3552,10,2018,10-2018,6 Month,5.89,Aurangabad
3554,4,2017,4-2017,60 Days,2.80,Gandhinagar
3555,10,2017,10-2017,24 Months and more,1.77,Chandigarh
3556,11,2018,11-2018,12 Months,4.71,Mumbai
3557,1,2017,1-2017,24 Months and more,3.53,Nasik
3558,1,2018,1-2018,6 Month,7.07,Nasik
3559,5,2018,5-2018,12 Months,10.60,Aurangabad
3560,8,2018,8-2018,12 Months,7.07,Delhi
3562,4,2018,4-2018,12 Months,4.71,Nagpur
3563,6,2018,6-2018,60 Days,2.80,Mumbai
3564,7,2018,7-2018,24 Months and more,15.38,Delhi
3565,3,2018,3-2018,30 Days,16.78,Bengaluru
3566,11,2017,11-2017,12 Months,11.19,Srinagar
3567,6,2017,6-2017,90 Days,4.12,Chandigarh
3568,5,2017,5-2017,24 Months and more,9.42,Mumbai
3569,2,2017,2-2017,12 Months,11.19,Chandigarh
3570,1,2018,1-2018,30 Days,2.80,Bhopal
3571,5,2018,5-2018,90 Days,2.94,Srinagar
3572,10,2018,10-2018,24 Months and more,2.80,Shillong
3573,9,2018,9-2018,6 Month,9.42,Jaipur
3574,4,2018,4-2018,90 Days,8.39,Bengaluru
3576,2,2018,2-2018,12 Months,9.79,Aurangabad
3578,11,2018,11-2018,12 Months,3.53,Nasik
3579,2,2017,2-2017,12 Months,2.80,Pune
3580,8,2017,8-2017,24 Months and more,4.12,Aurangabad
3581,2,2018,2-2018,30 Days,9.42,Jaipur
3583,10,2018,10-2018,24 Months and more,2.94,Chennai
3585,7,2018,7-2018,24 Months and more,5.30,Delhi
3586,8,2018,8-2018,30 Days,4.71,Bengaluru
3589,4,2018,4-2018,24 Months and more,1.18,Shillong
3593,5,2017,5-2017,30 Days,4.71,Chennai
3594,10,2017,10-2017,24 Months and more,15.38,Bhopal
3595,3,2017,3-2017,90 Days,2.36,Nagpur
3596,12,2018,12-2018,30 Days,12.95,Chennai
3597,2,2018,2-2018,12 Months,6.48,Bengaluru
3598,2,2018,2-2018,30 Days,5.30,Bengaluru
3599,1,2018,1-2018,30 Days,4.71,Gandhinagar
3601,2,2017,2-2017,12 Months,4.71,Shillong
3603,4,2017,4-2017,30 Days,12.59,Chandigarh
3604,4,2018,4-2018,60 Days,8.39,Chennai
3605,5,2018,5-2018,12 Months,5.30,Pune
3606,3,2017,3-2017,6 Month,4.20,Mumbai
3609,5,2017,5-2017,24 Months and more,1.40,Pune
3610,10,2018,10-2018,6 Month,2.80,Ranchi
3611,12,2017,12-2017,30 Days,7.07,Gandhinagar
3613,2,2018,2-2018,24 Months and more,4.71,Srinagar
3614,1,2017,1-2017,60 Days,0.59,Srinagar
3615,7,2018,7-2018,12 Months,5.59,Delhi
3616,10,2017,10-2017,12 Months,6.48,Shillong
3618,1,2017,1-2017,60 Days,1.40,Delhi
3619,12,2017,12-2017,90 Days,4.12,Delhi
3620,4,2018,4-2018,90 Days,1.18,Nasik
3622,10,2018,10-2018,90 Days,4.71,Gandhinagar
3623,8,2018,8-2018,30 Days,16.78,Aurangabad
3624,12,2017,12-2017,30 Days,3.53,Aurangabad
3625,5,2018,5-2018,90 Days,13.98,Aurangabad
3627,8,2018,8-2018,6 Month,2.80,Gandhinagar
3628,11,2018,11-2018,6 Month,1.18,Gandhinagar
3629,9,2017,9-2017,90 Days,0.59,Nagpur
3632,8,2017,8-2017,90 Days,9.42,Shillong
3633,9,2017,9-2017,6 Month,3.53,Delhi
3634,12,2018,12-2018,6 Month,2.94,Aurangabad
3635,7,2018,7-2018,30 Days,2.80,Delhi
3636,9,2018,9-2018,30 Days,12.95,Shillong
3637,7,2018,7-2018,90 Days,1.18,Gandhinagar
3638,11,2018,11-2018,6 Month,4.12,Shillong
3639,12,2017,12-2017,90 Days,0.59,Ranchi
3640,6,2017,6-2017,60 Days,11.78,Nagpur
3642,11,2018,11-2018,90 Days,16.78,Gandhinagar
3643,8,2017,8-2017,30 Days,12.59,Gandhinagar
3644,11,2017,11-2017,90 Days,4.71,Ranchi
3646,1,2017,1-2017,60 Days,6.48,Chandigarh
3648,7,2017,7-2017,90 Days,8.39,Bengaluru
3651,7,2017,7-2017,12 Months,2.36,Srinagar
3653,10,2017,10-2017,30 Days,1.18,Shillong
3654,12,2018,12-2018,12 Months,11.19,Srinagar
3655,5,2017,5-2017,60 Days,7.07,Bhopal
3656,9,2018,9-2018,60 Days,7.07,Shillong
3657,10,2017,10-2017,6 Month,1.18,Chennai
3658,6,2018,6-2018,12 Months,8.24,Shillong
3659,5,2018,5-2018,60 Days,13.98,Aurangabad
3661,11,2018,11-2018,90 Days,8.39,Gandhinagar
3662,1,2018,1-2018,12 Months,4.12,Chennai
3664,1,2017,1-2017,90 Days,4.71,Shillong
3665,7,2018,7-2018,30 Days,3.53,Gandhinagar
3666,5,2017,5-2017,90 Days,7.07,Delhi
3667,6,2018,6-2018,6 Month,6.99,Ranchi
3669,6,2017,6-2017,6 Month,4.12,Mumbai
3670,7,2018,7-2018,30 Days,5.30,Ranchi
3673,5,2018,5-2018,90 Days,8.24,Mumbai
3677,1,2017,1-2017,24 Months and more,7.07,Pune
3679,11,2017,11-2017,30 Days,7.07,Nasik
3680,2,2018,2-2018,30 Days,12.59,Nagpur
3683,12,2017,12-2017,12 Months,1.40,Aurangabad
3684,7,2018,7-2018,24 Months and more,4.12,Chandigarh
3685,6,2017,6-2017,12 Months,1.40,Mumbai
3686,10,2017,10-2017,60 Days,7.07,Chandigarh
3687,3,2018,3-2018,12 Months,3.53,Jaipur
3688,5,2018,5-2018,60 Days,3.53,Mumbai
3689,8,2018,8-2018,30 Days,15.38,Bhopal
3691,6,2018,6-2018,30 Days,9.79,Shillong
3694,5,2017,5-2017,60 Days,5.89,Shillong
3695,6,2018,6-2018,12 Months,1.77,Pune
3696,3,2017,3-2017,24 Months and more,1.40,Shillong
3699,1,2017,1-2017,12 Months,9.79,Nasik
3700,1,2017,1-2017,24 Months and more,12.59,Chennai
3701,7,2018,7-2018,60 Days,9.42,Aurangabad
3702,8,2018,8-2018,6 Month,2.36,Chandigarh
3703,8,2017,8-2017,90 Days,15.38,Gandhinagar
3705,11,2018,11-2018,12 Months,1.40,Mumbai
3706,3,2017,3-2017,30 Days,11.78,Chandigarh
3707,11,2017,11-2017,6 Month,16.78,Shillong
3708,4,2017,4-2017,90 Days,4.12,Bengaluru
3710,6,2018,6-2018,60 Days,1.18,Bengaluru
3711,10,2017,10-2017,60 Days,5.89,Srinagar
3712,1,2018,1-2018,24 Months and more,2.36,Jaipur
3715,1,2018,1-2018,90 Days,12.59,Nasik
3716,6,2017,6-2017,60 Days,9.79,Bengaluru
3717,10,2017,10-2017,12 Months,0.59,Pune
3720,3,2017,3-2017,12 Months,8.24,Srinagar
3721,6,2017,6-2017,30 Days,16.78,Pune
3722,11,2017,11-2017,30 Days,15.38,Jaipur
3724,8,2017,8-2017,90 Days,2.94,Chandigarh
3726,4,2018,4-2018,30 Days,1.18,Bengaluru
3727,6,2018,6-2018,6 Month,1.77,Chennai
3728,2,2018,2-2018,12 Months,5.89,Chandigarh
3729,10,2018,10-2018,6 Month,1.77,Gandhinagar
3730,2,2017,2-2017,6 Month,4.71,Srinagar
3731,5,2018,5-2018,6 Month,2.80,Bengaluru
3733,12,2018,12-2018,24 Months and more,3.53,Bengaluru
3734,12,2017,12-2017,90 Days,4.71,Delhi
3735,12,2017,12-2017,30 Days,6.48,Delhi
3736,11,2018,11-2018,6 Month,5.89,Pune
3737,9,2018,9-2018,6 Month,1.77,Shillong
3738,4,2017,4-2017,30 Days,4.71,Nasik
3739,5,2017,5-2017,30 Days,4.20,Nasik
3742,5,2018,5-2018,30 Days,6.99,Shillong
3743,7,2017,7-2017,30 Days,6.99,Bhopal
3744,8,2017,8-2017,30 Days,11.19,Pune
3745,1,2017,1-2017,60 Days,2.36,Mumbai
3746,6,2017,6-2017,12 Months,1.18,Nagpur
3747,6,2017,6-2017,60 Days,12.59,Bhopal
3748,12,2018,12-2018,6 Month,1.18,Chandigarh
3749,6,2018,6-2018,12 Months,5.89,Bhopal
3750,11,2017,11-2017,12 Months,11.19,Srinagar
3752,9,2017,9-2017,12 Months,5.89,Gandhinagar
3754,12,2018,12-2018,24 Months and more,0.59,Bengaluru
3756,6,2017,6-2017,90 Days,1.77,Mumbai
3757,8,2017,8-2017,24 Months and more,2.94,Pune
3758,7,2017,7-2017,30 Days,4.12,Nasik
3759,5,2018,5-2018,60 Days,16.78,Delhi
3760,11,2018,11-2018,30 Days,4.71,Mumbai
3761,5,2017,5-2017,90 Days,4.71,Aurangabad
3762,4,2018,4-2018,24 Months and more,5.30,Delhi
3768,5,2018,5-2018,60 Days,4.71,Ranchi
3769,7,2017,7-2017,30 Days,1.77,Chennai
3770,5,2018,5-2018,90 Days,1.77,Bengaluru
3771,12,2018,12-2018,6 Month,1.40,Pune
3772,12,2017,12-2017,6 Month,12.95,Jaipur
3773,9,2017,9-2017,12 Months,2.94,Jaipur
3774,8,2018,8-2018,90 Days,14.13,Nagpur
3776,4,2018,4-2018,6 Month,8.24,Nagpur
3777,6,2017,6-2017,60 Days,9.79,Gandhinagar
3779,12,2017,12-2017,6 Month,0.59,Aurangabad
3780,6,2018,6-2018,6 Month,6.48,Srinagar
3781,12,2018,12-2018,30 Days,5.30,Bhopal
3784,11,2017,11-2017,30 Days,11.19,Pune
3786,1,2018,1-2018,60 Days,2.36,Bhopal
3787,5,2018,5-2018,60 Days,0.59,Pune
3788,4,2017,4-2017,30 Days,6.48,Shillong
3789,3,2018,3-2018,6 Month,2.80,Srinagar
3790,10,2017,10-2017,24 Months and more,0.59,Ranchi
3791,11,2017,11-2017,6 Month,5.89,Delhi
3796,9,2017,9-2017,60 Days,0.59,Gandhinagar
3797,5,2018,5-2018,6 Month,7.07,Delhi
3799,3,2018,3-2018,30 Days,1.18,Ranchi
3800,5,2017,5-2017,6 Month,1.18,Shillong
3801,5,2018,5-2018,12 Months,1.77,Jaipur
3803,11,2017,11-2017,24 Months and more,5.89,Bhopal
3804,10,2018,10-2018,90 Days,1.40,Bengaluru
3805,1,2018,1-2018,24 Months and more,0.59,Nagpur
3807,6,2017,6-2017,12 Months,4.71,Bhopal
3809,6,2017,6-2017,90 Days,13.98,Chennai
3810,5,2017,5-2017,30 Days,5.59,Chennai
3811,1,2017,1-2017,12 Months,5.30,Chandigarh
3812,11,2017,11-2017,90 Days,8.39,Jaipur
3813,7,2017,7-2017,60 Days,8.39,Pune
3814,5,2017,5-2017,90 Days,4.12,Srinagar
3817,10,2018,10-2018,12 Months,1.18,Mumbai
3819,8,2017,8-2017,30 Days,2.94,Chennai
3821,6,2017,6-2017,6 Month,3.53,Chandigarh
3822,12,2018,12-2018,60 Days,1.77,Chennai
3825,5,2017,5-2017,60 Days,9.79,Bhopal
3827,2,2017,2-2017,30 Days,12.59,Chandigarh
3828,3,2017,3-2017,90 Days,8.39,Jaipur
3829,6,2017,6-2017,6 Month,1.40,Chandigarh
3831,5,2018,5-2018,12 Months,15.38,Gandhinagar
3833,2,2018,2-2018,30 Days,15.38,Mumbai
3834,10,2018,10-2018,6 Month,9.79,Chennai
3835,4,2017,4-2017,90 Days,4.12,Mumbai
3836,12,2018,12-2018,24 Months and more,2.80,Mumbai
3837,9,2017,9-2017,6 Month,12.59,Pune
3838,12,2017,12-2017,90 Days,1.18,Gandhinagar
3839,8,2017,8-2017,24 Months and more,7.07,Nagpur
3840,6,2018,6-2018,12 Months,3.53,Pune
3842,8,2018,8-2018,60 Days,12.59,Pune
3844,10,2017,10-2017,90 Days,1.18,Jaipur
3845,5,2018,5-2018,6 Month,13.98,Delhi
3846,8,2017,8-2017,6 Month,6.99,Gandhinagar
3848,10,2018,10-2018,24 Months and more,1.18,Chennai
3850,4,2018,4-2018,24 Months and more,4.12,Jaipur
3853,4,2017,4-2017,60 Days,15.38,Jaipur
3858,3,2017,3-2017,30 Days,7.07,Nasik
3859,9,2018,9-2018,60 Days,16.78,Chandigarh
3860,9,2018,9-2018,30 Days,11.19,Gandhinagar
3861,1,2018,1-2018,90 Days,2.94,Shillong
3862,1,2017,1-2017,12 Months,1.40,Ranchi
3863,6,2018,6-2018,30 Days,2.36,Pune
3864,7,2017,7-2017,60 Days,6.48,Chennai
3866,7,2017,7-2017,60 Days,5.89,Aurangabad
3867,4,2017,4-2017,12 Months,1.77,Ranchi
3868,5,2017,5-2017,90 Days,5.89,Bengaluru
3869,1,2017,1-2017,12 Months,12.59,Aurangabad
3870,12,2017,12-2017,60 Days,11.19,Bengaluru
3873,1,2017,1-2017,30 Days,6.48,Mumbai
3874,5,2017,5-2017,12 Months,4.12,Aurangabad
3875,9,2018,9-2018,24 Months and more,4.12,Chandigarh
3876,10,2017,10-2017,30 Days,1.18,Jaipur
3877,10,2018,10-2018,30 Days,8.24,Chandigarh
3878,11,2017,11-2017,6 Month,2.94,Jaipur
3879,2,2017,2-2017,6 Month,6.48,Ranchi
3880,7,2017,7-2017,6 Month,4.12,Nasik
3881,3,2017,3-2017,6 Month,6.48,Gandhinagar
3883,9,2018,9-2018,60 Days,0.59,Pune
3886,1,2018,1-2018,90 Days,1.18,Bengaluru
3887,12,2018,12-2018,30 Days,5.89,Nagpur
3888,11,2017,11-2017,12 Months,10.60,Shillong
3889,2,2018,2-2018,60 Days,2.36,Chandigarh
3892,11,2017,11-2017,24 Months and more,5.30,Bhopal
3894,10,2018,10-2018,6 Month,12.59,Ranchi
3898,4,2017,4-2017,60 Days,2.80,Chandigarh
3899,1,2018,1-2018,30 Days,12.59,Bengaluru
3901,9,2018,9-2018,30 Days,8.39,Chandigarh
3902,3,2018,3-2018,12 Months,0.59,Nagpur
3903,11,2018,11-2018,30 Days,5.59,Jaipur
3904,9,2018,9-2018,30 Days,3.53,Pune
3905,8,2018,8-2018,12 Months,4.71,Jaipur
3906,5,2017,5-2017,6 Month,9.42,Gandhinagar
3907,8,2018,8-2018,12 Months,1.40,Aurangabad
3908,2,2017,2-2017,90 Days,2.94,Nasik
3909,1,2018,1-2018,6 Month,2.80,Bengaluru
3910,2,2017,2-2017,12 Months,5.30,Jaipur
3911,8,2018,8-2018,30 Days,1.18,Chennai
3913,5,2018,5-2018,24 Months and more,3.53,Pune
3914,12,2017,12-2017,24 Months and more,8.39,Delhi
3915,2,2018,2-2018,6 Month,0.59,Bhopal
3916,3,2017,3-2017,6 Month,3.53,Jaipur
3918,5,2017,5-2017,30 Days,4.71,Shillong
3919,2,2017,2-2017,24 Months and more,5.59,Pune
3920,1,2018,1-2018,6 Month,4.71,Jaipur
3921,5,2018,5-2018,12 Months,5.89,Chennai
3922,2,2018,2-2018,24 Months and more,12.59,Aurangabad
3923,8,2017,8-2017,24 Months and more,4.12,Shillong
3925,3,2018,3-2018,90 Days,4.20,Nagpur
3928,4,2017,4-2017,6 Month,2.94,Jaipur
3931,4,2018,4-2018,60 Days,1.77,Chennai
3932,5,2017,5-2017,6 Month,5.59,Chandigarh
3933,8,2017,8-2017,6 Month,5.89,Bengaluru
3934,8,2018,8-2018,6 Month,6.48,Delhi
3935,4,2017,4-2017,30 Days,3.53,Gandhinagar
3937,11,2017,11-2017,12 Months,11.78,Pune
3938,2,2017,2-2017,24 Months and more,3.53,Ranchi
3939,9,2018,9-2018,60 Days,12.59,Shillong
3941,3,2017,3-2017,90 Days,9.42,Jaipur
3942,9,2017,9-2017,30 Days,5.89,Bengaluru
3944,6,2017,6-2017,60 Days,0.59,Shillong
3945,4,2017,4-2017,60 Days,0.59,Bhopal
3946,12,2018,12-2018,12 Months,6.48,Jaipur
3948,12,2017,12-2017,24 Months and more,1.40,Chandigarh
3949,9,2018,9-2018,90 Days,5.59,Ranchi
3950,1,2017,1-2017,30 Days,5.30,Aurangabad
3952,1,2018,1-2018,24 Months and more,11.19,Chennai
3953,10,2017,10-2017,90 Days,0.59,Delhi
3954,12,2017,12-2017,90 Days,4.71,Pune
3955,2,2017,2-2017,6 Month,2.80,Chennai
3956,7,2017,7-2017,6 Month,2.94,Bhopal
3957,3,2017,3-2017,24 Months and more,8.39,Chennai
3958,6,2017,6-2017,30 Days,4.20,Shillong
3960,8,2017,8-2017,24 Months and more,6.48,Gandhinagar
3961,11,2018,11-2018,90 Days,5.30,Shillong
3963,9,2017,9-2017,24 Months and more,2.36,Chennai
3968,2,2018,2-2018,12 Months,1.40,Gandhinagar
3969,2,2017,2-2017,24 Months and more,7.07,Pune
3970,8,2018,8-2018,24 Months and more,4.20,Chennai
3971,7,2018,7-2018,12 Months,5.89,Srinagar
3972,5,2018,5-2018,90 Days,2.36,Jaipur
3974,8,2018,8-2018,60 Days,5.30,Ranchi
3976,1,2018,1-2018,90 Days,5.30,Nasik
3977,10,2018,10-2018,6 Month,12.95,Nagpur
3978,2,2017,2-2017,24 Months and more,2.80,Delhi
3980,12,2017,12-2017,12 Months,7.07,Pune
3981,10,2017,10-2017,24 Months and more,2.36,Pune
3982,11,2018,11-2018,60 Days,9.79,Mumbai
3983,4,2017,4-2017,60 Days,7.07,Gandhinagar
3985,1,2018,1-2018,24 Months and more,5.89,Bengaluru
3986,6,2017,6-2017,12 Months,1.40,Jaipur
3987,7,2017,7-2017,30 Days,4.71,Srinagar
3988,5,2017,5-2017,60 Days,2.36,Shillong
3989,8,2017,8-2017,24 Months and more,2.94,Nagpur
3990,3,2018,3-2018,30 Days,2.36,Chennai
3991,1,2018,1-2018,6 Month,1.77,Chennai
3993,4,2018,4-2018,6 Month,4.71,Mumbai
3994,2,2018,2-2018,12 Months,12.59,Pune
3997,8,2018,8-2018,60 Days,3.53,Ranchi
3999,4,2018,4-2018,30 Days,4.71,Pune
4000,9,2018,9-2018,90 Days,5.89,Srinagar
4006,6,2017,6-2017,90 Days,4.20,Bengaluru
4008,11,2018,11-2018,90 Days,14.13,Pune
4011,7,2018,7-2018,90 Days,15.38,Srinagar
4013,5,2018,5-2018,30 Days,6.48,Mumbai
4014,1,2018,1-2018,30 Days,10.60,Srinagar
4017,4,2018,4-2018,30 Days,1.18,Nagpur
4019,3,2018,3-2018,12 Months,1.18,Chandigarh
4020,11,2018,11-2018,90 Days,6.99,Chennai
4021,1,2018,1-2018,12 Months,4.71,Chennai
4022,7,2018,7-2018,6 Month,4.20,Chandigarh
4025,4,2017,4-2017,30 Days,5.30,Gandhinagar
4026,11,2017,11-2017,6 Month,1.18,Delhi
4027,3,2017,3-2017,12 Months,12.95,Jaipur
4030,4,2017,4-2017,12 Months,6.48,Nasik
4031,5,2017,5-2017,6 Month,1.40,Jaipur
4033,12,2017,12-2017,90 Days,2.36,Aurangabad
4035,12,2017,12-2017,12 Months,16.78,Srinagar
4036,1,2018,1-2018,6 Month,4.20,Jaipur
4038,11,2018,11-2018,90 Days,12.95,Shillong
4040,7,2018,7-2018,30 Days,11.19,Nasik
4042,4,2018,4-2018,12 Months,12.59,Aurangabad
4044,7,2017,7-2017,90 Days,5.59,Jaipur
4045,9,2017,9-2017,6 Month,8.39,Srinagar
4046,2,2017,2-2017,24 Months and more,15.38,Pune
4047,6,2017,6-2017,6 Month,1.18,Bengaluru
4048,12,2017,12-2017,12 Months,12.59,Bengaluru
4049,3,2017,3-2017,12 Months,9.42,Mumbai
4050,9,2018,9-2018,6 Month,11.19,Chennai
4052,6,2017,6-2017,30 Days,7.07,Ranchi
4053,6,2018,6-2018,30 Days,16.78,Bengaluru
4054,9,2017,9-2017,24 Months and more,2.36,Chandigarh
4055,8,2018,8-2018,30 Days,1.77,Bengaluru
4056,3,2018,3-2018,60 Days,1.18,Srinagar
4057,5,2017,5-2017,24 Months and more,3.53,Mumbai
4058,2,2018,2-2018,12 Months,1.40,Pune
4059,8,2017,8-2017,30 Days,7.07,Chennai
4060,6,2018,6-2018,60 Days,2.36,Bhopal
4061,2,2017,2-2017,6 Month,7.07,Delhi
4062,7,2017,7-2017,24 Months and more,6.48,Bhopal
4064,12,2017,12-2017,90 Days,4.12,Nagpur
4065,11,2018,11-2018,60 Days,11.19,Jaipur
4066,5,2018,5-2018,60 Days,2.36,Gandhinagar
4067,5,2018,5-2018,90 Days,2.80,Delhi
4068,8,2018,8-2018,30 Days,0.59,Nasik
4070,10,2017,10-2017,90 Days,6.99,Mumbai
4071,1,2017,1-2017,90 Days,5.59,Mumbai
4073,9,2017,9-2017,30 Days,12.59,Pune
4075,9,2017,9-2017,30 Days,9.42,Ranchi
4078,8,2017,8-2017,90 Days,4.12,Delhi
4080,10,2018,10-2018,12 Months,4.12,Chennai
4081,7,2018,7-2018,60 Days,5.89,Jaipur
4084,7,2018,7-2018,30 Days,9.79,Bhopal
4085,5,2018,5-2018,24 Months and more,0.59,Aurangabad
4086,9,2017,9-2017,12 Months,7.07,Shillong
4087,11,2017,11-2017,12 Months,2.94,Nasik
4088,10,2018,10-2018,6 Month,2.36,Ranchi
4091,1,2018,1-2018,60 Days,3.53,Shillong
4096,11,2017,11-2017,30 Days,12.95,Ranchi
4097,6,2017,6-2017,90 Days,6.48,Nagpur
4099,11,2018,11-2018,24 Months and more,2.36,Srinagar
4100,12,2018,12-2018,60 Days,11.78,Delhi
4102,1,2018,1-2018,60 Days,7.07,Pune
4104,5,2017,5-2017,90 Days,4.12,Srinagar
4105,8,2017,8-2017,90 Days,12.59,Aurangabad
4106,6,2017,6-2017,12 Months,0.59,Delhi
4107,4,2018,4-2018,60 Days,7.07,Aurangabad
4109,2,2018,2-2018,30 Days,4.20,Mumbai
4110,4,2017,4-2017,6 Month,3.53,Bhopal
4111,1,2017,1-2017,24 Months and more,11.19,Srinagar
4114,3,2018,3-2018,60 Days,1.77,Nasik
4116,10,2017,10-2017,60 Days,11.19,Mumbai
4117,4,2018,4-2018,12 Months,1.18,Mumbai
4118,5,2018,5-2018,12 Months,2.36,Gandhinagar
4120,6,2017,6-2017,6 Month,12.59,Bhopal
4121,1,2018,1-2018,90 Days,1.18,Chandigarh
4122,9,2017,9-2017,30 Days,11.78,Aurangabad
4123,9,2017,9-2017,24 Months and more,2.94,Ranchi
4125,6,2017,6-2017,90 Days,5.59,Delhi
4127,6,2017,6-2017,24 Months and more,6.48,Delhi
4130,6,2017,6-2017,90 Days,4.20,Nagpur
4132,4,2018,4-2018,90 Days,11.78,Shillong
4134,4,2018,4-2018,6 Month,15.38,Shillong
4135,9,2018,9-2018,24 Months and more,4.20,Mumbai
4137,3,2017,3-2017,24 Months and more,4.71,Aurangabad
4139,12,2017,12-2017,60 Days,4.71,Chennai
4140,6,2018,6-2018,60 Days,1.18,Srinagar
4142,12,2018,12-2018,24 Months and more,15.38,Chennai
4143,5,2018,5-2018,30 Days,5.30,Chennai
4144,7,2017,7-2017,6 Month,4.12,Nasik
4146,1,2017,1-2017,90 Days,2.80,Ranchi
4150,5,2017,5-2017,6 Month,2.36,Pune
4152,10,2017,10-2017,60 Days,1.18,Shillong
4153,9,2017,9-2017,90 Days,1.77,Srinagar
4154,7,2018,7-2018,24 Months and more,2.36,Gandhinagar
4157,5,2018,5-2018,24 Months and more,6.48,Chandigarh
4158,10,2017,10-2017,30 Days,6.48,Delhi
4159,8,2017,8-2017,90 Days,1.77,Aurangabad
4163,9,2018,9-2018,30 Days,2.36,Nagpur
4164,2,2017,2-2017,6 Month,5.89,Gandhinagar
4165,12,2018,12-2018,12 Months,7.07,Nasik
4167,9,2017,9-2017,30 Days,4.12,Srinagar
4168,12,2017,12-2017,90 Days,5.89,Srinagar
4170,8,2017,8-2017,30 Days,14.13,Mumbai
4171,12,2017,12-2017,12 Months,2.80,Chandigarh
4172,3,2017,3-2017,60 Days,12.59,Bengaluru
4173,8,2017,8-2017,30 Days,7.07,Bhopal
4174,5,2018,5-2018,24 Months and more,1.77,Mumbai
4175,10,2017,10-2017,12 Months,2.80,Nasik
4176,2,2018,2-2018,24 Months and more,11.19,Bhopal
4177,4,2017,4-2017,6 Month,16.78,Nasik
4179,10,2017,10-2017,90 Days,4.71,Mumbai
4180,3,2018,3-2018,90 Days,16.78,Ranchi
4181,4,2018,4-2018,60 Days,3.53,Nagpur
4182,4,2017,4-2017,90 Days,7.07,Mumbai
4183,7,2017,7-2017,60 Days,13.98,Pune
4184,4,2017,4-2017,12 Months,1.18,Chandigarh
4185,3,2017,3-2017,24 Months and more,4.12,Chandigarh
4188,9,2017,9-2017,60 Days,5.30,Jaipur
4189,4,2017,4-2017,6 Month,7.07,Ranchi
4192,6,2018,6-2018,6 Month,12.59,Pune
4193,5,2017,5-2017,30 Days,2.36,Jaipur
4194,7,2017,7-2017,24 Months and more,1.18,Aurangabad
4195,5,2018,5-2018,30 Days,5.30,Delhi
4198,1,2018,1-2018,60 Days,5.89,Mumbai
4199,8,2018,8-2018,6 Month,7.07,Chennai
4200,5,2018,5-2018,30 Days,1.18,Ranchi
4201,9,2018,9-2018,90 Days,7.07,Chandigarh
4202,11,2018,11-2018,12 Months,1.18,Bengaluru
4204,10,2017,10-2017,12 Months,9.42,Gandhinagar
4205,4,2018,4-2018,30 Days,3.53,Chandigarh
4208,10,2018,10-2018,12 Months,1.18,Shillong
4212,9,2017,9-2017,90 Days,13.98,Chandigarh
4213,9,2018,9-2018,24 Months and more,4.12,Bengaluru
4214,2,2017,2-2017,30 Days,4.12,Bengaluru
4215,11,2018,11-2018,90 Days,2.80,Chennai
4216,6,2018,6-2018,30 Days,15.38,Aurangabad
4218,2,2017,2-2017,60 Days,4.12,Chennai
4219,9,2017,9-2017,60 Days,13.98,Bhopal
4220,2,2018,2-2018,60 Days,4.71,Gandhinagar
4221,3,2017,3-2017,30 Days,16.78,Srinagar
4224,8,2018,8-2018,60 Days,6.99,Jaipur
4225,2,2018,2-2018,6 Month,4.71,Chennai
4226,7,2017,7-2017,90 Days,16.78,Nasik
4227,10,2017,10-2017,6 Month,12.59,Chennai
4228,7,2018,7-2018,12 Months,4.20,Chennai
4231,6,2018,6-2018,6 Month,13.98,Bengaluru
4232,5,2017,5-2017,90 Days,13.98,Nasik
4234,3,2017,3-2017,12 Months,1.77,Gandhinagar
4235,7,2018,7-2018,30 Days,5.59,Jaipur
4237,7,2018,7-2018,90 Days,6.48,Nasik
4238,9,2017,9-2017,90 Days,7.07,Nasik
4240,4,2018,4-2018,6 Month,4.20,Nagpur
4241,4,2018,4-2018,30 Days,2.80,Delhi
4242,5,2017,5-2017,24 Months and more,5.30,Mumbai
4244,12,2017,12-2017,90 Days,5.89,Bhopal
4246,4,2018,4-2018,60 Days,3.53,Chandigarh
4247,3,2018,3-2018,60 Days,5.89,Jaipur
4248,2,2018,2-2018,6 Month,4.71,Chennai
4250,2,2018,2-2018,30 Days,1.77,Pune
4251,6,2017,6-2017,24 Months and more,1.77,Chandigarh
4253,8,2018,8-2018,90 Days,13.98,Nagpur
4254,9,2017,9-2017,90 Days,15.38,Bengaluru
4255,3,2017,3-2017,30 Days,5.89,Nasik
4256,1,2017,1-2017,30 Days,5.89,Jaipur
4258,10,2018,10-2018,90 Days,2.94,Srinagar
4260,12,2018,12-2018,90 Days,9.79,Aurangabad
4261,2,2018,2-2018,6 Month,5.30,Chandigarh
4262,7,2018,7-2018,12 Months,2.94,Jaipur
4264,2,2018,2-2018,60 Days,4.71,Chennai
4266,11,2018,11-2018,12 Months,5.59,Chandigarh
4267,9,2017,9-2017,6 Month,1.77,Chennai
4268,6,2018,6-2018,12 Months,4.20,Nagpur
4269,4,2018,4-2018,6 Month,2.80,Bhopal
4272,6,2017,6-2017,60 Days,6.99,Pune
4273,6,2017,6-2017,60 Days,6.99,Nagpur
4274,8,2017,8-2017,24 Months and more,15.38,Bengaluru
4275,7,2018,7-2018,12 Months,2.80,Chennai
4276,1,2018,1-2018,6 Month,1.18,Chandigarh
4277,12,2018,12-2018,6 Month,3.53,Nasik
4278,7,2018,7-2018,12 Months,7.07,Mumbai
4279,3,2018,3-2018,24 Months and more,5.30,Bhopal
4280,9,2017,9-2017,30 Days,15.38,Nasik
4281,10,2018,10-2018,60 Days,2.94,Shillong
4282,6,2017,6-2017,60 Days,9.79,Bengaluru
4284,7,2017,7-2017,6 Month,11.19,Chennai
4285,7,2017,7-2017,90 Days,5.89,Bengaluru
4287,2,2018,2-2018,6 Month,7.07,Bengaluru
4289,8,2018,8-2018,6 Month,16.78,Nagpur
4290,11,2018,11-2018,90 Days,9.79,Chennai
4291,2,2017,2-2017,12 Months,12.95,Mumbai
4292,6,2017,6-2017,24 Months and more,3.53,Gandhinagar
4293,5,2018,5-2018,30 Days,2.94,Bengaluru
4294,10,2018,10-2018,6 Month,12.59,Chandigarh
4295,4,2018,4-2018,60 Days,5.89,Ranchi
4296,1,2017,1-2017,30 Days,2.36,Nasik
4298,2,2018,2-2018,90 Days,4.12,Srinagar
4300,4,2017,4-2017,24 Months and more,3.53,Gandhinagar
4301,5,2018,5-2018,60 Days,8.24,Shillong
4302,9,2018,9-2018,12 Months,8.39,Srinagar
4303,5,2018,5-2018,30 Days,1.77,Gandhinagar
4304,6,2017,6-2017,30 Days,3.53,Delhi
4305,7,2017,7-2017,6 Month,5.30,Mumbai
4306,4,2018,4-2018,12 Months,6.48,Srinagar
4307,8,2017,8-2017,30 Days,5.89,Delhi
4309,8,2017,8-2017,90 Days,13.98,Delhi
4310,12,2017,12-2017,30 Days,2.36,Bengaluru
4311,12,2018,12-2018,30 Days,8.39,Chennai
4312,11,2017,11-2017,12 Months,2.36,Jaipur
4315,6,2017,6-2017,30 Days,3.53,Delhi
4316,3,2017,3-2017,90 Days,2.36,Shillong
4319,4,2018,4-2018,12 Months,5.30,Nasik
4320,7,2017,7-2017,30 Days,4.12,Pune
4322,3,2018,3-2018,24 Months and more,7.07,Chennai
4323,10,2017,10-2017,60 Days,9.42,Bhopal
4326,4,2017,4-2017,6 Month,4.71,Jaipur
4327,12,2018,12-2018,12 Months,4.71,Mumbai
4328,4,2017,4-2017,30 Days,2.80,Nasik
4329,9,2018,9-2018,90 Days,2.94,Chandigarh
4332,9,2017,9-2017,12 Months,3.53,Delhi
4334,12,2018,12-2018,60 Days,11.19,Srinagar
4337,11,2017,11-2017,12 Months,3.53,Chandigarh
4338,2,2017,2-2017,12 Months,4.12,Aurangabad
4341,9,2017,9-2017,12 Months,2.36,Chandigarh
4342,12,2018,12-2018,60 Days,1.18,Shillong
4343,9,2018,9-2018,30 Days,12.95,Shillong
4344,5,2017,5-2017,90 Days,7.07,Gandhinagar
4346,7,2017,7-2017,6 Month,2.36,Nasik
4348,2,2018,2-2018,90 Days,7.07,Pune
4349,9,2018,9-2018,12 Months,12.59,Delhi
4350,12,2018,12-2018,24 Months and more,12.59,Chandigarh
4353,6,2017,6-2017,24 Months and more,5.89,Aurangabad
4354,1,2018,1-2018,24 Months and more,1.18,Chennai
4356,7,2017,7-2017,6 Month,4.71,Delhi
4357,5,2017,5-2017,60 Days,4.71,Bengaluru
4358,12,2017,12-2017,12 Months,2.80,Aurangabad
4359,4,2018,4-2018,24 Months and more,0.59,Bengaluru
4360,12,2018,12-2018,90 Days,5.59,Srinagar
4361,9,2018,9-2018,6 Month,8.39,Bhopal
4362,3,2017,3-2017,30 Days,7.07,Chandigarh
4363,2,2017,2-2017,12 Months,8.39,Shillong
4364,4,2018,4-2018,60 Days,4.12,Jaipur
4366,2,2017,2-2017,12 Months,6.48,Chandigarh
4367,8,2017,8-2017,12 Months,8.39,Delhi
4369,8,2018,8-2018,30 Days,8.39,Delhi
4370,2,2018,2-2018,12 Months,5.30,Nagpur
4373,5,2017,5-2017,12 Months,16.78,Chennai
4374,3,2017,3-2017,30 Days,7.07,Chennai
4375,4,2018,4-2018,90 Days,5.59,Ranchi
4376,7,2018,7-2018,30 Days,4.12,Bhopal
4377,9,2018,9-2018,90 Days,12.59,Ranchi
4378,3,2018,3-2018,30 Days,4.20,Chandigarh
4379,8,2018,8-2018,60 Days,3.53,Chennai
4383,9,2018,9-2018,12 Months,6.48,Delhi
4385,3,2017,3-2017,6 Month,5.89,Bengaluru
4386,12,2018,12-2018,90 Days,5.30,Chandigarh
4387,5,2017,5-2017,12 Months,16.78,Mumbai
4389,5,2018,5-2018,30 Days,6.48,Bhopal
4391,8,2017,8-2017,60 Days,5.59,Pune
4392,4,2017,4-2017,90 Days,2.94,Nasik
4393,1,2018,1-2018,30 Days,2.94,Pune
4396,5,2018,5-2018,90 Days,7.07,Mumbai
4398,10,2018,10-2018,24 Months and more,12.59,Bhopal
4400,9,2018,9-2018,24 Months and more,1.18,Srinagar
4401,1,2017,1-2017,6 Month,4.20,Bengaluru
4402,7,2017,7-2017,24 Months and more,3.53,Delhi
4403,8,2018,8-2018,24 Months and more,5.30,Bhopal
4404,1,2017,1-2017,12 Months,4.12,Jaipur
4405,2,2017,2-2017,60 Days,8.39,Aurangabad
4407,7,2018,7-2018,24 Months and more,4.20,Pune
4408,11,2017,11-2017,6 Month,3.53,Aurangabad
4410,1,2017,1-2017,30 Days,1.40,Delhi
4411,9,2018,9-2018,90 Days,8.39,Delhi
4414,7,2017,7-2017,30 Days,15.38,Gandhinagar
4415,9,2017,9-2017,6 Month,1.18,Ranchi
4416,4,2017,4-2017,90 Days,6.99,Aurangabad
4417,12,2017,12-2017,24 Months and more,6.48,Delhi
4418,12,2018,12-2018,12 Months,16.78,Nasik
4419,1,2017,1-2017,24 Months and more,12.59,Nagpur
4421,4,2017,4-2017,6 Month,12.95,Gandhinagar
4423,8,2017,8-2017,30 Days,3.53,Nasik
4424,10,2018,10-2018,60 Days,11.19,Shillong
4428,7,2018,7-2018,30 Days,4.12,Srinagar
4430,10,2017,10-2017,30 Days,4.20,Delhi
4431,7,2017,7-2017,90 Days,8.39,Nasik
4432,1,2018,1-2018,90 Days,3.53,Mumbai
4435,4,2018,4-2018,24 Months and more,9.79,Gandhinagar
4437,8,2018,8-2018,30 Days,11.19,Chennai
4438,8,2017,8-2017,6 Month,9.42,Chennai
4439,7,2018,7-2018,12 Months,1.18,Chandigarh
4440,12,2017,12-2017,24 Months and more,4.71,Aurangabad
4441,8,2017,8-2017,90 Days,1.18,Srinagar
4442,12,2018,12-2018,12 Months,6.99,Delhi
4446,1,2017,1-2017,60 Days,4.20,Jaipur
4447,6,2017,6-2017,6 Month,9.42,Aurangabad
4448,2,2018,2-2018,60 Days,7.07,Nagpur
4449,9,2017,9-2017,12 Months,3.53,Delhi
4451,5,2018,5-2018,90 Days,7.07,Nagpur
4452,11,2018,11-2018,12 Months,5.89,Bengaluru
4455,3,2017,3-2017,60 Days,16.78,Pune
4456,1,2018,1-2018,12 Months,1.18,Mumbai
4457,7,2018,7-2018,24 Months and more,4.12,Srinagar
4459,8,2018,8-2018,24 Months and more,2.36,Chennai
4460,7,2017,7-2017,90 Days,7.07,Shillong
4461,3,2017,3-2017,90 Days,7.07,Ranchi
4464,1,2018,1-2018,30 Days,5.89,Nasik
4465,11,2018,11-2018,60 Days,2.36,Delhi
4466,8,2017,8-2017,12 Months,5.89,Nasik
4467,8,2018,8-2018,30 Days,16.78,Chennai
4468,3,2018,3-2018,12 Months,5.30,Jaipur
4469,11,2018,11-2018,30 Days,14.13,Chandigarh
4471,1,2018,1-2018,60 Days,0.59,Aurangabad
4472,6,2018,6-2018,6 Month,6.48,Srinagar
4473,1,2017,1-2017,60 Days,1.40,Shillong
4474,8,2017,8-2017,6 Month,4.20,Chennai
4475,1,2017,1-2017,12 Months,5.89,Bengaluru
4476,3,2018,3-2018,12 Months,1.18,Nasik
4477,11,2017,11-2017,12 Months,6.48,Nasik
4478,1,2017,1-2017,12 Months,5.89,Jaipur
4480,7,2017,7-2017,90 Days,12.59,Chennai
4483,5,2017,5-2017,60 Days,12.59,Srinagar
4484,9,2017,9-2017,60 Days,3.53,Delhi
4485,10,2018,10-2018,90 Days,4.12,Gandhinagar
4486,2,2018,2-2018,24 Months and more,2.94,Shillong
4487,10,2017,10-2017,60 Days,13.98,Mumbai
4488,3,2018,3-2018,24 Months and more,5.59,Gandhinagar
4489,12,2017,12-2017,24 Months and more,5.89,Jaipur
4490,11,2017,11-2017,24 Months and more,1.40,Bhopal
4491,1,2017,1-2017,90 Days,5.59,Nasik
4492,8,2018,8-2018,90 Days,12.59,Ranchi
4493,4,2018,4-2018,12 Months,1.77,Srinagar
4494,11,2018,11-2018,60 Days,10.60,Aurangabad
4495,6,2018,6-2018,90 Days,1.18,Shillong
4498,7,2017,7-2017,6 Month,2.36,Bhopal
4500,5,2018,5-2018,90 Days,4.12,Mumbai
4502,10,2018,10-2018,6 Month,7.07,Shillong
4504,1,2017,1-2017,90 Days,4.20,Aurangabad
4505,3,2017,3-2017,60 Days,16.78,Delhi
4506,3,2017,3-2017,90 Days,5.30,Shillong
4508,11,2018,11-2018,30 Days,8.39,Bhopal
4510,3,2018,3-2018,24 Months and more,1.18,Aurangabad
4511,8,2018,8-2018,90 Days,4.20,Ranchi
4512,12,2018,12-2018,12 Months,2.94,Shillong
4516,11,2018,11-2018,24 Months and more,4.20,Gandhinagar
4517,3,2018,3-2018,6 Month,7.07,Bengaluru
4519,9,2017,9-2017,24 Months and more,4.71,Jaipur
4520,6,2018,6-2018,12 Months,7.07,Aurangabad
4521,7,2018,7-2018,60 Days,4.71,Mumbai
4522,12,2017,12-2017,60 Days,9.79,Delhi
4523,5,2017,5-2017,6 Month,8.39,Bengaluru
4524,5,2017,5-2017,60 Days,7.07,Ranchi
4527,2,2017,2-2017,6 Month,9.79,Nagpur
4530,9,2017,9-2017,30 Days,4.71,Ranchi
4531,1,2018,1-2018,30 Days,1.77,Mumbai
4532,8,2018,8-2018,30 Days,5.89,Bhopal
4533,8,2018,8-2018,90 Days,7.07,Pune
4534,3,2017,3-2017,6 Month,1.18,Bhopal
4535,2,2017,2-2017,30 Days,8.39,Nasik
4536,12,2017,12-2017,60 Days,2.94,Bengaluru
4537,12,2017,12-2017,30 Days,7.07,Chandigarh
4538,10,2017,10-2017,30 Days,14.13,Nasik
4539,12,2017,12-2017,90 Days,6.48,Delhi
4541,10,2018,10-2018,90 Days,2.80,Chennai
4542,3,2017,3-2017,12 Months,11.19,Nagpur
4543,9,2018,9-2018,90 Days,4.71,Shillong
4545,11,2017,11-2017,60 Days,2.94,Ranchi
4546,5,2018,5-2018,24 Months and more,5.59,Nagpur
4548,4,2017,4-2017,12 Months,1.18,Jaipur
4549,6,2018,6-2018,60 Days,0.59,Mumbai
4550,5,2018,5-2018,6 Month,1.40,Mumbai
4553,10,2018,10-2018,90 Days,7.07,Delhi
4554,11,2018,11-2018,60 Days,0.59,Bhopal
4560,7,2017,7-2017,30 Days,12.59,Nasik
4561,2,2018,2-2018,30 Days,1.18,Delhi
4563,5,2017,5-2017,90 Days,2.36,Chandigarh
4564,11,2018,11-2018,90 Days,12.95,Srinagar
4566,11,2018,11-2018,12 Months,13.98,Shillong
4567,3,2017,3-2017,6 Month,0.59,Chennai
4568,9,2018,9-2018,6 Month,1.18,Bengaluru
4569,3,2017,3-2017,60 Days,1.77,Shillong
4572,11,2017,11-2017,60 Days,1.77,Jaipur
4574,9,2018,9-2018,6 Month,5.89,Delhi
4575,10,2018,10-2018,60 Days,2.36,Bengaluru
4576,11,2017,11-2017,12 Months,8.39,Gandhinagar
4579,3,2017,3-2017,60 Days,2.94,Shillong
4581,12,2017,12-2017,60 Days,2.80,Gandhinagar
4582,12,2017,12-2017,60 Days,4.12,Bhopal
4584,5,2017,5-2017,90 Days,1.18,Nasik
4587,11,2018,11-2018,6 Month,2.94,Ranchi
4589,5,2017,5-2017,12 Months,15.38,Chennai
4590,10,2018,10-2018,24 Months and more,1.77,Chennai
4594,3,2017,3-2017,6 Month,4.71,Gandhinagar
4595,1,2017,1-2017,90 Days,13.98,Gandhinagar
4596,1,2018,1-2018,24 Months and more,0.59,Shillong
4600,4,2018,4-2018,6 Month,7.07,Mumbai
4601,6,2017,6-2017,90 Days,6.48,Delhi
4603,7,2017,7-2017,12 Months,1.77,Chennai
4604,4,2017,4-2017,30 Days,5.30,Bengaluru
4605,7,2018,7-2018,90 Days,13.98,Gandhinagar
4606,6,2018,6-2018,90 Days,12.95,Pune
4608,2,2017,2-2017,90 Days,5.59,Srinagar
4609,7,2017,7-2017,6 Month,12.95,Bengaluru
4610,12,2018,12-2018,60 Days,4.71,Bhopal
4611,5,2017,5-2017,24 Months and more,12.59,Aurangabad
4613,7,2018,7-2018,24 Months and more,9.79,Delhi
4614,2,2018,2-2018,12 Months,12.59,Shillong
4615,12,2018,12-2018,12 Months,1.18,Bengaluru
4619,1,2017,1-2017,6 Month,4.20,Shillong
4620,9,2018,9-2018,90 Days,3.53,Bengaluru
4621,5,2018,5-2018,12 Months,4.71,Aurangabad
4622,5,2017,5-2017,24 Months and more,15.38,Delhi
4623,3,2017,3-2017,24 Months and more,7.07,Srinagar
4624,4,2018,4-2018,24 Months and more,4.12,Gandhinagar
4625,7,2017,7-2017,12 Months,2.80,Delhi
4627,4,2018,4-2018,6 Month,11.78,Nasik
4630,11,2018,11-2018,60 Days,10.60,Jaipur
4631,1,2017,1-2017,60 Days,7.07,Bhopal
4632,10,2017,10-2017,30 Days,9.79,Ranchi
4634,5,2017,5-2017,6 Month,0.59,Shillong
4636,12,2018,12-2018,30 Days,8.39,Aurangabad
4638,5,2017,5-2017,60 Days,0.59,Bengaluru
4639,6,2017,6-2017,24 Months and more,2.36,Aurangabad
4640,1,2017,1-2017,30 Days,4.71,Jaipur
4641,3,2018,3-2018,90 Days,1.77,Aurangabad
4645,8,2018,8-2018,60 Days,12.95,Delhi
4647,9,2017,9-2017,60 Days,0.59,Bhopal
4648,4,2018,4-2018,90 Days,12.95,Chennai
4649,12,2018,12-2018,6 Month,1.18,Bhopal
4650,5,2018,5-2018,90 Days,7.07,Jaipur
4652,10,2018,10-2018,90 Days,1.18,Jaipur
4654,10,2018,10-2018,12 Months,2.80,Pune
4655,3,2017,3-2017,90 Days,5.30,Chandigarh
4656,12,2017,12-2017,24 Months and more,5.59,Pune
4657,11,2017,11-2017,30 Days,5.89,Bhopal
4659,4,2018,4-2018,24 Months and more,2.94,Chandigarh
4660,3,2017,3-2017,30 Days,5.89,Bengaluru
4662,10,2017,10-2017,24 Months and more,1.18,Chandigarh
4664,6,2017,6-2017,60 Days,5.89,Gandhinagar
4669,5,2018,5-2018,30 Days,5.30,Shillong
4671,6,2018,6-2018,90 Days,5.59,Chandigarh
4673,5,2018,5-2018,90 Days,2.36,Ranchi
4674,10,2018,10-2018,6 Month,4.71,Jaipur
4675,4,2018,4-2018,24 Months and more,9.79,Chandigarh
4676,5,2018,5-2018,6 Month,16.78,Nagpur
4677,2,2017,2-2017,6 Month,15.38,Chandigarh
4680,8,2017,8-2017,60 Days,2.80,Aurangabad
4681,1,2017,1-2017,90 Days,13.98,Chennai
4683,6,2018,6-2018,12 Months,1.77,Nasik
4684,10,2017,10-2017,30 Days,5.30,Mumbai
4685,10,2017,10-2017,30 Days,6.48,Gandhinagar
4686,4,2018,4-2018,6 Month,11.19,Srinagar
4687,2,2018,2-2018,90 Days,3.53,Shillong
4690,9,2017,9-2017,6 Month,1.77,Jaipur
4691,6,2018,6-2018,30 Days,2.36,Delhi
4692,1,2018,1-2018,30 Days,3.53,Aurangabad
4695,4,2018,4-2018,60 Days,4.12,Pune
4696,8,2017,8-2017,12 Months,2.80,Bengaluru
4697,9,2017,9-2017,60 Days,4.20,Shillong
4698,4,2017,4-2017,30 Days,5.59,Srinagar
4700,8,2017,8-2017,12 Months,5.59,Ranchi
4702,10,2018,10-2018,24 Months and more,14.13,Chandigarh
4703,1,2018,1-2018,60 Days,8.39,Chennai
4704,3,2018,3-2018,24 Months and more,1.77,Srinagar
4705,5,2017,5-2017,6 Month,5.30,Bhopal
4706,8,2017,8-2017,30 Days,6.99,Chandigarh
4707,5,2017,5-2017,90 Days,2.80,Bhopal
4710,3,2018,3-2018,6 Month,4.71,Gandhinagar
4711,1,2018,1-2018,30 Days,4.71,Srinagar
4712,12,2017,12-2017,12 Months,6.48,Shillong
4713,3,2017,3-2017,30 Days,1.18,Bhopal
4714,8,2018,8-2018,6 Month,6.48,Jaipur
4716,10,2017,10-2017,90 Days,12.59,Pune
4718,3,2017,3-2017,90 Days,9.42,Aurangabad
4719,6,2017,6-2017,60 Days,5.89,Shillong
4721,6,2018,6-2018,12 Months,4.20,Chennai
4722,1,2017,1-2017,60 Days,5.30,Bengaluru
4723,8,2018,8-2018,30 Days,5.59,Pune
4724,5,2018,5-2018,6 Month,1.18,Chennai
4725,9,2018,9-2018,90 Days,13.98,Ranchi
4729,9,2017,9-2017,24 Months and more,12.59,Pune
4735,8,2017,8-2017,12 Months,6.48,Nagpur
4736,8,2017,8-2017,90 Days,5.30,Shillong
4737,2,2018,2-2018,60 Days,16.78,Aurangabad
4738,1,2017,1-2017,24 Months and more,8.39,Bengaluru
4739,6,2017,6-2017,12 Months,2.80,Gandhinagar
4740,10,2018,10-2018,90 Days,13.98,Gandhinagar
4741,12,2018,12-2018,6 Month,8.39,Shillong
4743,3,2017,3-2017,60 Days,9.79,Aurangabad
4744,9,2018,9-2018,6 Month,5.30,Bengaluru
4745,4,2017,4-2017,12 Months,5.59,Ranchi
4750,11,2018,11-2018,30 Days,1.40,Bengaluru
4751,1,2018,1-2018,6 Month,5.59,Ranchi
4752,1,2017,1-2017,24 Months and more,7.07,Nasik
4753,8,2017,8-2017,6 Month,3.53,Pune
4755,2,2017,2-2017,12 Months,16.78,Shillong
4756,5,2017,5-2017,30 Days,4.12,Nagpur
4757,9,2018,9-2018,30 Days,2.36,Jaipur
4758,11,2018,11-2018,6 Month,5.89,Delhi
4759,3,2017,3-2017,12 Months,9.79,Chennai
4760,8,2017,8-2017,24 Months and more,2.94,Bhopal
4762,8,2018,8-2018,30 Days,5.89,Chandigarh
4763,1,2017,1-2017,24 Months and more,1.18,Shillong
4764,2,2018,2-2018,12 Months,5.89,Pune
4765,4,2017,4-2017,60 Days,6.99,Chandigarh
4767,8,2017,8-2017,24 Months and more,4.20,Aurangabad
4770,8,2017,8-2017,30 Days,7.07,Nagpur
4771,3,2018,3-2018,30 Days,1.77,Pune
4772,11,2017,11-2017,24 Months and more,9.42,Nasik
4775,8,2018,8-2018,12 Months,1.40,Chandigarh
4776,5,2017,5-2017,60 Days,9.79,Chandigarh
4777,6,2018,6-2018,12 Months,11.19,Pune
4780,8,2017,8-2017,90 Days,1.18,Pune
4781,5,2018,5-2018,90 Days,2.80,Mumbai
4782,5,2017,5-2017,90 Days,5.59,Aurangabad
4784,1,2017,1-2017,6 Month,12.95,Jaipur
4786,4,2018,4-2018,60 Days,11.78,Bhopal
4787,9,2018,9-2018,60 Days,15.38,Bengaluru
4791,5,2017,5-2017,24 Months and more,5.89,Chandigarh
4792,6,2018,6-2018,90 Days,2.36,Jaipur
4793,4,2018,4-2018,60 Days,4.20,Ranchi
4801,1,2017,1-2017,60 Days,5.89,Jaipur
4802,3,2017,3-2017,60 Days,4.12,Jaipur
4803,9,2018,9-2018,30 Days,6.48,Delhi
4804,3,2018,3-2018,24 Months and more,5.89,Gandhinagar
4805,2,2018,2-2018,24 Months and more,16.78,Delhi
4806,12,2018,12-2018,30 Days,9.79,Bengaluru
4807,12,2018,12-2018,30 Days,8.39,Chennai
4810,6,2017,6-2017,60 Days,11.19,Mumbai
4813,12,2018,12-2018,12 Months,7.07,Bengaluru
4815,4,2017,4-2017,60 Days,16.78,Nasik
4817,7,2018,7-2018,90 Days,2.36,Pune
4819,8,2018,8-2018,30 Days,11.19,Nasik
4820,7,2018,7-2018,12 Months,15.38,Chennai
4821,6,2017,6-2017,30 Days,1.77,Gandhinagar
4825,12,2017,12-2017,30 Days,4.12,Bengaluru
4826,2,2017,2-2017,30 Days,3.53,Aurangabad
4828,1,2017,1-2017,60 Days,6.48,Chennai
4831,3,2018,3-2018,90 Days,13.98,Nagpur
4832,11,2017,11-2017,30 Days,1.77,Nagpur
4833,12,2018,12-2018,60 Days,9.79,Pune
4836,12,2017,12-2017,6 Month,15.38,Pune
4837,4,2017,4-2017,30 Days,8.39,Ranchi
4838,8,2017,8-2017,6 Month,11.78,Ranchi
4840,6,2017,6-2017,60 Days,4.71,Mumbai
4841,1,2018,1-2018,60 Days,11.19,Mumbai
4842,10,2018,10-2018,12 Months,7.07,Chandigarh
4843,8,2018,8-2018,6 Month,5.30,Aurangabad
4844,11,2017,11-2017,30 Days,16.78,Ranchi
4845,4,2017,4-2017,24 Months and more,9.42,Nagpur
4848,9,2017,9-2017,24 Months and more,14.13,Mumbai
4849,1,2017,1-2017,6 Month,1.77,Pune
4850,11,2017,11-2017,12 Months,13.98,Nagpur
4853,3,2018,3-2018,90 Days,3.53,Jaipur
4857,9,2018,9-2018,90 Days,1.18,Bengaluru
4859,6,2018,6-2018,30 Days,1.18,Nagpur
4863,6,2018,6-2018,24 Months and more,4.71,Bhopal
4865,11,2017,11-2017,6 Month,4.71,Chandigarh
4866,10,2017,10-2017,60 Days,5.59,Ranchi
4867,6,2018,6-2018,60 Days,3.53,Chennai
4868,9,2017,9-2017,60 Days,2.94,Delhi
4870,10,2017,10-2017,6 Month,4.12,Jaipur
4872,10,2017,10-2017,30 Days,5.30,Chennai
4873,5,2018,5-2018,30 Days,8.39,Pune
4874,4,2018,4-2018,12 Months,5.59,Nasik
4875,5,2018,5-2018,60 Days,4.20,Bhopal
4876,11,2017,11-2017,90 Days,5.59,Nagpur
4878,3,2017,3-2017,6 Month,7.07,Bhopal
4879,7,2017,7-2017,6 Month,5.59,Shillong
4880,5,2017,5-2017,6 Month,6.48,Bhopal
4884,10,2017,10-2017,24 Months and more,12.59,Srinagar
4885,7,2017,7-2017,30 Days,1.18,Gandhinagar
4887,11,2018,11-2018,24 Months and more,4.71,Ranchi
4888,4,2018,4-2018,6 Month,4.12,Bengaluru
4889,1,2018,1-2018,60 Days,5.59,Chennai
4891,7,2017,7-2017,12 Months,5.30,Chennai
4892,5,2017,5-2017,6 Month,0.59,Nasik
4893,2,2017,2-2017,24 Months and more,11.19,Chennai
4895,3,2017,3-2017,60 Days,1.77,Shillong
4897,12,2018,12-2018,60 Days,2.94,Gandhinagar
4900,8,2017,8-2017,60 Days,4.71,Jaipur
4902,6,2018,6-2018,60 Days,15.38,Chennai
4903,1,2018,1-2018,60 Days,5.89,Mumbai
4904,6,2018,6-2018,12 Months,0.59,Jaipur
4906,5,2017,5-2017,6 Month,8.24,Bengaluru
4907,9,2018,9-2018,12 Months,2.94,Bhopal
4909,1,2018,1-2018,30 Days,9.79,Bhopal
4912,11,2017,11-2017,90 Days,4.71,Nagpur
4914,10,2018,10-2018,6 Month,1.77,Nagpur
4916,4,2018,4-2018,90 Days,2.36,Bhopal
4918,4,2017,4-2017,6 Month,2.36,Srinagar
4919,10,2018,10-2018,24 Months and more,3.53,Srinagar
4921,12,2018,12-2018,24 Months and more,5.89,Bhopal
4923,12,2017,12-2017,24 Months and more,16.78,Jaipur
4924,2,2017,2-2017,6 Month,1.40,Nagpur
4926,11,2017,11-2017,60 Days,4.71,Chennai
4927,3,2018,3-2018,6 Month,4.71,Pune
4928,5,2018,5-2018,12 Months,3.53,Chennai
4929,2,2018,2-2018,60 Days,8.24,Ranchi
4930,2,2018,2-2018,12 Months,4.20,Gandhinagar
4931,7,2017,7-2017,90 Days,0.59,Chandigarh
4932,4,2017,4-2017,30 Days,1.18,Mumbai
4933,2,2017,2-2017,24 Months and more,15.38,Nagpur
4934,10,2017,10-2017,60 Days,9.42,Chandigarh
4935,2,2018,2-2018,30 Days,5.30,Jaipur
4936,6,2017,6-2017,60 Days,1.77,Chennai
4937,3,2017,3-2017,90 Days,13.98,Chandigarh
4938,7,2017,7-2017,90 Days,1.18,Pune
4939,11,2017,11-2017,60 Days,9.79,Pune
4940,2,2017,2-2017,24 Months and more,5.89,Chandigarh
4946,6,2017,6-2017,12 Months,1.77,Bengaluru
4947,7,2018,7-2018,90 Days,6.99,Pune
4948,6,2017,6-2017,30 Days,9.42,Mumbai
4950,7,2017,7-2017,6 Month,5.89,Nagpur
4952,7,2017,7-2017,30 Days,2.36,Jaipur
4953,11,2017,11-2017,6 Month,13.98,Chandigarh
4954,1,2018,1-2018,90 Days,6.48,Nagpur
4955,12,2018,12-2018,12 Months,14.13,Nasik
4957,4,2018,4-2018,12 Months,4.71,Aurangabad
4958,10,2017,10-2017,90 Days,2.36,Gandhinagar
4959,8,2018,8-2018,12 Months,2.80,Nagpur
4960,3,2018,3-2018,24 Months and more,6.48,Delhi
4961,4,2017,4-2017,60 Days,10.60,Bhopal
4962,3,2018,3-2018,90 Days,4.71,Delhi
4963,1,2017,1-2017,90 Days,11.78,Delhi
4964,3,2017,3-2017,30 Days,7.07,Srinagar
4965,10,2018,10-2018,60 Days,3.53,Mumbai
4966,9,2017,9-2017,12 Months,6.99,Chandigarh
4967,3,2018,3-2018,6 Month,5.59,Jaipur
4968,2,2018,2-2018,24 Months and more,16.78,Bhopal
4969,7,2018,7-2018,12 Months,3.53,Pune
4970,5,2017,5-2017,60 Days,5.30,Ranchi
4971,5,2018,5-2018,6 Month,2.94,Bengaluru
4972,6,2018,6-2018,90 Days,5.89,Chennai
4975,5,2018,5-2018,12 Months,4.20,Nagpur
4976,8,2017,8-2017,90 Days,3.53,Nasik
4977,4,2018,4-2018,60 Days,1.77,Mumbai
4982,4,2017,4-2017,30 Days,5.89,Chandigarh
4983,2,2017,2-2017,90 Days,1.77,Bengaluru
4985,4,2017,4-2017,6 Month,9.79,Chennai
4987,5,2017,5-2017,30 Days,1.18,Nagpur
4988,5,2017,5-2017,60 Days,5.89,Pune
4989,7,2018,7-2018,90 Days,3.53,Aurangabad
4990,4,2017,4-2017,90 Days,5.89,Bhopal
4992,8,2017,8-2017,24 Months and more,5.59,Gandhinagar
4993,3,2017,3-2017,60 Days,16.78,Nasik
4996,8,2017,8-2017,60 Days,5.30,Ranchi
4997,1,2018,1-2018,24 Months and more,3.53,Bengaluru
5000,5,2017,5-2017,24 Months and more,6.99,Shillong
5001,12,2018,12-2018,60 Days,5.59,Srinagar
5002,9,2018,9-2018,12 Months,1.18,Gandhinagar
5003,4,2017,4-2017,90 Days,2.80,Chandigarh
5004,9,2018,9-2018,24 Months and more,1.18,Srinagar
5005,6,2018,6-2018,30 Days,5.89,Ranchi
5006,4,2018,4-2018,6 Month,5.59,Ranchi
5008,9,2018,9-2018,60 Days,5.89,Bengaluru
5009,9,2017,9-2017,60 Days,9.42,Bhopal
5010,8,2018,8-2018,90 Days,0.59,Delhi
5012,10,2017,10-2017,30 Days,11.19,Mumbai
5014,9,2017,9-2017,60 Days,12.95,Ranchi
5015,6,2017,6-2017,6 Month,12.59,Aurangabad
5016,8,2017,8-2017,12 Months,1.18,Delhi
5018,4,2018,4-2018,30 Days,12.59,Bhopal
5019,1,2017,1-2017,24 Months and more,3.53,Shillong
5020,11,2017,11-2017,60 Days,11.78,Srinagar
5021,11,2018,11-2018,60 Days,4.20,Nasik
5025,6,2018,6-2018,90 Days,7.07,Bhopal
5028,10,2017,10-2017,24 Months and more,13.98,Nasik
5029,5,2018,5-2018,6 Month,1.18,Chandigarh
5030,5,2017,5-2017,90 Days,6.99,Shillong
5031,6,2018,6-2018,30 Days,4.20,Nasik
5035,6,2018,6-2018,30 Days,15.38,Pune
5036,4,2017,4-2017,30 Days,2.80,Jaipur
5037,2,2017,2-2017,90 Days,2.94,Srinagar
5040,9,2017,9-2017,12 Months,4.12,Mumbai
5041,5,2017,5-2017,60 Days,8.24,Bengaluru
5042,1,2018,1-2018,6 Month,1.18,Nagpur
5046,5,2018,5-2018,60 Days,8.39,Shillong
5047,1,2018,1-2018,12 Months,7.07,Ranchi
5048,3,2018,3-2018,60 Days,6.48,Ranchi
5050,8,2018,8-2018,24 Months and more,4.12,Gandhinagar
5051,6,2017,6-2017,24 Months and more,2.36,Bengaluru
5054,5,2017,5-2017,30 Days,3.53,Nagpur
5055,2,2017,2-2017,90 Days,2.94,Srinagar
5056,2,2017,2-2017,30 Days,8.24,Delhi
5057,9,2017,9-2017,30 Days,6.48,Bengaluru
5058,5,2017,5-2017,24 Months and more,7.07,Jaipur
5059,2,2018,2-2018,90 Days,5.89,Gandhinagar
5060,1,2017,1-2017,90 Days,3.53,Chennai
5061,2,2017,2-2017,24 Months and more,14.13,Bengaluru
5062,5,2017,5-2017,60 Days,2.94,Delhi
5064,11,2017,11-2017,60 Days,4.71,Nasik
5065,2,2017,2-2017,12 Months,3.53,Chennai
5066,4,2017,4-2017,6 Month,1.18,Bengaluru
5067,7,2017,7-2017,24 Months and more,11.19,Gandhinagar
5069,5,2018,5-2018,60 Days,4.71,Chennai
5070,2,2017,2-2017,90 Days,10.60,Nagpur
5071,4,2018,4-2018,24 Months and more,8.24,Bengaluru
5072,7,2017,7-2017,12 Months,8.39,Chandigarh
5074,4,2017,4-2017,90 Days,5.30,Mumbai
5075,5,2017,5-2017,6 Month,4.71,Shillong
5076,7,2017,7-2017,90 Days,3.53,Pune
5078,6,2018,6-2018,6 Month,16.78,Nagpur
5081,8,2018,8-2018,6 Month,3.53,Nasik
5082,10,2018,10-2018,30 Days,1.18,Chandigarh
5083,4,2017,4-2017,90 Days,0.59,Delhi
5085,9,2017,9-2017,90 Days,7.07,Nasik
5086,7,2018,7-2018,30 Days,11.78,Nasik
5088,5,2018,5-2018,30 Days,11.19,Mumbai
5089,8,2018,8-2018,30 Days,0.59,Jaipur
5093,1,2017,1-2017,90 Days,2.94,Delhi
5094,7,2018,7-2018,90 Days,4.71,Pune
5096,6,2017,6-2017,6 Month,13.98,Nagpur
5097,8,2018,8-2018,24 Months and more,2.94,Pune
5099,8,2017,8-2017,6 Month,7.07,Mumbai
5101,1,2018,1-2018,24 Months and more,7.07,Srinagar
5102,10,2017,10-2017,60 Days,11.78,Chandigarh
5103,5,2017,5-2017,90 Days,1.77,Shillong
5104,10,2017,10-2017,60 Days,0.59,Gandhinagar
5106,7,2018,7-2018,12 Months,6.48,Ranchi
5107,12,2018,12-2018,24 Months and more,4.71,Mumbai
5109,9,2018,9-2018,60 Days,4.71,Ranchi
5110,3,2018,3-2018,6 Month,6.99,Jaipur
5111,12,2018,12-2018,12 Months,3.53,Delhi
5112,10,2017,10-2017,60 Days,5.59,Delhi
5113,4,2018,4-2018,24 Months and more,4.71,Aurangabad
5114,8,2017,8-2017,24 Months and more,10.60,Gandhinagar
5115,9,2018,9-2018,90 Days,12.95,Srinagar
5117,9,2017,9-2017,60 Days,5.30,Srinagar
5121,2,2017,2-2017,60 Days,16.78,Jaipur
5122,6,2018,6-2018,60 Days,7.07,Chandigarh
5124,9,2018,9-2018,6 Month,5.30,Nasik
5126,4,2017,4-2017,24 Months and more,1.77,Shillong
5133,6,2017,6-2017,90 Days,4.71,Jaipur
5134,1,2018,1-2018,30 Days,2.36,Bhopal
5135,8,2018,8-2018,6 Month,6.99,Pune
5136,12,2018,12-2018,90 Days,8.39,Shillong
5137,7,2018,7-2018,6 Month,12.59,Pune
5138,10,2018,10-2018,60 Days,11.78,Ranchi
5140,11,2018,11-2018,6 Month,15.38,Srinagar
5141,2,2018,2-2018,90 Days,4.71,Bhopal
5142,4,2017,4-2017,60 Days,11.78,Shillong
5144,6,2017,6-2017,6 Month,1.77,Pune
5145,1,2017,1-2017,30 Days,5.59,Bengaluru
5146,10,2018,10-2018,60 Days,11.19,Jaipur
5147,1,2018,1-2018,90 Days,8.39,Chennai
5148,3,2017,3-2017,24 Months and more,11.78,Chennai
5149,1,2018,1-2018,24 Months and more,12.95,Delhi
5150,4,2017,4-2017,30 Days,6.99,Bengaluru
5152,8,2017,8-2017,30 Days,11.78,Shillong
5153,8,2018,8-2018,12 Months,8.39,Pune
5155,12,2018,12-2018,6 Month,11.78,Mumbai
5156,7,2018,7-2018,12 Months,1.18,Shillong
5158,12,2017,12-2017,24 Months and more,0.59,Aurangabad
5159,2,2017,2-2017,12 Months,3.53,Pune
5160,12,2017,12-2017,6 Month,1.77,Aurangabad
5161,7,2018,7-2018,12 Months,13.98,Jaipur
5162,12,2017,12-2017,90 Days,5.89,Bengaluru
5163,11,2018,11-2018,6 Month,1.18,Nagpur
5165,4,2017,4-2017,24 Months and more,6.48,Bhopal
5166,1,2017,1-2017,6 Month,1.18,Delhi
5169,12,2018,12-2018,90 Days,6.48,Chennai
5170,5,2018,5-2018,24 Months and more,7.07,Jaipur
5171,4,2018,4-2018,60 Days,5.89,Delhi
5172,8,2017,8-2017,24 Months and more,6.48,Bengaluru
5174,1,2018,1-2018,12 Months,5.30,Nagpur
5175,7,2017,7-2017,12 Months,14.13,Jaipur
5177,6,2018,6-2018,30 Days,13.98,Srinagar
5178,7,2017,7-2017,6 Month,2.36,Delhi
5180,5,2017,5-2017,60 Days,7.07,Jaipur
5181,9,2018,9-2018,60 Days,0.59,Gandhinagar
5182,11,2018,11-2018,12 Months,8.39,Bhopal
5183,8,2017,8-2017,12 Months,4.71,Bhopal
5184,11,2017,11-2017,24 Months and more,7.07,Gandhinagar
5185,3,2017,3-2017,24 Months and more,9.42,Pune
5187,9,2017,9-2017,6 Month,9.79,Shillong
5188,6,2018,6-2018,90 Days,13.98,Ranchi
5189,4,2017,4-2017,30 Days,7.07,Nagpur
5191,12,2018,12-2018,6 Month,4.20,Delhi
5192,3,2018,3-2018,6 Month,6.99,Pune
5194,3,2017,3-2017,24 Months and more,1.77,Mumbai
5195,11,2017,11-2017,30 Days,14.13,Nasik
5196,8,2018,8-2018,12 Months,9.42,Ranchi
5197,11,2018,11-2018,24 Months and more,5.89,Mumbai
5198,8,2017,8-2017,6 Month,8.39,Bengaluru
5200,4,2018,4-2018,30 Days,2.94,Pune
5201,1,2018,1-2018,6 Month,5.89,Nagpur
5202,11,2017,11-2017,6 Month,2.80,Jaipur
5203,7,2017,7-2017,60 Days,11.19,Gandhinagar
5204,7,2017,7-2017,90 Days,2.36,Gandhinagar
5205,5,2018,5-2018,90 Days,11.19,Mumbai
5207,2,2018,2-2018,24 Months and more,11.19,Chennai
5208,1,2018,1-2018,12 Months,4.20,Srinagar
5209,11,2018,11-2018,30 Days,8.39,Chandigarh
5211,11,2018,11-2018,24 Months and more,5.30,Shillong
5212,9,2018,9-2018,30 Days,5.59,Nagpur
5213,6,2018,6-2018,6 Month,1.77,Jaipur
5214,3,2018,3-2018,30 Days,6.48,Delhi
5215,7,2018,7-2018,12 Months,4.20,Gandhinagar
5216,6,2018,6-2018,30 Days,7.07,Pune
5217,5,2018,5-2018,6 Month,14.13,Jaipur
5219,7,2018,7-2018,6 Month,12.59,Chandigarh
5220,5,2018,5-2018,24 Months and more,5.89,Chennai
5221,1,2017,1-2017,12 Months,0.59,Srinagar
5222,11,2017,11-2017,24 Months and more,12.59,Delhi
5223,9,2018,9-2018,6 Month,3.53,Aurangabad
5224,3,2018,3-2018,6 Month,4.20,Shillong
5229,2,2018,2-2018,60 Days,11.78,Bengaluru
5230,11,2017,11-2017,6 Month,2.80,Srinagar
5231,7,2017,7-2017,90 Days,2.80,Nasik
5232,5,2017,5-2017,12 Months,12.59,Bhopal
5234,12,2018,12-2018,12 Months,5.59,Chandigarh
5235,8,2017,8-2017,60 Days,3.53,Nasik
5238,2,2018,2-2018,24 Months and more,2.94,Pune
5239,9,2018,9-2018,60 Days,3.53,Bhopal
5241,3,2018,3-2018,60 Days,3.53,Delhi
5242,5,2018,5-2018,12 Months,7.07,Jaipur
5244,5,2018,5-2018,30 Days,8.24,Pune
5245,4,2018,4-2018,90 Days,5.89,Pune
5246,4,2017,4-2017,6 Month,2.36,Aurangabad
5247,8,2017,8-2017,12 Months,8.39,Srinagar
5248,10,2017,10-2017,30 Days,1.40,Gandhinagar
5250,3,2018,3-2018,90 Days,10.60,Chennai
5252,5,2017,5-2017,60 Days,2.94,Bhopal
5253,1,2018,1-2018,30 Days,14.13,Chennai
5254,9,2018,9-2018,12 Months,5.89,Pune
5256,11,2018,11-2018,90 Days,4.71,Shillong
5258,7,2017,7-2017,24 Months and more,5.59,Aurangabad
5259,9,2018,9-2018,6 Month,3.53,Chennai
5261,6,2018,6-2018,6 Month,2.94,Chandigarh
5263,9,2017,9-2017,60 Days,8.39,Delhi
5264,8,2017,8-2017,24 Months and more,12.59,Srinagar
5265,10,2018,10-2018,90 Days,12.59,Srinagar
5266,7,2017,7-2017,6 Month,4.71,Chandigarh
5269,3,2017,3-2017,90 Days,7.07,Pune
5270,9,2018,9-2018,60 Days,5.30,Gandhinagar
5273,9,2017,9-2017,90 Days,2.80,Pune
5274,2,2018,2-2018,30 Days,9.79,Nasik
5275,5,2017,5-2017,12 Months,11.78,Nasik
5277,7,2018,7-2018,12 Months,5.30,Pune
5278,7,2018,7-2018,6 Month,13.98,Chennai
5280,7,2018,7-2018,12 Months,13.98,Nasik
5281,4,2017,4-2017,30 Days,16.78,Jaipur
5282,8,2018,8-2018,90 Days,10.60,Pune
5286,10,2017,10-2017,24 Months and more,6.48,Aurangabad
5287,11,2017,11-2017,90 Days,12.59,Chennai
5288,4,2018,4-2018,24 Months and more,1.40,Chandigarh
5290,2,2018,2-2018,90 Days,10.60,Bengaluru
5291,5,2018,5-2018,90 Days,12.59,Chennai
5293,11,2018,11-2018,24 Months and more,5.59,Gandhinagar
5294,12,2018,12-2018,30 Days,8.39,Ranchi
5296,8,2017,8-2017,60 Days,6.48,Pune
5297,6,2017,6-2017,6 Month,5.30,Chandigarh
5302,2,2017,2-2017,30 Days,2.36,Pune
5304,3,2017,3-2017,30 Days,6.48,Shillong
5305,8,2017,8-2017,60 Days,4.12,Nasik
5306,2,2018,2-2018,90 Days,4.71,Bhopal
5307,8,2017,8-2017,12 Months,16.78,Aurangabad
5309,6,2018,6-2018,60 Days,3.53,Bengaluru
5311,8,2018,8-2018,90 Days,5.59,Ranchi
5314,11,2018,11-2018,30 Days,4.71,Delhi
5315,3,2017,3-2017,6 Month,15.38,Bhopal
5316,2,2017,2-2017,24 Months and more,3.53,Delhi
5320,5,2017,5-2017,6 Month,5.89,Bengaluru
5321,7,2018,7-2018,60 Days,4.12,Aurangabad
5328,10,2017,10-2017,30 Days,3.53,Shillong
5329,6,2018,6-2018,6 Month,6.48,Gandhinagar
5332,11,2017,11-2017,60 Days,6.99,Jaipur
5333,9,2017,9-2017,12 Months,2.80,Nasik
5335,1,2018,1-2018,24 Months and more,0.59,Bengaluru
5336,4,2017,4-2017,30 Days,4.12,Pune
5337,2,2018,2-2018,30 Days,11.19,Jaipur
5338,2,2018,2-2018,12 Months,1.18,Chennai
5339,10,2018,10-2018,12 Months,1.18,Ranchi
5340,7,2017,7-2017,12 Months,7.07,Ranchi
5341,9,2018,9-2018,90 Days,3.53,Bengaluru
5342,9,2017,9-2017,24 Months and more,5.59,Pune
5343,7,2017,7-2017,90 Days,10.60,Nasik
5344,6,2017,6-2017,6 Month,7.07,Delhi
5345,8,2017,8-2017,30 Days,1.18,Nasik
5346,10,2017,10-2017,90 Days,14.13,Gandhinagar
5347,4,2018,4-2018,60 Days,6.99,Pune
5348,9,2018,9-2018,60 Days,15.38,Chandigarh
5351,5,2018,5-2018,24 Months and more,2.36,Jaipur
5353,9,2018,9-2018,30 Days,1.18,Chandigarh
5355,2,2018,2-2018,90 Days,12.59,Jaipur
5357,1,2017,1-2017,6 Month,9.79,Srinagar
5358,12,2018,12-2018,60 Days,2.36,Bhopal
5361,7,2018,7-2018,60 Days,0.59,Nasik
5362,11,2017,11-2017,24 Months and more,0.59,Pune
5363,10,2017,10-2017,12 Months,3.53,Chennai
5364,8,2018,8-2018,12 Months,0.59,Ranchi
5366,7,2017,7-2017,24 Months and more,11.19,Aurangabad
5367,11,2017,11-2017,60 Days,1.40,Ranchi
5369,3,2018,3-2018,60 Days,5.59,Ranchi
5371,1,2018,1-2018,30 Days,13.98,Mumbai
5372,9,2017,9-2017,60 Days,12.95,Jaipur
5373,5,2018,5-2018,6 Month,13.98,Shillong
5377,7,2018,7-2018,60 Days,13.98,Bhopal
5379,11,2018,11-2018,60 Days,13.98,Jaipur
5381,12,2018,12-2018,6 Month,1.18,Nasik
5384,9,2017,9-2017,60 Days,10.60,Chandigarh
5387,8,2018,8-2018,24 Months and more,4.12,Aurangabad
5388,4,2017,4-2017,12 Months,1.77,Aurangabad
5389,11,2018,11-2018,24 Months and more,7.07,Aurangabad
5391,1,2018,1-2018,90 Days,3.53,Bhopal
5393,6,2017,6-2017,90 Days,0.59,Mumbai
5395,1,2018,1-2018,24 Months and more,4.71,Chennai
5396,11,2017,11-2017,30 Days,5.59,Gandhinagar
5397,1,2017,1-2017,60 Days,5.89,Srinagar
5398,2,2017,2-2017,90 Days,4.20,Nagpur
5399,9,2017,9-2017,30 Days,8.24,Chennai
5400,4,2018,4-2018,60 Days,12.59,Pune
5401,4,2018,4-2018,60 Days,2.94,Shillong
5402,11,2018,11-2018,12 Months,16.78,Chandigarh
5403,9,2017,9-2017,24 Months and more,6.48,Chandigarh
5404,5,2017,5-2017,30 Days,1.18,Nasik
5406,11,2018,11-2018,12 Months,5.30,Ranchi
5409,6,2017,6-2017,60 Days,1.18,Chennai
5411,10,2018,10-2018,30 Days,3.53,Nagpur
5412,7,2017,7-2017,12 Months,1.18,Pune
5413,1,2017,1-2017,90 Days,1.77,Gandhinagar
5414,6,2018,6-2018,90 Days,1.18,Gandhinagar
5416,5,2017,5-2017,12 Months,7.07,Pune
5417,1,2017,1-2017,90 Days,3.53,Ranchi
5419,6,2018,6-2018,12 Months,16.78,Mumbai
5420,12,2017,12-2017,30 Days,2.80,Nagpur
5422,7,2018,7-2018,12 Months,8.39,Gandhinagar
5423,4,2018,4-2018,6 Month,2.36,Gandhinagar
5424,2,2018,2-2018,90 Days,4.71,Bengaluru
5425,8,2017,8-2017,6 Month,5.59,Nasik
5426,11,2018,11-2018,12 Months,2.80,Bhopal
5427,12,2018,12-2018,12 Months,6.48,Gandhinagar
5428,6,2017,6-2017,24 Months and more,6.48,Nagpur
5429,1,2018,1-2018,90 Days,4.71,Chennai
5430,7,2018,7-2018,60 Days,4.71,Mumbai
5432,3,2017,3-2017,90 Days,1.40,Ranchi
5433,5,2017,5-2017,6 Month,2.94,Aurangabad
5434,4,2017,4-2017,90 Days,5.59,Chennai
5435,4,2018,4-2018,90 Days,16.78,Mumbai
5436,11,2018,11-2018,24 Months and more,5.89,Bhopal
5438,10,2018,10-2018,90 Days,4.20,Mumbai
5440,4,2017,4-2017,90 Days,1.40,Delhi
5441,10,2018,10-2018,30 Days,2.36,Nasik
5442,5,2018,5-2018,30 Days,7.07,Srinagar
5443,6,2018,6-2018,60 Days,0.59,Aurangabad
5444,6,2018,6-2018,90 Days,4.71,Nagpur
5446,9,2017,9-2017,90 Days,12.59,Chandigarh
5447,2,2017,2-2017,90 Days,2.36,Shillong
5448,9,2017,9-2017,12 Months,3.53,Aurangabad
5449,12,2018,12-2018,30 Days,16.78,Nagpur
5450,10,2018,10-2018,90 Days,0.59,Gandhinagar
5451,2,2018,2-2018,6 Month,4.12,Gandhinagar
5453,10,2017,10-2017,90 Days,8.24,Bengaluru
5454,8,2018,8-2018,60 Days,6.99,Shillong
5455,12,2017,12-2017,12 Months,9.79,Aurangabad
5458,12,2017,12-2017,6 Month,5.30,Mumbai
5460,6,2017,6-2017,60 Days,0.59,Pune
5461,3,2018,3-2018,90 Days,1.40,Nagpur
5462,6,2018,6-2018,12 Months,11.19,Nagpur
5463,7,2018,7-2018,30 Days,1.18,Chandigarh
5464,7,2018,7-2018,12 Months,11.19,Mumbai
5465,9,2018,9-2018,24 Months and more,1.77,Chennai
5466,3,2018,3-2018,30 Days,2.36,Mumbai
5470,8,2018,8-2018,12 Months,8.24,Nasik
5471,12,2017,12-2017,90 Days,4.12,Pune
5473,12,2017,12-2017,60 Days,4.12,Nagpur
5474,4,2018,4-2018,24 Months and more,2.94,Ranchi
5476,5,2017,5-2017,12 Months,9.79,Delhi
5477,10,2018,10-2018,60 Days,11.78,Gandhinagar
5479,10,2018,10-2018,24 Months and more,1.18,Jaipur
5480,12,2018,12-2018,6 Month,7.07,Bhopal
5481,8,2018,8-2018,24 Months and more,4.12,Delhi
5482,4,2018,4-2018,24 Months and more,5.30,Mumbai
5484,12,2018,12-2018,30 Days,1.77,Chandigarh
5486,4,2017,4-2017,60 Days,11.19,Nasik
5491,8,2018,8-2018,60 Days,6.48,Chandigarh
5494,3,2017,3-2017,24 Months and more,11.19,Chandigarh
5495,3,2017,3-2017,90 Days,9.79,Bhopal
5496,4,2017,4-2017,12 Months,4.12,Aurangabad
5497,3,2018,3-2018,30 Days,5.30,Chennai
5498,10,2018,10-2018,30 Days,6.99,Mumbai
5499,4,2018,4-2018,90 Days,1.18,Jaipur
5500,5,2018,5-2018,30 Days,1.77,Aurangabad
5501,4,2018,4-2018,12 Months,16.78,Nagpur
5503,3,2017,3-2017,90 Days,12.59,Aurangabad
5504,8,2017,8-2017,60 Days,2.36,Pune
5506,12,2017,12-2017,24 Months and more,7.07,Jaipur
5507,12,2017,12-2017,90 Days,1.77,Nasik
5510,10,2018,10-2018,24 Months and more,4.20,Bhopal
5511,6,2018,6-2018,6 Month,4.71,Chandigarh
5512,6,2017,6-2017,90 Days,6.48,Chandigarh
5516,8,2018,8-2018,6 Month,2.36,Mumbai
5518,12,2017,12-2017,24 Months and more,5.59,Gandhinagar
5519,1,2017,1-2017,6 Month,5.30,Bengaluru
5520,4,2017,4-2017,30 Days,12.59,Ranchi
5521,8,2017,8-2017,30 Days,1.18,Chandigarh
5522,9,2017,9-2017,30 Days,5.89,Ranchi
5523,11,2018,11-2018,60 Days,11.19,Nasik
5524,8,2018,8-2018,30 Days,6.99,Pune
5526,7,2018,7-2018,6 Month,1.77,Pune
5527,8,2017,8-2017,6 Month,4.12,Chennai
5528,8,2017,8-2017,12 Months,11.19,Delhi
5530,5,2017,5-2017,60 Days,9.79,Aurangabad
5531,8,2018,8-2018,12 Months,1.18,Gandhinagar
5536,7,2017,7-2017,90 Days,7.07,Nasik
5537,1,2018,1-2018,60 Days,2.94,Nasik
5538,12,2018,12-2018,12 Months,0.59,Aurangabad
5539,5,2017,5-2017,30 Days,4.20,Delhi
5540,5,2017,5-2017,90 Days,16.78,Gandhinagar
5541,9,2017,9-2017,24 Months and more,6.48,Gandhinagar
5543,10,2017,10-2017,6 Month,15.38,Delhi
5544,4,2017,4-2017,90 Days,9.79,Shillong
5549,5,2017,5-2017,12 Months,13.98,Srinagar
5551,6,2017,6-2017,60 Days,0.59,Bhopal
5555,2,2018,2-2018,6 Month,4.20,Pune
5556,8,2017,8-2017,60 Days,6.48,Ranchi
5558,7,2017,7-2017,24 Months and more,3.53,Nagpur
5559,2,2017,2-2017,30 Days,2.80,Jaipur
5561,7,2017,7-2017,12 Months,16.78,Gandhinagar
5562,8,2018,8-2018,60 Days,13.98,Srinagar
5564,7,2017,7-2017,24 Months and more,1.40,Nasik
5565,10,2017,10-2017,12 Months,1.77,Nagpur
5567,10,2017,10-2017,90 Days,2.36,Bhopal
5568,3,2017,3-2017,24 Months and more,2.36,Shillong
5569,7,2018,7-2018,24 Months and more,4.12,Bhopal
5571,6,2018,6-2018,24 Months and more,2.36,Pune
5572,4,2018,4-2018,24 Months and more,2.94,Aurangabad
5574,7,2018,7-2018,90 Days,2.94,Delhi
5575,3,2018,3-2018,12 Months,0.59,Aurangabad
5576,4,2017,4-2017,24 Months and more,1.77,Gandhinagar
5578,11,2018,11-2018,60 Days,2.36,Nagpur
5579,3,2018,3-2018,30 Days,2.36,Srinagar
5580,11,2018,11-2018,24 Months and more,2.36,Pune
5581,3,2017,3-2017,24 Months and more,2.94,Chandigarh
5582,3,2017,3-2017,12 Months,11.19,Srinagar
5583,10,2018,10-2018,90 Days,6.48,Bengaluru
5584,2,2018,2-2018,12 Months,4.71,Chennai
5585,10,2018,10-2018,60 Days,5.30,Mumbai
5591,2,2017,2-2017,24 Months and more,1.77,Chandigarh
5592,4,2017,4-2017,60 Days,13.98,Srinagar
5593,11,2018,11-2018,6 Month,5.30,Bengaluru
5594,6,2017,6-2017,30 Days,1.18,Bengaluru
5596,7,2018,7-2018,60 Days,9.79,Ranchi
5598,12,2017,12-2017,60 Days,5.89,Srinagar
5599,11,2018,11-2018,6 Month,5.59,Nagpur
5602,10,2018,10-2018,30 Days,14.13,Delhi
5604,4,2017,4-2017,24 Months and more,15.38,Delhi
5605,6,2017,6-2017,12 Months,6.99,Bhopal
5606,5,2017,5-2017,60 Days,8.39,Gandhinagar
5608,11,2018,11-2018,12 Months,16.78,Ranchi
5611,4,2018,4-2018,90 Days,6.48,Delhi
5613,11,2017,11-2017,60 Days,12.95,Mumbai
5614,2,2018,2-2018,24 Months and more,0.59,Srinagar
5616,4,2017,4-2017,24 Months and more,5.89,Srinagar
5617,8,2018,8-2018,90 Days,1.18,Nasik
5619,8,2018,8-2018,30 Days,10.60,Nasik
5621,8,2018,8-2018,90 Days,8.24,Mumbai
5622,1,2018,1-2018,12 Months,0.59,Gandhinagar
5623,11,2017,11-2017,12 Months,4.71,Bengaluru
5624,11,2017,11-2017,6 Month,10.60,Jaipur
5625,7,2017,7-2017,30 Days,0.59,Chandigarh
5626,6,2018,6-2018,24 Months and more,0.59,Srinagar
5629,8,2018,8-2018,30 Days,2.80,Chennai
5630,12,2018,12-2018,6 Month,16.78,Bengaluru
5631,9,2017,9-2017,30 Days,8.39,Shillong
5632,12,2018,12-2018,6 Month,5.30,Srinagar
5634,11,2017,11-2017,60 Days,11.19,Delhi
5635,3,2017,3-2017,24 Months and more,1.40,Mumbai
5636,8,2018,8-2018,30 Days,12.59,Srinagar
5639,1,2017,1-2017,12 Months,4.71,Nagpur
5642,6,2017,6-2017,12 Months,3.53,Delhi
5643,8,2017,8-2017,6 Month,12.59,Bengaluru
5645,8,2017,8-2017,6 Month,1.18,Srinagar
5646,11,2017,11-2017,90 Days,2.36,Bengaluru
5647,9,2018,9-2018,30 Days,2.94,Pune
5652,10,2018,10-2018,90 Days,5.30,Nasik
5653,4,2018,4-2018,90 Days,1.18,Gandhinagar
5655,9,2017,9-2017,90 Days,3.53,Delhi
5657,6,2018,6-2018,60 Days,10.60,Chandigarh
5661,1,2018,1-2018,24 Months and more,5.89,Shillong
5663,12,2017,12-2017,24 Months and more,6.48,Aurangabad
5664,9,2017,9-2017,12 Months,6.48,Chandigarh
5666,7,2018,7-2018,6 Month,15.38,Gandhinagar
5667,9,2017,9-2017,12 Months,4.71,Pune
5668,1,2017,1-2017,12 Months,12.95,Mumbai
5669,2,2017,2-2017,12 Months,4.12,Chennai
5671,5,2017,5-2017,90 Days,2.36,Pune
5672,2,2017,2-2017,6 Month,0.59,Nagpur
5675,7,2018,7-2018,6 Month,7.07,Gandhinagar
5678,11,2018,11-2018,6 Month,1.18,Chennai
5680,4,2017,4-2017,24 Months and more,13.98,Nasik
5682,3,2018,3-2018,30 Days,5.89,Nasik
5685,10,2017,10-2017,6 Month,5.59,Delhi
5686,12,2018,12-2018,24 Months and more,15.38,Pune
5687,9,2018,9-2018,6 Month,6.99,Jaipur
5688,3,2018,3-2018,6 Month,5.59,Mumbai
5689,6,2018,6-2018,6 Month,5.59,Nasik
5690,12,2018,12-2018,24 Months and more,0.59,Chennai
5691,5,2018,5-2018,12 Months,2.80,Chennai
5692,10,2018,10-2018,6 Month,4.71,Gandhinagar
5696,11,2018,11-2018,12 Months,5.89,Mumbai
5698,9,2017,9-2017,60 Days,12.59,Srinagar
5699,12,2018,12-2018,90 Days,11.19,Pune
5702,4,2018,4-2018,6 Month,3.53,Delhi
5703,5,2017,5-2017,24 Months and more,11.19,Delhi
5705,9,2018,9-2018,6 Month,6.99,Aurangabad
5707,8,2017,8-2017,90 Days,4.71,Shillong
5708,4,2017,4-2017,30 Days,2.36,Srinagar
5711,5,2017,5-2017,24 Months and more,6.99,Shillong
5712,9,2017,9-2017,60 Days,5.89,Srinagar
5713,4,2018,4-2018,6 Month,2.94,Bengaluru
5714,10,2018,10-2018,6 Month,2.94,Bengaluru
5716,11,2017,11-2017,90 Days,8.39,Nagpur
5718,10,2018,10-2018,30 Days,4.71,Nagpur
5719,2,2018,2-2018,6 Month,12.59,Bhopal
5720,5,2018,5-2018,24 Months and more,1.40,Shillong
5721,10,2018,10-2018,6 Month,4.12,Ranchi
5722,6,2018,6-2018,24 Months and more,0.59,Bhopal
5724,8,2018,8-2018,30 Days,1.77,Aurangabad
5725,2,2018,2-2018,24 Months and more,4.71,Mumbai
5726,12,2017,12-2017,24 Months and more,2.36,Aurangabad
5727,8,2017,8-2017,24 Months and more,4.12,Pune
5728,2,2017,2-2017,30 Days,5.59,Srinagar
5729,8,2017,8-2017,60 Days,13.98,Bhopal
5730,2,2017,2-2017,90 Days,12.59,Aurangabad
5733,12,2017,12-2017,6 Month,15.38,Delhi
5735,8,2017,8-2017,90 Days,1.18,Delhi
5736,4,2018,4-2018,90 Days,7.07,Nagpur
5739,1,2018,1-2018,60 Days,5.30,Delhi
5740,6,2018,6-2018,6 Month,2.80,Chennai
5744,3,2017,3-2017,12 Months,5.59,Nagpur
5745,9,2017,9-2017,6 Month,1.18,Shillong
5746,10,2018,10-2018,30 Days,6.48,Bhopal
5748,7,2017,7-2017,90 Days,15.38,Gandhinagar
5749,10,2017,10-2017,12 Months,5.30,Pune
5751,3,2018,3-2018,30 Days,7.07,Srinagar
5752,3,2018,3-2018,24 Months and more,3.53,Ranchi
5753,4,2018,4-2018,60 Days,4.12,Nagpur
5754,11,2017,11-2017,24 Months and more,4.20,Ranchi
5755,6,2018,6-2018,60 Days,1.40,Chennai
5756,9,2018,9-2018,6 Month,5.59,Aurangabad
5758,6,2018,6-2018,12 Months,12.59,Ranchi
5759,10,2018,10-2018,30 Days,2.94,Jaipur
5761,4,2017,4-2017,24 Months and more,9.79,Nasik
5762,1,2017,1-2017,60 Days,9.42,Bhopal
5763,12,2017,12-2017,30 Days,4.20,Pune
5765,9,2018,9-2018,60 Days,5.30,Shillong
5766,7,2018,7-2018,6 Month,2.80,Shillong
5767,3,2017,3-2017,24 Months and more,3.53,Delhi
5769,8,2018,8-2018,30 Days,3.53,Bengaluru
5771,8,2017,8-2017,60 Days,1.77,Aurangabad
5774,6,2017,6-2017,30 Days,5.89,Pune
5775,10,2018,10-2018,90 Days,3.53,Pune
5777,9,2018,9-2018,90 Days,5.30,Srinagar
5778,2,2018,2-2018,24 Months and more,4.71,Gandhinagar
5779,3,2018,3-2018,24 Months and more,1.18,Mumbai
5782,2,2018,2-2018,12 Months,5.30,Jaipur
5783,9,2017,9-2017,24 Months and more,4.12,Nasik
5789,4,2018,4-2018,6 Month,1.18,Srinagar
5790,10,2018,10-2018,12 Months,5.30,Nagpur
5791,6,2018,6-2018,12 Months,5.89,Chandigarh
5792,9,2018,9-2018,6 Month,5.89,Srinagar
5793,3,2017,3-2017,12 Months,2.94,Chandigarh
5794,10,2018,10-2018,6 Month,5.30,Bengaluru
5795,4,2018,4-2018,6 Month,5.59,Bhopal
5796,10,2017,10-2017,30 Days,15.38,Delhi
5798,5,2017,5-2017,12 Months,6.48,Nasik
5800,3,2018,3-2018,90 Days,5.89,Nasik
5803,9,2017,9-2017,30 Days,14.13,Gandhinagar
5804,8,2018,8-2018,6 Month,2.80,Bhopal
5805,10,2017,10-2017,6 Month,2.94,Aurangabad
5806,2,2018,2-2018,12 Months,4.20,Nasik
5808,2,2018,2-2018,24 Months and more,8.39,Gandhinagar
5809,5,2017,5-2017,60 Days,11.19,Nasik
5810,2,2018,2-2018,24 Months and more,5.89,Shillong
5812,2,2017,2-2017,60 Days,11.78,Mumbai
5813,4,2017,4-2017,6 Month,12.59,Bhopal
5814,5,2017,5-2017,24 Months and more,1.40,Nasik
5815,1,2017,1-2017,24 Months and more,4.71,Bengaluru
5816,4,2017,4-2017,90 Days,2.94,Nagpur
5817,5,2017,5-2017,60 Days,11.19,Chennai
5818,1,2018,1-2018,6 Month,8.24,Jaipur
5819,8,2018,8-2018,90 Days,6.48,Jaipur
5820,3,2018,3-2018,30 Days,2.94,Bengaluru
5821,1,2018,1-2018,90 Days,15.38,Bhopal
5822,6,2018,6-2018,12 Months,5.59,Ranchi
5823,12,2017,12-2017,6 Month,7.07,Bhopal
5824,7,2018,7-2018,90 Days,0.59,Ranchi
5825,1,2018,1-2018,60 Days,5.30,Aurangabad
5826,5,2017,5-2017,90 Days,13.98,Shillong
5827,5,2017,5-2017,6 Month,6.99,Ranchi
5829,5,2017,5-2017,90 Days,3.53,Shillong
5830,7,2018,7-2018,12 Months,1.40,Gandhinagar
5831,5,2017,5-2017,90 Days,2.94,Gandhinagar
5832,6,2017,6-2017,24 Months and more,4.71,Srinagar
5836,11,2017,11-2017,12 Months,0.59,Ranchi
5837,5,2018,5-2018,90 Days,8.39,Aurangabad
5838,11,2017,11-2017,24 Months and more,6.48,Aurangabad
5839,11,2017,11-2017,60 Days,4.71,Chandigarh
5840,11,2018,11-2018,24 Months and more,4.71,Srinagar
5841,7,2017,7-2017,6 Month,4.71,Shillong
5844,8,2018,8-2018,60 Days,4.12,Aurangabad
5845,1,2017,1-2017,6 Month,2.36,Bengaluru
5846,10,2017,10-2017,12 Months,1.77,Chennai
5849,4,2017,4-2017,12 Months,8.39,Mumbai
5850,2,2017,2-2017,12 Months,4.12,Ranchi
5851,7,2018,7-2018,30 Days,6.48,Gandhinagar
5852,3,2017,3-2017,12 Months,2.36,Aurangabad
5853,2,2017,2-2017,24 Months and more,0.59,Shillong
5854,8,2017,8-2017,12 Months,1.18,Bengaluru
5856,12,2017,12-2017,90 Days,5.59,Chandigarh
5857,4,2018,4-2018,60 Days,5.30,Srinagar
5858,7,2018,7-2018,60 Days,13.98,Pune
5859,12,2018,12-2018,24 Months and more,11.19,Nasik
5860,2,2017,2-2017,30 Days,12.95,Gandhinagar
5861,12,2018,12-2018,60 Days,9.79,Jaipur
5862,3,2018,3-2018,6 Month,5.59,Nasik
5864,7,2018,7-2018,12 Months,16.78,Pune
5865,4,2017,4-2017,30 Days,1.18,Mumbai
5868,8,2018,8-2018,90 Days,2.94,Mumbai
5871,2,2017,2-2017,24 Months and more,8.24,Bhopal
5873,8,2017,8-2017,6 Month,9.42,Bengaluru
5874,9,2017,9-2017,24 Months and more,2.80,Nasik
5876,7,2018,7-2018,30 Days,5.30,Shillong
5877,10,2017,10-2017,90 Days,7.07,Shillong
5879,8,2018,8-2018,60 Days,2.36,Mumbai
5880,5,2018,5-2018,6 Month,15.38,Bhopal
5884,7,2017,7-2017,12 Months,12.59,Chandigarh
5886,3,2018,3-2018,12 Months,4.71,Shillong
5887,10,2018,10-2018,6 Month,7.07,Aurangabad
5889,12,2017,12-2017,90 Days,15.38,Nagpur
5890,7,2017,7-2017,12 Months,12.59,Chennai
5891,6,2018,6-2018,12 Months,1.18,Bhopal
5894,6,2018,6-2018,6 Month,16.78,Shillong
5896,6,2018,6-2018,90 Days,1.77,Shillong
5897,11,2018,11-2018,60 Days,2.94,Aurangabad
5898,3,2018,3-2018,24 Months and more,12.59,Pune
5899,1,2018,1-2018,12 Months,1.77,Bhopal
5901,11,2017,11-2017,60 Days,12.95,Ranchi
5904,8,2017,8-2017,60 Days,4.71,Chandigarh
5905,3,2017,3-2017,90 Days,13.98,Srinagar
5906,2,2018,2-2018,12 Months,3.53,Mumbai
5907,8,2017,8-2017,12 Months,2.36,Shillong
5908,12,2017,12-2017,12 Months,7.07,Bhopal
5909,2,2018,2-2018,12 Months,1.40,Pune
5910,10,2017,10-2017,90 Days,16.78,Chennai
5913,8,2017,8-2017,30 Days,5.59,Ranchi
5914,4,2018,4-2018,24 Months and more,3.53,Jaipur
5915,12,2017,12-2017,12 Months,7.07,Shillong
5916,10,2018,10-2018,24 Months and more,6.99,Delhi
5917,6,2017,6-2017,24 Months and more,4.71,Chandigarh
5918,3,2017,3-2017,24 Months and more,2.36,Shillong
5919,6,2017,6-2017,90 Days,5.30,Delhi
5924,5,2017,5-2017,6 Month,11.19,Nasik
5925,8,2017,8-2017,60 Days,6.48,Shillong
5926,11,2018,11-2018,24 Months and more,9.79,Aurangabad
5927,8,2017,8-2017,24 Months and more,2.36,Pune
5929,10,2017,10-2017,90 Days,3.53,Nasik
5930,5,2018,5-2018,30 Days,9.79,Shillong
5932,3,2017,3-2017,60 Days,4.71,Jaipur
5933,3,2018,3-2018,6 Month,0.59,Pune
5935,12,2018,12-2018,60 Days,6.48,Delhi
5937,5,2017,5-2017,30 Days,16.78,Shillong
5938,3,2018,3-2018,6 Month,4.20,Jaipur
5939,6,2017,6-2017,30 Days,1.77,Chennai
5940,10,2017,10-2017,30 Days,9.42,Chennai
5941,6,2018,6-2018,30 Days,2.94,Delhi
5942,11,2018,11-2018,90 Days,5.59,Delhi
5943,4,2018,4-2018,12 Months,4.71,Shillong
5944,1,2018,1-2018,12 Months,4.71,Chandigarh
5945,9,2017,9-2017,90 Days,7.07,Ranchi
5946,10,2018,10-2018,12 Months,6.48,Mumbai
5947,11,2017,11-2017,12 Months,12.59,Nagpur
5951,7,2018,7-2018,24 Months and more,9.79,Delhi
5954,3,2017,3-2017,6 Month,15.38,Aurangabad
5955,7,2018,7-2018,30 Days,8.39,Nagpur
5956,11,2017,11-2017,60 Days,3.53,Bhopal
5957,4,2018,4-2018,6 Month,5.30,Ranchi
5958,10,2018,10-2018,24 Months and more,2.94,Bengaluru
5960,2,2017,2-2017,12 Months,12.59,Pune
5962,5,2018,5-2018,60 Days,5.30,Jaipur
5965,1,2018,1-2018,90 Days,6.48,Shillong
5966,9,2018,9-2018,90 Days,16.78,Jaipur
5967,1,2018,1-2018,12 Months,4.20,Bhopal
5969,11,2018,11-2018,90 Days,1.77,Pune
5970,1,2017,1-2017,60 Days,5.59,Bhopal
5971,3,2017,3-2017,6 Month,0.59,Chandigarh
5972,3,2018,3-2018,30 Days,3.53,Shillong
5974,11,2017,11-2017,24 Months and more,9.79,Jaipur
5975,2,2017,2-2017,6 Month,7.07,Bhopal
5976,11,2018,11-2018,12 Months,4.12,Shillong
5977,10,2018,10-2018,12 Months,5.30,Jaipur
5978,4,2017,4-2017,90 Days,5.89,Pune
5979,2,2017,2-2017,30 Days,13.98,Pune
5980,5,2017,5-2017,12 Months,4.20,Bhopal
5981,1,2017,1-2017,12 Months,2.36,Jaipur
5982,4,2017,4-2017,30 Days,6.99,Nagpur
5983,4,2017,4-2017,90 Days,15.38,Bhopal
5987,8,2018,8-2018,24 Months and more,4.71,Chennai
5989,1,2018,1-2018,30 Days,9.79,Shillong
5991,5,2017,5-2017,90 Days,4.71,Pune
5992,9,2018,9-2018,90 Days,1.18,Nasik
5994,2,2018,2-2018,12 Months,15.38,Gandhinagar
5995,3,2017,3-2017,60 Days,1.18,Pune
6000,2,2018,2-2018,24 Months and more,2.36,Shillong
6001,2,2017,2-2017,60 Days,1.18,Pune
6003,2,2017,2-2017,60 Days,1.77,Bhopal
6005,5,2018,5-2018,30 Days,6.48,Srinagar
6006,4,2017,4-2017,90 Days,6.99,Srinagar
6008,9,2017,9-2017,30 Days,12.95,Chennai
6013,6,2017,6-2017,90 Days,4.71,Shillong
6015,7,2018,7-2018,90 Days,1.77,Shillong
6016,2,2018,2-2018,12 Months,8.39,Nasik
6017,5,2017,5-2017,90 Days,14.13,Jaipur
6018,9,2018,9-2018,12 Months,5.89,Chandigarh
6019,2,2018,2-2018,30 Days,13.98,Delhi
6020,2,2018,2-2018,12 Months,6.48,Nasik
6022,5,2017,5-2017,60 Days,5.89,Delhi
6023,4,2018,4-2018,12 Months,7.07,Bhopal
6025,9,2018,9-2018,30 Days,1.77,Nasik
6026,1,2018,1-2018,12 Months,1.40,Ranchi
6027,7,2017,7-2017,6 Month,4.71,Jaipur
6028,2,2017,2-2017,30 Days,5.89,Bhopal
6029,10,2018,10-2018,24 Months and more,2.36,Nasik
6030,8,2018,8-2018,24 Months and more,4.20,Chennai
6031,3,2018,3-2018,30 Days,6.99,Chennai
6033,7,2017,7-2017,24 Months and more,2.36,Chandigarh
6034,5,2018,5-2018,12 Months,16.78,Bhopal
6035,11,2018,11-2018,60 Days,4.12,Srinagar
6036,10,2018,10-2018,12 Months,3.53,Jaipur
6037,8,2017,8-2017,12 Months,15.38,Ranchi
6038,8,2018,8-2018,90 Days,5.89,Bhopal
6039,3,2017,3-2017,12 Months,3.53,Shillong
6040,6,2018,6-2018,30 Days,1.40,Delhi
6041,8,2018,8-2018,60 Days,2.80,Chandigarh
6044,2,2018,2-2018,6 Month,13.98,Nagpur
6046,2,2017,2-2017,24 Months and more,7.07,Mumbai
6047,11,2018,11-2018,24 Months and more,1.77,Nasik
6048,6,2018,6-2018,60 Days,4.71,Chennai
6050,5,2018,5-2018,6 Month,15.38,Chennai
6051,5,2018,5-2018,60 Days,2.36,Gandhinagar
6052,7,2017,7-2017,24 Months and more,6.48,Aurangabad
6053,12,2017,12-2017,60 Days,5.30,Mumbai
6054,12,2017,12-2017,24 Months and more,5.59,Nasik
6055,5,2017,5-2017,30 Days,1.18,Ranchi
6056,5,2018,5-2018,60 Days,2.94,Chennai
6057,7,2017,7-2017,30 Days,7.07,Chandigarh
6059,4,2018,4-2018,90 Days,4.12,Delhi
6062,2,2018,2-2018,24 Months and more,1.77,Chandigarh
6063,8,2018,8-2018,24 Months and more,2.80,Shillong
6064,2,2017,2-2017,24 Months and more,7.07,Aurangabad
6066,9,2018,9-2018,12 Months,5.59,Aurangabad
6067,2,2018,2-2018,12 Months,6.99,Nasik
6069,1,2017,1-2017,6 Month,4.12,Bengaluru
6070,1,2017,1-2017,30 Days,12.95,Shillong
6071,10,2017,10-2017,60 Days,7.07,Bengaluru
6073,5,2018,5-2018,30 Days,0.59,Nagpur
6074,11,2018,11-2018,30 Days,2.36,Chennai
6076,3,2018,3-2018,30 Days,9.79,Srinagar
6077,8,2017,8-2017,24 Months and more,10.60,Nasik
6078,4,2017,4-2017,12 Months,1.18,Delhi
6080,4,2017,4-2017,6 Month,11.78,Mumbai
6082,2,2018,2-2018,90 Days,12.95,Bengaluru
6083,1,2018,1-2018,6 Month,2.94,Chennai
6086,2,2017,2-2017,6 Month,3.53,Shillong
6092,7,2017,7-2017,6 Month,9.79,Nagpur
6093,9,2018,9-2018,90 Days,5.89,Aurangabad
6095,1,2018,1-2018,6 Month,2.80,Chandigarh
6096,5,2017,5-2017,12 Months,1.40,Nagpur
6098,2,2018,2-2018,12 Months,1.77,Mumbai
6099,5,2018,5-2018,6 Month,6.48,Shillong
6102,11,2018,11-2018,24 Months and more,12.59,Delhi
6104,11,2018,11-2018,12 Months,11.19,Nasik
6106,8,2018,8-2018,60 Days,5.59,Nagpur
6107,9,2017,9-2017,12 Months,13.98,Ranchi
6109,6,2017,6-2017,30 Days,3.53,Bhopal
6110,2,2017,2-2017,24 Months and more,6.48,Chennai
6112,6,2017,6-2017,60 Days,2.80,Shillong
6113,1,2017,1-2017,60 Days,2.94,Shillong
6114,6,2017,6-2017,24 Months and more,6.48,Nagpur
6116,5,2018,5-2018,60 Days,1.40,Srinagar
6117,7,2018,7-2018,24 Months and more,5.89,Delhi
6120,6,2017,6-2017,60 Days,6.99,Jaipur
6123,4,2018,4-2018,12 Months,3.53,Bengaluru
6126,10,2017,10-2017,30 Days,2.36,Bengaluru
6127,9,2017,9-2017,12 Months,0.59,Chandigarh
6129,12,2017,12-2017,30 Days,5.30,Bhopal
6131,5,2017,5-2017,6 Month,7.07,Bengaluru
6132,1,2017,1-2017,90 Days,1.40,Chennai
6133,7,2018,7-2018,24 Months and more,13.98,Pune
6134,7,2018,7-2018,90 Days,2.94,Aurangabad
6135,6,2018,6-2018,90 Days,1.18,Delhi
6137,10,2018,10-2018,12 Months,15.38,Mumbai
6139,2,2018,2-2018,60 Days,1.18,Aurangabad
6140,12,2017,12-2017,30 Days,1.18,Jaipur
6141,4,2018,4-2018,60 Days,6.99,Gandhinagar
6142,10,2018,10-2018,30 Days,4.12,Chandigarh
6143,8,2018,8-2018,24 Months and more,13.98,Srinagar
6144,12,2017,12-2017,90 Days,1.40,Aurangabad
6146,9,2018,9-2018,30 Days,15.38,Gandhinagar
6148,8,2017,8-2017,6 Month,1.18,Bengaluru
6151,11,2018,11-2018,60 Days,7.07,Bhopal
6152,2,2017,2-2017,24 Months and more,1.40,Bengaluru
6155,6,2017,6-2017,6 Month,9.42,Gandhinagar
6156,7,2017,7-2017,90 Days,5.89,Bengaluru
6159,4,2017,4-2017,30 Days,0.59,Aurangabad
6160,3,2017,3-2017,6 Month,13.98,Jaipur
6161,1,2018,1-2018,60 Days,0.59,Bengaluru
6163,4,2017,4-2017,60 Days,16.78,Mumbai
6164,8,2017,8-2017,6 Month,1.18,Chandigarh
6165,1,2017,1-2017,90 Days,5.30,Srinagar
6166,11,2017,11-2017,30 Days,2.36,Chennai
6168,6,2017,6-2017,6 Month,9.79,Bengaluru
6169,6,2017,6-2017,30 Days,2.94,Delhi
6170,8,2018,8-2018,6 Month,5.89,Aurangabad
6171,10,2018,10-2018,60 Days,15.38,Ranchi
6173,5,2018,5-2018,30 Days,16.78,Chandigarh
6174,4,2018,4-2018,12 Months,11.19,Chandigarh
6175,3,2017,3-2017,6 Month,15.38,Shillong
6177,3,2018,3-2018,30 Days,12.59,Bhopal
6178,6,2018,6-2018,24 Months and more,0.59,Pune
6180,8,2017,8-2017,30 Days,5.89,Mumbai
6181,4,2018,4-2018,30 Days,5.89,Bhopal
6182,10,2017,10-2017,30 Days,3.53,Gandhinagar
6183,7,2018,7-2018,90 Days,2.80,Aurangabad
6184,3,2018,3-2018,24 Months and more,6.99,Gandhinagar
6186,7,2018,7-2018,24 Months and more,4.20,Aurangabad
6188,6,2018,6-2018,12 Months,5.30,Jaipur
6189,9,2018,9-2018,6 Month,2.94,Ranchi
6190,4,2018,4-2018,30 Days,5.89,Srinagar
6191,12,2017,12-2017,6 Month,1.18,Chennai
6196,12,2018,12-2018,90 Days,6.48,Jaipur
6197,12,2017,12-2017,90 Days,2.80,Delhi
6198,1,2018,1-2018,60 Days,15.38,Gandhinagar
6201,8,2017,8-2017,12 Months,0.59,Bengaluru
6202,3,2018,3-2018,12 Months,5.59,Shillong
6203,4,2018,4-2018,90 Days,2.36,Bengaluru
6204,2,2018,2-2018,12 Months,8.39,Nagpur
6205,3,2017,3-2017,90 Days,5.89,Nagpur
6206,3,2018,3-2018,60 Days,6.99,Gandhinagar
6207,11,2017,11-2017,30 Days,2.36,Nagpur
6208,1,2017,1-2017,6 Month,5.30,Pune
6211,11,2018,11-2018,30 Days,1.18,Gandhinagar
6212,6,2017,6-2017,90 Days,14.13,Nagpur
6214,4,2017,4-2017,90 Days,6.99,Gandhinagar
6216,5,2018,5-2018,6 Month,2.80,Srinagar
6219,12,2018,12-2018,30 Days,5.30,Bhopal
6220,7,2017,7-2017,30 Days,4.20,Srinagar
6221,9,2018,9-2018,60 Days,11.78,Chennai
6222,11,2017,11-2017,24 Months and more,2.80,Bhopal
6223,3,2018,3-2018,6 Month,6.48,Nasik
6225,4,2017,4-2017,24 Months and more,9.79,Bengaluru
6228,11,2017,11-2017,30 Days,11.78,Ranchi
6229,1,2017,1-2017,6 Month,7.07,Chandigarh
6230,12,2017,12-2017,30 Days,1.40,Shillong
6231,3,2018,3-2018,24 Months and more,2.36,Jaipur
6234,4,2018,4-2018,30 Days,1.77,Chandigarh
6238,5,2018,5-2018,24 Months and more,1.18,Aurangabad
6239,10,2018,10-2018,60 Days,1.18,Nasik
6240,11,2018,11-2018,12 Months,15.38,Chandigarh
6241,4,2018,4-2018,30 Days,4.12,Pune
6242,10,2018,10-2018,60 Days,4.20,Jaipur
6244,6,2017,6-2017,90 Days,12.59,Nasik
6245,4,2018,4-2018,30 Days,5.30,Srinagar
6246,1,2018,1-2018,90 Days,8.39,Bhopal
6247,3,2018,3-2018,90 Days,5.30,Chennai
6248,3,2017,3-2017,60 Days,12.59,Gandhinagar
6249,6,2017,6-2017,90 Days,3.53,Aurangabad
6250,5,2018,5-2018,24 Months and more,6.48,Chennai
6254,9,2017,9-2017,90 Days,2.80,Chennai
6256,8,2017,8-2017,60 Days,4.71,Srinagar
6257,11,2017,11-2017,90 Days,12.95,Pune
6259,10,2018,10-2018,90 Days,1.77,Shillong
6260,8,2017,8-2017,24 Months and more,5.89,Jaipur
6261,3,2018,3-2018,30 Days,4.20,Nagpur
6262,3,2017,3-2017,24 Months and more,7.07,Gandhinagar
6263,5,2018,5-2018,24 Months and more,14.13,Bengaluru
6264,11,2017,11-2017,30 Days,3.53,Chennai
6265,5,2018,5-2018,6 Month,15.38,Aurangabad
6266,10,2017,10-2017,30 Days,7.07,Mumbai
6269,5,2018,5-2018,90 Days,6.48,Pune
6272,7,2017,7-2017,90 Days,16.78,Shillong
6273,10,2018,10-2018,90 Days,16.78,Nasik
6275,7,2018,7-2018,90 Days,1.18,Ranchi
6277,7,2018,7-2018,12 Months,13.98,Srinagar
6278,9,2018,9-2018,90 Days,4.71,Srinagar
6279,3,2018,3-2018,90 Days,7.07,Bengaluru
6280,11,2017,11-2017,90 Days,4.71,Ranchi
6281,1,2018,1-2018,30 Days,16.78,Aurangabad
6282,12,2017,12-2017,12 Months,14.13,Shillong
6283,3,2017,3-2017,12 Months,12.59,Bhopal
6285,9,2017,9-2017,60 Days,4.71,Nasik
6286,8,2018,8-2018,12 Months,7.07,Chennai
6288,9,2018,9-2018,24 Months and more,5.89,Pune
6290,7,2017,7-2017,24 Months and more,12.95,Gandhinagar
6291,4,2018,4-2018,30 Days,15.38,Delhi
6292,1,2017,1-2017,30 Days,6.48,Chennai
6293,10,2017,10-2017,90 Days,3.53,Delhi
6294,4,2018,4-2018,90 Days,6.99,Gandhinagar
6295,5,2018,5-2018,24 Months and more,1.77,Gandhinagar
6300,12,2018,12-2018,6 Month,6.48,Pune
6301,5,2018,5-2018,90 Days,8.24,Bhopal
6303,7,2018,7-2018,90 Days,2.80,Bengaluru
6304,7,2018,7-2018,30 Days,11.78,Bengaluru
6307,9,2017,9-2017,6 Month,12.95,Bengaluru
6308,12,2017,12-2017,90 Days,6.99,Jaipur
6309,6,2017,6-2017,90 Days,11.19,Shillong
6311,1,2018,1-2018,6 Month,7.07,Aurangabad
6313,10,2017,10-2017,12 Months,1.77,Srinagar
6314,11,2018,11-2018,90 Days,11.78,Nagpur
6315,10,2018,10-2018,12 Months,10.60,Shillong
6316,6,2018,6-2018,24 Months and more,7.07,Nasik
6317,7,2018,7-2018,24 Months and more,2.36,Nagpur
6319,12,2017,12-2017,24 Months and more,6.48,Ranchi
6320,8,2017,8-2017,12 Months,2.80,Ranchi
6321,3,2017,3-2017,6 Month,6.48,Mumbai
6322,7,2018,7-2018,6 Month,3.53,Jaipur
6324,3,2017,3-2017,6 Month,7.07,Nagpur
6325,3,2017,3-2017,12 Months,2.36,Nasik
6326,12,2017,12-2017,60 Days,13.98,Aurangabad
6327,6,2018,6-2018,30 Days,15.38,Pune
6329,2,2017,2-2017,12 Months,2.94,Nasik
6330,12,2017,12-2017,24 Months and more,4.71,Srinagar
6331,1,2017,1-2017,60 Days,15.38,Nasik
6332,7,2017,7-2017,30 Days,6.99,Srinagar
6333,4,2018,4-2018,24 Months and more,4.12,Bengaluru
6334,1,2018,1-2018,30 Days,5.59,Shillong
6335,5,2018,5-2018,6 Month,12.59,Pune
6336,1,2017,1-2017,60 Days,2.94,Gandhinagar
6338,12,2017,12-2017,90 Days,0.59,Gandhinagar
6339,5,2017,5-2017,60 Days,6.48,Aurangabad
6340,2,2017,2-2017,30 Days,6.99,Nasik
6342,8,2018,8-2018,24 Months and more,12.59,Aurangabad
6343,9,2018,9-2018,30 Days,2.94,Aurangabad
6344,6,2017,6-2017,6 Month,15.38,Chennai
6346,1,2018,1-2018,60 Days,3.53,Pune
6348,12,2017,12-2017,90 Days,11.19,Bengaluru
6350,10,2017,10-2017,6 Month,4.12,Nagpur
6352,8,2017,8-2017,60 Days,1.40,Bengaluru
6353,4,2018,4-2018,30 Days,8.39,Bhopal
6354,9,2017,9-2017,30 Days,1.77,Srinagar
6355,2,2017,2-2017,6 Month,5.89,Nagpur
6356,10,2018,10-2018,12 Months,7.07,Jaipur
6359,2,2018,2-2018,30 Days,16.78,Delhi
6360,12,2018,12-2018,60 Days,5.89,Bhopal
6361,1,2018,1-2018,90 Days,3.53,Shillong
6362,2,2017,2-2017,30 Days,2.80,Nagpur
6363,7,2018,7-2018,30 Days,2.94,Srinagar
6364,11,2017,11-2017,24 Months and more,2.80,Shillong
6367,2,2017,2-2017,90 Days,1.77,Bengaluru
6368,9,2018,9-2018,12 Months,8.39,Nagpur
6371,8,2017,8-2017,6 Month,2.36,Gandhinagar
6372,2,2017,2-2017,60 Days,5.59,Nagpur
6374,7,2018,7-2018,12 Months,3.53,Delhi
6375,4,2018,4-2018,90 Days,5.89,Chennai
6376,11,2018,11-2018,60 Days,1.40,Shillong
6379,1,2018,1-2018,30 Days,4.20,Pune
6380,12,2017,12-2017,90 Days,12.59,Aurangabad
6382,1,2018,1-2018,6 Month,11.19,Pune
6383,11,2017,11-2017,30 Days,14.13,Gandhinagar
6385,2,2017,2-2017,90 Days,7.07,Aurangabad
6386,12,2018,12-2018,60 Days,5.30,Nagpur
6387,3,2017,3-2017,60 Days,1.77,Delhi
6389,6,2018,6-2018,6 Month,1.18,Aurangabad
6391,3,2017,3-2017,24 Months and more,4.20,Bhopal
6392,3,2017,3-2017,24 Months and more,7.07,Chandigarh
6393,5,2017,5-2017,6 Month,12.59,Gandhinagar
6398,7,2018,7-2018,90 Days,1.40,Aurangabad
6400,8,2017,8-2017,24 Months and more,7.07,Pune
6401,1,2017,1-2017,6 Month,8.39,Chennai
6402,1,2018,1-2018,6 Month,4.71,Nagpur
6403,3,2018,3-2018,24 Months and more,12.59,Nasik
6405,8,2018,8-2018,6 Month,16.78,Shillong
6406,5,2017,5-2017,24 Months and more,1.18,Ranchi
6407,2,2017,2-2017,90 Days,4.71,Mumbai
6409,3,2018,3-2018,90 Days,1.18,Srinagar
6410,12,2017,12-2017,12 Months,0.59,Jaipur
6411,8,2017,8-2017,6 Month,5.89,Nagpur
6414,9,2018,9-2018,24 Months and more,1.18,Shillong
6416,12,2018,12-2018,60 Days,4.12,Delhi
6417,12,2017,12-2017,30 Days,9.79,Srinagar
6419,2,2017,2-2017,30 Days,2.94,Bengaluru
6420,8,2018,8-2018,60 Days,8.39,Pune
6424,4,2017,4-2017,90 Days,2.80,Srinagar
6425,3,2018,3-2018,30 Days,11.19,Nagpur
6428,8,2018,8-2018,30 Days,8.39,Delhi
6430,10,2018,10-2018,6 Month,9.79,Pune
6431,10,2017,10-2017,6 Month,0.59,Chennai
6432,1,2018,1-2018,12 Months,15.38,Delhi
6433,3,2017,3-2017,30 Days,1.18,Srinagar
6434,1,2017,1-2017,90 Days,0.59,Nagpur
6435,10,2018,10-2018,30 Days,2.94,Gandhinagar
6436,6,2017,6-2017,12 Months,2.94,Chennai
6438,5,2017,5-2017,90 Days,9.79,Gandhinagar
6440,9,2018,9-2018,24 Months and more,4.71,Gandhinagar
6441,10,2017,10-2017,24 Months and more,9.42,Pune
6442,8,2018,8-2018,6 Month,1.18,Ranchi
6445,1,2018,1-2018,6 Month,4.20,Ranchi
6446,1,2017,1-2017,12 Months,3.53,Jaipur
6447,8,2018,8-2018,6 Month,4.12,Mumbai
6448,7,2018,7-2018,30 Days,7.07,Gandhinagar
6449,2,2018,2-2018,90 Days,4.71,Chennai
6450,11,2017,11-2017,24 Months and more,7.07,Shillong
6451,9,2018,9-2018,12 Months,4.12,Srinagar
6452,2,2018,2-2018,12 Months,8.39,Bhopal
6456,1,2017,1-2017,30 Days,7.07,Aurangabad
6457,7,2017,7-2017,12 Months,2.36,Jaipur
6458,3,2018,3-2018,24 Months and more,4.12,Nagpur
6459,8,2017,8-2017,6 Month,6.48,Ranchi
6460,10,2018,10-2018,24 Months and more,2.80,Ranchi
6463,6,2017,6-2017,24 Months and more,4.71,Chennai
6464,7,2018,7-2018,90 Days,2.94,Srinagar
6465,5,2018,5-2018,60 Days,5.59,Gandhinagar
6469,7,2017,7-2017,12 Months,9.79,Pune
6473,9,2018,9-2018,90 Days,6.99,Bhopal
6476,7,2018,7-2018,30 Days,1.40,Jaipur
6477,9,2018,9-2018,12 Months,1.77,Aurangabad
6479,11,2017,11-2017,30 Days,12.59,Chennai
6481,3,2018,3-2018,30 Days,6.99,Delhi
6483,7,2018,7-2018,24 Months and more,1.40,Mumbai
6484,8,2018,8-2018,90 Days,9.79,Chandigarh
6485,8,2017,8-2017,60 Days,5.89,Mumbai
6486,7,2017,7-2017,60 Days,2.80,Nasik
6487,12,2018,12-2018,24 Months and more,4.71,Gandhinagar
6488,12,2017,12-2017,24 Months and more,8.39,Bengaluru
6489,12,2017,12-2017,12 Months,4.12,Pune
6490,9,2017,9-2017,12 Months,6.48,Shillong
6492,6,2017,6-2017,24 Months and more,11.19,Chandigarh
6494,12,2018,12-2018,24 Months and more,14.13,Nasik
6495,7,2018,7-2018,60 Days,9.79,Bhopal
6499,6,2018,6-2018,60 Days,1.40,Jaipur
6500,8,2017,8-2017,12 Months,6.48,Bhopal
6501,6,2018,6-2018,30 Days,1.18,Jaipur
6502,6,2018,6-2018,24 Months and more,15.38,Nagpur
6503,3,2017,3-2017,12 Months,2.94,Jaipur
6504,8,2018,8-2018,6 Month,3.53,Chandigarh
6505,4,2018,4-2018,60 Days,1.18,Nagpur
6506,2,2017,2-2017,30 Days,12.59,Mumbai
6507,5,2017,5-2017,6 Month,0.59,Aurangabad
6508,5,2018,5-2018,60 Days,5.89,Nagpur
6509,4,2018,4-2018,60 Days,5.30,Aurangabad
6510,1,2017,1-2017,60 Days,7.07,Aurangabad
6511,12,2018,12-2018,30 Days,5.89,Jaipur
6513,5,2017,5-2017,6 Month,1.40,Bengaluru
6514,8,2017,8-2017,12 Months,3.53,Shillong
6515,1,2018,1-2018,24 Months and more,7.07,Bengaluru
6519,6,2018,6-2018,24 Months and more,15.38,Jaipur
6520,4,2018,4-2018,90 Days,3.53,Aurangabad
6521,11,2017,11-2017,30 Days,6.99,Chennai
6522,7,2017,7-2017,60 Days,1.40,Srinagar
6523,12,2018,12-2018,12 Months,5.59,Delhi
6527,9,2018,9-2018,60 Days,5.89,Bengaluru
6528,6,2017,6-2017,24 Months and more,1.18,Chennai
6529,10,2018,10-2018,12 Months,16.78,Bengaluru
6535,7,2017,7-2017,24 Months and more,1.18,Bengaluru
6536,9,2018,9-2018,6 Month,2.36,Aurangabad
6537,2,2018,2-2018,60 Days,15.38,Chennai
6538,4,2018,4-2018,12 Months,4.20,Nagpur
6539,8,2017,8-2017,12 Months,5.30,Nasik
6541,12,2018,12-2018,12 Months,1.18,Ranchi
6543,1,2018,1-2018,24 Months and more,8.24,Delhi
6546,3,2018,3-2018,24 Months and more,1.40,Ranchi
6547,8,2018,8-2018,60 Days,1.77,Chandigarh
6548,2,2018,2-2018,90 Days,3.53,Srinagar
6549,11,2018,11-2018,6 Month,13.98,Bengaluru
6551,1,2018,1-2018,60 Days,5.89,Nasik
6552,9,2017,9-2017,12 Months,13.98,Bhopal
6553,5,2018,5-2018,30 Days,11.19,Chandigarh
6554,10,2018,10-2018,60 Days,16.78,Chandigarh
6555,5,2018,5-2018,24 Months and more,5.59,Shillong
6559,5,2017,5-2017,30 Days,4.12,Delhi
6561,11,2018,11-2018,24 Months and more,6.99,Chennai
6562,7,2018,7-2018,6 Month,4.71,Nagpur
6563,10,2018,10-2018,12 Months,14.13,Pune
6564,11,2018,11-2018,12 Months,2.80,Pune
6565,12,2017,12-2017,30 Days,15.38,Shillong
6567,10,2018,10-2018,12 Months,2.36,Srinagar
6569,5,2018,5-2018,6 Month,2.36,Chandigarh
6571,10,2018,10-2018,30 Days,9.79,Chandigarh
6572,12,2017,12-2017,90 Days,10.60,Nasik
6573,2,2017,2-2017,12 Months,7.07,Shillong
6574,9,2017,9-2017,12 Months,7.07,Mumbai
6575,3,2017,3-2017,6 Month,2.94,Chennai
6577,10,2018,10-2018,12 Months,2.36,Aurangabad
6578,1,2017,1-2017,12 Months,2.94,Bengaluru
6580,9,2017,9-2017,6 Month,11.78,Nagpur
6581,10,2017,10-2017,60 Days,1.40,Delhi
6582,2,2017,2-2017,12 Months,16.78,Chennai
6583,11,2018,11-2018,90 Days,5.59,Chandigarh
6585,10,2018,10-2018,30 Days,3.53,Shillong
6586,4,2018,4-2018,30 Days,7.07,Delhi
6587,7,2018,7-2018,6 Month,2.36,Chennai
6588,3,2018,3-2018,60 Days,7.07,Bengaluru
6590,9,2018,9-2018,90 Days,9.79,Aurangabad
6593,5,2017,5-2017,30 Days,5.89,Shillong
6594,8,2017,8-2017,12 Months,4.71,Bhopal
6595,11,2017,11-2017,90 Days,6.48,Nasik
6598,12,2017,12-2017,6 Month,7.07,Chennai
6600,5,2018,5-2018,12 Months,11.19,Delhi
6601,8,2018,8-2018,60 Days,5.89,Nagpur
6603,12,2017,12-2017,6 Month,4.71,Srinagar
6604,12,2017,12-2017,12 Months,13.98,Jaipur
6605,10,2018,10-2018,12 Months,12.59,Srinagar
6607,12,2018,12-2018,12 Months,4.12,Jaipur
6608,6,2017,6-2017,6 Month,8.24,Srinagar
6609,2,2017,2-2017,90 Days,8.39,Chandigarh
6611,8,2018,8-2018,6 Month,0.59,Chandigarh
6612,5,2017,5-2017,24 Months and more,6.48,Delhi
6615,7,2018,7-2018,12 Months,3.53,Srinagar
6618,7,2017,7-2017,12 Months,4.20,Gandhinagar
6619,3,2017,3-2017,30 Days,9.79,Gandhinagar
6620,5,2018,5-2018,30 Days,5.89,Nasik
6623,9,2018,9-2018,60 Days,8.39,Srinagar
6624,12,2018,12-2018,60 Days,2.94,Nagpur
6625,6,2017,6-2017,90 Days,6.48,Mumbai
6626,12,2017,12-2017,30 Days,5.89,Nagpur
6628,10,2017,10-2017,24 Months and more,12.95,Pune
6629,9,2017,9-2017,12 Months,8.39,Nasik
6631,5,2017,5-2017,6 Month,9.42,Bhopal
6635,12,2017,12-2017,30 Days,9.79,Pune
6636,1,2017,1-2017,6 Month,16.78,Nasik
6637,2,2018,2-2018,60 Days,5.30,Bhopal
6638,3,2018,3-2018,12 Months,4.71,Mumbai
6639,1,2018,1-2018,60 Days,5.59,Mumbai
6640,8,2017,8-2017,24 Months and more,1.18,Aurangabad
6641,1,2018,1-2018,24 Months and more,6.48,Srinagar
6642,7,2018,7-2018,90 Days,4.71,Chandigarh
6643,11,2018,11-2018,60 Days,4.12,Ranchi
6644,7,2018,7-2018,6 Month,12.95,Gandhinagar
6646,11,2018,11-2018,24 Months and more,1.40,Srinagar
6647,2,2018,2-2018,90 Days,11.19,Chennai
6648,7,2017,7-2017,24 Months and more,9.79,Gandhinagar
6650,3,2018,3-2018,6 Month,0.59,Delhi
6651,12,2018,12-2018,30 Days,2.36,Pune
6652,9,2018,9-2018,12 Months,11.19,Bhopal
6653,4,2017,4-2017,12 Months,1.18,Nagpur
6655,6,2018,6-2018,30 Days,1.18,Nagpur
6657,2,2018,2-2018,6 Month,4.12,Pune
6658,1,2017,1-2017,60 Days,9.79,Nasik
6659,4,2018,4-2018,24 Months and more,12.59,Nagpur
6663,9,2017,9-2017,30 Days,5.59,Chandigarh
6664,5,2018,5-2018,30 Days,5.89,Delhi
6666,3,2017,3-2017,24 Months and more,8.39,Bhopal
6667,3,2018,3-2018,6 Month,14.13,Chennai
6668,4,2018,4-2018,30 Days,1.18,Bhopal
6671,1,2017,1-2017,30 Days,7.07,Jaipur
6672,4,2018,4-2018,24 Months and more,5.89,Chennai
6673,5,2018,5-2018,24 Months and more,16.78,Bengaluru
6674,11,2018,11-2018,90 Days,4.12,Chandigarh
6676,2,2018,2-2018,90 Days,6.99,Bhopal
6677,10,2018,10-2018,60 Days,5.30,Jaipur
6679,2,2017,2-2017,90 Days,1.40,Srinagar
6680,11,2018,11-2018,60 Days,1.40,Ranchi
6681,10,2018,10-2018,90 Days,5.30,Delhi
6682,10,2017,10-2017,24 Months and more,11.19,Delhi
6683,7,2018,7-2018,60 Days,10.60,Aurangabad
6684,4,2017,4-2017,12 Months,10.60,Pune
6685,2,2018,2-2018,60 Days,2.80,Chennai
6686,2,2018,2-2018,6 Month,12.59,Bhopal
6688,2,2017,2-2017,30 Days,8.39,Pune
6689,11,2017,11-2017,24 Months and more,0.59,Gandhinagar
6690,3,2017,3-2017,90 Days,2.94,Shillong
6691,5,2018,5-2018,12 Months,7.07,Mumbai
6692,3,2018,3-2018,24 Months and more,7.07,Delhi
6693,7,2017,7-2017,6 Month,6.48,Aurangabad
6695,9,2017,9-2017,30 Days,6.48,Chandigarh
6696,12,2018,12-2018,90 Days,5.89,Bhopal
6698,11,2017,11-2017,30 Days,6.48,Srinagar
6699,6,2017,6-2017,60 Days,8.39,Delhi
6701,8,2017,8-2017,12 Months,2.36,Aurangabad
6702,12,2017,12-2017,6 Month,1.18,Nasik
6703,3,2018,3-2018,12 Months,16.78,Bhopal
6705,3,2017,3-2017,24 Months and more,5.89,Bhopal
6706,4,2017,4-2017,24 Months and more,4.71,Jaipur
6707,8,2018,8-2018,6 Month,2.36,Srinagar
6708,3,2017,3-2017,60 Days,4.12,Aurangabad
6710,4,2017,4-2017,24 Months and more,12.59,Bhopal
6712,7,2018,7-2018,12 Months,2.80,Chennai
6713,9,2017,9-2017,6 Month,1.40,Srinagar
6714,11,2018,11-2018,30 Days,9.42,Jaipur
6715,12,2017,12-2017,12 Months,4.12,Srinagar
6716,4,2017,4-2017,60 Days,1.77,Chennai
6722,4,2017,4-2017,6 Month,6.99,Delhi
6724,4,2018,4-2018,90 Days,5.89,Nasik
6725,3,2017,3-2017,30 Days,4.12,Chennai
6726,6,2017,6-2017,6 Month,8.24,Bhopal
6728,3,2017,3-2017,24 Months and more,4.71,Delhi
6729,1,2017,1-2017,24 Months and more,6.48,Pune
6730,12,2017,12-2017,30 Days,0.59,Jaipur
6731,1,2017,1-2017,90 Days,1.18,Delhi
6734,2,2018,2-2018,30 Days,8.24,Shillong
6735,2,2017,2-2017,60 Days,1.18,Jaipur
6736,11,2017,11-2017,6 Month,6.48,Aurangabad
6737,2,2018,2-2018,90 Days,2.36,Gandhinagar
6738,8,2017,8-2017,90 Days,2.36,Aurangabad
6739,3,2017,3-2017,24 Months and more,11.19,Nasik
6740,10,2018,10-2018,60 Days,2.80,Aurangabad
6742,9,2017,9-2017,90 Days,9.42,Pune
6743,2,2017,2-2017,90 Days,0.59,Mumbai
6744,10,2018,10-2018,60 Days,5.89,Pune
6746,11,2018,11-2018,60 Days,0.59,Gandhinagar
6747,8,2018,8-2018,12 Months,5.30,Bhopal
6748,4,2018,4-2018,90 Days,7.07,Gandhinagar
6751,4,2018,4-2018,30 Days,1.40,Gandhinagar
6752,8,2017,8-2017,6 Month,12.59,Nasik
6753,6,2017,6-2017,60 Days,6.99,Jaipur
6754,6,2017,6-2017,90 Days,0.59,Chandigarh
6755,10,2017,10-2017,30 Days,5.89,Chandigarh
6756,1,2017,1-2017,90 Days,1.40,Chennai
6757,8,2018,8-2018,60 Days,2.94,Shillong
6758,7,2017,7-2017,12 Months,4.71,Chandigarh
6759,4,2017,4-2017,24 Months and more,5.59,Chandigarh
6760,4,2018,4-2018,90 Days,5.89,Bengaluru
6761,8,2018,8-2018,30 Days,12.95,Jaipur
6762,10,2017,10-2017,6 Month,5.30,Delhi
6763,7,2018,7-2018,60 Days,6.48,Nagpur
6766,7,2017,7-2017,6 Month,7.07,Jaipur
6767,2,2017,2-2017,90 Days,5.30,Chennai
6770,3,2017,3-2017,6 Month,4.12,Gandhinagar
6771,4,2017,4-2017,90 Days,8.39,Aurangabad
6772,8,2018,8-2018,30 Days,5.89,Chandigarh
6773,5,2017,5-2017,90 Days,5.30,Pune
6774,1,2017,1-2017,30 Days,1.77,Nasik
6776,6,2018,6-2018,24 Months and more,11.78,Srinagar
6777,12,2018,12-2018,30 Days,2.36,Nagpur
6778,10,2018,10-2018,12 Months,11.19,Nagpur
6782,9,2017,9-2017,24 Months and more,3.53,Pune
6783,10,2018,10-2018,24 Months and more,10.60,Bhopal
6784,11,2018,11-2018,30 Days,5.59,Bengaluru
6785,12,2017,12-2017,12 Months,0.59,Bhopal
6786,1,2017,1-2017,90 Days,5.59,Shillong
6787,10,2018,10-2018,6 Month,1.18,Delhi
6789,11,2018,11-2018,90 Days,6.99,Aurangabad
6791,3,2018,3-2018,30 Days,1.18,Jaipur
6792,2,2018,2-2018,6 Month,2.94,Shillong
6793,3,2017,3-2017,30 Days,15.38,Ranchi
6794,9,2018,9-2018,60 Days,0.59,Gandhinagar
6796,10,2018,10-2018,24 Months and more,1.18,Jaipur
6804,3,2018,3-2018,6 Month,9.79,Nagpur
6805,9,2018,9-2018,6 Month,5.30,Aurangabad
6806,11,2018,11-2018,6 Month,2.36,Ranchi
6807,8,2017,8-2017,6 Month,4.12,Gandhinagar
6808,8,2018,8-2018,6 Month,8.39,Mumbai
6809,6,2018,6-2018,6 Month,5.89,Chandigarh
6810,3,2018,3-2018,90 Days,16.78,Nasik
6811,12,2017,12-2017,30 Days,5.89,Bhopal
6812,6,2018,6-2018,90 Days,0.59,Jaipur
6813,5,2017,5-2017,24 Months and more,12.95,Jaipur
6814,9,2017,9-2017,12 Months,1.77,Srinagar
6815,5,2017,5-2017,60 Days,5.30,Srinagar
6816,6,2017,6-2017,90 Days,5.59,Pune
6820,9,2018,9-2018,30 Days,0.59,Srinagar
6821,5,2018,5-2018,6 Month,2.36,Gandhinagar
6822,10,2017,10-2017,30 Days,2.36,Gandhinagar
6824,9,2017,9-2017,24 Months and more,1.18,Gandhinagar
6825,11,2017,11-2017,12 Months,5.59,Gandhinagar
6827,12,2018,12-2018,90 Days,6.48,Jaipur
6828,5,2017,5-2017,30 Days,2.94,Nasik
6829,6,2018,6-2018,24 Months and more,9.79,Nagpur
6830,9,2018,9-2018,6 Month,12.95,Aurangabad
6832,12,2017,12-2017,6 Month,10.60,Gandhinagar
6833,8,2017,8-2017,60 Days,3.53,Ranchi
6834,9,2017,9-2017,90 Days,4.12,Bengaluru
6835,10,2017,10-2017,90 Days,2.36,Chennai
6836,4,2018,4-2018,90 Days,11.78,Nasik
6838,9,2017,9-2017,60 Days,5.89,Chandigarh
6841,7,2018,7-2018,6 Month,12.59,Pune
6842,8,2018,8-2018,24 Months and more,6.48,Ranchi
6843,6,2017,6-2017,90 Days,2.36,Jaipur
6844,6,2017,6-2017,60 Days,2.94,Shillong
6845,7,2017,7-2017,12 Months,15.38,Jaipur
6846,11,2018,11-2018,6 Month,5.89,Aurangabad
6847,5,2018,5-2018,90 Days,1.77,Mumbai
6851,10,2018,10-2018,30 Days,2.36,Srinagar
6852,10,2017,10-2017,30 Days,6.99,Chennai
6853,12,2018,12-2018,6 Month,6.48,Delhi
6855,12,2017,12-2017,6 Month,5.30,Aurangabad
6856,5,2017,5-2017,6 Month,15.38,Nagpur
6857,8,2017,8-2017,24 Months and more,2.94,Chennai
6858,8,2018,8-2018,24 Months and more,14.13,Srinagar
6860,6,2018,6-2018,6 Month,1.40,Jaipur
6862,3,2017,3-2017,12 Months,5.30,Srinagar
6863,4,2017,4-2017,6 Month,3.53,Pune
6864,3,2018,3-2018,12 Months,8.39,Aurangabad
6865,11,2018,11-2018,30 Days,7.07,Gandhinagar
6868,8,2017,8-2017,60 Days,3.53,Jaipur
6869,5,2018,5-2018,30 Days,3.53,Pune
6870,9,2017,9-2017,60 Days,4.71,Nasik
6871,1,2018,1-2018,12 Months,4.12,Jaipur
6872,4,2017,4-2017,30 Days,14.13,Ranchi
6873,1,2017,1-2017,30 Days,1.77,Gandhinagar
6877,2,2018,2-2018,30 Days,10.60,Delhi
6878,4,2017,4-2017,6 Month,12.59,Nasik
6879,6,2017,6-2017,24 Months and more,13.98,Ranchi
6880,9,2017,9-2017,12 Months,8.39,Ranchi
6881,2,2017,2-2017,30 Days,0.59,Nasik
6882,10,2018,10-2018,90 Days,9.79,Nagpur
6886,8,2018,8-2018,6 Month,8.39,Srinagar
6888,8,2017,8-2017,60 Days,7.07,Aurangabad
6889,5,2018,5-2018,6 Month,4.71,Bengaluru
6890,10,2018,10-2018,6 Month,4.12,Aurangabad
6893,10,2018,10-2018,12 Months,3.53,Mumbai
6895,9,2017,9-2017,30 Days,0.59,Mumbai
6897,7,2018,7-2018,90 Days,3.53,Nasik
6898,11,2018,11-2018,30 Days,12.59,Pune
6899,5,2017,5-2017,90 Days,4.71,Nasik
6900,11,2017,11-2017,24 Months and more,12.59,Chennai
6901,7,2017,7-2017,90 Days,13.98,Gandhinagar
6904,7,2018,7-2018,60 Days,4.20,Bhopal
6905,1,2018,1-2018,30 Days,6.48,Chennai
6906,5,2017,5-2017,24 Months and more,0.59,Bhopal
6911,5,2017,5-2017,6 Month,4.20,Mumbai
6913,1,2018,1-2018,12 Months,3.53,Bengaluru
6914,9,2018,9-2018,60 Days,5.59,Chennai
6918,1,2018,1-2018,30 Days,16.78,Jaipur
6919,5,2018,5-2018,30 Days,4.12,Bhopal
6921,5,2017,5-2017,12 Months,5.59,Shillong
6924,11,2017,11-2017,6 Month,13.98,Bengaluru
6925,11,2017,11-2017,30 Days,2.36,Ranchi
6926,10,2018,10-2018,90 Days,11.19,Chandigarh
6927,4,2017,4-2017,12 Months,1.77,Delhi
6930,11,2018,11-2018,90 Days,2.94,Delhi
6931,7,2018,7-2018,30 Days,5.59,Srinagar
6932,6,2017,6-2017,24 Months and more,2.94,Ranchi
6933,2,2018,2-2018,90 Days,6.99,Gandhinagar
6934,6,2017,6-2017,24 Months and more,7.07,Pune
6935,6,2018,6-2018,30 Days,2.94,Bengaluru
6936,1,2018,1-2018,12 Months,4.12,Srinagar
6938,12,2018,12-2018,60 Days,1.18,Nasik
6940,8,2017,8-2017,24 Months and more,1.77,Mumbai
6941,1,2017,1-2017,24 Months and more,6.48,Chandigarh
6943,1,2018,1-2018,6 Month,4.12,Chennai
6945,8,2018,8-2018,24 Months and more,9.79,Srinagar
6946,6,2018,6-2018,60 Days,8.24,Gandhinagar
6947,8,2018,8-2018,90 Days,1.18,Srinagar
6949,2,2018,2-2018,24 Months and more,5.89,Chandigarh
6951,3,2017,3-2017,90 Days,2.94,Jaipur
6952,1,2017,1-2017,90 Days,2.80,Nasik
6954,10,2017,10-2017,60 Days,2.80,Jaipur
6958,2,2018,2-2018,60 Days,4.71,Srinagar
6959,5,2018,5-2018,24 Months and more,2.80,Mumbai
6960,1,2017,1-2017,90 Days,2.80,Shillong
6962,10,2017,10-2017,24 Months and more,6.48,Shillong
6964,11,2018,11-2018,60 Days,2.80,Chennai
6965,8,2017,8-2017,90 Days,1.18,Delhi
6967,12,2018,12-2018,30 Days,6.48,Aurangabad
6970,4,2017,4-2017,90 Days,5.89,Mumbai
6972,4,2018,4-2018,60 Days,4.71,Srinagar
6973,1,2017,1-2017,24 Months and more,5.89,Srinagar
6974,5,2017,5-2017,30 Days,2.80,Srinagar
6975,11,2017,11-2017,90 Days,7.07,Srinagar
6977,1,2018,1-2018,30 Days,1.77,Gandhinagar
6979,5,2018,5-2018,12 Months,4.12,Gandhinagar
6980,2,2017,2-2017,6 Month,9.42,Bengaluru
6981,2,2017,2-2017,12 Months,1.18,Chennai
6982,7,2017,7-2017,90 Days,3.53,Gandhinagar
6983,1,2017,1-2017,60 Days,1.18,Nagpur
6985,8,2017,8-2017,90 Days,9.79,Mumbai
6987,11,2018,11-2018,60 Days,2.36,Bengaluru
6989,5,2017,5-2017,12 Months,2.36,Shillong
6990,6,2017,6-2017,24 Months and more,8.39,Bengaluru
6992,4,2018,4-2018,90 Days,11.78,Delhi
6993,10,2017,10-2017,6 Month,1.18,Chandigarh
6996,4,2017,4-2017,30 Days,6.48,Chandigarh
6997,7,2018,7-2018,12 Months,11.19,Aurangabad
6998,7,2017,7-2017,30 Days,2.94,Pune
6999,2,2018,2-2018,90 Days,11.19,Nasik
7001,7,2018,7-2018,30 Days,2.36,Srinagar
7003,4,2017,4-2017,60 Days,4.71,Chandigarh
7004,2,2018,2-2018,6 Month,2.80,Shillong
7005,7,2018,7-2018,90 Days,5.89,Bengaluru
7010,6,2017,6-2017,12 Months,12.59,Shillong
7011,11,2017,11-2017,60 Days,4.20,Aurangabad
7012,8,2018,8-2018,6 Month,8.39,Nagpur
7013,1,2018,1-2018,6 Month,5.89,Chennai
7014,8,2018,8-2018,12 Months,7.07,Pune
7015,11,2018,11-2018,24 Months and more,3.53,Nagpur
7016,8,2018,8-2018,24 Months and more,13.98,Bengaluru
7017,2,2018,2-2018,30 Days,4.12,Bengaluru
7018,6,2018,6-2018,12 Months,2.94,Chandigarh
7025,4,2018,4-2018,90 Days,7.07,Bengaluru
7026,5,2017,5-2017,60 Days,4.20,Bhopal
7027,4,2017,4-2017,24 Months and more,6.99,Srinagar
7029,10,2018,10-2018,30 Days,5.30,Aurangabad
7030,1,2018,1-2018,24 Months and more,2.80,Delhi
7033,7,2017,7-2017,90 Days,1.77,Pune
7034,11,2017,11-2017,90 Days,4.71,Chandigarh
7035,11,2018,11-2018,12 Months,7.07,Pune
7036,2,2018,2-2018,30 Days,2.94,Aurangabad
7037,3,2018,3-2018,30 Days,8.39,Bhopal
7042,4,2017,4-2017,24 Months and more,1.18,Bengaluru
7043,11,2017,11-2017,60 Days,2.94,Chandigarh
7045,2,2017,2-2017,90 Days,10.60,Jaipur
7046,7,2017,7-2017,24 Months and more,13.98,Bengaluru
7047,11,2018,11-2018,90 Days,1.18,Bengaluru
7048,11,2017,11-2017,90 Days,1.77,Shillong
7052,10,2017,10-2017,24 Months and more,0.59,Chennai
7053,1,2017,1-2017,60 Days,1.18,Gandhinagar
7055,5,2018,5-2018,24 Months and more,4.71,Bengaluru
7057,1,2017,1-2017,90 Days,5.59,Shillong
7058,5,2018,5-2018,90 Days,10.60,Bengaluru
7059,6,2017,6-2017,90 Days,3.53,Delhi
7060,11,2017,11-2017,6 Month,4.12,Delhi
7063,10,2018,10-2018,6 Month,5.89,Gandhinagar
7065,8,2017,8-2017,30 Days,3.53,Nasik
7067,3,2017,3-2017,24 Months and more,2.80,Nagpur
7068,8,2017,8-2017,12 Months,1.77,Aurangabad
7069,12,2018,12-2018,12 Months,2.36,Bengaluru
7070,8,2017,8-2017,24 Months and more,9.79,Jaipur
7071,2,2017,2-2017,6 Month,4.12,Pune
7074,9,2017,9-2017,30 Days,6.48,Nasik
7076,5,2018,5-2018,6 Month,1.18,Srinagar
7077,10,2018,10-2018,60 Days,4.71,Chennai
7079,1,2017,1-2017,30 Days,3.53,Shillong
7080,3,2018,3-2018,90 Days,6.99,Chennai
7081,8,2018,8-2018,30 Days,5.89,Gandhinagar
7082,7,2018,7-2018,6 Month,7.07,Nasik
7083,11,2017,11-2017,60 Days,5.59,Bhopal
7084,5,2017,5-2017,60 Days,1.40,Srinagar
7086,1,2018,1-2018,24 Months and more,10.60,Chandigarh
7090,7,2017,7-2017,90 Days,2.94,Srinagar
7091,12,2017,12-2017,24 Months and more,2.80,Gandhinagar
7093,11,2018,11-2018,90 Days,1.77,Mumbai
7095,3,2017,3-2017,6 Month,13.98,Ranchi
7096,4,2017,4-2017,90 Days,12.95,Delhi
7100,8,2018,8-2018,90 Days,14.13,Mumbai
7102,6,2018,6-2018,6 Month,6.48,Bengaluru
7103,11,2018,11-2018,6 Month,6.99,Nasik
7104,8,2017,8-2017,6 Month,7.07,Nasik
7105,11,2017,11-2017,60 Days,1.18,Chennai
7107,7,2017,7-2017,90 Days,15.38,Nasik
7108,4,2017,4-2017,60 Days,3.53,Mumbai
7110,3,2018,3-2018,24 Months and more,0.59,Nasik
7113,7,2018,7-2018,30 Days,2.36,Mumbai
7115,10,2017,10-2017,24 Months and more,2.94,Delhi
7116,3,2017,3-2017,60 Days,3.53,Delhi
7117,9,2017,9-2017,6 Month,5.59,Gandhinagar
7119,12,2018,12-2018,12 Months,7.07,Mumbai
7120,11,2017,11-2017,6 Month,10.60,Chennai
7121,10,2017,10-2017,90 Days,4.71,Aurangabad
7122,7,2017,7-2017,12 Months,1.18,Gandhinagar
7124,1,2017,1-2017,30 Days,16.78,Nasik
7125,11,2017,11-2017,6 Month,15.38,Ranchi
7126,3,2018,3-2018,60 Days,9.79,Jaipur
7127,12,2017,12-2017,6 Month,13.98,Pune
7128,3,2018,3-2018,6 Month,8.39,Bengaluru
7135,8,2017,8-2017,24 Months and more,8.39,Srinagar
7137,12,2017,12-2017,12 Months,5.89,Mumbai
7139,9,2018,9-2018,60 Days,9.79,Nasik
7140,8,2017,8-2017,30 Days,2.94,Shillong
7142,6,2017,6-2017,30 Days,12.59,Jaipur
7143,3,2017,3-2017,24 Months and more,5.89,Delhi
7144,8,2018,8-2018,6 Month,10.60,Chandigarh
7147,7,2017,7-2017,6 Month,5.89,Gandhinagar
7148,6,2018,6-2018,12 Months,6.48,Chandigarh
7149,2,2018,2-2018,24 Months and more,2.94,Shillong
7151,1,2017,1-2017,30 Days,2.36,Pune
7152,5,2017,5-2017,6 Month,2.36,Chandigarh
7154,8,2017,8-2017,60 Days,2.80,Pune
7155,7,2017,7-2017,12 Months,2.94,Aurangabad
7156,2,2017,2-2017,60 Days,1.77,Shillong
7158,9,2017,9-2017,24 Months and more,4.71,Delhi
7160,5,2017,5-2017,12 Months,1.77,Gandhinagar
7162,11,2018,11-2018,12 Months,12.95,Delhi
7164,2,2018,2-2018,12 Months,11.78,Shillong
7166,12,2017,12-2017,24 Months and more,1.40,Aurangabad
7168,4,2017,4-2017,60 Days,5.89,Shillong
7169,5,2017,5-2017,12 Months,6.48,Chennai
7170,5,2017,5-2017,24 Months and more,16.78,Pune
7171,1,2017,1-2017,60 Days,11.19,Chennai
7172,3,2018,3-2018,60 Days,2.94,Ranchi
7175,6,2017,6-2017,12 Months,1.40,Delhi
7177,10,2017,10-2017,6 Month,1.40,Srinagar
7179,5,2017,5-2017,60 Days,13.98,Nagpur
7181,8,2018,8-2018,12 Months,3.53,Pune
7182,11,2017,11-2017,90 Days,9.42,Srinagar
7183,6,2017,6-2017,60 Days,15.38,Delhi
7184,2,2018,2-2018,90 Days,1.18,Gandhinagar
7185,10,2017,10-2017,6 Month,3.53,Bengaluru
7186,9,2017,9-2017,12 Months,1.77,Nasik
7187,12,2018,12-2018,6 Month,2.36,Srinagar
7190,4,2018,4-2018,60 Days,4.20,Nasik
7192,3,2017,3-2017,30 Days,15.38,Gandhinagar
7193,6,2018,6-2018,24 Months and more,1.77,Aurangabad
7194,8,2018,8-2018,30 Days,1.40,Chandigarh
7196,4,2018,4-2018,12 Months,4.12,Chandigarh
7197,4,2017,4-2017,24 Months and more,5.30,Nagpur
7198,4,2017,4-2017,24 Months and more,2.94,Pune
7199,11,2018,11-2018,24 Months and more,13.98,Gandhinagar
7200,9,2018,9-2018,6 Month,12.59,Srinagar
7201,8,2018,8-2018,60 Days,5.59,Jaipur
7202,10,2018,10-2018,60 Days,2.80,Mumbai
7203,4,2018,4-2018,12 Months,4.71,Jaipur
7204,8,2017,8-2017,60 Days,7.07,Mumbai
7206,2,2018,2-2018,12 Months,5.59,Chandigarh
7207,8,2018,8-2018,12 Months,16.78,Bhopal
7208,7,2018,7-2018,60 Days,2.80,Bengaluru
7210,5,2018,5-2018,12 Months,9.79,Delhi
7211,5,2017,5-2017,90 Days,7.07,Aurangabad
7212,12,2018,12-2018,60 Days,12.59,Delhi
7214,8,2018,8-2018,60 Days,2.36,Aurangabad
7215,7,2017,7-2017,24 Months and more,6.48,Ranchi
7217,2,2018,2-2018,90 Days,1.40,Shillong
7218,6,2017,6-2017,30 Days,15.38,Nasik
7219,11,2018,11-2018,24 Months and more,11.78,Bhopal
7220,3,2017,3-2017,24 Months and more,6.99,Chennai
7221,5,2018,5-2018,30 Days,3.53,Jaipur
7223,5,2018,5-2018,24 Months and more,15.38,Pune
7224,7,2017,7-2017,6 Month,6.99,Mumbai
7227,3,2018,3-2018,12 Months,12.59,Shillong
7228,1,2018,1-2018,90 Days,4.71,Mumbai
7229,6,2018,6-2018,60 Days,9.79,Mumbai
7232,11,2017,11-2017,90 Days,4.12,Chennai
7233,2,2017,2-2017,6 Month,15.38,Aurangabad
7234,5,2017,5-2017,6 Month,4.71,Delhi
7238,10,2018,10-2018,30 Days,7.07,Aurangabad
7239,4,2018,4-2018,12 Months,4.12,Srinagar
7240,10,2018,10-2018,12 Months,2.94,Shillong
7241,7,2018,7-2018,12 Months,10.60,Bhopal
7242,11,2017,11-2017,90 Days,12.59,Aurangabad
7243,1,2017,1-2017,24 Months and more,6.48,Chennai
7246,9,2018,9-2018,30 Days,7.07,Gandhinagar
7247,5,2017,5-2017,90 Days,7.07,Gandhinagar
7248,6,2017,6-2017,12 Months,5.59,Ranchi
7250,10,2017,10-2017,24 Months and more,3.53,Delhi
7254,11,2018,11-2018,90 Days,2.94,Chennai
7255,4,2018,4-2018,6 Month,1.77,Bengaluru
7256,4,2017,4-2017,24 Months and more,12.95,Jaipur
7258,7,2017,7-2017,30 Days,9.79,Pune
7259,8,2018,8-2018,6 Month,3.53,Mumbai
7260,9,2017,9-2017,24 Months and more,1.18,Srinagar
7261,10,2017,10-2017,60 Days,1.18,Bengaluru
7262,1,2017,1-2017,6 Month,6.48,Ranchi
7263,6,2018,6-2018,24 Months and more,3.53,Bengaluru
7265,6,2018,6-2018,24 Months and more,3.53,Ranchi
7266,12,2017,12-2017,24 Months and more,5.59,Pune
7268,9,2018,9-2018,12 Months,4.12,Mumbai
7269,12,2018,12-2018,60 Days,5.30,Chennai
7270,12,2017,12-2017,90 Days,0.59,Delhi
7272,12,2017,12-2017,6 Month,4.12,Gandhinagar
7273,11,2018,11-2018,90 Days,6.48,Chandigarh
7274,3,2017,3-2017,12 Months,9.79,Chennai
7277,7,2017,7-2017,12 Months,1.77,Jaipur
7278,1,2018,1-2018,30 Days,12.59,Chandigarh
7279,4,2018,4-2018,12 Months,0.59,Bengaluru
7280,6,2017,6-2017,90 Days,11.78,Delhi
7286,1,2018,1-2018,24 Months and more,8.24,Nagpur
7287,5,2017,5-2017,90 Days,7.07,Bengaluru
7289,3,2018,3-2018,6 Month,1.77,Jaipur
7290,4,2017,4-2017,12 Months,4.71,Jaipur
7291,9,2017,9-2017,6 Month,2.36,Delhi
7292,2,2018,2-2018,60 Days,13.98,Jaipur
7293,6,2018,6-2018,24 Months and more,5.59,Aurangabad
7294,9,2018,9-2018,30 Days,0.59,Chandigarh
7296,6,2017,6-2017,30 Days,1.18,Ranchi
7298,9,2017,9-2017,90 Days,6.99,Nagpur
7299,9,2017,9-2017,6 Month,4.12,Ranchi
7302,11,2018,11-2018,60 Days,12.59,Chandigarh
7303,10,2018,10-2018,24 Months and more,4.71,Jaipur
7304,9,2018,9-2018,12 Months,0.59,Jaipur
7305,11,2017,11-2017,12 Months,4.71,Aurangabad
7306,9,2017,9-2017,24 Months and more,7.07,Bhopal
7307,4,2018,4-2018,60 Days,4.71,Mumbai
7308,9,2018,9-2018,90 Days,6.99,Shillong
7309,12,2017,12-2017,90 Days,1.77,Bhopal
7311,4,2017,4-2017,90 Days,7.07,Bhopal
7312,3,2018,3-2018,6 Month,14.13,Jaipur
7314,6,2017,6-2017,24 Months and more,2.80,Ranchi
7315,1,2018,1-2018,90 Days,9.79,Bhopal
7317,1,2017,1-2017,60 Days,6.99,Chennai
7318,10,2018,10-2018,12 Months,12.95,Chandigarh
7319,11,2017,11-2017,12 Months,1.18,Shillong
7320,11,2017,11-2017,30 Days,4.71,Srinagar
7321,4,2017,4-2017,24 Months and more,3.53,Mumbai
7323,8,2018,8-2018,12 Months,3.53,Nasik
7324,1,2017,1-2017,24 Months and more,15.38,Bengaluru
7325,12,2018,12-2018,60 Days,7.07,Pune
7331,6,2018,6-2018,60 Days,3.53,Jaipur
7332,7,2017,7-2017,12 Months,2.94,Bhopal
7334,8,2018,8-2018,24 Months and more,5.89,Chennai
7335,8,2017,8-2017,30 Days,4.12,Delhi
7337,12,2018,12-2018,24 Months and more,4.71,Nagpur
7339,6,2017,6-2017,24 Months and more,7.07,Gandhinagar
7341,1,2018,1-2018,24 Months and more,2.36,Shillong
7346,1,2017,1-2017,6 Month,5.30,Aurangabad
7347,4,2018,4-2018,90 Days,2.94,Bengaluru
7352,5,2018,5-2018,60 Days,16.78,Jaipur
7356,7,2018,7-2018,30 Days,15.38,Bhopal
7357,2,2018,2-2018,60 Days,11.19,Nagpur
7358,3,2018,3-2018,30 Days,1.77,Ranchi
7359,2,2017,2-2017,12 Months,2.80,Aurangabad
7360,1,2018,1-2018,24 Months and more,2.94,Chandigarh
7362,3,2017,3-2017,24 Months and more,4.71,Bhopal
7363,8,2017,8-2017,60 Days,6.99,Bhopal
7365,4,2017,4-2017,90 Days,4.12,Bengaluru
7367,3,2017,3-2017,6 Month,2.80,Delhi
7369,12,2018,12-2018,6 Month,16.78,Nagpur
7370,12,2017,12-2017,6 Month,11.19,Pune
7372,9,2018,9-2018,90 Days,5.59,Srinagar
7374,6,2018,6-2018,12 Months,4.71,Ranchi
7375,2,2018,2-2018,30 Days,2.94,Delhi
7377,11,2017,11-2017,30 Days,6.48,Bengaluru
7379,12,2017,12-2017,30 Days,6.99,Mumbai
7380,8,2017,8-2017,60 Days,3.53,Bengaluru
7381,1,2017,1-2017,12 Months,5.59,Pune
7382,1,2018,1-2018,12 Months,13.98,Gandhinagar
7383,4,2017,4-2017,30 Days,5.89,Jaipur
7384,5,2017,5-2017,60 Days,1.18,Ranchi
7385,5,2017,5-2017,24 Months and more,12.59,Jaipur
7386,6,2018,6-2018,6 Month,0.59,Mumbai
7387,5,2018,5-2018,90 Days,2.94,Bhopal
7389,8,2017,8-2017,30 Days,8.39,Chennai
7392,8,2017,8-2017,90 Days,11.19,Pune
7393,8,2018,8-2018,6 Month,3.53,Mumbai
7396,3,2017,3-2017,60 Days,13.98,Nagpur
7397,11,2017,11-2017,6 Month,1.40,Mumbai
7398,4,2017,4-2017,90 Days,5.30,Shillong
7399,3,2017,3-2017,90 Days,5.59,Ranchi
7400,5,2018,5-2018,24 Months and more,4.71,Chennai
7402,9,2017,9-2017,60 Days,7.07,Nagpur
7403,5,2018,5-2018,60 Days,3.53,Jaipur
7406,4,2018,4-2018,12 Months,7.07,Shillong
7407,10,2017,10-2017,90 Days,11.19,Nagpur
7408,6,2017,6-2017,60 Days,3.53,Srinagar
7409,2,2017,2-2017,12 Months,3.53,Chandigarh
7411,4,2017,4-2017,90 Days,8.24,Mumbai
7413,8,2017,8-2017,60 Days,4.71,Ranchi
7414,4,2018,4-2018,24 Months and more,4.71,Nasik
7415,2,2017,2-2017,12 Months,8.39,Nasik
7416,6,2017,6-2017,6 Month,2.36,Delhi
7418,11,2017,11-2017,90 Days,3.53,Pune
7419,11,2018,11-2018,6 Month,6.48,Pune
7423,7,2017,7-2017,60 Days,11.19,Pune
7424,1,2017,1-2017,24 Months and more,7.07,Nagpur
7425,7,2017,7-2017,12 Months,7.07,Srinagar
7427,2,2018,2-2018,60 Days,7.07,Delhi
7429,1,2018,1-2018,90 Days,3.53,Chandigarh
7438,7,2018,7-2018,6 Month,15.38,Srinagar
7440,4,2018,4-2018,6 Month,2.94,Nasik
7441,1,2018,1-2018,90 Days,3.53,Delhi
7442,11,2017,11-2017,60 Days,1.40,Mumbai
7443,7,2017,7-2017,12 Months,2.36,Srinagar
7444,12,2018,12-2018,6 Month,3.53,Bhopal
7446,9,2018,9-2018,60 Days,5.89,Chennai
7447,8,2018,8-2018,6 Month,4.20,Aurangabad
7448,4,2018,4-2018,90 Days,3.53,Nagpur
7449,11,2018,11-2018,24 Months and more,7.07,Nasik
7451,8,2017,8-2017,30 Days,1.77,Bengaluru
7452,4,2017,4-2017,12 Months,4.71,Aurangabad
7453,11,2018,11-2018,24 Months and more,11.19,Gandhinagar
7454,7,2017,7-2017,6 Month,5.30,Delhi
7456,8,2017,8-2017,24 Months and more,6.99,Bhopal
7460,8,2017,8-2017,60 Days,6.48,Chennai
7461,4,2017,4-2017,12 Months,4.20,Delhi
7462,2,2017,2-2017,90 Days,5.30,Bhopal
7463,3,2017,3-2017,24 Months and more,1.18,Mumbai
7464,1,2017,1-2017,60 Days,7.07,Delhi
7466,5,2018,5-2018,30 Days,2.94,Bhopal
7470,5,2018,5-2018,6 Month,4.12,Nagpur
7471,2,2018,2-2018,90 Days,4.12,Gandhinagar
7473,10,2018,10-2018,24 Months and more,3.53,Delhi
7474,7,2018,7-2018,6 Month,2.36,Gandhinagar
7475,4,2018,4-2018,30 Days,2.36,Jaipur
7478,11,2017,11-2017,12 Months,0.59,Jaipur
7479,5,2018,5-2018,30 Days,2.94,Pune
7480,10,2018,10-2018,30 Days,4.20,Ranchi
7485,8,2018,8-2018,6 Month,2.36,Gandhinagar
7486,9,2017,9-2017,30 Days,7.07,Bengaluru
7487,9,2018,9-2018,24 Months and more,5.30,Ranchi
7488,1,2017,1-2017,30 Days,2.80,Nagpur
7489,2,2017,2-2017,90 Days,4.12,Jaipur
7491,7,2017,7-2017,24 Months and more,8.39,Gandhinagar
7492,10,2018,10-2018,60 Days,13.98,Pune
7493,7,2018,7-2018,6 Month,5.59,Pune
7495,5,2017,5-2017,24 Months and more,4.20,Nagpur
7497,10,2018,10-2018,30 Days,11.19,Aurangabad
7498,9,2018,9-2018,30 Days,5.30,Aurangabad
7499,1,2017,1-2017,60 Days,1.77,Nagpur
7500,8,2017,8-2017,12 Months,6.48,Pune
7501,7,2018,7-2018,60 Days,4.12,Jaipur
7503,10,2018,10-2018,12 Months,12.59,Gandhinagar
7504,10,2017,10-2017,60 Days,5.89,Bengaluru
7505,7,2017,7-2017,12 Months,4.71,Mumbai
7506,3,2018,3-2018,12 Months,7.07,Nasik
7508,8,2018,8-2018,90 Days,3.53,Srinagar
7509,1,2017,1-2017,12 Months,1.77,Jaipur
7510,3,2017,3-2017,12 Months,8.39,Nasik
7511,12,2018,12-2018,12 Months,8.24,Chennai
7513,3,2017,3-2017,12 Months,2.36,Nasik
7514,2,2017,2-2017,30 Days,2.94,Aurangabad
7515,6,2017,6-2017,24 Months and more,14.13,Nagpur
7517,5,2018,5-2018,6 Month,10.60,Delhi
7518,4,2018,4-2018,24 Months and more,5.89,Delhi
7519,10,2018,10-2018,30 Days,2.36,Srinagar
7520,11,2018,11-2018,6 Month,6.48,Delhi
7521,2,2017,2-2017,24 Months and more,5.59,Mumbai
7522,10,2018,10-2018,60 Days,0.59,Chennai
7523,7,2018,7-2018,6 Month,9.79,Bengaluru
7524,11,2017,11-2017,60 Days,0.59,Aurangabad
7528,8,2017,8-2017,6 Month,11.19,Aurangabad
7529,12,2017,12-2017,24 Months and more,2.94,Aurangabad
7530,12,2018,12-2018,30 Days,11.19,Shillong
7531,6,2018,6-2018,24 Months and more,6.48,Delhi
7532,7,2018,7-2018,90 Days,9.79,Gandhinagar
7533,8,2017,8-2017,6 Month,4.71,Jaipur
7534,3,2018,3-2018,12 Months,12.59,Aurangabad
7536,6,2018,6-2018,60 Days,5.59,Shillong
7539,12,2017,12-2017,90 Days,6.48,Aurangabad
7541,9,2017,9-2017,6 Month,4.12,Delhi
7542,5,2017,5-2017,12 Months,6.48,Mumbai
7543,11,2017,11-2017,90 Days,16.78,Chennai
7544,3,2017,3-2017,30 Days,5.89,Srinagar
7546,10,2017,10-2017,30 Days,13.98,Mumbai
7547,12,2018,12-2018,30 Days,9.79,Shillong
7549,2,2017,2-2017,6 Month,6.48,Nagpur
7550,4,2017,4-2017,90 Days,9.79,Nasik
7551,7,2018,7-2018,90 Days,6.48,Aurangabad
7552,10,2018,10-2018,30 Days,12.59,Nasik
7553,1,2018,1-2018,12 Months,12.59,Bhopal
7554,10,2017,10-2017,30 Days,7.07,Mumbai
7555,5,2018,5-2018,12 Months,2.80,Bengaluru
7556,11,2017,11-2017,12 Months,6.48,Delhi
7559,2,2017,2-2017,12 Months,13.98,Pune
7560,3,2017,3-2017,12 Months,4.71,Chennai
7561,2,2018,2-2018,12 Months,4.12,Srinagar
7562,10,2018,10-2018,90 Days,9.79,Pune
7563,6,2017,6-2017,12 Months,1.40,Jaipur
7565,5,2017,5-2017,24 Months and more,13.98,Bhopal
7566,8,2018,8-2018,60 Days,5.89,Delhi
7567,8,2017,8-2017,60 Days,2.80,Ranchi
7569,12,2018,12-2018,12 Months,5.30,Delhi
7572,9,2018,9-2018,90 Days,13.98,Bhopal
7574,11,2017,11-2017,60 Days,11.19,Nagpur
7576,11,2018,11-2018,60 Days,3.53,Mumbai
7577,6,2017,6-2017,6 Month,4.71,Gandhinagar
7580,7,2018,7-2018,30 Days,5.89,Delhi
7581,6,2018,6-2018,24 Months and more,2.36,Bhopal
7582,5,2018,5-2018,60 Days,2.94,Delhi
7583,10,2017,10-2017,24 Months and more,2.80,Chandigarh
7586,5,2017,5-2017,30 Days,2.36,Chandigarh
7589,6,2018,6-2018,90 Days,5.30,Srinagar
7591,3,2017,3-2017,12 Months,2.94,Gandhinagar
7592,11,2018,11-2018,30 Days,0.59,Aurangabad
7593,5,2018,5-2018,24 Months and more,2.36,Mumbai
7594,5,2017,5-2017,60 Days,7.07,Pune
7595,6,2018,6-2018,6 Month,11.19,Bhopal
7599,7,2018,7-2018,6 Month,2.36,Bengaluru
7601,3,2017,3-2017,24 Months and more,16.78,Nagpur
7602,3,2018,3-2018,60 Days,4.12,Nasik
7603,11,2017,11-2017,12 Months,4.12,Gandhinagar
7604,12,2018,12-2018,90 Days,5.30,Pune
7605,6,2018,6-2018,24 Months and more,10.60,Chandigarh
7606,12,2018,12-2018,6 Month,9.79,Aurangabad
7610,5,2017,5-2017,6 Month,4.71,Chennai
7611,5,2018,5-2018,6 Month,4.71,Bengaluru
7613,5,2017,5-2017,60 Days,5.30,Mumbai
7614,6,2018,6-2018,60 Days,15.38,Chandigarh
7615,6,2018,6-2018,30 Days,8.39,Nasik
7616,3,2018,3-2018,12 Months,15.38,Gandhinagar
7617,4,2018,4-2018,12 Months,6.99,Aurangabad
7618,12,2017,12-2017,24 Months and more,1.18,Aurangabad
7619,8,2017,8-2017,30 Days,5.30,Chandigarh
7620,3,2017,3-2017,30 Days,2.94,Ranchi
7621,1,2017,1-2017,24 Months and more,4.12,Pune
7622,1,2018,1-2018,90 Days,8.39,Nasik
7624,8,2018,8-2018,12 Months,5.89,Bhopal
7625,7,2018,7-2018,30 Days,11.78,Nasik
7626,6,2018,6-2018,30 Days,6.99,Bengaluru
7627,6,2017,6-2017,6 Month,3.53,Ranchi
7628,6,2018,6-2018,12 Months,7.07,Nagpur
7629,11,2017,11-2017,30 Days,4.71,Gandhinagar
7630,6,2018,6-2018,24 Months and more,2.80,Srinagar
7633,5,2018,5-2018,30 Days,16.78,Srinagar
7634,6,2018,6-2018,30 Days,15.38,Aurangabad
7637,2,2017,2-2017,30 Days,1.18,Srinagar
7638,7,2017,7-2017,6 Month,1.18,Gandhinagar
7640,12,2017,12-2017,6 Month,3.53,Nagpur
7641,4,2017,4-2017,60 Days,15.38,Bengaluru
7642,7,2017,7-2017,24 Months and more,9.79,Delhi
7643,11,2018,11-2018,60 Days,15.38,Chandigarh
7647,3,2018,3-2018,30 Days,5.89,Bhopal
7649,11,2017,11-2017,12 Months,2.94,Chandigarh
7650,7,2018,7-2018,24 Months and more,4.12,Gandhinagar
7651,12,2017,12-2017,12 Months,2.94,Chandigarh
7652,7,2017,7-2017,30 Days,6.48,Srinagar
7658,7,2018,7-2018,24 Months and more,8.39,Chennai
7659,1,2018,1-2018,60 Days,5.59,Delhi
7660,3,2017,3-2017,6 Month,10.60,Pune
7661,10,2017,10-2017,90 Days,2.94,Gandhinagar
7662,6,2018,6-2018,12 Months,4.71,Bhopal
7663,9,2017,9-2017,60 Days,1.40,Shillong
7665,5,2018,5-2018,12 Months,4.71,Jaipur
7668,4,2018,4-2018,12 Months,2.36,Shillong
7669,3,2018,3-2018,6 Month,0.59,Bengaluru
7673,8,2018,8-2018,24 Months and more,4.71,Bengaluru
7675,8,2017,8-2017,6 Month,2.36,Chandigarh
7676,9,2017,9-2017,6 Month,6.48,Gandhinagar
7678,2,2018,2-2018,24 Months and more,6.48,Delhi
7680,1,2018,1-2018,6 Month,5.30,Chennai
7681,3,2017,3-2017,24 Months and more,10.60,Chennai
7682,1,2018,1-2018,12 Months,4.12,Chennai
7683,12,2017,12-2017,24 Months and more,1.18,Chandigarh
7684,4,2017,4-2017,90 Days,4.71,Shillong
7687,1,2017,1-2017,6 Month,3.53,Aurangabad
7688,2,2018,2-2018,60 Days,15.38,Shillong
7690,4,2018,4-2018,30 Days,13.98,Srinagar
7691,7,2018,7-2018,90 Days,4.71,Gandhinagar
7692,10,2018,10-2018,6 Month,16.78,Bengaluru
7694,3,2018,3-2018,30 Days,0.59,Chennai
7695,10,2018,10-2018,90 Days,4.20,Srinagar
7696,2,2017,2-2017,30 Days,5.89,Pune
7697,12,2017,12-2017,24 Months and more,1.40,Gandhinagar
7698,10,2017,10-2017,6 Month,0.59,Bengaluru
7699,7,2017,7-2017,12 Months,6.48,Nagpur
7700,1,2017,1-2017,24 Months and more,1.18,Jaipur
7702,8,2018,8-2018,6 Month,5.59,Bhopal
7703,4,2017,4-2017,6 Month,1.18,Delhi
7704,12,2018,12-2018,90 Days,5.30,Jaipur
7705,12,2018,12-2018,60 Days,4.71,Delhi
7706,2,2017,2-2017,60 Days,5.89,Ranchi
7708,11,2017,11-2017,24 Months and more,3.53,Gandhinagar
7711,2,2017,2-2017,90 Days,1.18,Pune
7712,1,2018,1-2018,12 Months,8.39,Mumbai
7713,9,2017,9-2017,6 Month,1.40,Bengaluru
7714,3,2018,3-2018,60 Days,9.79,Srinagar
7715,9,2017,9-2017,24 Months and more,7.07,Aurangabad
7717,4,2017,4-2017,60 Days,2.94,Pune
7718,8,2018,8-2018,24 Months and more,0.59,Srinagar
7721,4,2018,4-2018,30 Days,4.20,Pune
7722,7,2017,7-2017,24 Months and more,7.07,Chennai
7723,8,2017,8-2017,90 Days,12.59,Nagpur
7724,8,2017,8-2017,90 Days,1.77,Delhi
7725,3,2018,3-2018,6 Month,9.79,Delhi
7726,12,2018,12-2018,30 Days,5.30,Nagpur
7727,1,2018,1-2018,12 Months,9.79,Mumbai
7728,2,2018,2-2018,24 Months and more,16.78,Delhi
7729,8,2018,8-2018,30 Days,1.18,Ranchi
7730,10,2018,10-2018,90 Days,2.36,Gandhinagar
7731,1,2017,1-2017,90 Days,8.39,Ranchi
7732,10,2018,10-2018,60 Days,5.30,Bhopal
7733,12,2018,12-2018,60 Days,4.20,Srinagar
7736,12,2018,12-2018,12 Months,10.60,Bengaluru
7737,6,2018,6-2018,90 Days,1.40,Nasik
7739,10,2017,10-2017,90 Days,1.77,Bengaluru
7740,9,2018,9-2018,60 Days,13.98,Gandhinagar
7741,7,2018,7-2018,12 Months,6.99,Pune
7742,6,2017,6-2017,6 Month,1.40,Nagpur
7743,2,2017,2-2017,12 Months,5.89,Srinagar
7744,4,2017,4-2017,90 Days,11.19,Nagpur
7749,5,2018,5-2018,6 Month,1.18,Ranchi
7750,12,2017,12-2017,12 Months,4.12,Ranchi
7751,10,2017,10-2017,90 Days,3.53,Gandhinagar
7752,12,2017,12-2017,12 Months,5.30,Chandigarh
7753,10,2017,10-2017,30 Days,1.77,Gandhinagar
7755,8,2017,8-2017,12 Months,5.59,Srinagar
7756,9,2018,9-2018,30 Days,7.07,Jaipur
7758,6,2017,6-2017,12 Months,5.30,Nasik
7759,3,2018,3-2018,24 Months and more,15.38,Nasik
7760,8,2018,8-2018,12 Months,3.53,Delhi
7763,9,2017,9-2017,6 Month,12.59,Mumbai
7764,1,2018,1-2018,24 Months and more,1.18,Aurangabad
7766,12,2017,12-2017,30 Days,2.36,Bhopal
7767,10,2018,10-2018,90 Days,2.36,Nagpur
7768,4,2017,4-2017,6 Month,5.89,Nagpur
7769,2,2017,2-2017,12 Months,16.78,Gandhinagar
7771,4,2017,4-2017,6 Month,2.36,Nagpur
7772,2,2018,2-2018,24 Months and more,0.59,Jaipur
7774,8,2018,8-2018,60 Days,7.07,Srinagar
7775,11,2017,11-2017,30 Days,1.40,Jaipur
7777,7,2018,7-2018,24 Months and more,1.18,Shillong
7778,10,2018,10-2018,12 Months,1.18,Pune
7779,4,2018,4-2018,6 Month,9.79,Bengaluru
7780,8,2017,8-2017,60 Days,7.07,Bengaluru
7781,12,2017,12-2017,30 Days,0.59,Nagpur
7782,12,2018,12-2018,6 Month,0.59,Chandigarh
7786,5,2017,5-2017,90 Days,5.89,Ranchi
7788,6,2018,6-2018,12 Months,6.99,Mumbai
7789,1,2018,1-2018,6 Month,7.07,Shillong
7790,11,2018,11-2018,6 Month,7.07,Bhopal
7791,5,2018,5-2018,12 Months,13.98,Delhi
7792,9,2017,9-2017,24 Months and more,5.59,Chennai
7793,7,2018,7-2018,30 Days,2.36,Shillong
7794,6,2018,6-2018,90 Days,4.12,Pune
7796,5,2018,5-2018,6 Month,0.59,Shillong
7797,1,2017,1-2017,12 Months,7.07,Nagpur
7798,12,2017,12-2017,90 Days,15.38,Delhi
7800,10,2018,10-2018,30 Days,3.53,Pune
7801,4,2018,4-2018,90 Days,4.12,Shillong
7802,12,2017,12-2017,90 Days,2.36,Gandhinagar
7803,3,2017,3-2017,30 Days,1.18,Shillong
7806,3,2017,3-2017,30 Days,5.59,Ranchi
7807,4,2018,4-2018,30 Days,7.07,Aurangabad
7808,5,2018,5-2018,90 Days,2.36,Shillong
7810,1,2017,1-2017,12 Months,14.13,Nasik
7811,9,2018,9-2018,24 Months and more,5.30,Bengaluru
7812,1,2017,1-2017,60 Days,5.30,Aurangabad
7813,11,2017,11-2017,90 Days,5.89,Delhi
7814,11,2018,11-2018,6 Month,12.59,Shillong
7815,6,2018,6-2018,24 Months and more,3.53,Aurangabad
7816,1,2017,1-2017,60 Days,13.98,Nagpur
7817,7,2017,7-2017,24 Months and more,6.99,Aurangabad
7818,10,2017,10-2017,60 Days,10.60,Chennai
7819,5,2017,5-2017,12 Months,13.98,Pune
7821,12,2018,12-2018,90 Days,5.30,Chennai
7822,10,2018,10-2018,90 Days,2.36,Nagpur
7824,1,2018,1-2018,12 Months,6.48,Gandhinagar
7825,6,2018,6-2018,90 Days,5.59,Srinagar
7826,4,2017,4-2017,30 Days,1.18,Shillong
7827,4,2018,4-2018,60 Days,5.89,Nasik
7828,5,2017,5-2017,24 Months and more,5.89,Bhopal
7829,11,2018,11-2018,60 Days,4.12,Ranchi
7830,3,2017,3-2017,12 Months,5.59,Bhopal
7831,7,2017,7-2017,30 Days,7.07,Aurangabad
7834,9,2017,9-2017,90 Days,1.77,Pune
7835,6,2018,6-2018,30 Days,12.95,Jaipur
7839,12,2018,12-2018,6 Month,14.13,Pune
7840,9,2017,9-2017,90 Days,2.36,Chandigarh
7842,3,2017,3-2017,24 Months and more,2.36,Ranchi
7844,3,2018,3-2018,60 Days,1.18,Chandigarh
7848,5,2017,5-2017,90 Days,2.36,Nagpur
7850,6,2017,6-2017,12 Months,9.79,Mumbai
7851,7,2017,7-2017,90 Days,4.20,Chennai
7858,2,2017,2-2017,30 Days,6.48,Chandigarh
7859,5,2017,5-2017,60 Days,7.07,Nagpur
7862,9,2017,9-2017,24 Months and more,5.89,Pune
7864,4,2017,4-2017,24 Months and more,2.80,Jaipur
7867,1,2017,1-2017,24 Months and more,4.71,Bengaluru
7869,3,2017,3-2017,60 Days,2.36,Ranchi
7870,5,2017,5-2017,60 Days,8.24,Jaipur
7871,9,2017,9-2017,30 Days,2.36,Pune
7873,12,2018,12-2018,24 Months and more,5.89,Bhopal
7874,8,2018,8-2018,60 Days,5.59,Chandigarh
7875,2,2018,2-2018,60 Days,2.94,Chandigarh
7878,12,2017,12-2017,90 Days,11.78,Jaipur
7879,12,2018,12-2018,30 Days,6.48,Mumbai
7880,2,2018,2-2018,6 Month,5.30,Delhi
7881,4,2018,4-2018,60 Days,1.18,Bengaluru
7883,5,2017,5-2017,24 Months and more,6.48,Nasik
7884,8,2017,8-2017,12 Months,1.40,Chandigarh
7885,10,2018,10-2018,6 Month,2.94,Chennai
7886,10,2017,10-2017,24 Months and more,2.36,Chennai
7889,2,2018,2-2018,6 Month,8.24,Chandigarh
7890,3,2018,3-2018,90 Days,1.40,Nagpur
7891,4,2018,4-2018,24 Months and more,12.95,Shillong
7892,8,2018,8-2018,6 Month,4.20,Bhopal
7893,8,2017,8-2017,24 Months and more,9.42,Shillong
7894,7,2017,7-2017,30 Days,2.94,Mumbai
7896,4,2017,4-2017,30 Days,6.48,Bengaluru
7898,7,2018,7-2018,60 Days,0.59,Chandigarh
7899,1,2018,1-2018,90 Days,5.89,Jaipur
7900,3,2017,3-2017,6 Month,7.07,Bhopal
7903,12,2017,12-2017,90 Days,6.48,Nagpur
7904,4,2017,4-2017,30 Days,2.80,Nagpur
7906,10,2017,10-2017,60 Days,4.12,Chennai
7907,11,2018,11-2018,90 Days,5.30,Mumbai
7908,5,2017,5-2017,12 Months,5.89,Chennai
7909,12,2018,12-2018,24 Months and more,1.18,Bengaluru
7910,7,2017,7-2017,6 Month,5.30,Nasik
7911,1,2017,1-2017,60 Days,12.95,Delhi
7912,2,2018,2-2018,60 Days,1.18,Gandhinagar
7913,11,2017,11-2017,90 Days,2.80,Shillong
7914,6,2018,6-2018,6 Month,5.59,Aurangabad
7915,11,2017,11-2017,24 Months and more,7.07,Pune
7916,7,2017,7-2017,90 Days,4.12,Shillong
7917,3,2018,3-2018,12 Months,2.36,Jaipur
7918,3,2017,3-2017,24 Months and more,12.59,Shillong
7921,10,2018,10-2018,24 Months and more,1.18,Nagpur
7923,5,2017,5-2017,30 Days,4.12,Aurangabad
7924,12,2017,12-2017,12 Months,3.53,Chennai
7925,1,2017,1-2017,30 Days,4.12,Ranchi
7927,2,2017,2-2017,24 Months and more,16.78,Chandigarh
7928,9,2018,9-2018,24 Months and more,12.59,Nasik
7929,11,2017,11-2017,90 Days,7.07,Shillong
7930,4,2017,4-2017,6 Month,7.07,Mumbai
7931,3,2017,3-2017,24 Months and more,3.53,Srinagar
7933,2,2018,2-2018,24 Months and more,0.59,Gandhinagar
7935,3,2018,3-2018,12 Months,4.20,Shillong
7936,11,2018,11-2018,90 Days,16.78,Jaipur
7937,9,2017,9-2017,24 Months and more,16.78,Bengaluru
7939,5,2018,5-2018,90 Days,4.71,Nasik
7940,9,2017,9-2017,90 Days,0.59,Pune
7941,9,2018,9-2018,60 Days,11.19,Delhi
7942,12,2017,12-2017,60 Days,2.36,Mumbai
7944,12,2017,12-2017,12 Months,2.80,Jaipur
7947,7,2018,7-2018,30 Days,9.79,Nasik
7948,1,2018,1-2018,6 Month,7.07,Delhi
7949,9,2018,9-2018,24 Months and more,12.95,Shillong
7950,12,2017,12-2017,30 Days,15.38,Jaipur
7951,11,2018,11-2018,12 Months,10.60,Bhopal
7952,8,2017,8-2017,90 Days,12.95,Gandhinagar
7955,10,2018,10-2018,30 Days,6.99,Nagpur
7956,7,2017,7-2017,12 Months,4.71,Pune
7958,8,2017,8-2017,90 Days,3.53,Gandhinagar
7959,3,2017,3-2017,6 Month,4.71,Chennai
7961,1,2017,1-2017,60 Days,13.98,Nagpur
7963,8,2018,8-2018,90 Days,3.53,Delhi
7965,7,2018,7-2018,30 Days,2.94,Bhopal
7967,11,2018,11-2018,6 Month,8.39,Mumbai
7968,1,2018,1-2018,12 Months,16.78,Srinagar
7969,5,2018,5-2018,90 Days,4.71,Nagpur
7970,9,2018,9-2018,12 Months,5.59,Ranchi
7971,1,2017,1-2017,24 Months and more,8.24,Aurangabad
7972,1,2018,1-2018,60 Days,4.71,Aurangabad
7973,12,2017,12-2017,90 Days,2.80,Jaipur
7975,3,2018,3-2018,30 Days,2.36,Gandhinagar
7976,3,2018,3-2018,90 Days,6.48,Shillong
7977,6,2017,6-2017,60 Days,4.12,Gandhinagar
7978,11,2017,11-2017,12 Months,16.78,Mumbai
7979,12,2017,12-2017,30 Days,9.79,Gandhinagar
7980,3,2017,3-2017,24 Months and more,8.39,Aurangabad
7983,2,2017,2-2017,12 Months,2.36,Mumbai
7984,1,2018,1-2018,60 Days,2.80,Mumbai
7985,3,2018,3-2018,24 Months and more,4.71,Shillong
7986,1,2018,1-2018,6 Month,12.59,Pune
7987,2,2018,2-2018,90 Days,6.48,Jaipur
7988,1,2017,1-2017,30 Days,7.07,Bengaluru
7989,7,2017,7-2017,12 Months,1.18,Jaipur
7990,8,2017,8-2017,24 Months and more,0.59,Chennai
7991,7,2018,7-2018,30 Days,4.12,Ranchi
7993,1,2018,1-2018,12 Months,0.59,Nagpur
7996,6,2017,6-2017,60 Days,2.36,Jaipur
7997,3,2018,3-2018,12 Months,2.36,Shillong
8001,1,2017,1-2017,90 Days,10.60,Delhi
8002,9,2018,9-2018,12 Months,6.99,Nagpur
8003,12,2018,12-2018,60 Days,4.20,Chandigarh
8004,10,2017,10-2017,6 Month,2.94,Bhopal
8005,3,2018,3-2018,90 Days,0.59,Pune
8006,12,2018,12-2018,30 Days,8.39,Srinagar
8007,10,2017,10-2017,6 Month,9.79,Mumbai
8008,8,2018,8-2018,30 Days,0.59,Shillong
8009,8,2017,8-2017,12 Months,5.89,Mumbai
8011,7,2017,7-2017,6 Month,2.94,Srinagar
8015,1,2018,1-2018,90 Days,1.18,Nasik
8016,1,2018,1-2018,60 Days,11.78,Bhopal
8017,3,2018,3-2018,24 Months and more,2.94,Shillong
8018,6,2018,6-2018,30 Days,6.99,Nagpur
8019,1,2018,1-2018,60 Days,2.94,Chennai
8020,4,2018,4-2018,6 Month,5.89,Jaipur
8021,8,2018,8-2018,30 Days,4.12,Jaipur
8022,6,2018,6-2018,60 Days,0.59,Chennai
8023,2,2017,2-2017,12 Months,3.53,Nasik
8024,11,2017,11-2017,12 Months,2.36,Bengaluru
8026,6,2018,6-2018,6 Month,9.79,Srinagar
8027,12,2017,12-2017,30 Days,9.79,Jaipur
8029,11,2018,11-2018,30 Days,9.42,Gandhinagar
8030,4,2018,4-2018,60 Days,4.12,Bengaluru
8031,3,2018,3-2018,6 Month,5.89,Ranchi
8036,5,2017,5-2017,60 Days,1.18,Shillong
8037,1,2017,1-2017,30 Days,2.36,Nagpur
8038,4,2017,4-2017,24 Months and more,13.98,Nagpur
8039,5,2017,5-2017,60 Days,2.94,Gandhinagar
8040,10,2017,10-2017,24 Months and more,16.78,Ranchi
8041,9,2017,9-2017,30 Days,4.71,Ranchi
8043,11,2018,11-2018,24 Months and more,5.30,Mumbai
8044,3,2017,3-2017,90 Days,2.94,Pune
8045,1,2018,1-2018,6 Month,0.59,Mumbai
8046,8,2017,8-2017,24 Months and more,2.36,Gandhinagar
8049,1,2018,1-2018,12 Months,6.99,Chennai
8051,12,2018,12-2018,90 Days,1.18,Ranchi
8052,12,2018,12-2018,6 Month,1.77,Bengaluru
8053,10,2018,10-2018,12 Months,5.30,Aurangabad
8055,7,2017,7-2017,90 Days,10.60,Chandigarh
8057,8,2017,8-2017,60 Days,9.79,Chandigarh
8060,2,2018,2-2018,24 Months and more,8.24,Nagpur
8062,6,2018,6-2018,6 Month,5.89,Nasik
8063,7,2018,7-2018,24 Months and more,4.71,Bengaluru
8064,9,2017,9-2017,6 Month,0.59,Pune
8065,5,2018,5-2018,6 Month,8.39,Delhi
8066,12,2017,12-2017,60 Days,16.78,Nagpur
8068,2,2018,2-2018,6 Month,1.18,Nagpur
8069,6,2017,6-2017,30 Days,1.18,Gandhinagar
8070,10,2018,10-2018,30 Days,12.59,Aurangabad
8074,3,2017,3-2017,12 Months,4.20,Nasik
8075,5,2018,5-2018,30 Days,12.59,Chennai
8076,5,2017,5-2017,12 Months,12.59,Bengaluru
8077,7,2017,7-2017,6 Month,10.60,Nasik
8079,11,2018,11-2018,30 Days,2.94,Chandigarh
8081,1,2018,1-2018,90 Days,1.18,Bhopal
8082,2,2017,2-2017,60 Days,7.07,Mumbai
8083,8,2017,8-2017,90 Days,9.42,Gandhinagar
8085,10,2018,10-2018,24 Months and more,2.80,Gandhinagar
8086,6,2017,6-2017,6 Month,3.53,Shillong
8087,1,2018,1-2018,60 Days,13.98,Nagpur
8088,12,2018,12-2018,60 Days,4.12,Bengaluru
8089,6,2018,6-2018,30 Days,6.99,Bengaluru
8090,6,2017,6-2017,60 Days,14.13,Pune
8091,8,2018,8-2018,60 Days,2.94,Delhi
8092,2,2018,2-2018,60 Days,1.77,Bhopal
8093,1,2017,1-2017,6 Month,5.89,Mumbai
8094,8,2017,8-2017,30 Days,0.59,Shillong
8095,10,2018,10-2018,30 Days,2.36,Bhopal
8096,10,2017,10-2017,12 Months,2.94,Bhopal
8098,12,2018,12-2018,60 Days,9.79,Chandigarh
8099,10,2017,10-2017,30 Days,5.30,Pune
8100,6,2017,6-2017,24 Months and more,4.20,Mumbai
8101,8,2017,8-2017,6 Month,6.48,Nagpur
8102,7,2018,7-2018,90 Days,4.71,Chennai
8104,2,2017,2-2017,6 Month,15.38,Pune
8105,11,2017,11-2017,30 Days,4.71,Ranchi
8106,7,2017,7-2017,6 Month,2.80,Shillong
8107,5,2018,5-2018,24 Months and more,2.36,Pune
8108,12,2017,12-2017,30 Days,1.40,Bengaluru
8109,5,2018,5-2018,24 Months and more,12.95,Bengaluru
8111,11,2017,11-2017,24 Months and more,6.99,Mumbai
8112,12,2017,12-2017,24 Months and more,1.18,Mumbai
8113,12,2017,12-2017,60 Days,7.07,Ranchi
8115,3,2018,3-2018,24 Months and more,1.77,Bhopal
8116,1,2018,1-2018,90 Days,15.38,Aurangabad
8117,4,2017,4-2017,30 Days,6.99,Nagpur
8118,8,2018,8-2018,24 Months and more,4.12,Chennai
8119,8,2017,8-2017,12 Months,9.79,Chennai
8120,7,2018,7-2018,12 Months,7.07,Bhopal
8122,1,2017,1-2017,90 Days,3.53,Bhopal
8123,5,2018,5-2018,6 Month,2.36,Gandhinagar
8127,8,2017,8-2017,90 Days,4.12,Delhi
8128,10,2017,10-2017,6 Month,3.53,Gandhinagar
8129,10,2017,10-2017,90 Days,8.39,Pune
8130,12,2018,12-2018,6 Month,9.79,Jaipur
8131,5,2017,5-2017,90 Days,9.79,Jaipur
8132,1,2018,1-2018,6 Month,5.30,Gandhinagar
8133,11,2017,11-2017,24 Months and more,4.71,Nagpur
8136,11,2017,11-2017,6 Month,4.71,Bengaluru
8139,10,2017,10-2017,60 Days,3.53,Nasik
8140,2,2018,2-2018,6 Month,2.80,Nasik
8141,5,2017,5-2017,12 Months,7.07,Chennai
8142,12,2018,12-2018,6 Month,2.36,Srinagar
8143,4,2018,4-2018,30 Days,9.79,Mumbai
8144,8,2017,8-2017,12 Months,4.71,Pune
8149,12,2017,12-2017,6 Month,12.95,Shillong
8150,2,2018,2-2018,6 Month,8.39,Mumbai
8151,8,2017,8-2017,30 Days,5.59,Chandigarh
8152,10,2018,10-2018,90 Days,9.79,Nagpur
8153,6,2018,6-2018,24 Months and more,2.94,Mumbai
8155,9,2017,9-2017,24 Months and more,3.53,Shillong
8156,5,2018,5-2018,60 Days,4.20,Shillong
8160,12,2017,12-2017,24 Months and more,0.59,Jaipur
8163,4,2018,4-2018,12 Months,6.99,Mumbai
8165,11,2018,11-2018,60 Days,2.94,Jaipur
8169,11,2018,11-2018,6 Month,12.59,Chennai
8175,6,2018,6-2018,12 Months,12.95,Shillong
8176,2,2017,2-2017,6 Month,12.59,Nagpur
8177,4,2018,4-2018,6 Month,12.59,Delhi
8178,2,2017,2-2017,90 Days,5.30,Chennai
8180,9,2017,9-2017,12 Months,6.99,Aurangabad
8182,4,2018,4-2018,30 Days,15.38,Bhopal
8183,1,2017,1-2017,30 Days,0.59,Bhopal
8184,6,2018,6-2018,60 Days,7.07,Shillong
8186,1,2017,1-2017,12 Months,4.12,Jaipur
8187,6,2017,6-2017,12 Months,5.30,Bhopal
8189,1,2018,1-2018,90 Days,13.98,Delhi
8191,11,2017,11-2017,30 Days,2.36,Ranchi
8194,11,2018,11-2018,6 Month,14.13,Gandhinagar
8195,7,2018,7-2018,30 Days,4.20,Bengaluru
8197,5,2018,5-2018,30 Days,7.07,Bhopal
8198,2,2017,2-2017,30 Days,1.18,Pune
8199,3,2018,3-2018,60 Days,16.78,Mumbai
8200,3,2018,3-2018,90 Days,4.71,Nasik
8202,5,2018,5-2018,6 Month,5.30,Aurangabad
8205,5,2017,5-2017,90 Days,1.77,Ranchi
8206,2,2017,2-2017,12 Months,5.89,Jaipur
8208,12,2017,12-2017,30 Days,7.07,Chennai
8209,8,2018,8-2018,90 Days,15.38,Delhi
8210,3,2018,3-2018,12 Months,9.79,Nagpur
8211,8,2018,8-2018,24 Months and more,8.39,Pune
8212,1,2017,1-2017,90 Days,4.71,Bengaluru
8214,1,2017,1-2017,6 Month,1.18,Bhopal
8215,11,2018,11-2018,24 Months and more,5.89,Delhi
8216,9,2018,9-2018,6 Month,11.19,Pune
8217,12,2017,12-2017,6 Month,1.77,Ranchi
8218,12,2017,12-2017,90 Days,2.94,Nagpur
8219,12,2018,12-2018,6 Month,10.60,Pune
8220,8,2017,8-2017,12 Months,3.53,Pune
8221,10,2018,10-2018,30 Days,8.39,Nasik
8225,11,2017,11-2017,60 Days,12.95,Delhi
8226,8,2018,8-2018,90 Days,2.36,Mumbai
8227,2,2018,2-2018,12 Months,0.59,Pune
8228,5,2017,5-2017,90 Days,2.80,Chennai
8229,4,2017,4-2017,30 Days,6.99,Shillong
8230,7,2017,7-2017,90 Days,2.94,Gandhinagar
8232,8,2018,8-2018,30 Days,13.98,Chennai
8235,12,2018,12-2018,90 Days,2.36,Chennai
8236,4,2017,4-2017,12 Months,1.40,Nasik
8238,1,2018,1-2018,24 Months and more,2.80,Pune
8239,12,2017,12-2017,90 Days,5.89,Bhopal
8240,3,2018,3-2018,60 Days,11.78,Aurangabad
8242,4,2018,4-2018,60 Days,5.89,Jaipur
8244,1,2018,1-2018,24 Months and more,4.20,Pune
8249,6,2017,6-2017,24 Months and more,16.78,Nasik
8251,12,2018,12-2018,6 Month,1.18,Ranchi
8252,11,2017,11-2017,12 Months,5.59,Chandigarh
8254,12,2017,12-2017,90 Days,1.40,Ranchi
8255,4,2018,4-2018,30 Days,5.89,Bengaluru
8256,2,2018,2-2018,60 Days,0.59,Bhopal
8257,1,2017,1-2017,30 Days,1.77,Chandigarh
8258,11,2018,11-2018,30 Days,4.20,Chandigarh
8259,5,2018,5-2018,30 Days,4.71,Gandhinagar
8260,10,2018,10-2018,24 Months and more,1.77,Nasik
8261,12,2017,12-2017,6 Month,3.53,Jaipur
8266,4,2017,4-2017,60 Days,2.36,Nagpur
8267,8,2018,8-2018,12 Months,2.36,Ranchi
8268,1,2018,1-2018,30 Days,5.89,Bhopal
8269,4,2018,4-2018,12 Months,11.78,Aurangabad
8271,7,2018,7-2018,6 Month,3.53,Nasik
8272,11,2017,11-2017,90 Days,2.36,Gandhinagar
8273,6,2017,6-2017,12 Months,11.78,Nagpur
8274,4,2017,4-2017,24 Months and more,14.13,Pune
8276,8,2017,8-2017,30 Days,2.36,Chandigarh
8277,9,2018,9-2018,30 Days,4.20,Bhopal
8280,9,2017,9-2017,30 Days,1.18,Pune
8281,7,2018,7-2018,30 Days,3.53,Aurangabad
8284,12,2018,12-2018,6 Month,4.71,Bhopal
8285,10,2018,10-2018,90 Days,2.36,Shillong
8286,4,2018,4-2018,60 Days,2.36,Bhopal
8287,8,2017,8-2017,60 Days,13.98,Chennai
8288,11,2017,11-2017,24 Months and more,2.94,Nasik
8289,4,2017,4-2017,12 Months,11.19,Gandhinagar
8290,9,2017,9-2017,90 Days,2.94,Jaipur
8291,3,2018,3-2018,24 Months and more,12.59,Srinagar
8292,12,2018,12-2018,60 Days,4.12,Nasik
8294,9,2018,9-2018,60 Days,5.30,Chandigarh
8295,9,2018,9-2018,24 Months and more,0.59,Ranchi
8296,12,2018,12-2018,12 Months,1.77,Srinagar
8300,8,2018,8-2018,90 Days,2.36,Aurangabad
8301,8,2018,8-2018,90 Days,1.18,Chennai
8304,6,2017,6-2017,6 Month,9.79,Gandhinagar
8307,4,2017,4-2017,90 Days,2.36,Mumbai
8308,12,2018,12-2018,30 Days,4.71,Ranchi
8309,9,2018,9-2018,12 Months,2.94,Shillong
8310,9,2017,9-2017,24 Months and more,4.12,Aurangabad
8313,5,2018,5-2018,30 Days,5.30,Chandigarh
8314,10,2018,10-2018,30 Days,2.36,Delhi
8315,8,2017,8-2017,6 Month,2.80,Gandhinagar
8316,8,2017,8-2017,6 Month,8.39,Mumbai
8318,10,2017,10-2017,6 Month,4.12,Shillong
8319,10,2017,10-2017,30 Days,12.59,Aurangabad
8320,8,2018,8-2018,90 Days,2.94,Pune
8321,10,2018,10-2018,90 Days,2.94,Bhopal
8322,5,2017,5-2017,30 Days,12.59,Delhi
8324,4,2017,4-2017,30 Days,1.18,Mumbai
8325,7,2017,7-2017,90 Days,5.59,Mumbai
8326,2,2017,2-2017,60 Days,16.78,Nasik
8328,11,2018,11-2018,24 Months and more,2.36,Nasik
8332,12,2018,12-2018,30 Days,0.59,Bengaluru
8334,1,2018,1-2018,90 Days,12.95,Aurangabad
8335,8,2018,8-2018,24 Months and more,3.53,Bhopal
8336,7,2017,7-2017,24 Months and more,2.36,Nagpur
8339,11,2018,11-2018,90 Days,2.94,Aurangabad
8340,3,2017,3-2017,60 Days,1.18,Pune
8341,11,2017,11-2017,24 Months and more,5.89,Pune
8342,5,2017,5-2017,30 Days,10.60,Nagpur
8343,7,2017,7-2017,30 Days,12.59,Aurangabad
8344,5,2018,5-2018,60 Days,6.48,Delhi
8346,2,2017,2-2017,30 Days,8.24,Pune
8347,2,2017,2-2017,60 Days,12.59,Chandigarh
8349,2,2018,2-2018,30 Days,4.71,Srinagar
8350,12,2018,12-2018,30 Days,16.78,Delhi
8351,11,2018,11-2018,60 Days,4.71,Bengaluru
8353,10,2018,10-2018,24 Months and more,2.36,Chennai
8354,5,2018,5-2018,60 Days,2.94,Bhopal
8356,9,2017,9-2017,6 Month,0.59,Gandhinagar
8359,8,2017,8-2017,60 Days,1.77,Delhi
8360,9,2018,9-2018,12 Months,12.59,Jaipur
8361,8,2018,8-2018,90 Days,0.59,Srinagar
8362,4,2018,4-2018,90 Days,6.48,Gandhinagar
8363,10,2018,10-2018,30 Days,4.71,Mumbai
8364,7,2018,7-2018,12 Months,4.71,Nagpur
8365,8,2018,8-2018,12 Months,5.30,Gandhinagar
8366,5,2017,5-2017,60 Days,5.89,Bhopal
8367,6,2018,6-2018,60 Days,2.94,Chandigarh
8371,1,2017,1-2017,12 Months,7.07,Nasik
8372,7,2017,7-2017,90 Days,12.59,Bengaluru
8373,12,2017,12-2017,12 Months,4.71,Pune
8374,10,2017,10-2017,90 Days,10.60,Chandigarh
8375,10,2017,10-2017,24 Months and more,11.19,Pune
8378,7,2018,7-2018,60 Days,16.78,Delhi
8379,5,2018,5-2018,6 Month,1.40,Chennai
8380,3,2017,3-2017,60 Days,2.94,Bhopal
8381,10,2017,10-2017,90 Days,4.12,Chandigarh
8383,10,2017,10-2017,24 Months and more,5.89,Ranchi
8384,2,2017,2-2017,6 Month,4.71,Shillong
8385,9,2017,9-2017,12 Months,2.94,Delhi
8386,7,2017,7-2017,90 Days,4.71,Mumbai
8387,7,2017,7-2017,60 Days,7.07,Bhopal
8388,10,2018,10-2018,60 Days,6.48,Nasik
8389,5,2018,5-2018,90 Days,6.48,Gandhinagar
8390,10,2017,10-2017,60 Days,10.60,Srinagar
8391,1,2018,1-2018,24 Months and more,5.30,Aurangabad
8392,8,2017,8-2017,60 Days,11.78,Nagpur
8393,8,2017,8-2017,60 Days,5.89,Ranchi
8394,4,2018,4-2018,60 Days,2.36,Jaipur
8395,11,2018,11-2018,30 Days,1.40,Delhi
8396,5,2018,5-2018,6 Month,13.98,Mumbai
8399,9,2017,9-2017,12 Months,13.98,Delhi
8400,10,2017,10-2017,6 Month,6.48,Ranchi
8401,12,2017,12-2017,24 Months and more,4.20,Nagpur
8404,9,2018,9-2018,12 Months,6.48,Nasik
8405,11,2017,11-2017,60 Days,1.40,Nagpur
8406,6,2018,6-2018,30 Days,4.20,Aurangabad
8407,12,2018,12-2018,6 Month,12.95,Srinagar
8408,7,2018,7-2018,24 Months and more,5.89,Pune
8409,8,2017,8-2017,90 Days,0.59,Mumbai
8410,8,2017,8-2017,60 Days,4.71,Aurangabad
8411,10,2018,10-2018,60 Days,6.99,Pune
8412,3,2017,3-2017,24 Months and more,4.71,Srinagar
8413,11,2018,11-2018,24 Months and more,6.48,Shillong
8414,7,2018,7-2018,30 Days,16.78,Mumbai
8415,11,2017,11-2017,30 Days,6.48,Bengaluru
8416,4,2018,4-2018,12 Months,16.78,Bengaluru
8417,12,2018,12-2018,12 Months,7.07,Gandhinagar
8418,11,2017,11-2017,90 Days,6.48,Gandhinagar
8419,12,2018,12-2018,24 Months and more,4.71,Srinagar
8420,10,2017,10-2017,60 Days,2.80,Nasik
8426,4,2017,4-2017,60 Days,4.71,Mumbai
8428,5,2017,5-2017,6 Month,1.77,Nasik
8430,11,2017,11-2017,90 Days,9.79,Ranchi
8432,7,2018,7-2018,24 Months and more,11.78,Aurangabad
8435,1,2018,1-2018,90 Days,3.53,Chandigarh
8437,3,2017,3-2017,12 Months,3.53,Aurangabad
8441,6,2017,6-2017,30 Days,16.78,Srinagar
8442,8,2017,8-2017,90 Days,2.80,Nasik
8444,11,2018,11-2018,24 Months and more,2.36,Nasik
8445,7,2017,7-2017,6 Month,2.36,Chandigarh
8446,4,2018,4-2018,90 Days,7.07,Mumbai
8447,4,2017,4-2017,6 Month,1.40,Aurangabad
8449,8,2017,8-2017,24 Months and more,1.40,Pune
8450,10,2017,10-2017,60 Days,0.59,Mumbai
8451,7,2017,7-2017,90 Days,7.07,Bhopal
8452,9,2017,9-2017,6 Month,8.39,Ranchi
8454,10,2018,10-2018,30 Days,5.30,Aurangabad
8456,12,2017,12-2017,90 Days,3.53,Shillong
8458,3,2017,3-2017,30 Days,4.71,Mumbai
8459,1,2017,1-2017,6 Month,1.18,Chandigarh
8461,7,2018,7-2018,12 Months,8.39,Chennai
8463,5,2017,5-2017,60 Days,16.78,Bhopal
8464,4,2018,4-2018,60 Days,14.13,Bhopal
8466,4,2018,4-2018,30 Days,16.78,Ranchi
8468,5,2018,5-2018,24 Months and more,1.40,Ranchi
8469,2,2017,2-2017,30 Days,2.36,Nagpur
8470,5,2017,5-2017,12 Months,4.71,Shillong
8471,3,2018,3-2018,12 Months,7.07,Srinagar
8472,3,2017,3-2017,12 Months,9.79,Chennai
8473,5,2018,5-2018,60 Days,0.59,Jaipur
8474,2,2018,2-2018,24 Months and more,15.38,Chennai
8475,5,2017,5-2017,6 Month,11.19,Aurangabad
8476,2,2018,2-2018,24 Months and more,1.18,Gandhinagar
8477,7,2017,7-2017,24 Months and more,13.98,Mumbai
8478,1,2017,1-2017,6 Month,5.89,Srinagar
8479,3,2017,3-2017,6 Month,16.78,Chandigarh
8480,4,2017,4-2017,12 Months,6.48,Ranchi
8481,1,2017,1-2017,12 Months,11.19,Gandhinagar
8482,5,2018,5-2018,90 Days,3.53,Bengaluru
8485,6,2018,6-2018,6 Month,4.71,Aurangabad
8486,2,2017,2-2017,12 Months,1.77,Bengaluru
8487,12,2017,12-2017,24 Months and more,4.12,Shillong
8488,5,2018,5-2018,90 Days,4.12,Gandhinagar
8489,1,2017,1-2017,30 Days,2.36,Srinagar
8492,11,2017,11-2017,90 Days,4.71,Pune
8493,4,2017,4-2017,90 Days,5.89,Bhopal
8494,11,2018,11-2018,90 Days,1.77,Srinagar
8497,8,2017,8-2017,90 Days,4.71,Jaipur
8499,1,2018,1-2018,12 Months,1.77,Mumbai
8500,5,2018,5-2018,6 Month,11.19,Jaipur
8501,6,2017,6-2017,90 Days,7.07,Nasik
8503,2,2018,2-2018,30 Days,1.77,Chennai
8504,11,2017,11-2017,24 Months and more,4.71,Bengaluru
8505,4,2018,4-2018,12 Months,5.30,Bhopal
8506,4,2017,4-2017,24 Months and more,13.98,Bengaluru
8507,12,2018,12-2018,24 Months and more,8.39,Chandigarh
8508,2,2017,2-2017,12 Months,13.98,Chandigarh
8510,9,2018,9-2018,6 Month,2.36,Srinagar
8511,2,2017,2-2017,90 Days,5.59,Pune
8512,9,2017,9-2017,6 Month,1.40,Nasik
8514,1,2017,1-2017,60 Days,6.48,Bhopal
8515,12,2018,12-2018,12 Months,5.89,Aurangabad
8516,3,2017,3-2017,30 Days,2.94,Gandhinagar
8517,12,2017,12-2017,90 Days,4.12,Bengaluru
8519,11,2017,11-2017,24 Months and more,8.39,Pune
8521,3,2018,3-2018,60 Days,5.89,Nagpur
8522,8,2017,8-2017,6 Month,3.53,Nasik
8524,8,2017,8-2017,6 Month,1.40,Nagpur
8525,9,2018,9-2018,6 Month,7.07,Chandigarh
8526,12,2017,12-2017,24 Months and more,9.42,Srinagar
8527,11,2018,11-2018,90 Days,5.30,Delhi
8530,7,2018,7-2018,12 Months,7.07,Nasik
8532,9,2018,9-2018,60 Days,8.24,Shillong
8533,6,2017,6-2017,30 Days,16.78,Chennai
8535,4,2017,4-2017,60 Days,0.59,Jaipur
8536,10,2018,10-2018,30 Days,10.60,Pune
8537,8,2017,8-2017,60 Days,11.78,Nasik
8538,4,2017,4-2017,60 Days,1.18,Shillong
8540,3,2018,3-2018,90 Days,16.78,Nasik
8541,3,2018,3-2018,24 Months and more,4.71,Bengaluru
8542,2,2018,2-2018,90 Days,5.59,Nagpur
8545,11,2017,11-2017,30 Days,12.95,Mumbai
8546,12,2018,12-2018,6 Month,9.79,Gandhinagar
8547,1,2017,1-2017,30 Days,3.53,Gandhinagar
8548,3,2017,3-2017,12 Months,2.94,Jaipur
8549,7,2017,7-2017,90 Days,4.12,Nasik
8550,7,2018,7-2018,60 Days,5.30,Mumbai
8551,6,2018,6-2018,24 Months and more,2.94,Chennai
8553,8,2017,8-2017,30 Days,1.18,Srinagar
8554,8,2017,8-2017,30 Days,2.36,Delhi
8555,8,2018,8-2018,30 Days,5.89,Bhopal
8557,2,2018,2-2018,12 Months,12.59,Ranchi
8559,11,2017,11-2017,60 Days,7.07,Pune
8560,6,2018,6-2018,12 Months,5.89,Gandhinagar
8563,10,2018,10-2018,60 Days,2.94,Delhi
8564,4,2018,4-2018,90 Days,0.59,Gandhinagar
8566,1,2018,1-2018,90 Days,14.13,Mumbai
8568,10,2018,10-2018,90 Days,2.80,Chennai
8569,3,2018,3-2018,90 Days,2.36,Bengaluru
8570,11,2018,11-2018,90 Days,5.30,Ranchi
8573,11,2018,11-2018,30 Days,5.59,Nasik
8575,10,2018,10-2018,90 Days,5.89,Chandigarh
8576,4,2018,4-2018,90 Days,5.89,Jaipur
8578,2,2018,2-2018,24 Months and more,2.94,Nagpur
8583,9,2018,9-2018,60 Days,7.07,Nagpur
8584,2,2018,2-2018,6 Month,12.59,Jaipur
8588,2,2018,2-2018,24 Months and more,4.71,Shillong
8589,2,2017,2-2017,6 Month,5.59,Gandhinagar
8592,9,2017,9-2017,24 Months and more,4.20,Shillong
8593,1,2017,1-2017,24 Months and more,1.77,Bhopal
8594,3,2018,3-2018,6 Month,7.07,Ranchi
8595,3,2017,3-2017,24 Months and more,1.18,Delhi
8596,12,2017,12-2017,12 Months,0.59,Mumbai
8597,6,2018,6-2018,24 Months and more,0.59,Aurangabad
8598,8,2017,8-2017,60 Days,0.59,Chennai
8599,8,2017,8-2017,60 Days,2.36,Aurangabad
8601,3,2017,3-2017,60 Days,4.71,Delhi
8602,12,2017,12-2017,6 Month,8.24,Ranchi
8603,6,2018,6-2018,90 Days,11.19,Nasik
8606,8,2018,8-2018,60 Days,5.89,Nagpur
8608,2,2017,2-2017,90 Days,2.80,Jaipur
8609,7,2017,7-2017,30 Days,7.07,Pune
8610,1,2017,1-2017,60 Days,12.95,Jaipur
8611,12,2017,12-2017,90 Days,9.42,Nasik
8612,8,2018,8-2018,60 Days,6.48,Mumbai
8614,11,2017,11-2017,60 Days,2.36,Nasik
8615,11,2018,11-2018,60 Days,4.20,Pune
8617,3,2018,3-2018,24 Months and more,6.48,Nagpur
8618,4,2017,4-2017,30 Days,4.20,Shillong
8619,9,2017,9-2017,12 Months,2.94,Shillong
8620,8,2018,8-2018,24 Months and more,3.53,Bengaluru
8621,9,2018,9-2018,30 Days,15.38,Bhopal
8623,3,2018,3-2018,30 Days,3.53,Mumbai
8624,12,2017,12-2017,90 Days,15.38,Srinagar
8625,11,2017,11-2017,30 Days,0.59,Delhi
8626,7,2017,7-2017,6 Month,1.18,Aurangabad
8627,3,2017,3-2017,90 Days,15.38,Mumbai
8628,4,2018,4-2018,90 Days,0.59,Srinagar
8629,7,2018,7-2018,30 Days,10.60,Srinagar
8630,3,2017,3-2017,12 Months,7.07,Chandigarh
8631,6,2018,6-2018,60 Days,0.59,Chennai
8633,7,2017,7-2017,60 Days,1.40,Bengaluru
8634,7,2018,7-2018,90 Days,4.12,Bengaluru
8635,3,2018,3-2018,6 Month,2.80,Chandigarh
8636,10,2018,10-2018,12 Months,6.48,Srinagar
8637,12,2018,12-2018,24 Months and more,6.99,Ranchi
8638,1,2018,1-2018,30 Days,15.38,Chennai
8639,12,2017,12-2017,24 Months and more,16.78,Aurangabad
8640,1,2017,1-2017,24 Months and more,4.20,Chandigarh
8644,7,2017,7-2017,30 Days,3.53,Srinagar
8648,10,2018,10-2018,12 Months,8.39,Mumbai
8650,10,2018,10-2018,12 Months,4.12,Bengaluru
8651,4,2018,4-2018,6 Month,5.30,Nagpur
8652,11,2017,11-2017,12 Months,4.20,Pune
8653,7,2017,7-2017,24 Months and more,1.40,Nasik
8654,2,2018,2-2018,60 Days,12.59,Bhopal
8655,11,2018,11-2018,30 Days,3.53,Mumbai
8656,9,2017,9-2017,90 Days,11.78,Srinagar
8657,7,2018,7-2018,90 Days,1.77,Pune
8659,7,2017,7-2017,12 Months,16.78,Chandigarh
8661,10,2017,10-2017,12 Months,8.39,Nagpur
8662,6,2017,6-2017,60 Days,7.07,Ranchi
8663,10,2018,10-2018,24 Months and more,1.77,Bengaluru
8664,5,2018,5-2018,24 Months and more,2.80,Aurangabad
8667,5,2018,5-2018,12 Months,4.20,Delhi
8669,4,2017,4-2017,24 Months and more,8.24,Gandhinagar
8670,10,2017,10-2017,6 Month,9.79,Srinagar
8671,11,2018,11-2018,6 Month,15.38,Chandigarh
8672,4,2018,4-2018,6 Month,12.59,Delhi
8673,11,2018,11-2018,30 Days,4.12,Ranchi
8674,5,2017,5-2017,24 Months and more,4.71,Delhi
8676,12,2018,12-2018,90 Days,4.71,Mumbai
8677,7,2017,7-2017,6 Month,7.07,Nagpur
8679,11,2017,11-2017,12 Months,4.12,Bengaluru
8680,12,2018,12-2018,24 Months and more,4.12,Nasik
8681,8,2018,8-2018,24 Months and more,11.78,Gandhinagar
8682,6,2018,6-2018,24 Months and more,7.07,Bhopal
8685,6,2017,6-2017,30 Days,4.12,Shillong
8686,9,2017,9-2017,90 Days,5.59,Shillong
8687,8,2018,8-2018,12 Months,3.53,Aurangabad
8688,4,2017,4-2017,12 Months,13.98,Chandigarh
8690,10,2018,10-2018,6 Month,10.60,Pune
8692,3,2017,3-2017,90 Days,16.78,Chandigarh
8693,6,2017,6-2017,6 Month,11.19,Chennai
8694,3,2018,3-2018,24 Months and more,9.42,Chandigarh
8696,6,2017,6-2017,12 Months,1.18,Gandhinagar
8697,3,2017,3-2017,12 Months,16.78,Pune
8698,10,2017,10-2017,24 Months and more,12.59,Srinagar
8699,8,2018,8-2018,60 Days,11.19,Bhopal
8700,5,2018,5-2018,12 Months,6.48,Bengaluru
8701,7,2018,7-2018,12 Months,3.53,Chennai
8702,12,2018,12-2018,90 Days,12.59,Pune
8703,4,2018,4-2018,24 Months and more,11.78,Delhi
8704,9,2018,9-2018,60 Days,5.89,Chandigarh
8705,12,2017,12-2017,24 Months and more,1.40,Chandigarh
8709,9,2018,9-2018,12 Months,9.79,Chennai
8710,2,2018,2-2018,12 Months,11.78,Ranchi
8712,10,2017,10-2017,60 Days,5.59,Gandhinagar
8714,7,2018,7-2018,12 Months,1.18,Aurangabad
8715,12,2018,12-2018,60 Days,9.79,Chennai
8717,8,2017,8-2017,90 Days,2.94,Gandhinagar
8719,1,2017,1-2017,12 Months,15.38,Bhopal
8720,1,2018,1-2018,24 Months and more,11.19,Bengaluru
8721,4,2018,4-2018,6 Month,4.20,Aurangabad
8724,2,2017,2-2017,6 Month,1.18,Bhopal
8725,6,2018,6-2018,24 Months and more,5.89,Mumbai
8726,4,2018,4-2018,12 Months,2.80,Bhopal
8728,1,2018,1-2018,12 Months,16.78,Shillong
8729,2,2018,2-2018,12 Months,2.36,Mumbai
8730,9,2017,9-2017,12 Months,7.07,Pune
8731,7,2017,7-2017,90 Days,2.36,Ranchi
8732,2,2017,2-2017,30 Days,13.98,Nagpur
8733,7,2018,7-2018,6 Month,4.71,Srinagar
8734,2,2018,2-2018,60 Days,2.36,Nasik
8738,8,2017,8-2017,24 Months and more,4.20,Nasik
8739,12,2017,12-2017,30 Days,6.48,Chandigarh
8742,4,2018,4-2018,90 Days,2.36,Ranchi
8743,1,2017,1-2017,30 Days,15.38,Mumbai
8744,9,2018,9-2018,30 Days,1.77,Chandigarh
8745,12,2018,12-2018,6 Month,12.59,Srinagar
8746,8,2018,8-2018,24 Months and more,1.40,Pune
8751,5,2018,5-2018,12 Months,4.71,Chennai
8752,9,2018,9-2018,24 Months and more,2.36,Shillong
8753,7,2017,7-2017,60 Days,2.94,Bhopal
8756,6,2017,6-2017,30 Days,5.30,Aurangabad
8757,1,2017,1-2017,30 Days,0.59,Bengaluru
8758,3,2018,3-2018,6 Month,3.53,Chennai
8760,3,2018,3-2018,24 Months and more,6.48,Srinagar
8761,4,2018,4-2018,60 Days,9.79,Nasik
8762,1,2018,1-2018,90 Days,5.30,Jaipur
8763,6,2018,6-2018,90 Days,1.77,Mumbai
8764,9,2017,9-2017,24 Months and more,4.71,Ranchi
8766,12,2018,12-2018,6 Month,1.40,Chennai
8767,1,2018,1-2018,60 Days,3.53,Nasik
8768,4,2018,4-2018,24 Months and more,4.12,Jaipur
8769,2,2018,2-2018,90 Days,7.07,Nasik
8771,10,2017,10-2017,30 Days,1.77,Ranchi
8772,6,2018,6-2018,60 Days,4.12,Chandigarh
8775,6,2017,6-2017,24 Months and more,4.12,Bhopal
8779,6,2017,6-2017,30 Days,11.19,Gandhinagar
8780,6,2018,6-2018,24 Months and more,3.53,Aurangabad
8782,1,2017,1-2017,60 Days,5.89,Gandhinagar
8785,7,2018,7-2018,12 Months,1.18,Gandhinagar
8786,4,2017,4-2017,60 Days,2.36,Chennai
8788,8,2017,8-2017,60 Days,7.07,Delhi
8789,9,2018,9-2018,12 Months,5.30,Gandhinagar
8790,1,2018,1-2018,30 Days,13.98,Srinagar
8792,6,2017,6-2017,30 Days,7.07,Gandhinagar
8793,2,2017,2-2017,30 Days,2.80,Bengaluru
8794,11,2018,11-2018,6 Month,16.78,Shillong
8795,7,2018,7-2018,90 Days,4.12,Bengaluru
8796,11,2017,11-2017,12 Months,2.80,Jaipur
8797,2,2018,2-2018,30 Days,8.39,Nagpur
8800,5,2018,5-2018,12 Months,5.30,Jaipur
8803,12,2017,12-2017,60 Days,4.12,Bengaluru
8805,4,2017,4-2017,30 Days,8.24,Aurangabad
8807,8,2017,8-2017,6 Month,13.98,Bengaluru
8809,12,2018,12-2018,6 Month,4.20,Bhopal
8810,1,2018,1-2018,60 Days,1.40,Bengaluru
8811,3,2018,3-2018,12 Months,1.18,Srinagar
8812,10,2017,10-2017,6 Month,11.19,Bhopal
8813,8,2017,8-2017,60 Days,7.07,Aurangabad
8815,9,2017,9-2017,24 Months and more,2.36,Aurangabad
8816,9,2017,9-2017,24 Months and more,4.71,Nagpur
8817,10,2017,10-2017,12 Months,1.18,Pune
8820,7,2018,7-2018,30 Days,12.59,Chennai
8821,2,2017,2-2017,90 Days,7.07,Nasik
8822,8,2017,8-2017,24 Months and more,10.60,Nasik
8823,6,2017,6-2017,6 Month,7.07,Chennai
8824,3,2017,3-2017,30 Days,16.78,Delhi
8825,2,2017,2-2017,30 Days,6.48,Shillong
8826,8,2017,8-2017,24 Months and more,6.99,Gandhinagar
8828,1,2018,1-2018,6 Month,4.71,Delhi
8829,6,2018,6-2018,6 Month,2.80,Mumbai
8830,3,2017,3-2017,30 Days,16.78,Bhopal
8832,4,2017,4-2017,6 Month,4.12,Nagpur
8833,10,2018,10-2018,12 Months,3.53,Nagpur
8834,3,2018,3-2018,24 Months and more,5.30,Jaipur
8835,10,2018,10-2018,24 Months and more,11.78,Srinagar
8836,12,2018,12-2018,90 Days,12.95,Nasik
8837,10,2018,10-2018,90 Days,11.19,Nagpur
8840,9,2017,9-2017,90 Days,12.59,Mumbai
8842,11,2017,11-2017,6 Month,5.59,Pune
8844,11,2018,11-2018,60 Days,5.30,Bhopal
8848,3,2017,3-2017,24 Months and more,4.71,Nasik
8849,10,2017,10-2017,30 Days,15.38,Pune
8850,4,2018,4-2018,90 Days,5.89,Chennai
8852,3,2017,3-2017,6 Month,4.12,Gandhinagar
8853,6,2017,6-2017,30 Days,8.24,Jaipur
8855,1,2018,1-2018,30 Days,5.89,Bhopal
8859,11,2017,11-2017,24 Months and more,11.78,Bhopal
8861,6,2018,6-2018,60 Days,2.36,Delhi
8862,2,2017,2-2017,12 Months,5.30,Bengaluru
8864,12,2018,12-2018,6 Month,3.53,Jaipur
8865,8,2017,8-2017,90 Days,1.77,Nasik
8867,2,2018,2-2018,90 Days,4.12,Delhi
8869,9,2018,9-2018,90 Days,0.59,Nagpur
8870,9,2017,9-2017,30 Days,4.20,Jaipur
8872,8,2017,8-2017,90 Days,3.53,Delhi
8873,3,2018,3-2018,6 Month,13.98,Mumbai
8876,11,2018,11-2018,6 Month,5.30,Pune
8877,4,2018,4-2018,12 Months,4.20,Ranchi
8880,11,2017,11-2017,90 Days,1.18,Gandhinagar
8884,11,2018,11-2018,30 Days,8.39,Bhopal
8885,5,2017,5-2017,30 Days,2.94,Chandigarh
8886,4,2017,4-2017,90 Days,5.89,Bhopal
8887,8,2017,8-2017,12 Months,1.40,Shillong
8888,8,2018,8-2018,6 Month,6.48,Ranchi
8889,4,2018,4-2018,60 Days,2.36,Chennai
8890,5,2017,5-2017,30 Days,4.12,Ranchi
8892,5,2018,5-2018,30 Days,4.12,Chandigarh
8897,1,2018,1-2018,30 Days,8.39,Srinagar
8899,8,2018,8-2018,6 Month,16.78,Aurangabad
8900,9,2017,9-2017,60 Days,13.98,Delhi
8901,9,2017,9-2017,90 Days,1.18,Chennai
8903,12,2018,12-2018,60 Days,7.07,Mumbai
8904,12,2017,12-2017,60 Days,2.94,Ranchi
8905,3,2017,3-2017,60 Days,4.20,Srinagar
8906,8,2017,8-2017,30 Days,16.78,Nagpur
8907,9,2017,9-2017,30 Days,2.80,Jaipur
8908,6,2017,6-2017,6 Month,5.30,Chennai
8910,1,2017,1-2017,60 Days,0.59,Chandigarh
8911,5,2018,5-2018,12 Months,1.77,Chennai
8913,12,2017,12-2017,24 Months and more,4.12,Nagpur
8914,3,2018,3-2018,60 Days,0.59,Chennai
8916,8,2018,8-2018,6 Month,2.80,Delhi
8920,11,2018,11-2018,30 Days,1.18,Pune
8923,7,2018,7-2018,60 Days,4.20,Aurangabad
8924,4,2017,4-2017,6 Month,9.79,Shillong
8926,9,2018,9-2018,30 Days,15.38,Nasik
8927,1,2018,1-2018,24 Months and more,5.30,Chandigarh
8928,9,2018,9-2018,60 Days,5.59,Gandhinagar
8929,10,2017,10-2017,60 Days,16.78,Nasik
8930,10,2018,10-2018,30 Days,4.71,Aurangabad
8931,12,2017,12-2017,24 Months and more,4.71,Nagpur
8932,3,2018,3-2018,30 Days,16.78,Chandigarh
8933,6,2017,6-2017,12 Months,2.94,Pune
8934,8,2018,8-2018,24 Months and more,4.71,Chandigarh
8935,5,2017,5-2017,30 Days,14.13,Pune
8936,8,2018,8-2018,6 Month,5.30,Chennai
8937,12,2017,12-2017,12 Months,4.12,Nasik
8938,6,2017,6-2017,90 Days,1.77,Chandigarh
8939,10,2017,10-2017,6 Month,7.07,Bengaluru
8940,12,2018,12-2018,90 Days,1.77,Ranchi
8942,4,2017,4-2017,12 Months,2.80,Bhopal
8944,8,2017,8-2017,90 Days,11.78,Shillong
8945,10,2017,10-2017,60 Days,3.53,Gandhinagar
8946,10,2018,10-2018,12 Months,5.30,Delhi
8947,3,2017,3-2017,90 Days,2.36,Srinagar
8948,12,2017,12-2017,60 Days,12.59,Delhi
8950,9,2018,9-2018,90 Days,5.30,Aurangabad
8951,5,2018,5-2018,24 Months and more,1.18,Ranchi
8952,6,2017,6-2017,30 Days,8.39,Aurangabad
8953,1,2018,1-2018,6 Month,2.94,Chandigarh
8954,5,2018,5-2018,90 Days,5.30,Gandhinagar
8957,8,2017,8-2017,90 Days,15.38,Nasik
8958,6,2017,6-2017,12 Months,4.71,Nasik
8959,6,2018,6-2018,30 Days,0.59,Nagpur
8960,6,2017,6-2017,30 Days,5.89,Gandhinagar
8961,8,2018,8-2018,60 Days,0.59,Mumbai
8964,12,2017,12-2017,6 Month,5.30,Jaipur
8965,3,2018,3-2018,90 Days,4.20,Srinagar
8970,7,2018,7-2018,6 Month,12.59,Aurangabad
8971,6,2018,6-2018,30 Days,11.78,Bhopal
8972,9,2018,9-2018,6 Month,1.40,Nagpur
8973,8,2018,8-2018,6 Month,12.59,Mumbai
8974,1,2018,1-2018,60 Days,7.07,Nagpur
8975,1,2018,1-2018,60 Days,2.94,Gandhinagar
8978,9,2018,9-2018,60 Days,9.42,Delhi
8979,10,2017,10-2017,30 Days,4.20,Bengaluru
8980,9,2018,9-2018,12 Months,3.53,Bhopal
8983,11,2017,11-2017,12 Months,2.94,Aurangabad
8984,6,2017,6-2017,60 Days,5.30,Shillong
8985,8,2018,8-2018,12 Months,10.60,Ranchi
8986,12,2017,12-2017,6 Month,5.89,Mumbai
8987,6,2017,6-2017,24 Months and more,2.36,Nasik
8989,11,2017,11-2017,60 Days,12.95,Chandigarh
8990,11,2018,11-2018,6 Month,13.98,Chandigarh
8991,8,2018,8-2018,60 Days,8.39,Aurangabad
8992,1,2017,1-2017,12 Months,0.59,Nasik
8994,5,2018,5-2018,90 Days,15.38,Bengaluru
8996,10,2018,10-2018,60 Days,2.36,Mumbai
8997,7,2017,7-2017,60 Days,3.53,Bhopal
8998,9,2017,9-2017,6 Month,9.79,Chandigarh
8999,11,2018,11-2018,12 Months,16.78,Jaipur
9000,8,2018,8-2018,24 Months and more,5.59,Bhopal
9001,3,2017,3-2017,90 Days,12.59,Shillong
9002,8,2018,8-2018,24 Months and more,4.71,Mumbai
9003,5,2017,5-2017,90 Days,1.18,Mumbai
9004,6,2018,6-2018,60 Days,3.53,Shillong
9006,3,2017,3-2017,12 Months,4.12,Chandigarh
9007,5,2017,5-2017,24 Months and more,1.18,Chandigarh
9009,8,2017,8-2017,60 Days,4.20,Chennai
9010,10,2017,10-2017,24 Months and more,1.77,Srinagar
9011,2,2017,2-2017,30 Days,8.39,Nagpur
9012,1,2018,1-2018,6 Month,1.18,Aurangabad
9013,2,2017,2-2017,60 Days,4.71,Ranchi
9014,7,2017,7-2017,6 Month,9.42,Nagpur
9015,3,2018,3-2018,24 Months and more,9.42,Bhopal
9016,2,2018,2-2018,6 Month,3.53,Bhopal
9017,10,2017,10-2017,12 Months,2.80,Ranchi
9019,4,2017,4-2017,6 Month,0.59,Bhopal
9024,10,2017,10-2017,24 Months and more,8.39,Nasik
9025,3,2017,3-2017,6 Month,5.59,Nasik
9026,12,2018,12-2018,30 Days,11.78,Nasik
9027,5,2018,5-2018,60 Days,1.18,Pune
9028,8,2017,8-2017,90 Days,2.36,Bhopal
9030,9,2018,9-2018,12 Months,11.19,Gandhinagar
9034,2,2017,2-2017,30 Days,5.89,Chennai
9035,10,2018,10-2018,6 Month,4.12,Chandigarh
9036,12,2018,12-2018,90 Days,6.48,Bengaluru
9039,5,2017,5-2017,24 Months and more,1.40,Chennai
9040,9,2018,9-2018,90 Days,2.36,Ranchi
9041,1,2018,1-2018,90 Days,5.89,Chandigarh
9042,8,2017,8-2017,60 Days,4.71,Chandigarh
9043,2,2018,2-2018,12 Months,2.36,Nasik
9045,9,2017,9-2017,24 Months and more,2.94,Nasik
9046,7,2018,7-2018,6 Month,5.59,Pune
9047,6,2017,6-2017,6 Month,8.39,Chandigarh
9048,10,2017,10-2017,30 Days,1.77,Gandhinagar
9049,9,2018,9-2018,30 Days,2.94,Bengaluru
9054,6,2018,6-2018,60 Days,5.59,Mumbai
9056,8,2018,8-2018,6 Month,2.94,Srinagar
9057,2,2018,2-2018,24 Months and more,15.38,Srinagar
9058,5,2018,5-2018,6 Month,0.59,Ranchi
9062,7,2017,7-2017,6 Month,2.36,Gandhinagar
9064,8,2018,8-2018,6 Month,0.59,Jaipur
9066,6,2017,6-2017,30 Days,2.36,Bhopal
9069,9,2017,9-2017,60 Days,1.40,Chennai
9070,2,2017,2-2017,90 Days,4.12,Bengaluru
9072,11,2018,11-2018,30 Days,5.89,Bengaluru
9073,10,2017,10-2017,90 Days,9.79,Nagpur
9074,6,2018,6-2018,30 Days,12.95,Aurangabad
9077,10,2017,10-2017,90 Days,7.07,Mumbai
9078,2,2017,2-2017,6 Month,1.18,Mumbai
9079,6,2017,6-2017,6 Month,2.36,Gandhinagar
9081,1,2018,1-2018,6 Month,5.89,Bhopal
9083,2,2017,2-2017,60 Days,5.30,Jaipur
9086,3,2017,3-2017,24 Months and more,1.18,Jaipur
9087,5,2017,5-2017,30 Days,6.48,Delhi
9088,11,2017,11-2017,12 Months,1.77,Jaipur
9089,2,2018,2-2018,12 Months,12.59,Nasik
9090,1,2017,1-2017,90 Days,8.39,Mumbai
9091,8,2018,8-2018,12 Months,15.38,Srinagar
9094,7,2018,7-2018,90 Days,13.98,Nasik
9095,11,2017,11-2017,6 Month,11.19,Nagpur
9096,8,2018,8-2018,24 Months and more,5.59,Pune
9097,12,2017,12-2017,60 Days,1.77,Nagpur
9098,6,2018,6-2018,6 Month,1.18,Chennai
9100,4,2018,4-2018,90 Days,7.07,Delhi
9101,4,2017,4-2017,90 Days,7.07,Mumbai
9102,7,2017,7-2017,90 Days,0.59,Nasik
9104,2,2017,2-2017,30 Days,2.36,Nasik
9105,10,2017,10-2017,6 Month,1.77,Chennai
9107,1,2017,1-2017,30 Days,0.59,Bengaluru
9108,5,2018,5-2018,90 Days,9.79,Aurangabad
9109,4,2017,4-2017,6 Month,4.12,Pune
9110,4,2018,4-2018,24 Months and more,3.53,Chandigarh
9111,4,2017,4-2017,12 Months,2.94,Delhi
9112,5,2017,5-2017,60 Days,2.94,Nasik
9114,7,2017,7-2017,24 Months and more,16.78,Mumbai
9115,12,2018,12-2018,30 Days,13.98,Aurangabad
9116,1,2018,1-2018,12 Months,12.95,Aurangabad
9117,12,2018,12-2018,24 Months and more,6.48,Chandigarh
9118,1,2017,1-2017,12 Months,6.48,Shillong
9119,4,2017,4-2017,90 Days,6.99,Gandhinagar
9120,5,2017,5-2017,12 Months,16.78,Bhopal
9122,1,2018,1-2018,90 Days,8.39,Pune
9123,1,2017,1-2017,30 Days,1.40,Mumbai
9124,4,2018,4-2018,24 Months and more,12.95,Mumbai
9125,11,2018,11-2018,12 Months,2.94,Nagpur
9126,5,2017,5-2017,24 Months and more,7.07,Srinagar
9128,10,2018,10-2018,12 Months,4.20,Chennai
9129,7,2017,7-2017,60 Days,1.18,Ranchi
9132,1,2017,1-2017,24 Months and more,4.20,Jaipur
9133,12,2017,12-2017,60 Days,13.98,Delhi
9134,4,2018,4-2018,90 Days,14.13,Srinagar
9135,3,2017,3-2017,90 Days,11.19,Chandigarh
9136,2,2017,2-2017,12 Months,1.77,Bhopal
9137,8,2017,8-2017,6 Month,2.80,Mumbai
9138,5,2018,5-2018,60 Days,13.98,Mumbai
9139,12,2018,12-2018,12 Months,1.18,Shillong
9140,12,2018,12-2018,24 Months and more,2.36,Shillong
9141,11,2018,11-2018,6 Month,6.99,Srinagar
9142,3,2017,3-2017,6 Month,2.94,Delhi
9143,8,2018,8-2018,90 Days,8.39,Chennai
9144,9,2017,9-2017,12 Months,5.89,Srinagar
9145,9,2018,9-2018,24 Months and more,3.53,Delhi
9146,4,2017,4-2017,12 Months,2.80,Bhopal
9147,11,2017,11-2017,30 Days,4.71,Gandhinagar
9148,7,2018,7-2018,60 Days,4.20,Pune
9150,6,2017,6-2017,12 Months,5.89,Nasik
9151,9,2017,9-2017,60 Days,1.40,Gandhinagar
9153,6,2018,6-2018,90 Days,15.38,Srinagar
9154,11,2017,11-2017,30 Days,6.48,Pune
9156,9,2018,9-2018,30 Days,1.18,Nagpur
9158,12,2018,12-2018,30 Days,7.07,Ranchi
9159,1,2017,1-2017,24 Months and more,9.42,Chandigarh
9161,7,2017,7-2017,24 Months and more,11.19,Ranchi
9162,7,2018,7-2018,60 Days,2.80,Bhopal
9163,8,2017,8-2017,6 Month,1.40,Nagpur
9164,9,2018,9-2018,12 Months,2.80,Ranchi
9166,8,2017,8-2017,90 Days,4.12,Ranchi
9167,7,2017,7-2017,24 Months and more,9.79,Delhi
9169,11,2017,11-2017,60 Days,2.36,Pune
9172,2,2018,2-2018,60 Days,14.13,Bengaluru
9173,5,2017,5-2017,90 Days,7.07,Jaipur
9175,1,2018,1-2018,24 Months and more,1.40,Bengaluru
9179,5,2018,5-2018,24 Months and more,5.30,Bengaluru
9180,9,2017,9-2017,12 Months,2.94,Pune
9183,3,2018,3-2018,12 Months,2.80,Chennai
9185,11,2018,11-2018,6 Month,1.77,Pune
9186,6,2018,6-2018,60 Days,3.53,Pune
9187,1,2018,1-2018,60 Days,4.20,Mumbai
9188,3,2017,3-2017,60 Days,12.59,Aurangabad
9189,4,2017,4-2017,12 Months,8.39,Mumbai
9190,1,2018,1-2018,60 Days,1.18,Ranchi
9191,10,2017,10-2017,60 Days,9.79,Jaipur
9195,8,2018,8-2018,30 Days,7.07,Bhopal
9196,4,2017,4-2017,6 Month,4.12,Nasik
9200,12,2018,12-2018,60 Days,6.48,Srinagar
9201,2,2018,2-2018,30 Days,6.99,Delhi
9204,6,2017,6-2017,12 Months,13.98,Nagpur
9206,6,2018,6-2018,60 Days,12.59,Nasik
9207,5,2017,5-2017,90 Days,6.48,Delhi
9208,5,2018,5-2018,30 Days,4.71,Bengaluru
9209,9,2017,9-2017,60 Days,1.77,Chandigarh
9211,4,2018,4-2018,90 Days,4.12,Delhi
9213,9,2018,9-2018,12 Months,2.94,Nasik
9214,2,2018,2-2018,60 Days,1.18,Nasik
9217,1,2018,1-2018,30 Days,6.99,Chandigarh
9219,9,2018,9-2018,60 Days,1.18,Nasik
9220,4,2018,4-2018,12 Months,5.89,Jaipur
9221,7,2018,7-2018,6 Month,2.94,Bengaluru
9222,6,2018,6-2018,24 Months and more,8.39,Pune
9225,7,2017,7-2017,60 Days,3.53,Bhopal
9227,9,2017,9-2017,90 Days,5.30,Bhopal
9229,8,2018,8-2018,90 Days,2.80,Mumbai
9231,2,2018,2-2018,30 Days,6.99,Shillong
9232,12,2018,12-2018,12 Months,2.36,Jaipur
9233,1,2017,1-2017,24 Months and more,2.36,Aurangabad
9234,7,2018,7-2018,90 Days,2.36,Chandigarh
9236,9,2017,9-2017,6 Month,7.07,Shillong
9237,2,2018,2-2018,6 Month,5.89,Nasik
9240,11,2018,11-2018,60 Days,3.53,Bengaluru
9241,7,2017,7-2017,90 Days,9.79,Mumbai
9246,4,2017,4-2017,6 Month,1.40,Pune
9249,10,2017,10-2017,24 Months and more,4.71,Nasik
9250,5,2017,5-2017,90 Days,2.80,Shillong
9253,2,2017,2-2017,90 Days,0.59,Gandhinagar
9255,6,2017,6-2017,30 Days,8.39,Chennai
9256,5,2017,5-2017,24 Months and more,3.53,Nasik
9257,11,2017,11-2017,12 Months,4.12,Shillong
9259,2,2017,2-2017,60 Days,2.36,Ranchi
9260,5,2017,5-2017,12 Months,1.18,Gandhinagar
9262,2,2018,2-2018,12 Months,12.95,Shillong
9263,5,2017,5-2017,6 Month,4.71,Mumbai
9265,10,2017,10-2017,6 Month,5.30,Delhi
9269,11,2017,11-2017,30 Days,3.53,Shillong
9270,1,2017,1-2017,6 Month,2.80,Nagpur
9272,12,2017,12-2017,60 Days,6.48,Aurangabad
9273,12,2017,12-2017,30 Days,8.24,Nasik
9275,11,2017,11-2017,60 Days,1.40,Bhopal
9276,11,2017,11-2017,60 Days,4.12,Bengaluru
9279,11,2018,11-2018,60 Days,10.60,Bhopal
9280,6,2018,6-2018,90 Days,9.79,Aurangabad
9282,9,2017,9-2017,90 Days,2.36,Jaipur
9283,3,2018,3-2018,12 Months,4.12,Ranchi
9284,2,2017,2-2017,12 Months,1.77,Chennai
9286,9,2017,9-2017,6 Month,3.53,Bengaluru
9287,2,2017,2-2017,24 Months and more,6.99,Ranchi
9288,1,2018,1-2018,12 Months,12.59,Gandhinagar
9289,4,2018,4-2018,24 Months and more,12.95,Bengaluru
9290,8,2018,8-2018,12 Months,14.13,Bengaluru
9292,8,2017,8-2017,24 Months and more,8.39,Srinagar
9293,4,2017,4-2017,24 Months and more,11.19,Chennai
9294,2,2017,2-2017,12 Months,4.12,Nagpur
9296,8,2018,8-2018,60 Days,4.12,Gandhinagar
9297,7,2017,7-2017,24 Months and more,11.19,Pune
9300,6,2017,6-2017,60 Days,8.39,Nagpur
9301,6,2017,6-2017,6 Month,4.12,Gandhinagar
9307,10,2017,10-2017,30 Days,0.59,Aurangabad
9309,11,2017,11-2017,12 Months,13.98,Chennai
9310,3,2018,3-2018,30 Days,15.38,Bengaluru
9311,11,2017,11-2017,90 Days,8.24,Bhopal
9313,10,2018,10-2018,30 Days,11.19,Srinagar
9314,12,2017,12-2017,90 Days,15.38,Gandhinagar
9319,2,2018,2-2018,60 Days,6.48,Ranchi
9320,10,2017,10-2017,30 Days,1.77,Mumbai
9321,2,2017,2-2017,12 Months,3.53,Chandigarh
9322,7,2018,7-2018,6 Month,6.99,Mumbai
9323,3,2017,3-2017,60 Days,5.89,Bengaluru
9324,2,2017,2-2017,60 Days,1.18,Bengaluru
9329,9,2017,9-2017,30 Days,1.40,Chandigarh
9331,4,2018,4-2018,6 Month,1.77,Nasik
9332,4,2018,4-2018,24 Months and more,1.18,Pune
9334,3,2018,3-2018,6 Month,7.07,Pune
9335,5,2018,5-2018,24 Months and more,1.77,Chandigarh
9340,9,2018,9-2018,30 Days,7.07,Ranchi
9341,9,2018,9-2018,60 Days,13.98,Aurangabad
9342,11,2017,11-2017,6 Month,2.36,Chennai
9344,3,2018,3-2018,60 Days,1.77,Nagpur
9348,10,2017,10-2017,12 Months,5.30,Nagpur
9350,1,2017,1-2017,24 Months and more,1.40,Gandhinagar
9351,7,2017,7-2017,24 Months and more,10.60,Shillong
9353,8,2017,8-2017,60 Days,7.07,Aurangabad
9355,5,2018,5-2018,30 Days,1.18,Bhopal
9359,8,2017,8-2017,24 Months and more,5.89,Ranchi
9360,1,2018,1-2018,12 Months,13.98,Nasik
9361,4,2017,4-2017,90 Days,7.07,Shillong
9362,1,2018,1-2018,12 Months,1.77,Srinagar
9363,11,2018,11-2018,24 Months and more,5.89,Aurangabad
9365,10,2017,10-2017,60 Days,13.98,Bhopal
9367,1,2018,1-2018,12 Months,3.53,Chandigarh
9368,5,2017,5-2017,24 Months and more,2.36,Chennai
9369,11,2017,11-2017,90 Days,1.77,Bhopal
9370,11,2017,11-2017,6 Month,2.94,Pune
9372,2,2017,2-2017,24 Months and more,4.71,Chandigarh
9373,9,2017,9-2017,90 Days,5.89,Bengaluru
9374,3,2017,3-2017,6 Month,9.42,Chandigarh
9375,10,2017,10-2017,6 Month,3.53,Delhi
9377,4,2018,4-2018,90 Days,3.53,Bhopal
9379,2,2018,2-2018,90 Days,2.94,Pune
9380,8,2018,8-2018,12 Months,2.36,Aurangabad
9381,7,2017,7-2017,90 Days,4.71,Shillong
9382,11,2017,11-2017,6 Month,6.48,Chandigarh
9385,4,2017,4-2017,60 Days,8.24,Srinagar
9386,2,2018,2-2018,12 Months,2.94,Mumbai
9387,4,2017,4-2017,12 Months,1.77,Chennai
9388,11,2017,11-2017,30 Days,15.38,Nasik
9391,10,2018,10-2018,90 Days,3.53,Bhopal
9393,4,2017,4-2017,30 Days,3.53,Gandhinagar
9394,1,2018,1-2018,12 Months,1.18,Aurangabad
9395,12,2017,12-2017,6 Month,1.18,Jaipur
9396,3,2017,3-2017,90 Days,13.98,Nagpur
9397,10,2018,10-2018,60 Days,4.20,Gandhinagar
9398,1,2018,1-2018,24 Months and more,8.39,Bhopal
9400,8,2017,8-2017,24 Months and more,2.36,Ranchi
9401,8,2017,8-2017,30 Days,8.39,Delhi
9404,5,2018,5-2018,30 Days,3.53,Srinagar
9405,6,2017,6-2017,90 Days,9.79,Bhopal
9408,1,2018,1-2018,90 Days,14.13,Jaipur
9411,11,2018,11-2018,24 Months and more,2.80,Bengaluru
9412,1,2017,1-2017,30 Days,14.13,Chennai
9413,9,2018,9-2018,12 Months,0.59,Pune
9414,5,2018,5-2018,6 Month,7.07,Bhopal
9418,4,2018,4-2018,24 Months and more,13.98,Gandhinagar
9419,6,2017,6-2017,12 Months,12.95,Chandigarh
9420,11,2018,11-2018,30 Days,2.80,Nagpur
9422,1,2018,1-2018,60 Days,1.40,Ranchi
9423,6,2018,6-2018,30 Days,2.94,Nagpur
9424,3,2017,3-2017,90 Days,1.18,Mumbai
9425,9,2018,9-2018,6 Month,12.59,Nasik
9426,5,2018,5-2018,30 Days,5.89,Nagpur
9427,9,2018,9-2018,12 Months,2.36,Bhopal
9428,2,2017,2-2017,60 Days,12.59,Mumbai
9429,8,2018,8-2018,12 Months,1.18,Nagpur
9430,10,2017,10-2017,12 Months,6.99,Bengaluru
9434,11,2018,11-2018,30 Days,6.99,Bhopal
9436,3,2017,3-2017,12 Months,5.59,Bengaluru
9437,6,2018,6-2018,24 Months and more,2.36,Ranchi
9439,3,2018,3-2018,90 Days,1.18,Nasik
9440,6,2017,6-2017,90 Days,0.59,Chandigarh
9441,11,2017,11-2017,30 Days,5.89,Mumbai
9442,9,2018,9-2018,24 Months and more,9.79,Chandigarh
9446,9,2018,9-2018,24 Months and more,4.71,Ranchi
9447,12,2018,12-2018,6 Month,3.53,Nagpur
9448,3,2017,3-2017,60 Days,7.07,Chennai
9449,12,2017,12-2017,24 Months and more,7.07,Shillong
9450,12,2017,12-2017,90 Days,2.80,Chandigarh
9451,2,2018,2-2018,12 Months,10.60,Bengaluru
9452,7,2017,7-2017,60 Days,1.18,Nasik
9455,12,2018,12-2018,60 Days,6.48,Bhopal
9456,6,2017,6-2017,24 Months and more,11.78,Nagpur
9457,4,2018,4-2018,60 Days,5.89,Bhopal
9458,12,2018,12-2018,6 Month,6.48,Ranchi
9460,6,2017,6-2017,12 Months,1.18,Bhopal
9463,8,2017,8-2017,30 Days,1.18,Delhi
9464,1,2017,1-2017,6 Month,2.36,Pune
9465,4,2017,4-2017,90 Days,4.71,Delhi
9467,7,2018,7-2018,6 Month,2.80,Chennai
9471,8,2018,8-2018,30 Days,8.24,Gandhinagar
9472,1,2018,1-2018,12 Months,0.59,Chandigarh
9473,1,2017,1-2017,60 Days,11.78,Chennai
9474,12,2018,12-2018,90 Days,9.42,Delhi
9476,2,2017,2-2017,90 Days,5.89,Chandigarh
9477,6,2017,6-2017,6 Month,4.12,Nasik
9479,10,2017,10-2017,12 Months,1.77,Bengaluru
9484,3,2018,3-2018,6 Month,5.59,Chandigarh
9487,9,2017,9-2017,60 Days,6.99,Jaipur
9490,7,2017,7-2017,12 Months,8.24,Nagpur
9491,1,2017,1-2017,60 Days,7.07,Ranchi
9493,8,2017,8-2017,6 Month,4.20,Pune
9495,1,2018,1-2018,60 Days,4.71,Srinagar
9497,6,2018,6-2018,12 Months,2.94,Delhi
9498,2,2018,2-2018,60 Days,1.77,Delhi
9502,12,2018,12-2018,60 Days,2.36,Ranchi
9504,9,2018,9-2018,60 Days,5.30,Mumbai
9506,12,2018,12-2018,12 Months,9.42,Delhi
9507,12,2017,12-2017,90 Days,2.36,Aurangabad
9508,6,2018,6-2018,12 Months,6.48,Pune
9509,10,2018,10-2018,60 Days,1.18,Chennai
9510,12,2018,12-2018,30 Days,4.20,Delhi
9512,8,2017,8-2017,60 Days,4.71,Pune
9513,5,2018,5-2018,90 Days,4.12,Delhi
9514,11,2018,11-2018,24 Months and more,9.79,Nasik
9517,1,2018,1-2018,60 Days,7.07,Nagpur
9518,2,2018,2-2018,12 Months,3.53,Bengaluru
9519,8,2017,8-2017,30 Days,7.07,Bhopal
9520,6,2017,6-2017,6 Month,2.94,Srinagar
9521,9,2017,9-2017,12 Months,1.18,Aurangabad
9522,1,2018,1-2018,6 Month,4.71,Delhi
9523,5,2017,5-2017,90 Days,2.36,Chandigarh
9525,5,2017,5-2017,90 Days,1.18,Ranchi
9531,1,2018,1-2018,6 Month,7.07,Aurangabad
9532,8,2018,8-2018,30 Days,1.77,Pune
9533,10,2017,10-2017,60 Days,2.80,Srinagar
9534,4,2018,4-2018,6 Month,0.59,Srinagar
9535,8,2018,8-2018,30 Days,3.53,Bengaluru
9536,12,2017,12-2017,90 Days,0.59,Bengaluru
9537,3,2018,3-2018,12 Months,3.53,Ranchi
9538,9,2018,9-2018,24 Months and more,9.42,Bhopal
9540,5,2017,5-2017,24 Months and more,1.40,Bhopal
9543,9,2017,9-2017,12 Months,2.80,Pune
9547,11,2017,11-2017,30 Days,8.39,Bhopal
9548,3,2017,3-2017,6 Month,9.79,Srinagar
9550,1,2017,1-2017,30 Days,5.30,Ranchi
9552,5,2017,5-2017,24 Months and more,11.19,Srinagar
9553,8,2018,8-2018,30 Days,7.07,Ranchi
9556,1,2017,1-2017,12 Months,2.36,Jaipur
9557,12,2018,12-2018,60 Days,6.48,Pune
9558,9,2017,9-2017,6 Month,9.79,Gandhinagar
9559,9,2018,9-2018,60 Days,5.59,Jaipur
9562,1,2017,1-2017,30 Days,9.79,Bhopal
9563,2,2018,2-2018,30 Days,1.18,Chennai
9564,5,2018,5-2018,90 Days,16.78,Delhi
9565,2,2018,2-2018,12 Months,2.36,Shillong
9566,3,2017,3-2017,12 Months,11.78,Gandhinagar
9567,7,2018,7-2018,6 Month,8.39,Nasik
9568,4,2018,4-2018,6 Month,7.07,Bengaluru
9569,8,2018,8-2018,12 Months,5.59,Nagpur
9570,12,2018,12-2018,30 Days,9.79,Delhi
9571,4,2017,4-2017,30 Days,1.77,Shillong
9572,7,2018,7-2018,6 Month,5.89,Nasik
9573,7,2018,7-2018,6 Month,2.94,Nagpur
9575,4,2017,4-2017,12 Months,13.98,Mumbai
9576,8,2018,8-2018,30 Days,5.89,Chandigarh
9577,12,2018,12-2018,6 Month,6.48,Gandhinagar
9578,7,2018,7-2018,60 Days,5.89,Nagpur
9579,4,2018,4-2018,24 Months and more,9.79,Pune
9580,11,2017,11-2017,24 Months and more,4.20,Bhopal
9584,6,2018,6-2018,60 Days,11.19,Bhopal
9586,1,2018,1-2018,60 Days,13.98,Pune
9587,4,2018,4-2018,6 Month,0.59,Bengaluru
9588,4,2017,4-2017,90 Days,5.89,Chennai
9592,4,2018,4-2018,60 Days,8.24,Pune
9594,6,2018,6-2018,24 Months and more,1.18,Pune
9595,11,2017,11-2017,30 Days,15.38,Delhi
9596,5,2018,5-2018,24 Months and more,11.19,Srinagar
9598,11,2018,11-2018,90 Days,5.30,Jaipur
9599,2,2018,2-2018,30 Days,5.59,Mumbai
9600,8,2017,8-2017,24 Months and more,16.78,Pune
9604,5,2018,5-2018,90 Days,9.42,Nagpur
9605,4,2018,4-2018,6 Month,15.38,Nasik
9607,6,2018,6-2018,90 Days,4.12,Aurangabad
9608,11,2018,11-2018,12 Months,15.38,Bhopal
9611,6,2018,6-2018,24 Months and more,5.59,Aurangabad
9613,7,2017,7-2017,60 Days,7.07,Mumbai
9616,10,2018,10-2018,60 Days,6.48,Pune
9617,1,2017,1-2017,24 Months and more,3.53,Delhi
9618,3,2018,3-2018,24 Months and more,8.24,Aurangabad
9620,8,2018,8-2018,60 Days,8.24,Delhi
9624,11,2017,11-2017,30 Days,1.77,Delhi
9625,10,2018,10-2018,12 Months,3.53,Nasik
9626,10,2018,10-2018,30 Days,11.19,Chennai
9627,5,2018,5-2018,90 Days,1.77,Ranchi
9628,12,2017,12-2017,6 Month,7.07,Chennai
9629,6,2018,6-2018,24 Months and more,6.48,Chennai
9630,8,2018,8-2018,12 Months,8.39,Nasik
9631,8,2018,8-2018,24 Months and more,15.38,Jaipur
9632,3,2017,3-2017,30 Days,14.13,Gandhinagar
9634,5,2017,5-2017,6 Month,4.12,Mumbai
9635,10,2017,10-2017,12 Months,5.30,Nasik
9638,2,2017,2-2017,24 Months and more,2.94,Delhi
9639,5,2018,5-2018,60 Days,1.77,Delhi
9640,12,2018,12-2018,12 Months,9.42,Nagpur
9641,4,2017,4-2017,24 Months and more,8.39,Bhopal
9643,11,2018,11-2018,6 Month,2.94,Srinagar
9645,2,2018,2-2018,30 Days,16.78,Delhi
9647,3,2018,3-2018,12 Months,8.39,Nasik
9650,2,2018,2-2018,60 Days,8.39,Aurangabad
9651,4,2017,4-2017,60 Days,0.59,Nasik
9652,6,2018,6-2018,24 Months and more,3.53,Delhi
9653,1,2018,1-2018,90 Days,2.36,Aurangabad
9654,4,2017,4-2017,12 Months,1.18,Delhi
9655,12,2017,12-2017,60 Days,5.89,Aurangabad
9657,7,2018,7-2018,30 Days,16.78,Chandigarh
9658,11,2017,11-2017,6 Month,1.77,Pune
9659,7,2017,7-2017,30 Days,6.99,Mumbai
9660,2,2017,2-2017,30 Days,1.18,Nagpur
9661,3,2017,3-2017,6 Month,2.94,Srinagar
9662,9,2018,9-2018,60 Days,6.48,Jaipur
9663,3,2018,3-2018,24 Months and more,8.39,Mumbai
9665,10,2017,10-2017,30 Days,3.53,Bengaluru
9666,12,2018,12-2018,60 Days,7.07,Aurangabad
9668,6,2018,6-2018,60 Days,2.94,Gandhinagar
9669,5,2017,5-2017,30 Days,13.98,Bhopal
9672,2,2018,2-2018,90 Days,2.94,Jaipur
9674,2,2018,2-2018,6 Month,5.89,Bhopal
9675,10,2018,10-2018,24 Months and more,11.78,Delhi
9676,1,2018,1-2018,12 Months,2.94,Mumbai
9677,2,2017,2-2017,6 Month,2.94,Srinagar
9678,1,2018,1-2018,6 Month,12.95,Aurangabad
9679,8,2017,8-2017,60 Days,5.30,Bhopal
9681,7,2018,7-2018,12 Months,4.71,Bengaluru
9682,10,2018,10-2018,24 Months and more,3.53,Jaipur
9683,1,2018,1-2018,90 Days,4.12,Chennai
9685,12,2018,12-2018,30 Days,4.71,Gandhinagar
9687,4,2018,4-2018,24 Months and more,10.60,Jaipur
9688,12,2017,12-2017,60 Days,1.18,Srinagar
9689,11,2017,11-2017,90 Days,4.71,Delhi
9692,7,2017,7-2017,6 Month,2.80,Srinagar
9695,6,2017,6-2017,6 Month,12.95,Shillong
9696,10,2018,10-2018,60 Days,12.59,Chennai
9697,11,2017,11-2017,30 Days,0.59,Nasik
9698,2,2017,2-2017,12 Months,1.77,Jaipur
9700,6,2017,6-2017,6 Month,7.07,Shillong
9701,6,2017,6-2017,90 Days,11.19,Pune
9702,2,2018,2-2018,60 Days,6.48,Mumbai
9705,4,2018,4-2018,90 Days,12.59,Bhopal
9706,1,2018,1-2018,60 Days,5.30,Ranchi
9709,9,2017,9-2017,90 Days,10.60,Bhopal
9712,4,2018,4-2018,60 Days,3.53,Delhi
9713,1,2018,1-2018,6 Month,9.42,Gandhinagar
9716,9,2017,9-2017,30 Days,1.77,Shillong
9717,10,2018,10-2018,30 Days,0.59,Nagpur
9718,11,2017,11-2017,24 Months and more,4.20,Srinagar
9721,2,2017,2-2017,60 Days,4.71,Chandigarh
9722,11,2017,11-2017,90 Days,3.53,Gandhinagar
9723,10,2017,10-2017,90 Days,13.98,Mumbai
9725,10,2017,10-2017,30 Days,1.77,Ranchi
9726,10,2018,10-2018,30 Days,3.53,Srinagar
9729,5,2017,5-2017,30 Days,11.19,Aurangabad
9730,9,2017,9-2017,90 Days,4.12,Bhopal
9731,3,2017,3-2017,6 Month,3.53,Nagpur
9732,1,2018,1-2018,30 Days,3.53,Delhi
9733,6,2018,6-2018,6 Month,10.60,Bhopal
9736,6,2017,6-2017,12 Months,6.48,Nagpur
9737,10,2018,10-2018,60 Days,3.53,Ranchi
9738,9,2017,9-2017,60 Days,4.12,Nasik
9739,9,2018,9-2018,6 Month,5.89,Jaipur
9740,8,2017,8-2017,90 Days,5.89,Mumbai
9741,11,2017,11-2017,90 Days,4.12,Delhi
9745,1,2018,1-2018,24 Months and more,2.36,Chennai
9748,10,2017,10-2017,30 Days,8.39,Shillong
9749,1,2017,1-2017,12 Months,5.59,Shillong
9750,4,2018,4-2018,30 Days,2.80,Delhi
9751,6,2018,6-2018,12 Months,3.53,Gandhinagar
9752,5,2018,5-2018,6 Month,3.53,Bhopal
9753,7,2017,7-2017,12 Months,9.79,Aurangabad
9754,1,2017,1-2017,60 Days,1.18,Pune
9755,12,2017,12-2017,90 Days,2.36,Pune
9756,10,2018,10-2018,60 Days,7.07,Jaipur
9757,11,2017,11-2017,60 Days,1.18,Chennai
9759,10,2018,10-2018,30 Days,2.36,Jaipur
9761,12,2017,12-2017,6 Month,4.12,Gandhinagar
9762,8,2017,8-2017,12 Months,6.48,Ranchi
9763,4,2018,4-2018,90 Days,15.38,Nagpur
9764,4,2017,4-2017,60 Days,3.53,Chennai
9767,10,2017,10-2017,60 Days,7.07,Delhi
9768,8,2018,8-2018,90 Days,2.94,Srinagar
9770,12,2017,12-2017,90 Days,7.07,Bhopal
9772,11,2017,11-2017,24 Months and more,8.39,Bhopal
9773,5,2018,5-2018,6 Month,3.53,Bhopal
9774,12,2017,12-2017,90 Days,2.80,Shillong
9775,8,2017,8-2017,60 Days,3.53,Bhopal
9777,5,2018,5-2018,30 Days,6.48,Jaipur
9780,11,2017,11-2017,60 Days,9.79,Srinagar
9781,3,2017,3-2017,24 Months and more,6.48,Srinagar
9783,2,2017,2-2017,24 Months and more,9.42,Nagpur
9786,1,2018,1-2018,30 Days,2.80,Chandigarh
9789,4,2018,4-2018,24 Months and more,16.78,Ranchi
9792,2,2017,2-2017,30 Days,1.77,Nagpur
9793,2,2017,2-2017,30 Days,6.48,Pune
9794,12,2018,12-2018,60 Days,3.53,Pune
9795,6,2018,6-2018,12 Months,3.53,Ranchi
9796,12,2017,12-2017,12 Months,1.18,Aurangabad
9797,1,2018,1-2018,30 Days,15.38,Chennai
9798,1,2018,1-2018,30 Days,2.36,Srinagar
9799,1,2017,1-2017,30 Days,2.36,Mumbai
9802,8,2018,8-2018,90 Days,5.89,Chandigarh
9804,7,2017,7-2017,6 Month,0.59,Ranchi
9809,4,2017,4-2017,30 Days,3.53,Bengaluru
9810,3,2017,3-2017,30 Days,2.80,Jaipur
9811,3,2017,3-2017,60 Days,5.59,Shillong
9812,11,2018,11-2018,24 Months and more,5.89,Ranchi
9813,5,2017,5-2017,12 Months,4.12,Mumbai
9814,7,2018,7-2018,6 Month,13.98,Bhopal
9815,1,2018,1-2018,90 Days,2.80,Nagpur
9817,4,2017,4-2017,90 Days,9.79,Ranchi
9818,3,2017,3-2017,60 Days,2.36,Jaipur
9820,6,2018,6-2018,24 Months and more,1.18,Aurangabad
9821,10,2017,10-2017,12 Months,7.07,Chandigarh
9822,11,2018,11-2018,60 Days,0.59,Mumbai
9823,4,2018,4-2018,60 Days,4.71,Nagpur
9824,1,2018,1-2018,12 Months,16.78,Gandhinagar
9826,1,2017,1-2017,24 Months and more,9.42,Mumbai
9831,2,2018,2-2018,60 Days,7.07,Ranchi
9832,10,2018,10-2018,24 Months and more,5.59,Pune
9833,8,2018,8-2018,30 Days,13.98,Chandigarh
9834,10,2018,10-2018,60 Days,1.18,Pune
9835,2,2018,2-2018,90 Days,4.71,Chandigarh
9836,1,2017,1-2017,30 Days,11.19,Bhopal
9837,4,2018,4-2018,60 Days,1.77,Delhi
9838,8,2018,8-2018,90 Days,6.99,Chandigarh
9839,3,2017,3-2017,12 Months,3.53,Pune
9840,6,2017,6-2017,30 Days,1.40,Jaipur
9841,5,2017,5-2017,30 Days,9.79,Delhi
9842,3,2017,3-2017,24 Months and more,12.59,Delhi
9843,11,2017,11-2017,30 Days,9.42,Nasik
9846,8,2017,8-2017,12 Months,12.59,Delhi
9847,11,2018,11-2018,6 Month,6.48,Pune
9849,4,2018,4-2018,24 Months and more,7.07,Bhopal
9850,5,2018,5-2018,24 Months and more,5.30,Mumbai
9852,7,2017,7-2017,30 Days,4.12,Nagpur
9853,9,2017,9-2017,6 Month,5.59,Jaipur
9856,11,2017,11-2017,90 Days,13.98,Jaipur
9858,3,2018,3-2018,12 Months,3.53,Jaipur
9862,3,2018,3-2018,30 Days,2.94,Nagpur
9866,8,2018,8-2018,6 Month,5.30,Chennai
9868,5,2017,5-2017,12 Months,3.53,Gandhinagar
9870,5,2018,5-2018,24 Months and more,5.59,Chandigarh
9871,6,2018,6-2018,30 Days,1.18,Chandigarh
9872,9,2017,9-2017,60 Days,16.78,Shillong
9874,6,2018,6-2018,90 Days,7.07,Chandigarh
9875,4,2018,4-2018,6 Month,4.20,Delhi
9876,7,2017,7-2017,6 Month,1.18,Bhopal
9878,8,2018,8-2018,60 Days,5.89,Nasik
9880,5,2017,5-2017,12 Months,1.18,Delhi
9881,11,2018,11-2018,24 Months and more,2.94,Shillong
9882,8,2017,8-2017,30 Days,2.36,Bengaluru
9883,11,2018,11-2018,30 Days,15.38,Gandhinagar
9884,9,2017,9-2017,30 Days,0.59,Chandigarh
9885,1,2017,1-2017,6 Month,11.78,Srinagar
9886,7,2017,7-2017,24 Months and more,13.98,Jaipur
9887,6,2017,6-2017,6 Month,4.71,Shillong
9888,4,2017,4-2017,6 Month,13.98,Delhi
9889,10,2017,10-2017,6 Month,2.80,Aurangabad
9890,1,2018,1-2018,12 Months,5.89,Pune
9891,12,2018,12-2018,6 Month,5.30,Bhopal
9892,4,2017,4-2017,30 Days,7.07,Chandigarh
9894,3,2018,3-2018,60 Days,2.36,Chandigarh
9896,6,2018,6-2018,30 Days,5.89,Delhi
9897,10,2018,10-2018,12 Months,5.59,Jaipur
9902,9,2018,9-2018,12 Months,2.36,Srinagar
9903,10,2017,10-2017,12 Months,2.36,Bhopal
9904,6,2018,6-2018,90 Days,5.30,Bhopal
9907,7,2018,7-2018,12 Months,7.07,Chandigarh
9908,9,2018,9-2018,24 Months and more,5.30,Nagpur
9909,3,2017,3-2017,30 Days,2.36,Pune
9910,2,2017,2-2017,90 Days,2.94,Pune
9911,6,2018,6-2018,6 Month,12.95,Srinagar
9912,5,2018,5-2018,30 Days,15.38,Chennai
9913,3,2017,3-2017,90 Days,1.40,Chennai
9914,6,2017,6-2017,30 Days,3.53,Nagpur
9916,1,2017,1-2017,6 Month,0.59,Chennai
9918,10,2017,10-2017,60 Days,3.53,Chandigarh
9919,11,2018,11-2018,24 Months and more,6.99,Ranchi
9922,2,2017,2-2017,30 Days,12.59,Bhopal
9923,7,2018,7-2018,60 Days,5.89,Srinagar
9924,8,2017,8-2017,6 Month,11.78,Chennai
9926,5,2017,5-2017,90 Days,11.19,Bhopal
9927,3,2017,3-2017,60 Days,8.39,Bhopal
9929,12,2017,12-2017,90 Days,2.94,Chandigarh
9931,1,2018,1-2018,30 Days,8.39,Bhopal
9933,12,2018,12-2018,12 Months,2.36,Delhi
9934,3,2018,3-2018,6 Month,4.12,Pune
9935,11,2017,11-2017,12 Months,15.38,Chennai
9937,11,2018,11-2018,60 Days,1.77,Jaipur
9938,9,2018,9-2018,30 Days,0.59,Shillong
9939,4,2017,4-2017,12 Months,13.98,Pune
9940,11,2018,11-2018,6 Month,4.12,Chennai
9941,10,2018,10-2018,12 Months,4.20,Gandhinagar
9943,9,2018,9-2018,12 Months,6.48,Gandhinagar
9946,5,2017,5-2017,30 Days,7.07,Chandigarh
9947,1,2017,1-2017,24 Months and more,4.71,Delhi
9948,7,2018,7-2018,90 Days,3.53,Jaipur
9951,8,2017,8-2017,30 Days,1.18,Shillong
9952,11,2018,11-2018,6 Month,6.48,Nasik
9953,7,2018,7-2018,60 Days,6.99,Ranchi
9954,9,2017,9-2017,12 Months,8.39,Mumbai
9955,4,2018,4-2018,12 Months,3.53,Mumbai
9956,1,2017,1-2017,90 Days,8.24,Ranchi
9957,12,2017,12-2017,12 Months,4.12,Chennai
9961,6,2018,6-2018,30 Days,5.30,Mumbai
9964,3,2017,3-2017,12 Months,1.77,Jaipur
9966,2,2018,2-2018,90 Days,3.53,Bengaluru
9967,5,2017,5-2017,6 Month,1.40,Srinagar
9968,8,2018,8-2018,90 Days,1.18,Mumbai
9969,10,2018,10-2018,60 Days,16.78,Delhi
9971,9,2017,9-2017,24 Months and more,0.59,Aurangabad
9972,7,2018,7-2018,24 Months and more,5.89,Delhi
9973,8,2018,8-2018,6 Month,1.18,Bengaluru
9975,5,2018,5-2018,30 Days,8.39,Chandigarh
9976,12,2017,12-2017,24 Months and more,6.99,Aurangabad
9977,2,2018,2-2018,24 Months and more,12.95,Aurangabad
9978,11,2018,11-2018,24 Months and more,5.59,Bhopal
9979,8,2017,8-2017,24 Months and more,1.18,Delhi
9980,3,2017,3-2017,30 Days,4.71,Aurangabad
9981,10,2018,10-2018,6 Month,8.39,Nasik
9982,11,2017,11-2017,6 Month,3.53,Nagpur
9983,11,2017,11-2017,90 Days,2.80,Ranchi
9984,2,2018,2-2018,12 Months,10.60,Nagpur
9985,6,2018,6-2018,30 Days,2.36,Delhi
9986,10,2017,10-2017,6 Month,2.94,Chennai
9987,8,2018,8-2018,6 Month,2.36,Delhi
9988,6,2018,6-2018,6 Month,4.12,Shillong
9992,11,2018,11-2018,6 Month,5.89,Ranchi
9993,3,2017,3-2017,12 Months,12.59,Pune
9994,4,2017,4-2017,90 Days,15.38,Srinagar
9995,5,2017,5-2017,30 Days,8.24,Jaipur
9996,5,2017,5-2017,90 Days,4.20,Mumbai
9997,1,2017,1-2017,30 Days,12.59,Chennai
9998,1,2018,1-2018,12 Months,9.42,Srinagar
9999,8,2017,8-2017,6 Month,4.12,Chennai
10001,3,2018,3-2018,60 Days,15.38,Bengaluru
10004,3,2018,3-2018,6 Month,1.40,Bengaluru
10005,11,2018,11-2018,90 Days,11.78,Bengaluru
10009,2,2018,2-2018,60 Days,10.60,Gandhinagar
10012,9,2017,9-2017,60 Days,15.38,Pune
10013,5,2017,5-2017,30 Days,4.20,Chennai
10015,1,2017,1-2017,90 Days,5.89,Pune
10016,6,2017,6-2017,24 Months and more,13.98,Shillong
10017,5,2018,5-2018,30 Days,7.07,Jaipur
10018,6,2018,6-2018,30 Days,14.13,Srinagar
10020,7,2018,7-2018,90 Days,1.18,Nasik
10021,10,2017,10-2017,90 Days,5.89,Chennai
10022,4,2017,4-2017,30 Days,6.99,Ranchi
10025,8,2018,8-2018,60 Days,16.78,Gandhinagar
10026,4,2017,4-2017,30 Days,1.18,Srinagar
10028,7,2017,7-2017,60 Days,2.36,Aurangabad
10029,12,2018,12-2018,60 Days,12.59,Gandhinagar
10030,6,2018,6-2018,60 Days,1.18,Mumbai
10032,9,2017,9-2017,60 Days,9.79,Nasik
10034,11,2018,11-2018,90 Days,12.59,Pune
10035,3,2018,3-2018,12 Months,8.24,Chandigarh
10037,5,2018,5-2018,90 Days,2.94,Bengaluru
10039,5,2018,5-2018,24 Months and more,2.36,Chandigarh
10040,12,2017,12-2017,12 Months,4.71,Gandhinagar
10041,8,2018,8-2018,12 Months,9.42,Bengaluru
10043,3,2018,3-2018,30 Days,9.42,Jaipur
10044,12,2017,12-2017,60 Days,6.48,Aurangabad
10045,7,2017,7-2017,12 Months,2.94,Gandhinagar
10048,10,2017,10-2017,6 Month,3.53,Chandigarh
10049,1,2017,1-2017,12 Months,3.53,Nagpur
10050,11,2018,11-2018,60 Days,2.36,Bengaluru
10051,3,2017,3-2017,30 Days,1.40,Jaipur
10052,11,2017,11-2017,90 Days,3.53,Bengaluru
10053,3,2017,3-2017,6 Month,3.53,Pune
10054,5,2017,5-2017,6 Month,2.36,Mumbai
10055,5,2017,5-2017,24 Months and more,9.79,Gandhinagar
10056,7,2017,7-2017,6 Month,9.79,Nagpur
10057,9,2017,9-2017,24 Months and more,2.36,Chandigarh
10058,6,2018,6-2018,90 Days,2.94,Chandigarh
10060,1,2018,1-2018,60 Days,5.59,Jaipur
10062,11,2018,11-2018,30 Days,5.30,Bhopal
10066,2,2018,2-2018,60 Days,4.12,Gandhinagar
10067,12,2018,12-2018,12 Months,2.36,Aurangabad
10068,1,2017,1-2017,30 Days,4.12,Shillong
10071,10,2017,10-2017,6 Month,1.18,Jaipur
10074,11,2017,11-2017,30 Days,1.18,Nagpur
10075,8,2018,8-2018,12 Months,3.53,Jaipur
10078,1,2017,1-2017,6 Month,8.24,Nagpur
10079,10,2017,10-2017,30 Days,2.94,Srinagar
10080,11,2018,11-2018,60 Days,0.59,Srinagar
10081,10,2017,10-2017,12 Months,14.13,Gandhinagar
10082,9,2017,9-2017,30 Days,6.99,Delhi
10083,3,2017,3-2017,24 Months and more,5.30,Nasik
10084,2,2018,2-2018,90 Days,7.07,Shillong
10086,3,2017,3-2017,24 Months and more,2.36,Pune
10087,12,2017,12-2017,6 Month,8.39,Pune
10088,12,2018,12-2018,6 Month,1.18,Pune
10089,6,2018,6-2018,12 Months,4.12,Nagpur
10090,6,2018,6-2018,60 Days,1.40,Bhopal
10091,10,2018,10-2018,60 Days,3.53,Gandhinagar
10093,1,2017,1-2017,12 Months,2.94,Jaipur
10096,2,2017,2-2017,90 Days,9.79,Nasik
10097,5,2017,5-2017,30 Days,2.36,Bhopal
10098,5,2018,5-2018,30 Days,4.12,Srinagar
10101,6,2017,6-2017,30 Days,16.78,Ranchi
10102,5,2017,5-2017,60 Days,4.12,Ranchi
10103,12,2018,12-2018,60 Days,5.89,Nagpur
10104,9,2017,9-2017,60 Days,3.53,Delhi
10105,9,2018,9-2018,24 Months and more,6.48,Bengaluru
10106,8,2018,8-2018,30 Days,4.71,Mumbai
10108,2,2017,2-2017,30 Days,14.13,Nagpur
10110,6,2017,6-2017,24 Months and more,4.12,Delhi
10111,3,2017,3-2017,12 Months,6.48,Bengaluru
10112,6,2018,6-2018,6 Month,7.07,Nasik
10113,9,2017,9-2017,60 Days,2.36,Bengaluru
10114,4,2018,4-2018,6 Month,8.39,Gandhinagar
10115,1,2017,1-2017,6 Month,6.48,Ranchi
10119,12,2017,12-2017,30 Days,4.71,Pune
10121,11,2017,11-2017,60 Days,7.07,Gandhinagar
10122,8,2017,8-2017,30 Days,7.07,Chennai
10123,4,2018,4-2018,30 Days,13.98,Mumbai
10124,11,2017,11-2017,60 Days,7.07,Aurangabad
10125,9,2018,9-2018,60 Days,8.24,Mumbai
10126,12,2017,12-2017,12 Months,0.59,Delhi
10129,6,2018,6-2018,12 Months,16.78,Chandigarh
10130,5,2017,5-2017,90 Days,4.20,Jaipur
10131,1,2018,1-2018,90 Days,8.39,Ranchi
10132,4,2018,4-2018,30 Days,4.12,Srinagar
10134,1,2018,1-2018,30 Days,4.71,Aurangabad
10135,2,2017,2-2017,30 Days,0.59,Bengaluru
10136,12,2018,12-2018,90 Days,2.94,Bengaluru
10137,7,2017,7-2017,24 Months and more,7.07,Srinagar
10138,3,2018,3-2018,24 Months and more,11.19,Jaipur
10139,12,2018,12-2018,6 Month,2.36,Jaipur
10140,3,2017,3-2017,24 Months and more,9.42,Mumbai
10141,7,2018,7-2018,60 Days,12.59,Bhopal
10142,7,2018,7-2018,12 Months,12.95,Nasik
10143,9,2017,9-2017,24 Months and more,5.59,Pune
10144,4,2018,4-2018,60 Days,0.59,Jaipur
10148,8,2018,8-2018,30 Days,1.18,Nasik
10149,4,2018,4-2018,6 Month,0.59,Ranchi
10151,1,2017,1-2017,30 Days,7.07,Nagpur
10152,5,2018,5-2018,12 Months,4.20,Gandhinagar
10153,9,2017,9-2017,6 Month,4.71,Shillong
10155,1,2018,1-2018,60 Days,10.60,Srinagar
10156,5,2018,5-2018,90 Days,4.20,Delhi
10157,5,2018,5-2018,24 Months and more,4.20,Aurangabad
10158,4,2017,4-2017,30 Days,8.24,Gandhinagar
10159,9,2018,9-2018,6 Month,9.42,Chandigarh
10161,2,2018,2-2018,24 Months and more,6.99,Jaipur
10162,9,2017,9-2017,24 Months and more,9.79,Chennai
10163,10,2017,10-2017,6 Month,11.19,Jaipur
10164,10,2017,10-2017,12 Months,2.36,Gandhinagar
10165,5,2017,5-2017,24 Months and more,5.59,Nagpur
10166,5,2017,5-2017,6 Month,11.19,Bhopal
10167,11,2018,11-2018,30 Days,11.78,Chandigarh
10168,7,2017,7-2017,90 Days,2.36,Shillong
10170,6,2017,6-2017,24 Months and more,7.07,Mumbai
10171,5,2018,5-2018,60 Days,0.59,Aurangabad
10172,8,2017,8-2017,12 Months,4.71,Pune
10175,11,2018,11-2018,30 Days,1.40,Bengaluru
10177,8,2017,8-2017,12 Months,0.59,Pune
10178,6,2017,6-2017,24 Months and more,8.24,Ranchi
10182,8,2017,8-2017,12 Months,4.71,Bengaluru
10184,6,2018,6-2018,24 Months and more,15.38,Nasik
10186,8,2018,8-2018,12 Months,5.59,Bengaluru
10187,11,2018,11-2018,12 Months,4.20,Bhopal
10188,10,2017,10-2017,60 Days,0.59,Ranchi
10189,6,2017,6-2017,24 Months and more,0.59,Ranchi
10190,10,2017,10-2017,90 Days,0.59,Mumbai
10191,1,2017,1-2017,60 Days,5.59,Mumbai
10192,8,2018,8-2018,24 Months and more,13.98,Ranchi
10194,7,2018,7-2018,6 Month,4.20,Gandhinagar
10196,4,2017,4-2017,90 Days,4.20,Bengaluru
10198,6,2018,6-2018,30 Days,8.24,Pune
10202,6,2018,6-2018,6 Month,6.48,Chennai
10203,12,2018,12-2018,30 Days,0.59,Bengaluru
10205,2,2018,2-2018,6 Month,1.77,Mumbai
10206,4,2017,4-2017,6 Month,10.60,Pune
10207,4,2018,4-2018,60 Days,16.78,Bhopal
10208,8,2018,8-2018,30 Days,1.18,Chandigarh
10209,8,2018,8-2018,24 Months and more,2.36,Shillong
10210,11,2018,11-2018,90 Days,5.89,Nasik
10213,2,2018,2-2018,12 Months,4.71,Mumbai
10219,4,2017,4-2017,6 Month,4.20,Bengaluru
10220,10,2018,10-2018,30 Days,5.89,Shillong
10225,12,2018,12-2018,12 Months,4.20,Delhi
10226,12,2017,12-2017,24 Months and more,5.89,Mumbai
10227,3,2018,3-2018,6 Month,1.40,Jaipur
10228,12,2017,12-2017,30 Days,7.07,Aurangabad
10229,9,2017,9-2017,6 Month,4.71,Srinagar
10232,7,2017,7-2017,60 Days,3.53,Bhopal
10234,10,2018,10-2018,30 Days,12.59,Bengaluru
10235,8,2017,8-2017,12 Months,15.38,Chandigarh
10237,1,2018,1-2018,24 Months and more,11.19,Chennai
10239,5,2017,5-2017,90 Days,12.59,Ranchi
10241,2,2017,2-2017,60 Days,8.39,Delhi
10243,4,2018,4-2018,30 Days,2.94,Bengaluru
10244,11,2018,11-2018,12 Months,10.60,Mumbai
10246,5,2017,5-2017,12 Months,4.12,Jaipur
10248,4,2018,4-2018,30 Days,12.59,Shillong
10249,10,2018,10-2018,30 Days,5.59,Delhi
10251,2,2017,2-2017,12 Months,1.18,Shillong
10257,2,2018,2-2018,30 Days,15.38,Delhi
10258,1,2017,1-2017,12 Months,0.59,Chennai
10259,11,2017,11-2017,12 Months,6.48,Ranchi
10261,11,2017,11-2017,6 Month,1.18,Bhopal
10263,3,2018,3-2018,60 Days,5.30,Bhopal
10266,7,2018,7-2018,60 Days,2.36,Srinagar
10270,11,2017,11-2017,30 Days,16.78,Nagpur
10271,11,2018,11-2018,6 Month,16.78,Srinagar
10272,11,2017,11-2017,12 Months,5.89,Chandigarh
10273,1,2017,1-2017,30 Days,11.78,Aurangabad
10275,1,2018,1-2018,30 Days,1.77,Chandigarh
10276,12,2017,12-2017,24 Months and more,1.18,Nasik
10278,10,2017,10-2017,6 Month,11.19,Pune
10279,10,2018,10-2018,90 Days,11.78,Shillong
10280,2,2017,2-2017,60 Days,2.94,Shillong
10281,9,2017,9-2017,6 Month,4.12,Jaipur
10282,6,2018,6-2018,6 Month,12.95,Nagpur
10283,11,2017,11-2017,60 Days,8.39,Jaipur
10284,2,2018,2-2018,60 Days,8.39,Srinagar
10286,9,2017,9-2017,90 Days,2.94,Bengaluru
10287,5,2017,5-2017,6 Month,3.53,Jaipur
10288,6,2018,6-2018,90 Days,4.12,Chennai
10290,5,2018,5-2018,30 Days,3.53,Bengaluru
10292,4,2017,4-2017,12 Months,1.40,Chandigarh
10293,10,2017,10-2017,30 Days,5.30,Pune
10295,7,2017,7-2017,30 Days,6.99,Chandigarh
10296,3,2017,3-2017,30 Days,5.89,Jaipur
10297,3,2017,3-2017,6 Month,5.59,Srinagar
10299,10,2018,10-2018,24 Months and more,4.12,Srinagar
10302,7,2018,7-2018,30 Days,5.30,Shillong
10303,5,2017,5-2017,24 Months and more,5.59,Aurangabad
10304,8,2017,8-2017,90 Days,8.39,Shillong
10305,3,2018,3-2018,60 Days,14.13,Nasik
10306,8,2017,8-2017,24 Months and more,16.78,Aurangabad
10309,7,2017,7-2017,6 Month,1.77,Bengaluru
10310,7,2017,7-2017,12 Months,3.53,Mumbai
10311,6,2018,6-2018,60 Days,2.36,Srinagar
10312,9,2017,9-2017,6 Month,15.38,Jaipur
10313,1,2017,1-2017,60 Days,2.80,Ranchi
10316,3,2018,3-2018,6 Month,1.18,Bengaluru
10317,2,2017,2-2017,30 Days,2.36,Pune
10318,9,2018,9-2018,6 Month,2.36,Nasik
10319,6,2018,6-2018,12 Months,5.89,Delhi
10320,5,2017,5-2017,12 Months,4.12,Aurangabad
10321,4,2018,4-2018,90 Days,1.18,Srinagar
10322,2,2018,2-2018,30 Days,12.59,Chandigarh
10324,7,2018,7-2018,90 Days,2.36,Chandigarh
10326,3,2017,3-2017,60 Days,2.80,Chandigarh
10327,1,2018,1-2018,90 Days,4.20,Srinagar
10328,11,2017,11-2017,90 Days,2.80,Chennai
10329,3,2018,3-2018,30 Days,1.18,Nasik
10330,5,2018,5-2018,30 Days,1.77,Nasik
10331,9,2017,9-2017,60 Days,1.18,Ranchi
10333,11,2018,11-2018,90 Days,12.59,Chandigarh
10335,6,2018,6-2018,6 Month,6.48,Shillong
10337,6,2017,6-2017,6 Month,10.60,Srinagar
10340,5,2017,5-2017,6 Month,5.89,Nasik
10341,9,2018,9-2018,60 Days,2.94,Delhi
10343,9,2018,9-2018,60 Days,14.13,Chandigarh
10344,2,2017,2-2017,6 Month,2.36,Nasik
10345,3,2018,3-2018,24 Months and more,2.94,Bhopal
10347,1,2017,1-2017,6 Month,5.30,Chandigarh
10349,6,2017,6-2017,30 Days,2.36,Nasik
10352,8,2017,8-2017,90 Days,1.18,Nasik
10354,5,2018,5-2018,6 Month,0.59,Ranchi
10355,9,2017,9-2017,6 Month,1.77,Nagpur
10356,4,2018,4-2018,60 Days,13.98,Chennai
10357,1,2018,1-2018,6 Month,2.36,Bengaluru
10358,5,2017,5-2017,30 Days,3.53,Gandhinagar
10361,2,2017,2-2017,12 Months,13.98,Nagpur
10363,6,2018,6-2018,60 Days,4.12,Shillong
10364,5,2018,5-2018,90 Days,9.79,Chandigarh
10366,4,2018,4-2018,12 Months,6.99,Bengaluru
10367,8,2017,8-2017,90 Days,12.95,Nasik
10368,7,2018,7-2018,12 Months,15.38,Pune
10369,8,2017,8-2017,30 Days,11.78,Bhopal
10370,8,2017,8-2017,90 Days,5.30,Chandigarh
10371,10,2018,10-2018,24 Months and more,11.78,Mumbai
10373,9,2018,9-2018,12 Months,7.07,Pune
10374,11,2017,11-2017,6 Month,15.38,Aurangabad
10376,5,2018,5-2018,60 Days,0.59,Gandhinagar
10377,8,2017,8-2017,12 Months,15.38,Aurangabad
10379,3,2018,3-2018,12 Months,7.07,Chennai
10380,2,2017,2-2017,30 Days,11.19,Ranchi
10382,3,2017,3-2017,30 Days,16.78,Shillong
10384,1,2018,1-2018,60 Days,1.18,Nagpur
10387,7,2017,7-2017,60 Days,1.18,Chandigarh
10389,4,2017,4-2017,60 Days,3.53,Nagpur
10390,9,2017,9-2017,24 Months and more,5.30,Mumbai
10391,10,2018,10-2018,12 Months,4.12,Bhopal
10392,3,2017,3-2017,12 Months,16.78,Ranchi
10394,10,2018,10-2018,60 Days,0.59,Delhi
10395,2,2017,2-2017,90 Days,7.07,Chennai
10396,9,2018,9-2018,60 Days,14.13,Gandhinagar
10398,6,2018,6-2018,24 Months and more,2.36,Gandhinagar
10399,1,2018,1-2018,90 Days,16.78,Srinagar
10400,1,2017,1-2017,24 Months and more,2.36,Nasik
10401,1,2017,1-2017,6 Month,5.59,Nasik
10403,10,2017,10-2017,90 Days,0.59,Chandigarh
10404,2,2018,2-2018,12 Months,11.19,Pune
10406,7,2018,7-2018,12 Months,16.78,Shillong
10407,1,2018,1-2018,12 Months,1.77,Srinagar
10411,3,2017,3-2017,6 Month,7.07,Gandhinagar
10413,6,2017,6-2017,60 Days,8.39,Srinagar
10414,10,2017,10-2017,24 Months and more,2.36,Gandhinagar
10415,2,2017,2-2017,24 Months and more,9.79,Chennai
10416,2,2018,2-2018,90 Days,16.78,Gandhinagar
10417,9,2018,9-2018,12 Months,6.48,Pune
10418,8,2017,8-2017,24 Months and more,8.24,Bhopal
10420,12,2017,12-2017,6 Month,5.59,Gandhinagar
10422,12,2018,12-2018,24 Months and more,7.07,Aurangabad
10423,5,2017,5-2017,24 Months and more,5.30,Nasik
10426,2,2018,2-2018,60 Days,4.12,Shillong
10430,1,2018,1-2018,30 Days,5.59,Bhopal
10431,8,2017,8-2017,90 Days,2.94,Srinagar
10435,6,2017,6-2017,30 Days,15.38,Ranchi
10438,5,2017,5-2017,60 Days,5.89,Ranchi
10440,1,2018,1-2018,12 Months,1.18,Pune
10443,3,2018,3-2018,24 Months and more,1.40,Chandigarh
10444,1,2017,1-2017,12 Months,2.94,Jaipur
10445,5,2018,5-2018,24 Months and more,1.18,Shillong
10448,5,2018,5-2018,24 Months and more,11.78,Jaipur
10449,6,2017,6-2017,6 Month,2.80,Bhopal
10450,5,2017,5-2017,24 Months and more,0.59,Gandhinagar
10452,12,2018,12-2018,12 Months,9.79,Bhopal
10453,3,2017,3-2017,12 Months,4.71,Nagpur
10454,12,2018,12-2018,60 Days,3.53,Nasik
10455,11,2018,11-2018,30 Days,4.71,Pune
10456,3,2017,3-2017,12 Months,2.36,Nasik
10458,4,2017,4-2017,12 Months,2.94,Nasik
10461,9,2017,9-2017,6 Month,16.78,Shillong
10462,8,2017,8-2017,30 Days,1.18,Shillong
10463,9,2018,9-2018,12 Months,12.59,Srinagar
10464,4,2018,4-2018,12 Months,1.77,Nasik
10465,5,2017,5-2017,6 Month,2.36,Ranchi
10466,3,2017,3-2017,12 Months,6.99,Bhopal
10467,5,2017,5-2017,30 Days,10.60,Delhi
10468,5,2017,5-2017,60 Days,15.38,Chandigarh
10469,7,2017,7-2017,6 Month,2.80,Srinagar
10471,1,2017,1-2017,90 Days,4.12,Nagpur
10472,5,2017,5-2017,60 Days,2.94,Bhopal
10477,8,2018,8-2018,60 Days,14.13,Chandigarh
10479,9,2018,9-2018,60 Days,11.19,Delhi
10480,11,2017,11-2017,60 Days,0.59,Nasik
10481,9,2017,9-2017,60 Days,2.36,Nagpur
10482,4,2018,4-2018,6 Month,4.12,Shillong
10485,1,2018,1-2018,24 Months and more,11.78,Chennai
10487,9,2017,9-2017,30 Days,16.78,Gandhinagar
10488,11,2018,11-2018,24 Months and more,13.98,Bengaluru
10489,6,2018,6-2018,6 Month,0.59,Chennai
10490,11,2018,11-2018,12 Months,5.89,Nagpur
10491,7,2017,7-2017,6 Month,3.53,Srinagar
10492,12,2018,12-2018,12 Months,15.38,Chandigarh
10493,9,2017,9-2017,90 Days,13.98,Nagpur
10494,11,2018,11-2018,30 Days,12.95,Bengaluru
10496,5,2018,5-2018,12 Months,9.79,Delhi
10497,8,2017,8-2017,90 Days,8.24,Jaipur
10498,10,2018,10-2018,90 Days,2.36,Shillong
10499,11,2018,11-2018,6 Month,9.79,Chandigarh
10500,11,2018,11-2018,30 Days,5.89,Srinagar
10502,12,2018,12-2018,60 Days,1.18,Gandhinagar
10505,1,2017,1-2017,24 Months and more,13.98,Chandigarh
10506,6,2018,6-2018,90 Days,5.89,Aurangabad
10508,6,2017,6-2017,90 Days,9.79,Srinagar
10509,7,2018,7-2018,6 Month,9.42,Nasik
10512,7,2017,7-2017,6 Month,9.42,Aurangabad
10517,1,2017,1-2017,12 Months,4.12,Aurangabad
10519,2,2017,2-2017,12 Months,8.24,Bhopal
10521,8,2017,8-2017,60 Days,1.18,Shillong
10522,7,2018,7-2018,90 Days,1.40,Chandigarh
10524,10,2017,10-2017,6 Month,4.71,Srinagar
10525,3,2018,3-2018,6 Month,5.30,Gandhinagar
10527,4,2018,4-2018,60 Days,8.39,Gandhinagar
10528,5,2017,5-2017,90 Days,2.36,Nagpur
10530,3,2018,3-2018,60 Days,1.18,Chennai
10531,7,2017,7-2017,60 Days,2.94,Jaipur
10532,12,2017,12-2017,24 Months and more,14.13,Chennai
10533,6,2018,6-2018,6 Month,7.07,Delhi
10535,10,2018,10-2018,24 Months and more,8.39,Delhi
10537,3,2017,3-2017,30 Days,13.98,Nasik
10538,12,2018,12-2018,90 Days,1.18,Nagpur
10539,11,2017,11-2017,24 Months and more,2.36,Bhopal
10542,9,2017,9-2017,6 Month,5.89,Bengaluru
10543,8,2018,8-2018,24 Months and more,13.98,Bengaluru
10544,4,2018,4-2018,24 Months and more,1.18,Chennai
10546,8,2018,8-2018,6 Month,11.19,Chandigarh
10548,8,2018,8-2018,60 Days,5.89,Delhi
10550,7,2018,7-2018,60 Days,1.40,Ranchi
10551,8,2017,8-2017,6 Month,15.38,Gandhinagar
10554,11,2018,11-2018,60 Days,0.59,Nagpur
10556,6,2017,6-2017,60 Days,11.19,Shillong
10557,9,2018,9-2018,6 Month,11.19,Shillong
10558,11,2018,11-2018,24 Months and more,9.79,Aurangabad
10559,5,2018,5-2018,60 Days,5.89,Srinagar
10560,1,2017,1-2017,12 Months,11.78,Shillong
10561,8,2017,8-2017,12 Months,5.89,Bhopal
10562,3,2018,3-2018,6 Month,9.79,Aurangabad
10563,6,2017,6-2017,24 Months and more,1.77,Mumbai
10566,12,2017,12-2017,30 Days,5.59,Pune
10568,2,2018,2-2018,30 Days,2.80,Mumbai
10570,4,2017,4-2017,90 Days,5.30,Nagpur
10571,6,2018,6-2018,12 Months,13.98,Bhopal
10572,6,2018,6-2018,30 Days,5.89,Nasik
10575,1,2017,1-2017,30 Days,4.71,Chandigarh
10577,6,2017,6-2017,12 Months,2.36,Chennai
10578,3,2018,3-2018,6 Month,1.18,Srinagar
10579,8,2017,8-2017,30 Days,2.36,Chandigarh
10580,9,2017,9-2017,30 Days,1.77,Pune
10581,6,2018,6-2018,12 Months,2.80,Shillong
10583,8,2017,8-2017,90 Days,7.07,Delhi
10584,12,2017,12-2017,24 Months and more,7.07,Jaipur
10586,7,2018,7-2018,30 Days,2.94,Delhi
10587,10,2018,10-2018,60 Days,15.38,Ranchi
10588,1,2018,1-2018,90 Days,1.77,Shillong
10590,12,2017,12-2017,12 Months,2.36,Chennai
10591,7,2018,7-2018,60 Days,7.07,Gandhinagar
10592,2,2018,2-2018,24 Months and more,11.19,Srinagar
10593,8,2018,8-2018,30 Days,11.19,Nagpur
10594,8,2018,8-2018,6 Month,8.24,Nasik
10595,4,2018,4-2018,30 Days,2.80,Jaipur
10597,1,2017,1-2017,60 Days,13.98,Shillong
10598,7,2018,7-2018,30 Days,1.18,Bhopal
10599,2,2018,2-2018,12 Months,4.12,Bhopal
10600,11,2017,11-2017,60 Days,4.20,Srinagar
10603,9,2018,9-2018,30 Days,11.19,Jaipur
10605,6,2018,6-2018,90 Days,13.98,Bhopal
10607,11,2017,11-2017,30 Days,9.79,Nagpur
10608,1,2018,1-2018,24 Months and more,2.94,Mumbai
10609,8,2018,8-2018,24 Months and more,5.89,Bhopal
10611,9,2017,9-2017,30 Days,5.89,Srinagar
10612,3,2018,3-2018,60 Days,2.36,Jaipur
10615,1,2018,1-2018,12 Months,1.18,Bengaluru
10616,8,2018,8-2018,60 Days,8.39,Delhi
10617,5,2017,5-2017,30 Days,4.12,Shillong
10620,3,2017,3-2017,60 Days,3.53,Pune
10621,9,2018,9-2018,6 Month,4.20,Aurangabad
10622,12,2017,12-2017,30 Days,2.36,Chandigarh
10624,12,2017,12-2017,90 Days,3.53,Bengaluru
10626,5,2018,5-2018,24 Months and more,3.53,Delhi
10627,6,2018,6-2018,6 Month,1.40,Bengaluru
10630,2,2017,2-2017,6 Month,4.71,Aurangabad
10631,12,2017,12-2017,60 Days,5.30,Jaipur
10632,5,2018,5-2018,60 Days,1.18,Srinagar
10633,2,2017,2-2017,60 Days,4.71,Nasik
10634,12,2018,12-2018,30 Days,6.48,Pune
10635,10,2018,10-2018,30 Days,0.59,Chandigarh
10637,7,2017,7-2017,24 Months and more,6.99,Chennai
10638,10,2017,10-2017,30 Days,6.48,Jaipur
10640,1,2017,1-2017,60 Days,2.36,Bhopal
10641,11,2018,11-2018,30 Days,3.53,Delhi
10642,2,2017,2-2017,6 Month,11.19,Delhi
10643,10,2017,10-2017,30 Days,6.48,Srinagar
10644,12,2017,12-2017,24 Months and more,3.53,Jaipur
10645,1,2017,1-2017,24 Months and more,2.94,Nasik
10648,10,2018,10-2018,6 Month,16.78,Nasik
10650,10,2018,10-2018,12 Months,1.18,Nagpur
10652,1,2017,1-2017,90 Days,6.99,Bhopal
10656,1,2018,1-2018,6 Month,9.79,Delhi
10658,2,2018,2-2018,90 Days,7.07,Bhopal
10661,1,2018,1-2018,6 Month,1.40,Nasik
10662,4,2018,4-2018,60 Days,16.78,Nagpur
10663,2,2018,2-2018,90 Days,2.94,Chandigarh
10665,9,2018,9-2018,6 Month,2.36,Delhi
10667,1,2018,1-2018,6 Month,13.98,Jaipur
10669,7,2018,7-2018,6 Month,4.12,Chandigarh
10670,1,2018,1-2018,90 Days,16.78,Chennai
10672,5,2018,5-2018,30 Days,3.53,Bengaluru
10673,7,2018,7-2018,90 Days,0.59,Mumbai
10674,9,2017,9-2017,12 Months,13.98,Chennai
10675,11,2017,11-2017,60 Days,1.18,Aurangabad
10678,1,2018,1-2018,60 Days,6.48,Bhopal
10679,2,2017,2-2017,30 Days,16.78,Srinagar
10682,1,2018,1-2018,6 Month,7.07,Aurangabad
10683,4,2018,4-2018,12 Months,0.59,Nasik
10684,10,2017,10-2017,6 Month,4.71,Srinagar
10685,4,2017,4-2017,12 Months,13.98,Srinagar
10686,6,2018,6-2018,12 Months,12.59,Shillong
10687,11,2018,11-2018,24 Months and more,4.20,Aurangabad
10688,7,2018,7-2018,90 Days,4.12,Nasik
10690,8,2018,8-2018,24 Months and more,11.78,Gandhinagar
10691,12,2018,12-2018,12 Months,4.12,Shillong
10692,3,2017,3-2017,6 Month,2.80,Shillong
10693,8,2018,8-2018,60 Days,4.12,Bhopal
10694,3,2017,3-2017,24 Months and more,4.71,Chandigarh
10696,8,2017,8-2017,60 Days,11.19,Mumbai
10697,4,2017,4-2017,24 Months and more,12.95,Bhopal
10698,5,2018,5-2018,6 Month,5.89,Chandigarh
10699,1,2017,1-2017,24 Months and more,4.12,Delhi
10700,11,2017,11-2017,60 Days,5.89,Ranchi
10701,6,2018,6-2018,6 Month,15.38,Aurangabad
10702,4,2018,4-2018,90 Days,1.18,Chennai
10703,5,2017,5-2017,90 Days,5.59,Chandigarh
10704,9,2017,9-2017,60 Days,4.71,Delhi
10705,10,2018,10-2018,12 Months,5.89,Pune
10706,3,2018,3-2018,6 Month,6.48,Shillong
10707,9,2018,9-2018,6 Month,1.40,Chandigarh
10708,12,2018,12-2018,30 Days,6.99,Nasik
10709,11,2017,11-2017,30 Days,5.89,Bhopal
10710,7,2017,7-2017,6 Month,1.18,Mumbai
10711,1,2017,1-2017,6 Month,11.19,Chandigarh
10713,5,2017,5-2017,6 Month,5.59,Mumbai
10714,6,2017,6-2017,24 Months and more,2.80,Chennai
10716,7,2017,7-2017,90 Days,6.48,Pune
10717,12,2017,12-2017,30 Days,9.42,Srinagar
10718,5,2018,5-2018,90 Days,9.79,Pune
10720,2,2018,2-2018,90 Days,2.36,Delhi
10722,5,2018,5-2018,12 Months,1.18,Delhi
10723,3,2017,3-2017,30 Days,4.20,Ranchi
10724,11,2017,11-2017,90 Days,13.98,Chandigarh
10725,5,2017,5-2017,30 Days,5.89,Bengaluru
10726,2,2017,2-2017,60 Days,8.39,Pune
10727,9,2017,9-2017,6 Month,7.07,Pune
10730,9,2017,9-2017,12 Months,4.20,Aurangabad
10731,6,2017,6-2017,6 Month,4.12,Nasik
10735,1,2018,1-2018,24 Months and more,0.59,Mumbai
10736,1,2017,1-2017,12 Months,1.18,Nagpur
10737,9,2018,9-2018,60 Days,8.39,Mumbai
10741,5,2018,5-2018,90 Days,5.89,Srinagar
10742,8,2017,8-2017,30 Days,1.77,Ranchi
10744,8,2017,8-2017,90 Days,5.30,Shillong
10745,7,2017,7-2017,30 Days,4.71,Bhopal
10746,11,2017,11-2017,60 Days,3.53,Delhi
10747,12,2018,12-2018,6 Month,1.77,Delhi
10748,11,2017,11-2017,30 Days,4.20,Gandhinagar
10750,12,2017,12-2017,12 Months,0.59,Mumbai
10753,8,2018,8-2018,6 Month,1.18,Ranchi
10755,6,2018,6-2018,6 Month,14.13,Srinagar
10756,7,2017,7-2017,90 Days,0.59,Aurangabad
10757,7,2017,7-2017,24 Months and more,2.36,Mumbai
10758,7,2018,7-2018,12 Months,16.78,Mumbai
10760,10,2018,10-2018,12 Months,7.07,Mumbai
10762,2,2017,2-2017,6 Month,4.71,Mumbai
10763,4,2017,4-2017,12 Months,0.59,Pune
10764,11,2018,11-2018,60 Days,12.59,Chandigarh
10765,5,2017,5-2017,60 Days,5.89,Srinagar
10766,12,2017,12-2017,6 Month,5.30,Gandhinagar
10767,6,2017,6-2017,6 Month,13.98,Nagpur
10768,9,2018,9-2018,24 Months and more,2.36,Pune
10771,10,2018,10-2018,60 Days,16.78,Srinagar
10772,9,2018,9-2018,12 Months,5.30,Jaipur
10773,10,2017,10-2017,60 Days,6.99,Ranchi
10777,1,2018,1-2018,30 Days,2.36,Mumbai
10778,11,2018,11-2018,60 Days,13.98,Aurangabad
10780,1,2018,1-2018,60 Days,1.40,Bengaluru
10781,6,2017,6-2017,12 Months,5.30,Mumbai
10783,5,2018,5-2018,60 Days,1.40,Srinagar
10784,4,2017,4-2017,90 Days,5.59,Nagpur
10785,6,2017,6-2017,24 Months and more,12.95,Srinagar
10789,2,2018,2-2018,12 Months,3.53,Jaipur
10790,3,2018,3-2018,12 Months,8.39,Bengaluru
10791,5,2018,5-2018,60 Days,2.36,Pune
10792,12,2018,12-2018,90 Days,5.59,Bhopal
10793,5,2018,5-2018,24 Months and more,4.20,Srinagar
10794,10,2017,10-2017,60 Days,0.59,Nasik
10796,2,2017,2-2017,60 Days,13.98,Srinagar
10798,1,2018,1-2018,60 Days,1.18,Bengaluru
10799,9,2018,9-2018,30 Days,3.53,Srinagar
10800,2,2018,2-2018,12 Months,4.20,Bengaluru
10801,12,2017,12-2017,6 Month,6.99,Mumbai
10805,1,2017,1-2017,30 Days,9.42,Srinagar
10807,6,2017,6-2017,90 Days,2.80,Nagpur
10808,7,2018,7-2018,30 Days,7.07,Gandhinagar
10810,7,2017,7-2017,12 Months,3.53,Chennai
10812,9,2018,9-2018,24 Months and more,3.53,Jaipur
10813,3,2017,3-2017,6 Month,2.80,Chennai
10814,3,2017,3-2017,90 Days,4.20,Delhi
10815,11,2017,11-2017,12 Months,11.19,Shillong
10817,6,2017,6-2017,90 Days,2.94,Mumbai
10818,6,2018,6-2018,24 Months and more,12.59,Gandhinagar
10820,1,2017,1-2017,12 Months,4.20,Nagpur
10821,12,2018,12-2018,90 Days,2.36,Nasik
10824,7,2018,7-2018,12 Months,13.98,Pune
10826,12,2018,12-2018,24 Months and more,4.71,Chandigarh
10828,5,2017,5-2017,6 Month,2.80,Pune
10830,6,2017,6-2017,60 Days,4.12,Chandigarh
10832,8,2017,8-2017,30 Days,1.40,Chennai
10833,8,2017,8-2017,12 Months,6.48,Nagpur
10834,9,2017,9-2017,90 Days,3.53,Aurangabad
10835,8,2018,8-2018,12 Months,5.30,Bengaluru
10836,12,2018,12-2018,30 Days,1.18,Srinagar
10837,3,2018,3-2018,60 Days,9.79,Gandhinagar
10838,4,2018,4-2018,6 Month,16.78,Aurangabad
10839,6,2018,6-2018,24 Months and more,12.59,Ranchi
10840,12,2017,12-2017,90 Days,5.30,Aurangabad
10841,3,2018,3-2018,30 Days,12.59,Nasik
10843,1,2018,1-2018,60 Days,1.18,Mumbai
10845,7,2017,7-2017,24 Months and more,6.48,Bengaluru
10846,1,2017,1-2017,12 Months,2.36,Pune
10847,1,2018,1-2018,30 Days,8.39,Jaipur
10849,11,2017,11-2017,30 Days,16.78,Ranchi
10853,7,2018,7-2018,90 Days,5.59,Chandigarh
10855,11,2017,11-2017,30 Days,11.19,Gandhinagar
10856,9,2018,9-2018,30 Days,7.07,Ranchi
10858,2,2017,2-2017,6 Month,1.18,Delhi
10862,11,2018,11-2018,24 Months and more,12.95,Mumbai
10863,8,2017,8-2017,12 Months,11.19,Bhopal
10864,2,2017,2-2017,30 Days,7.07,Bengaluru
10865,12,2017,12-2017,60 Days,2.36,Pune
10866,5,2018,5-2018,6 Month,1.18,Nasik
10867,9,2018,9-2018,60 Days,0.59,Bengaluru
10868,1,2017,1-2017,24 Months and more,1.77,Nagpur
10869,11,2017,11-2017,6 Month,2.80,Bengaluru
10870,4,2018,4-2018,12 Months,9.42,Chennai
10871,5,2018,5-2018,24 Months and more,12.59,Jaipur
10873,7,2017,7-2017,12 Months,5.89,Bengaluru
10874,6,2017,6-2017,6 Month,5.59,Bhopal
10876,2,2018,2-2018,60 Days,15.38,Nagpur
10877,5,2018,5-2018,30 Days,2.94,Jaipur
10878,6,2018,6-2018,90 Days,15.38,Pune
10879,10,2017,10-2017,12 Months,6.48,Srinagar
10880,6,2018,6-2018,60 Days,4.12,Nagpur
10883,6,2018,6-2018,60 Days,5.30,Srinagar
10884,4,2017,4-2017,24 Months and more,4.71,Gandhinagar
10885,12,2018,12-2018,60 Days,4.71,Gandhinagar
10890,1,2018,1-2018,12 Months,2.94,Shillong
10891,10,2018,10-2018,30 Days,1.18,Nagpur
10892,9,2018,9-2018,24 Months and more,7.07,Nagpur
10893,1,2017,1-2017,90 Days,5.30,Mumbai
10894,6,2018,6-2018,6 Month,2.36,Shillong
10895,6,2018,6-2018,6 Month,2.80,Mumbai
10899,8,2017,8-2017,24 Months and more,6.99,Bhopal
10902,7,2018,7-2018,6 Month,2.36,Nagpur
10903,8,2018,8-2018,90 Days,4.20,Mumbai
10904,11,2018,11-2018,30 Days,4.71,Delhi
10905,12,2018,12-2018,30 Days,1.40,Gandhinagar
10910,10,2018,10-2018,6 Month,5.30,Aurangabad
10911,10,2017,10-2017,60 Days,14.13,Bhopal
10912,3,2018,3-2018,6 Month,9.79,Srinagar
10913,6,2017,6-2017,90 Days,2.80,Gandhinagar
10915,9,2018,9-2018,6 Month,1.77,Mumbai
10916,3,2017,3-2017,30 Days,2.94,Nasik
10917,6,2017,6-2017,60 Days,15.38,Bengaluru
10918,9,2017,9-2017,60 Days,11.78,Delhi
10919,6,2018,6-2018,6 Month,4.71,Aurangabad
10920,3,2017,3-2017,12 Months,2.80,Chandigarh
10921,4,2017,4-2017,12 Months,2.36,Mumbai
10922,1,2017,1-2017,90 Days,3.53,Mumbai
10924,1,2018,1-2018,90 Days,2.36,Chandigarh
10927,2,2018,2-2018,90 Days,4.71,Aurangabad
10929,5,2017,5-2017,30 Days,1.40,Bhopal
10931,2,2017,2-2017,12 Months,2.94,Bhopal
10932,2,2017,2-2017,30 Days,2.94,Chennai
10938,2,2018,2-2018,12 Months,5.89,Chandigarh
10939,10,2017,10-2017,30 Days,4.71,Delhi
10940,1,2018,1-2018,60 Days,4.71,Gandhinagar
10941,6,2018,6-2018,30 Days,4.71,Bengaluru
10942,3,2017,3-2017,60 Days,1.40,Bengaluru
10945,6,2017,6-2017,60 Days,8.24,Gandhinagar
10947,10,2017,10-2017,30 Days,3.53,Pune
10948,9,2018,9-2018,60 Days,1.40,Pune
10949,2,2018,2-2018,90 Days,2.36,Nasik
10952,5,2017,5-2017,12 Months,1.40,Mumbai
10953,10,2018,10-2018,60 Days,5.30,Jaipur
10956,6,2018,6-2018,6 Month,9.79,Srinagar
10957,5,2018,5-2018,24 Months and more,8.39,Aurangabad
10958,9,2018,9-2018,24 Months and more,7.07,Aurangabad
10959,6,2017,6-2017,12 Months,9.42,Shillong
10960,2,2018,2-2018,60 Days,9.79,Chandigarh
10962,5,2018,5-2018,6 Month,6.99,Mumbai
10963,2,2018,2-2018,6 Month,9.79,Mumbai
10964,11,2018,11-2018,12 Months,8.39,Pune
10965,10,2017,10-2017,12 Months,1.77,Mumbai
10966,4,2018,4-2018,24 Months and more,3.53,Bhopal
10967,2,2018,2-2018,30 Days,9.42,Nagpur
10968,1,2018,1-2018,60 Days,0.59,Nasik
10970,3,2018,3-2018,90 Days,2.80,Delhi
10971,8,2017,8-2017,30 Days,9.79,Bengaluru
10972,4,2017,4-2017,12 Months,4.20,Nagpur
10973,9,2018,9-2018,12 Months,10.60,Chennai
10974,1,2018,1-2018,12 Months,5.30,Nasik
10975,2,2017,2-2017,6 Month,8.39,Nasik
10976,10,2017,10-2017,60 Days,1.18,Mumbai
10977,4,2017,4-2017,60 Days,1.18,Bengaluru
10978,12,2018,12-2018,30 Days,2.80,Nagpur
10979,10,2018,10-2018,60 Days,2.94,Chennai
10980,11,2017,11-2017,12 Months,8.24,Nasik
10981,7,2018,7-2018,90 Days,0.59,Chandigarh
10982,11,2018,11-2018,90 Days,1.18,Chandigarh
10984,10,2017,10-2017,90 Days,3.53,Bhopal
10985,1,2017,1-2017,24 Months and more,2.36,Bengaluru
10986,5,2018,5-2018,12 Months,5.30,Mumbai
10990,11,2017,11-2017,30 Days,4.71,Chennai
10991,4,2017,4-2017,12 Months,2.36,Srinagar
10993,4,2017,4-2017,24 Months and more,6.99,Mumbai
10996,12,2018,12-2018,12 Months,6.99,Srinagar
10997,6,2018,6-2018,24 Months and more,16.78,Bengaluru
10999,3,2017,3-2017,90 Days,4.12,Shillong
11000,2,2018,2-2018,6 Month,5.30,Aurangabad
11002,12,2018,12-2018,24 Months and more,0.59,Delhi
11004,6,2018,6-2018,12 Months,15.38,Shillong
11005,6,2018,6-2018,24 Months and more,11.19,Shillong
11007,5,2018,5-2018,6 Month,5.89,Gandhinagar
11008,5,2017,5-2017,12 Months,6.48,Chennai
11010,4,2017,4-2017,90 Days,12.95,Nasik
11012,5,2018,5-2018,6 Month,1.18,Shillong
11014,12,2017,12-2017,24 Months and more,1.40,Nagpur
11015,6,2018,6-2018,24 Months and more,5.89,Aurangabad
11016,9,2017,9-2017,24 Months and more,1.40,Bengaluru
11018,6,2017,6-2017,6 Month,1.18,Nasik
11019,4,2018,4-2018,12 Months,12.95,Chandigarh
11022,11,2017,11-2017,12 Months,2.94,Chennai
11025,8,2018,8-2018,6 Month,11.78,Jaipur
11026,11,2017,11-2017,24 Months and more,6.99,Bhopal
11028,11,2017,11-2017,60 Days,2.36,Mumbai
11032,11,2017,11-2017,24 Months and more,1.40,Ranchi
11036,7,2017,7-2017,12 Months,8.39,Nasik
11038,6,2018,6-2018,60 Days,11.78,Gandhinagar
11043,8,2017,8-2017,90 Days,5.89,Jaipur
11047,6,2017,6-2017,24 Months and more,15.38,Chandigarh
11048,11,2017,11-2017,6 Month,6.48,Nagpur
11050,5,2017,5-2017,12 Months,5.30,Jaipur
11051,7,2017,7-2017,30 Days,4.12,Chandigarh
11052,6,2018,6-2018,24 Months and more,1.40,Bhopal
11053,1,2018,1-2018,6 Month,4.20,Bengaluru
11054,3,2017,3-2017,30 Days,2.36,Bengaluru
11056,6,2017,6-2017,30 Days,6.48,Jaipur
11057,7,2017,7-2017,12 Months,13.98,Aurangabad
11058,9,2018,9-2018,30 Days,1.77,Bengaluru
11059,8,2017,8-2017,60 Days,5.89,Delhi
11060,3,2018,3-2018,6 Month,11.19,Aurangabad
11064,3,2018,3-2018,30 Days,12.59,Aurangabad
11065,3,2018,3-2018,12 Months,4.12,Nasik
11066,8,2017,8-2017,90 Days,6.99,Pune
11067,6,2018,6-2018,30 Days,2.94,Srinagar
11070,9,2017,9-2017,60 Days,5.30,Bengaluru
11071,6,2018,6-2018,24 Months and more,7.07,Srinagar
11072,12,2018,12-2018,12 Months,5.30,Chennai
11073,12,2017,12-2017,90 Days,1.77,Nagpur
11075,9,2018,9-2018,6 Month,13.98,Gandhinagar
11077,8,2017,8-2017,12 Months,15.38,Jaipur
11079,6,2017,6-2017,60 Days,2.80,Pune
11081,10,2017,10-2017,90 Days,5.30,Gandhinagar
11082,7,2018,7-2018,6 Month,1.40,Bhopal
11083,10,2017,10-2017,90 Days,8.39,Srinagar
11084,6,2018,6-2018,12 Months,15.38,Jaipur
11085,4,2018,4-2018,60 Days,4.71,Gandhinagar
11087,4,2018,4-2018,60 Days,6.48,Shillong
11089,3,2017,3-2017,24 Months and more,2.80,Chandigarh
11090,5,2018,5-2018,24 Months and more,5.89,Chennai
11092,7,2017,7-2017,24 Months and more,9.79,Srinagar
11093,5,2018,5-2018,90 Days,0.59,Delhi
11094,11,2017,11-2017,30 Days,7.07,Jaipur
11096,11,2017,11-2017,12 Months,1.40,Mumbai
11097,1,2017,1-2017,90 Days,7.07,Delhi
11098,4,2017,4-2017,30 Days,5.59,Bengaluru
11099,1,2017,1-2017,60 Days,8.24,Ranchi
11100,6,2018,6-2018,90 Days,1.77,Srinagar
11105,7,2017,7-2017,90 Days,5.59,Shillong
11106,9,2018,9-2018,6 Month,7.07,Bengaluru
11108,7,2018,7-2018,60 Days,5.30,Bengaluru
11109,10,2017,10-2017,24 Months and more,4.71,Srinagar
11110,1,2017,1-2017,6 Month,1.18,Nasik
11112,9,2017,9-2017,30 Days,12.59,Chennai
11115,4,2017,4-2017,30 Days,1.77,Delhi
11116,11,2017,11-2017,30 Days,8.39,Nagpur
11117,7,2018,7-2018,24 Months and more,15.38,Nagpur
11118,1,2017,1-2017,60 Days,13.98,Shillong
11119,5,2017,5-2017,60 Days,7.07,Bhopal
11120,9,2017,9-2017,90 Days,4.71,Nagpur
11121,4,2017,4-2017,24 Months and more,2.80,Mumbai
11122,11,2017,11-2017,30 Days,6.48,Bhopal
11123,10,2018,10-2018,12 Months,4.71,Nasik
11124,4,2017,4-2017,60 Days,4.71,Pune
11125,8,2017,8-2017,90 Days,5.89,Chandigarh
11127,7,2018,7-2018,24 Months and more,5.30,Nagpur
11128,12,2017,12-2017,60 Days,12.59,Bhopal
11129,6,2017,6-2017,90 Days,8.24,Ranchi
11131,11,2018,11-2018,6 Month,5.30,Nasik
11132,6,2017,6-2017,30 Days,5.30,Srinagar
11133,3,2018,3-2018,30 Days,4.12,Jaipur
11134,12,2018,12-2018,24 Months and more,0.59,Chandigarh
11136,6,2018,6-2018,30 Days,14.13,Jaipur
11137,2,2018,2-2018,30 Days,13.98,Shillong
11139,3,2018,3-2018,60 Days,1.18,Bhopal
11140,11,2017,11-2017,12 Months,6.48,Bengaluru
11141,10,2018,10-2018,6 Month,7.07,Delhi
11143,2,2017,2-2017,6 Month,2.80,Srinagar
11144,4,2017,4-2017,60 Days,12.59,Chandigarh
11145,9,2018,9-2018,60 Days,12.59,Pune
11146,6,2018,6-2018,12 Months,11.19,Bhopal
11147,10,2018,10-2018,6 Month,5.30,Pune
11149,5,2018,5-2018,30 Days,4.71,Chennai
11154,8,2017,8-2017,90 Days,12.59,Jaipur
11157,9,2018,9-2018,6 Month,0.59,Chennai
11159,4,2017,4-2017,90 Days,2.36,Mumbai
11161,10,2017,10-2017,24 Months and more,4.71,Shillong
11162,10,2017,10-2017,12 Months,6.48,Aurangabad
11163,3,2018,3-2018,90 Days,2.36,Bhopal
11164,4,2017,4-2017,6 Month,11.19,Delhi
11165,4,2018,4-2018,6 Month,4.20,Nasik
11166,5,2017,5-2017,60 Days,15.38,Nasik
11167,11,2018,11-2018,24 Months and more,5.89,Bhopal
11170,7,2017,7-2017,30 Days,5.30,Mumbai
11171,9,2018,9-2018,24 Months and more,9.79,Jaipur
11173,11,2018,11-2018,24 Months and more,4.12,Nagpur
11174,8,2017,8-2017,12 Months,13.98,Nagpur
11175,1,2018,1-2018,90 Days,12.95,Bengaluru
11176,3,2017,3-2017,6 Month,13.98,Aurangabad
11177,5,2017,5-2017,30 Days,2.80,Chennai
11179,12,2017,12-2017,24 Months and more,7.07,Bhopal
11180,3,2017,3-2017,90 Days,15.38,Nasik
11182,12,2017,12-2017,60 Days,0.59,Bengaluru
11184,6,2018,6-2018,90 Days,12.59,Gandhinagar
11185,1,2018,1-2018,6 Month,10.60,Aurangabad
11186,3,2017,3-2017,24 Months and more,1.77,Mumbai
11187,7,2018,7-2018,90 Days,4.12,Aurangabad
11188,2,2018,2-2018,12 Months,2.36,Bengaluru
11189,8,2017,8-2017,60 Days,5.89,Gandhinagar
11191,11,2018,11-2018,12 Months,8.24,Nasik
11192,12,2017,12-2017,90 Days,5.30,Bhopal
11193,4,2017,4-2017,6 Month,13.98,Nasik
11194,9,2018,9-2018,60 Days,1.40,Pune
11195,7,2018,7-2018,6 Month,11.19,Srinagar
11196,7,2017,7-2017,12 Months,6.99,Aurangabad
11198,10,2018,10-2018,12 Months,5.59,Jaipur
11199,4,2018,4-2018,24 Months and more,5.30,Nasik
11200,1,2018,1-2018,12 Months,9.42,Aurangabad
11201,3,2018,3-2018,60 Days,5.30,Ranchi
11202,7,2017,7-2017,12 Months,5.30,Nagpur
11203,8,2018,8-2018,90 Days,2.94,Pune
11205,12,2018,12-2018,30 Days,3.53,Jaipur
11206,3,2018,3-2018,6 Month,8.24,Ranchi
11208,12,2017,12-2017,60 Days,4.20,Srinagar
11209,9,2017,9-2017,60 Days,9.79,Chennai
11210,12,2018,12-2018,60 Days,5.89,Jaipur
11212,2,2018,2-2018,24 Months and more,14.13,Shillong
11213,7,2017,7-2017,12 Months,4.71,Ranchi
11214,11,2017,11-2017,90 Days,9.79,Pune
11215,3,2017,3-2017,6 Month,11.19,Pune
11216,8,2018,8-2018,90 Days,4.12,Bengaluru
11217,11,2017,11-2017,90 Days,14.13,Chandigarh
11219,3,2018,3-2018,30 Days,10.60,Gandhinagar
11220,10,2018,10-2018,30 Days,8.39,Nasik
11223,4,2017,4-2017,6 Month,5.89,Bengaluru
11224,1,2017,1-2017,60 Days,2.36,Pune
11225,9,2017,9-2017,24 Months and more,16.78,Chennai
11226,6,2017,6-2017,6 Month,9.79,Jaipur
11228,6,2017,6-2017,90 Days,12.59,Delhi
11230,8,2017,8-2017,24 Months and more,5.89,Shillong
11233,6,2017,6-2017,90 Days,12.59,Bengaluru
11234,3,2018,3-2018,24 Months and more,4.71,Ranchi
11235,11,2017,11-2017,24 Months and more,1.40,Shillong
11238,1,2018,1-2018,6 Month,12.59,Bhopal
11239,5,2017,5-2017,24 Months and more,4.71,Ranchi
11240,12,2018,12-2018,12 Months,11.78,Chandigarh
11241,10,2017,10-2017,12 Months,13.98,Delhi
11243,3,2018,3-2018,90 Days,1.18,Shillong
11245,9,2018,9-2018,90 Days,4.71,Pune
11246,10,2017,10-2017,6 Month,5.30,Aurangabad
11247,11,2017,11-2017,6 Month,11.78,Mumbai
11249,4,2017,4-2017,90 Days,6.48,Ranchi
11250,6,2017,6-2017,60 Days,7.07,Srinagar
11251,7,2017,7-2017,60 Days,0.59,Aurangabad
11254,2,2018,2-2018,60 Days,0.59,Nagpur
11257,7,2017,7-2017,6 Month,2.36,Pune
11258,9,2018,9-2018,12 Months,6.99,Ranchi
11259,3,2017,3-2017,24 Months and more,11.19,Mumbai
11260,5,2017,5-2017,6 Month,6.48,Jaipur
11261,3,2018,3-2018,12 Months,6.99,Srinagar
11263,7,2018,7-2018,60 Days,9.79,Aurangabad
11264,12,2018,12-2018,12 Months,7.07,Bengaluru
11267,11,2018,11-2018,6 Month,15.38,Nagpur
11269,6,2017,6-2017,90 Days,1.18,Jaipur
11270,3,2017,3-2017,24 Months and more,9.42,Jaipur
11272,9,2017,9-2017,24 Months and more,1.18,Pune
11273,7,2018,7-2018,12 Months,1.18,Chennai
11275,4,2018,4-2018,90 Days,9.42,Bengaluru
11277,8,2017,8-2017,12 Months,5.59,Bengaluru
11279,2,2018,2-2018,30 Days,1.18,Mumbai
11280,4,2018,4-2018,24 Months and more,0.59,Aurangabad
11281,12,2017,12-2017,6 Month,0.59,Bengaluru
11282,6,2018,6-2018,12 Months,1.18,Bhopal
11283,10,2018,10-2018,30 Days,5.89,Jaipur
11285,3,2018,3-2018,6 Month,2.80,Chandigarh
11286,4,2018,4-2018,90 Days,1.18,Gandhinagar
11287,11,2018,11-2018,60 Days,0.59,Srinagar
11288,11,2018,11-2018,90 Days,1.18,Srinagar
11289,5,2018,5-2018,30 Days,3.53,Delhi
11290,9,2018,9-2018,6 Month,6.48,Nagpur
11292,3,2017,3-2017,30 Days,7.07,Srinagar
11294,11,2018,11-2018,6 Month,2.94,Aurangabad
11295,3,2018,3-2018,12 Months,9.79,Gandhinagar
11296,5,2017,5-2017,6 Month,1.40,Nasik
11298,3,2018,3-2018,6 Month,3.53,Gandhinagar
11299,1,2018,1-2018,12 Months,6.99,Chennai
11302,1,2018,1-2018,30 Days,16.78,Delhi
11303,3,2018,3-2018,30 Days,1.77,Bengaluru
11304,7,2017,7-2017,90 Days,13.98,Chennai
11305,9,2017,9-2017,12 Months,4.12,Gandhinagar
11306,4,2017,4-2017,6 Month,1.40,Chennai
11307,6,2017,6-2017,24 Months and more,5.89,Shillong
11309,11,2017,11-2017,24 Months and more,2.36,Chennai
11312,10,2018,10-2018,6 Month,0.59,Chennai
11313,10,2017,10-2017,6 Month,4.20,Chennai
11314,12,2018,12-2018,24 Months and more,4.20,Srinagar
11315,4,2018,4-2018,24 Months and more,4.71,Bhopal
11316,9,2017,9-2017,60 Days,7.07,Bhopal
11317,3,2017,3-2017,90 Days,1.18,Shillong
11318,5,2017,5-2017,12 Months,0.59,Pune
11320,6,2018,6-2018,60 Days,2.36,Nagpur
11321,7,2017,7-2017,60 Days,1.18,Mumbai
11322,4,2017,4-2017,6 Month,12.95,Gandhinagar
11323,4,2018,4-2018,24 Months and more,11.19,Nasik
11324,11,2018,11-2018,30 Days,2.36,Ranchi
11325,8,2018,8-2018,24 Months and more,9.79,Jaipur
11326,2,2017,2-2017,30 Days,8.24,Pune
11327,12,2018,12-2018,90 Days,4.20,Delhi
11328,10,2018,10-2018,6 Month,9.79,Chandigarh
11329,5,2017,5-2017,90 Days,5.89,Chandigarh
11330,11,2018,11-2018,24 Months and more,2.94,Shillong
11334,3,2018,3-2018,24 Months and more,2.36,Delhi
11335,1,2017,1-2017,12 Months,5.89,Delhi
11336,11,2018,11-2018,6 Month,3.53,Nasik
11337,12,2017,12-2017,90 Days,8.39,Delhi
11340,8,2017,8-2017,24 Months and more,0.59,Mumbai
11341,7,2017,7-2017,6 Month,5.89,Bengaluru
11342,9,2018,9-2018,90 Days,2.36,Aurangabad
11343,6,2018,6-2018,60 Days,3.53,Aurangabad
11344,4,2018,4-2018,6 Month,2.36,Srinagar
11345,5,2017,5-2017,12 Months,6.48,Mumbai
11347,10,2017,10-2017,24 Months and more,7.07,Nagpur
11349,4,2017,4-2017,24 Months and more,3.53,Nasik
11350,2,2018,2-2018,30 Days,12.59,Bhopal
11351,4,2018,4-2018,12 Months,3.53,Ranchi
11352,7,2018,7-2018,12 Months,11.19,Aurangabad
11353,3,2017,3-2017,6 Month,5.89,Nasik
11355,1,2017,1-2017,6 Month,6.48,Shillong
11358,11,2018,11-2018,24 Months and more,3.53,Delhi
11360,5,2017,5-2017,24 Months and more,5.59,Mumbai
11361,9,2017,9-2017,60 Days,11.78,Bengaluru
11364,8,2017,8-2017,90 Days,2.80,Shillong
11365,4,2017,4-2017,24 Months and more,2.80,Mumbai
11367,9,2017,9-2017,60 Days,4.12,Bengaluru
11368,4,2018,4-2018,6 Month,5.59,Shillong
11369,3,2017,3-2017,90 Days,0.59,Bengaluru
11370,7,2017,7-2017,30 Days,16.78,Srinagar
11373,3,2018,3-2018,6 Month,6.99,Pune
11374,12,2017,12-2017,12 Months,1.18,Jaipur
11376,6,2017,6-2017,12 Months,4.71,Mumbai
11377,12,2018,12-2018,60 Days,11.78,Srinagar
11378,9,2017,9-2017,12 Months,11.19,Chennai
11380,1,2017,1-2017,30 Days,0.59,Shillong
11381,5,2018,5-2018,12 Months,6.48,Chennai
11384,10,2017,10-2017,6 Month,4.71,Bhopal
11386,5,2018,5-2018,12 Months,4.71,Pune
11388,12,2018,12-2018,24 Months and more,5.59,Ranchi
11390,10,2018,10-2018,6 Month,4.71,Shillong
11391,5,2017,5-2017,12 Months,11.19,Gandhinagar
11392,4,2018,4-2018,90 Days,11.19,Jaipur
11393,4,2018,4-2018,60 Days,7.07,Chennai
11397,2,2018,2-2018,12 Months,4.12,Bengaluru
11398,8,2018,8-2018,90 Days,13.98,Nagpur
11399,11,2018,11-2018,24 Months and more,9.42,Chandigarh
11401,4,2018,4-2018,24 Months and more,15.38,Srinagar
11404,12,2018,12-2018,60 Days,1.77,Chennai
11406,8,2018,8-2018,30 Days,11.19,Gandhinagar
11407,11,2017,11-2017,12 Months,14.13,Delhi
11408,12,2017,12-2017,60 Days,5.30,Nagpur
11413,3,2018,3-2018,12 Months,5.89,Nasik
11414,6,2018,6-2018,6 Month,3.53,Shillong
11416,9,2018,9-2018,60 Days,4.71,Bhopal
11420,9,2017,9-2017,24 Months and more,16.78,Gandhinagar
11421,7,2017,7-2017,60 Days,1.77,Jaipur
11422,3,2018,3-2018,12 Months,5.89,Pune
11423,1,2018,1-2018,90 Days,6.48,Mumbai
11424,8,2018,8-2018,90 Days,3.53,Bhopal
11425,2,2018,2-2018,60 Days,16.78,Nagpur
11427,11,2018,11-2018,12 Months,4.12,Bhopal
11428,6,2018,6-2018,24 Months and more,2.36,Gandhinagar
11430,10,2018,10-2018,12 Months,5.30,Shillong
11432,2,2018,2-2018,12 Months,1.40,Pune
11435,8,2018,8-2018,12 Months,4.71,Chennai
11436,4,2018,4-2018,24 Months and more,2.80,Ranchi
11438,12,2018,12-2018,12 Months,1.77,Ranchi
11439,12,2018,12-2018,24 Months and more,2.36,Pune
11440,7,2017,7-2017,30 Days,16.78,Bhopal
11441,5,2018,5-2018,30 Days,15.38,Jaipur
11442,12,2017,12-2017,12 Months,2.36,Gandhinagar
11443,8,2017,8-2017,12 Months,2.80,Nagpur
11444,2,2018,2-2018,90 Days,4.20,Ranchi
11445,10,2017,10-2017,60 Days,5.89,Shillong
11447,12,2017,12-2017,24 Months and more,2.80,Bengaluru
11449,10,2017,10-2017,30 Days,1.40,Nagpur
11451,9,2018,9-2018,24 Months and more,2.94,Pune
11453,10,2018,10-2018,30 Days,5.30,Nagpur
11456,8,2017,8-2017,12 Months,4.71,Nasik
11459,9,2018,9-2018,12 Months,4.71,Bengaluru
11461,8,2018,8-2018,24 Months and more,6.48,Chennai
11465,3,2018,3-2018,30 Days,7.07,Bhopal
11467,10,2018,10-2018,12 Months,2.80,Bengaluru
11468,5,2017,5-2017,12 Months,8.39,Shillong
11469,1,2018,1-2018,24 Months and more,9.79,Nasik
11471,4,2017,4-2017,24 Months and more,0.59,Nagpur
11472,9,2018,9-2018,30 Days,12.59,Nagpur
11473,9,2017,9-2017,90 Days,6.48,Jaipur
11474,7,2018,7-2018,12 Months,2.36,Delhi
11475,9,2018,9-2018,30 Days,2.94,Jaipur
11476,7,2018,7-2018,30 Days,2.80,Chandigarh
11477,10,2017,10-2017,30 Days,8.39,Mumbai
11478,5,2018,5-2018,90 Days,9.79,Aurangabad
11479,6,2017,6-2017,90 Days,0.59,Gandhinagar
11481,4,2017,4-2017,24 Months and more,3.53,Nagpur
11484,8,2018,8-2018,30 Days,2.94,Chandigarh
11485,7,2018,7-2018,24 Months and more,0.59,Bengaluru
11486,6,2017,6-2017,6 Month,2.36,Bengaluru
11489,9,2018,9-2018,6 Month,8.39,Mumbai
11490,5,2018,5-2018,12 Months,4.71,Srinagar
11493,2,2018,2-2018,24 Months and more,2.36,Srinagar
11494,6,2017,6-2017,12 Months,8.24,Nagpur
11495,7,2018,7-2018,60 Days,9.79,Gandhinagar
11496,7,2018,7-2018,90 Days,12.59,Pune
11498,4,2017,4-2017,12 Months,4.20,Delhi
11499,6,2017,6-2017,60 Days,3.53,Srinagar
11500,12,2017,12-2017,60 Days,9.79,Ranchi
11501,8,2018,8-2018,6 Month,0.59,Pune
11502,1,2018,1-2018,30 Days,7.07,Delhi
11503,3,2018,3-2018,12 Months,4.12,Pune
11504,8,2017,8-2017,60 Days,8.39,Nagpur
11505,4,2017,4-2017,24 Months and more,8.39,Mumbai
11506,5,2018,5-2018,6 Month,4.12,Chennai
11507,10,2017,10-2017,60 Days,8.39,Nasik
11509,1,2018,1-2018,12 Months,6.48,Bhopal
11510,2,2018,2-2018,12 Months,14.13,Chandigarh
11513,2,2018,2-2018,30 Days,4.71,Pune
11516,4,2017,4-2017,60 Days,7.07,Jaipur
11517,7,2018,7-2018,6 Month,6.48,Srinagar
11518,1,2017,1-2017,90 Days,10.60,Bhopal
11519,6,2018,6-2018,6 Month,7.07,Chandigarh
11520,1,2017,1-2017,6 Month,5.89,Ranchi
11521,3,2018,3-2018,12 Months,1.18,Ranchi
11524,3,2017,3-2017,90 Days,1.77,Bengaluru
11525,11,2017,11-2017,24 Months and more,11.78,Bengaluru
11526,3,2017,3-2017,30 Days,4.71,Aurangabad
11529,5,2018,5-2018,30 Days,3.53,Chandigarh
11531,5,2018,5-2018,6 Month,8.39,Nagpur
11532,3,2017,3-2017,6 Month,5.59,Chennai
11535,11,2018,11-2018,24 Months and more,7.07,Nasik
11538,1,2017,1-2017,12 Months,9.42,Jaipur
11539,4,2018,4-2018,30 Days,4.20,Chennai
11542,2,2017,2-2017,6 Month,0.59,Bengaluru
11543,4,2017,4-2017,30 Days,10.60,Bengaluru
11544,12,2017,12-2017,24 Months and more,1.18,Gandhinagar
11545,9,2017,9-2017,6 Month,6.99,Srinagar
11547,10,2017,10-2017,90 Days,7.07,Chennai
11548,1,2018,1-2018,90 Days,0.59,Bhopal
11549,3,2017,3-2017,12 Months,0.59,Nagpur
11550,3,2017,3-2017,60 Days,5.59,Bhopal
11551,6,2017,6-2017,24 Months and more,6.48,Jaipur
11553,9,2017,9-2017,24 Months and more,8.24,Chennai
11554,10,2018,10-2018,30 Days,1.77,Nagpur
11555,2,2018,2-2018,24 Months and more,8.24,Gandhinagar
11557,2,2018,2-2018,90 Days,2.36,Gandhinagar
11560,4,2018,4-2018,12 Months,0.59,Pune
11561,7,2017,7-2017,90 Days,4.12,Chennai
11563,3,2018,3-2018,30 Days,5.89,Srinagar
11564,6,2017,6-2017,12 Months,2.36,Bhopal
11565,7,2017,7-2017,90 Days,1.18,Ranchi
11566,9,2017,9-2017,6 Month,6.48,Pune
11567,12,2017,12-2017,30 Days,5.30,Shillong
11569,6,2018,6-2018,30 Days,6.48,Jaipur
11570,5,2018,5-2018,60 Days,4.20,Gandhinagar
11571,8,2017,8-2017,60 Days,3.53,Aurangabad
11572,4,2018,4-2018,24 Months and more,5.30,Chennai
11574,2,2017,2-2017,24 Months and more,6.48,Gandhinagar
11575,5,2017,5-2017,60 Days,5.89,Bengaluru
11577,10,2018,10-2018,90 Days,0.59,Nasik
11578,10,2017,10-2017,90 Days,6.48,Aurangabad
11580,3,2017,3-2017,6 Month,5.30,Srinagar
11582,1,2018,1-2018,90 Days,14.13,Jaipur
11584,7,2017,7-2017,60 Days,9.79,Srinagar
11585,2,2018,2-2018,60 Days,4.71,Aurangabad
11586,9,2018,9-2018,30 Days,13.98,Pune
11587,5,2017,5-2017,12 Months,7.07,Mumbai
11588,9,2018,9-2018,6 Month,2.80,Srinagar
11590,9,2017,9-2017,12 Months,4.71,Bhopal
11592,8,2017,8-2017,90 Days,4.20,Pune
11593,8,2017,8-2017,24 Months and more,15.38,Nasik
11594,3,2017,3-2017,24 Months and more,2.80,Shillong
11596,3,2017,3-2017,12 Months,2.36,Srinagar
11597,2,2017,2-2017,12 Months,12.59,Chennai
11598,11,2018,11-2018,90 Days,13.98,Shillong
11600,11,2017,11-2017,90 Days,13.98,Aurangabad
11601,9,2018,9-2018,60 Days,4.12,Aurangabad
11602,11,2017,11-2017,60 Days,3.53,Srinagar
11603,5,2017,5-2017,6 Month,13.98,Mumbai
11604,7,2017,7-2017,30 Days,7.07,Bhopal
11606,11,2018,11-2018,12 Months,11.19,Bhopal
11607,5,2017,5-2017,90 Days,2.80,Nagpur
11610,6,2017,6-2017,12 Months,8.39,Gandhinagar
11612,8,2018,8-2018,24 Months and more,7.07,Aurangabad
11614,11,2017,11-2017,30 Days,4.71,Aurangabad
11615,6,2017,6-2017,90 Days,2.80,Ranchi
11616,2,2017,2-2017,30 Days,2.80,Shillong
11617,12,2018,12-2018,24 Months and more,1.40,Gandhinagar
11619,2,2017,2-2017,90 Days,16.78,Srinagar
11620,12,2018,12-2018,6 Month,15.38,Shillong
11621,8,2018,8-2018,30 Days,4.71,Bengaluru
11623,10,2017,10-2017,30 Days,8.39,Mumbai
11624,11,2017,11-2017,90 Days,4.12,Delhi
11627,1,2018,1-2018,12 Months,4.71,Chandigarh
11628,1,2017,1-2017,24 Months and more,0.59,Shillong
11630,4,2018,4-2018,30 Days,2.94,Nasik
11631,12,2018,12-2018,30 Days,5.59,Srinagar
11632,1,2018,1-2018,6 Month,0.59,Jaipur
11634,11,2017,11-2017,6 Month,4.71,Ranchi
11635,2,2017,2-2017,6 Month,5.89,Ranchi
11636,4,2018,4-2018,24 Months and more,5.30,Gandhinagar
11637,3,2018,3-2018,90 Days,5.89,Aurangabad
11639,1,2018,1-2018,60 Days,4.71,Nagpur
11641,2,2018,2-2018,12 Months,5.89,Mumbai
11644,10,2017,10-2017,24 Months and more,12.59,Srinagar
11646,10,2018,10-2018,12 Months,1.18,Mumbai
11652,12,2018,12-2018,60 Days,1.18,Pune
11654,10,2017,10-2017,6 Month,0.59,Jaipur
11656,6,2017,6-2017,6 Month,6.99,Chandigarh
11658,8,2017,8-2017,30 Days,1.77,Nasik
11659,7,2017,7-2017,24 Months and more,1.18,Chennai
11661,6,2018,6-2018,60 Days,12.95,Aurangabad
11662,12,2018,12-2018,12 Months,2.94,Chandigarh
11663,12,2017,12-2017,12 Months,3.53,Bhopal
11665,7,2017,7-2017,60 Days,3.53,Bhopal
11666,5,2017,5-2017,24 Months and more,12.95,Bengaluru
11667,2,2018,2-2018,30 Days,1.18,Nagpur
11668,6,2017,6-2017,24 Months and more,7.07,Bengaluru
11669,4,2017,4-2017,90 Days,5.30,Nagpur
11670,10,2017,10-2017,12 Months,1.40,Srinagar
11671,3,2018,3-2018,30 Days,1.40,Bengaluru
11672,9,2018,9-2018,24 Months and more,9.79,Mumbai
11677,11,2018,11-2018,90 Days,9.79,Mumbai
11678,2,2018,2-2018,6 Month,1.40,Nagpur
11679,3,2018,3-2018,30 Days,1.77,Chennai
11680,6,2017,6-2017,12 Months,5.89,Srinagar
11681,6,2017,6-2017,60 Days,15.38,Jaipur
11682,5,2017,5-2017,30 Days,2.36,Gandhinagar
11685,9,2018,9-2018,90 Days,0.59,Bhopal
11687,4,2017,4-2017,24 Months and more,5.89,Shillong
11690,7,2017,7-2017,90 Days,2.36,Srinagar
11691,9,2017,9-2017,12 Months,2.36,Chennai
11692,3,2017,3-2017,12 Months,12.95,Shillong
11696,1,2018,1-2018,12 Months,4.12,Bhopal
11697,5,2018,5-2018,24 Months and more,4.71,Srinagar
11698,2,2017,2-2017,6 Month,6.48,Aurangabad
11699,3,2018,3-2018,6 Month,5.30,Aurangabad
11700,2,2018,2-2018,30 Days,4.71,Shillong
11701,2,2018,2-2018,12 Months,8.24,Mumbai
11702,5,2017,5-2017,12 Months,0.59,Delhi
11703,4,2018,4-2018,90 Days,14.13,Bhopal
11705,7,2017,7-2017,30 Days,15.38,Ranchi
11706,7,2018,7-2018,30 Days,15.38,Ranchi
11710,11,2017,11-2017,90 Days,4.71,Pune
11711,6,2018,6-2018,60 Days,5.89,Delhi
11712,12,2018,12-2018,6 Month,6.48,Pune
11714,3,2017,3-2017,12 Months,1.18,Nagpur
11716,5,2017,5-2017,6 Month,0.59,Srinagar
11717,5,2017,5-2017,60 Days,4.71,Nasik
11718,12,2018,12-2018,24 Months and more,9.79,Delhi
11720,4,2017,4-2017,30 Days,2.80,Jaipur
11724,6,2017,6-2017,30 Days,4.20,Gandhinagar
11726,2,2018,2-2018,30 Days,6.99,Srinagar
11728,6,2017,6-2017,24 Months and more,14.13,Bengaluru
11729,4,2018,4-2018,6 Month,4.20,Nasik
11731,12,2017,12-2017,90 Days,11.78,Bengaluru
11732,8,2018,8-2018,24 Months and more,5.89,Chennai
11733,7,2017,7-2017,90 Days,7.07,Gandhinagar
11735,5,2018,5-2018,24 Months and more,5.30,Delhi
11736,4,2017,4-2017,12 Months,11.78,Ranchi
11738,8,2018,8-2018,30 Days,5.59,Bhopal
11739,4,2018,4-2018,30 Days,9.79,Gandhinagar
11740,11,2018,11-2018,90 Days,6.99,Shillong
11743,7,2017,7-2017,6 Month,0.59,Srinagar
11744,6,2018,6-2018,90 Days,0.59,Gandhinagar
11745,5,2017,5-2017,30 Days,4.12,Chennai
11747,7,2018,7-2018,12 Months,14.13,Nasik
11748,2,2018,2-2018,90 Days,8.24,Chennai
11749,3,2018,3-2018,12 Months,9.42,Mumbai
11750,12,2018,12-2018,6 Month,7.07,Gandhinagar
11751,7,2018,7-2018,90 Days,12.95,Bengaluru
11752,4,2017,4-2017,24 Months and more,4.12,Chandigarh
11753,8,2017,8-2017,90 Days,7.07,Mumbai
11754,9,2018,9-2018,12 Months,4.71,Delhi
11755,8,2018,8-2018,60 Days,3.53,Pune
11756,9,2018,9-2018,12 Months,9.79,Srinagar
11758,5,2017,5-2017,24 Months and more,16.78,Nagpur
11759,5,2018,5-2018,60 Days,3.53,Nasik
11761,6,2018,6-2018,90 Days,7.07,Aurangabad
11762,3,2018,3-2018,30 Days,2.36,Bengaluru
11763,2,2017,2-2017,90 Days,4.20,Ranchi
11764,5,2017,5-2017,60 Days,8.39,Aurangabad
11765,9,2018,9-2018,30 Days,5.89,Pune
11767,3,2018,3-2018,6 Month,1.40,Nasik
11769,9,2017,9-2017,12 Months,4.71,Nasik
11770,7,2018,7-2018,90 Days,9.42,Chennai
11771,9,2018,9-2018,6 Month,5.30,Mumbai
11772,2,2017,2-2017,90 Days,4.12,Srinagar
11773,2,2017,2-2017,90 Days,4.12,Ranchi
11775,6,2017,6-2017,6 Month,3.53,Gandhinagar
11776,5,2018,5-2018,90 Days,4.71,Chennai
11777,4,2017,4-2017,6 Month,9.42,Nagpur
11778,11,2018,11-2018,60 Days,9.42,Shillong
11781,9,2017,9-2017,30 Days,4.71,Aurangabad
11783,4,2017,4-2017,90 Days,4.71,Pune
11784,3,2017,3-2017,60 Days,3.53,Nagpur
11785,1,2018,1-2018,60 Days,7.07,Nagpur
11786,1,2017,1-2017,30 Days,1.77,Bengaluru
11789,8,2018,8-2018,24 Months and more,5.30,Nagpur
11790,3,2018,3-2018,60 Days,1.40,Nasik
11792,10,2017,10-2017,90 Days,6.48,Nagpur
11793,7,2017,7-2017,12 Months,4.20,Delhi
11794,12,2018,12-2018,90 Days,5.30,Nasik
11797,8,2017,8-2017,60 Days,13.98,Mumbai
11800,12,2017,12-2017,6 Month,0.59,Chandigarh
11801,10,2017,10-2017,90 Days,4.71,Srinagar
11802,3,2018,3-2018,6 Month,5.59,Nagpur
11804,8,2018,8-2018,90 Days,6.48,Delhi
11805,10,2017,10-2017,6 Month,12.59,Gandhinagar
11807,5,2017,5-2017,30 Days,5.89,Delhi
11808,10,2017,10-2017,30 Days,3.53,Nasik
11809,4,2018,4-2018,12 Months,13.98,Ranchi
11810,9,2018,9-2018,60 Days,4.12,Mumbai
11811,9,2017,9-2017,30 Days,8.39,Chandigarh
11812,9,2018,9-2018,60 Days,4.12,Aurangabad
11814,8,2017,8-2017,90 Days,12.95,Pune
11815,11,2017,11-2017,12 Months,5.89,Aurangabad
11816,4,2017,4-2017,24 Months and more,1.18,Srinagar
11817,4,2018,4-2018,30 Days,2.94,Aurangabad
11819,2,2017,2-2017,6 Month,1.18,Bengaluru
11821,1,2017,1-2017,24 Months and more,5.89,Chennai
11822,2,2017,2-2017,30 Days,7.07,Ranchi
11823,4,2018,4-2018,24 Months and more,13.98,Nasik
11824,11,2018,11-2018,6 Month,8.39,Mumbai
11827,2,2018,2-2018,12 Months,14.13,Nasik
11830,10,2018,10-2018,60 Days,1.18,Srinagar
11831,5,2017,5-2017,24 Months and more,7.07,Bhopal
11833,12,2017,12-2017,6 Month,3.53,Bhopal
11836,9,2017,9-2017,30 Days,15.38,Jaipur
11838,8,2018,8-2018,24 Months and more,12.59,Srinagar
11841,4,2017,4-2017,30 Days,11.19,Nasik
11842,5,2017,5-2017,90 Days,9.79,Pune
11843,5,2018,5-2018,90 Days,15.38,Aurangabad
11846,9,2018,9-2018,6 Month,1.40,Shillong
11847,5,2018,5-2018,30 Days,4.12,Jaipur
11848,8,2018,8-2018,24 Months and more,0.59,Bengaluru
11849,1,2018,1-2018,30 Days,2.36,Gandhinagar
11851,6,2018,6-2018,30 Days,12.59,Nagpur
11853,7,2017,7-2017,6 Month,5.89,Jaipur
11854,7,2018,7-2018,60 Days,4.12,Pune
11857,4,2017,4-2017,12 Months,13.98,Srinagar
11859,4,2018,4-2018,6 Month,5.30,Nagpur
11862,10,2017,10-2017,6 Month,5.89,Aurangabad
11863,1,2018,1-2018,24 Months and more,4.12,Pune
11865,4,2018,4-2018,12 Months,5.30,Chennai
11866,1,2018,1-2018,24 Months and more,1.18,Ranchi
11867,7,2018,7-2018,60 Days,4.71,Pune
11869,2,2018,2-2018,30 Days,2.94,Delhi
11870,8,2017,8-2017,6 Month,1.18,Gandhinagar
11871,5,2018,5-2018,24 Months and more,4.71,Bengaluru
11873,2,2017,2-2017,30 Days,7.07,Nagpur
11874,3,2018,3-2018,24 Months and more,1.18,Chandigarh
11875,10,2017,10-2017,12 Months,5.30,Ranchi
11876,7,2017,7-2017,6 Month,1.77,Nagpur
11877,9,2017,9-2017,30 Days,7.07,Jaipur
11878,4,2018,4-2018,24 Months and more,4.20,Aurangabad
11882,9,2018,9-2018,6 Month,3.53,Nasik
11883,3,2017,3-2017,24 Months and more,2.94,Gandhinagar
11885,10,2018,10-2018,12 Months,7.07,Chandigarh
11886,5,2017,5-2017,30 Days,5.59,Gandhinagar
11887,3,2018,3-2018,24 Months and more,2.94,Nasik
11890,12,2017,12-2017,90 Days,4.20,Bengaluru
11891,7,2017,7-2017,30 Days,4.12,Aurangabad
11892,11,2017,11-2017,24 Months and more,5.89,Delhi
11893,11,2017,11-2017,6 Month,6.48,Gandhinagar
11894,9,2017,9-2017,6 Month,2.94,Chandigarh
11895,3,2017,3-2017,60 Days,11.78,Bengaluru
11897,11,2018,11-2018,24 Months and more,1.18,Nagpur
11898,2,2017,2-2017,60 Days,9.42,Chennai
11899,9,2018,9-2018,24 Months and more,8.39,Bengaluru
11901,1,2017,1-2017,60 Days,4.12,Chandigarh
11902,3,2017,3-2017,24 Months and more,5.30,Srinagar
11903,1,2018,1-2018,90 Days,11.19,Delhi
11904,9,2017,9-2017,24 Months and more,4.71,Jaipur
11905,11,2018,11-2018,6 Month,3.53,Chennai
11907,1,2018,1-2018,24 Months and more,2.36,Chennai
11908,11,2018,11-2018,24 Months and more,4.12,Delhi
11909,9,2017,9-2017,60 Days,1.18,Bengaluru
11914,12,2018,12-2018,6 Month,6.48,Chandigarh
11916,2,2018,2-2018,90 Days,2.80,Jaipur
11917,3,2017,3-2017,24 Months and more,2.94,Bengaluru
11918,3,2018,3-2018,12 Months,1.40,Srinagar
11919,11,2018,11-2018,6 Month,2.36,Gandhinagar
11920,9,2017,9-2017,12 Months,2.36,Mumbai
11921,12,2017,12-2017,90 Days,3.53,Chandigarh
11923,10,2018,10-2018,12 Months,0.59,Ranchi
11925,11,2018,11-2018,12 Months,0.59,Chandigarh
11928,8,2017,8-2017,12 Months,11.19,Bengaluru
11929,11,2017,11-2017,90 Days,8.39,Chandigarh
11930,6,2017,6-2017,24 Months and more,9.79,Srinagar
11931,4,2017,4-2017,60 Days,0.59,Mumbai
11937,9,2017,9-2017,90 Days,5.59,Chandigarh
11939,11,2018,11-2018,24 Months and more,7.07,Gandhinagar
11940,7,2017,7-2017,90 Days,5.30,Aurangabad
11941,9,2018,9-2018,6 Month,4.12,Gandhinagar
11942,5,2018,5-2018,6 Month,6.48,Mumbai
11943,8,2018,8-2018,90 Days,7.07,Ranchi
11944,12,2018,12-2018,6 Month,2.94,Nasik
11945,2,2017,2-2017,60 Days,4.71,Shillong
11949,7,2017,7-2017,24 Months and more,5.89,Mumbai
11952,10,2018,10-2018,30 Days,12.59,Shillong
11953,10,2018,10-2018,90 Days,2.36,Jaipur
11957,4,2018,4-2018,12 Months,9.42,Srinagar
11958,5,2018,5-2018,12 Months,1.18,Aurangabad
11959,11,2018,11-2018,90 Days,2.36,Aurangabad
11961,3,2017,3-2017,60 Days,2.94,Jaipur
11962,1,2018,1-2018,60 Days,1.77,Aurangabad
11963,6,2018,6-2018,24 Months and more,5.89,Ranchi
11964,3,2017,3-2017,12 Months,5.89,Bengaluru
11967,2,2018,2-2018,6 Month,4.71,Nagpur
11968,9,2018,9-2018,12 Months,0.59,Srinagar
11969,6,2017,6-2017,60 Days,15.38,Shillong
11970,8,2017,8-2017,6 Month,1.40,Delhi
11971,3,2018,3-2018,6 Month,4.71,Gandhinagar
11972,12,2017,12-2017,6 Month,5.59,Shillong
11973,9,2018,9-2018,30 Days,2.80,Bhopal
11974,2,2017,2-2017,24 Months and more,12.59,Bengaluru
11975,10,2018,10-2018,24 Months and more,13.98,Bengaluru
11976,12,2018,12-2018,60 Days,4.20,Bengaluru
11977,10,2018,10-2018,30 Days,2.36,Srinagar
11979,5,2018,5-2018,12 Months,16.78,Bhopal
11980,2,2017,2-2017,90 Days,11.78,Mumbai
11981,6,2017,6-2017,60 Days,6.48,Nasik
11983,8,2018,8-2018,24 Months and more,7.07,Chennai
11984,5,2017,5-2017,12 Months,11.19,Pune
11985,4,2017,4-2017,60 Days,4.71,Ranchi
11987,5,2017,5-2017,6 Month,1.18,Chennai
11988,4,2017,4-2017,6 Month,16.78,Nagpur
11989,4,2017,4-2017,60 Days,0.59,Delhi
11990,2,2018,2-2018,12 Months,10.60,Nagpur
11992,3,2018,3-2018,30 Days,0.59,Nasik
11993,8,2018,8-2018,60 Days,10.60,Mumbai
11996,3,2018,3-2018,24 Months and more,4.12,Chennai
11998,4,2018,4-2018,30 Days,9.79,Chandigarh
11999,7,2017,7-2017,90 Days,9.42,Shillong
12001,6,2017,6-2017,60 Days,2.80,Shillong
12003,12,2018,12-2018,90 Days,5.30,Bhopal
12005,5,2017,5-2017,60 Days,5.89,Chennai
12006,7,2018,7-2018,30 Days,16.78,Nasik
12007,12,2018,12-2018,24 Months and more,15.38,Delhi
12008,6,2017,6-2017,12 Months,1.77,Jaipur
12009,11,2018,11-2018,24 Months and more,9.42,Pune
12010,2,2017,2-2017,24 Months and more,9.79,Mumbai
12011,7,2017,7-2017,30 Days,4.71,Chennai
12012,5,2018,5-2018,6 Month,2.80,Nagpur
12013,12,2017,12-2017,60 Days,1.18,Shillong
12014,6,2018,6-2018,90 Days,4.12,Aurangabad
12015,11,2018,11-2018,60 Days,1.18,Pune
12017,6,2018,6-2018,24 Months and more,3.53,Aurangabad
12018,8,2017,8-2017,30 Days,5.30,Chennai
12019,10,2018,10-2018,60 Days,4.12,Jaipur
12020,2,2017,2-2017,30 Days,0.59,Aurangabad
12021,12,2018,12-2018,6 Month,3.53,Chennai
12025,8,2018,8-2018,6 Month,8.39,Bengaluru
12026,12,2018,12-2018,60 Days,4.12,Nasik
12030,8,2018,8-2018,24 Months and more,4.12,Mumbai
12031,7,2018,7-2018,6 Month,9.79,Nagpur
12033,2,2017,2-2017,6 Month,2.36,Bhopal
12036,6,2017,6-2017,24 Months and more,5.89,Srinagar
12037,12,2018,12-2018,90 Days,5.89,Delhi
12038,7,2018,7-2018,90 Days,2.80,Srinagar
12039,10,2018,10-2018,6 Month,7.07,Nagpur
12041,10,2017,10-2017,6 Month,4.20,Srinagar
12043,4,2018,4-2018,60 Days,5.30,Nasik
12044,11,2018,11-2018,6 Month,15.38,Mumbai
12045,12,2018,12-2018,12 Months,3.53,Aurangabad
12046,6,2018,6-2018,60 Days,13.98,Gandhinagar
12047,1,2018,1-2018,12 Months,3.53,Mumbai
12048,4,2018,4-2018,30 Days,7.07,Pune
12049,11,2017,11-2017,24 Months and more,1.77,Mumbai
12050,8,2018,8-2018,30 Days,7.07,Aurangabad
12051,2,2018,2-2018,90 Days,1.77,Chennai
12052,6,2018,6-2018,24 Months and more,3.53,Aurangabad
12053,8,2017,8-2017,12 Months,4.12,Chennai
12056,2,2017,2-2017,12 Months,4.71,Chandigarh
12058,6,2018,6-2018,60 Days,1.77,Gandhinagar
12060,3,2018,3-2018,24 Months and more,1.40,Nagpur
12061,11,2018,11-2018,12 Months,7.07,Aurangabad
12062,5,2017,5-2017,12 Months,2.80,Nagpur
12063,6,2018,6-2018,90 Days,7.07,Bengaluru
12065,11,2017,11-2017,90 Days,2.36,Chandigarh
12067,9,2018,9-2018,30 Days,7.07,Chennai
12068,7,2017,7-2017,90 Days,6.48,Shillong
12070,9,2018,9-2018,30 Days,12.59,Mumbai
12071,1,2018,1-2018,24 Months and more,7.07,Nagpur
12073,12,2017,12-2017,6 Month,7.07,Chandigarh
12075,2,2018,2-2018,12 Months,2.94,Chandigarh
12077,2,2018,2-2018,24 Months and more,9.79,Nasik
12078,8,2018,8-2018,90 Days,2.80,Gandhinagar
12081,12,2017,12-2017,6 Month,5.89,Nagpur
12082,4,2018,4-2018,24 Months and more,2.94,Chandigarh
12083,9,2018,9-2018,12 Months,13.98,Nasik
12084,10,2018,10-2018,30 Days,5.89,Bengaluru
12085,7,2018,7-2018,24 Months and more,7.07,Nagpur
12086,4,2017,4-2017,30 Days,5.30,Shillong
12087,9,2017,9-2017,60 Days,2.94,Pune
12088,7,2017,7-2017,24 Months and more,1.40,Nasik
12089,1,2017,1-2017,60 Days,8.39,Delhi
12091,2,2018,2-2018,30 Days,9.79,Chennai
12092,2,2018,2-2018,90 Days,5.30,Nagpur
12093,2,2017,2-2017,6 Month,12.59,Mumbai
12095,9,2018,9-2018,30 Days,6.99,Chandigarh
12097,10,2017,10-2017,6 Month,0.59,Bhopal
12099,11,2018,11-2018,24 Months and more,2.94,Mumbai
12100,8,2017,8-2017,90 Days,4.71,Srinagar
12103,4,2017,4-2017,12 Months,9.79,Gandhinagar
12107,8,2017,8-2017,60 Days,15.38,Bhopal
12108,10,2017,10-2017,12 Months,2.36,Srinagar
12109,8,2017,8-2017,30 Days,5.89,Nasik
12112,2,2017,2-2017,60 Days,6.48,Bengaluru
12114,4,2017,4-2017,12 Months,2.94,Shillong
12115,2,2018,2-2018,6 Month,1.40,Chandigarh
12116,2,2018,2-2018,12 Months,4.71,Jaipur
12117,8,2018,8-2018,90 Days,4.20,Chandigarh
12118,7,2018,7-2018,90 Days,11.78,Aurangabad
12122,11,2018,11-2018,60 Days,11.19,Pune
12123,9,2017,9-2017,12 Months,4.12,Chennai
12124,1,2018,1-2018,12 Months,3.53,Shillong
12126,4,2018,4-2018,60 Days,4.71,Nagpur
12127,5,2018,5-2018,90 Days,7.07,Aurangabad
12128,3,2018,3-2018,60 Days,5.30,Pune
12129,12,2018,12-2018,30 Days,7.07,Bengaluru
12130,12,2017,12-2017,30 Days,6.99,Aurangabad
12137,4,2018,4-2018,60 Days,1.77,Nasik
12140,9,2018,9-2018,60 Days,3.53,Bengaluru
12141,10,2018,10-2018,12 Months,8.39,Pune
12142,5,2018,5-2018,12 Months,5.30,Delhi
12143,9,2017,9-2017,6 Month,2.80,Ranchi
12144,2,2017,2-2017,12 Months,10.60,Chennai
12145,11,2018,11-2018,90 Days,11.78,Jaipur
12146,9,2018,9-2018,24 Months and more,8.39,Ranchi
12147,12,2018,12-2018,24 Months and more,5.89,Delhi
12149,6,2017,6-2017,12 Months,2.36,Chandigarh
12151,3,2017,3-2017,30 Days,16.78,Shillong
12153,12,2017,12-2017,30 Days,1.18,Chennai
12154,10,2018,10-2018,12 Months,9.42,Mumbai
12155,2,2018,2-2018,90 Days,1.77,Jaipur
12156,6,2017,6-2017,60 Days,16.78,Chennai
12157,5,2017,5-2017,6 Month,1.77,Nagpur
12158,9,2018,9-2018,6 Month,5.89,Bhopal
12161,11,2018,11-2018,12 Months,3.53,Shillong
12164,10,2017,10-2017,12 Months,16.78,Shillong
12165,6,2017,6-2017,30 Days,6.48,Bhopal
12168,3,2017,3-2017,12 Months,4.20,Delhi
12169,8,2017,8-2017,60 Days,4.71,Nagpur
12170,1,2017,1-2017,6 Month,4.12,Ranchi
12172,2,2018,2-2018,60 Days,5.89,Mumbai
12174,10,2017,10-2017,12 Months,4.71,Aurangabad
12175,5,2018,5-2018,24 Months and more,12.95,Shillong
12176,12,2018,12-2018,60 Days,0.59,Delhi
12177,3,2017,3-2017,60 Days,1.18,Mumbai
12178,7,2018,7-2018,12 Months,0.59,Shillong
12179,1,2017,1-2017,24 Months and more,13.98,Pune
12181,2,2018,2-2018,90 Days,1.77,Delhi
12182,2,2018,2-2018,12 Months,1.18,Ranchi
12183,4,2017,4-2017,30 Days,4.20,Bengaluru
12184,3,2018,3-2018,30 Days,4.12,Gandhinagar
12185,1,2017,1-2017,24 Months and more,7.07,Chandigarh
12186,7,2017,7-2017,30 Days,3.53,Shillong
12187,5,2018,5-2018,24 Months and more,1.40,Shillong
12188,5,2017,5-2017,12 Months,16.78,Shillong
12189,2,2018,2-2018,24 Months and more,0.59,Gandhinagar
12190,11,2017,11-2017,12 Months,0.59,Delhi
12191,9,2017,9-2017,12 Months,1.40,Mumbai
12195,2,2018,2-2018,6 Month,5.89,Aurangabad
12197,3,2017,3-2017,12 Months,2.94,Bhopal
12198,9,2018,9-2018,6 Month,4.20,Pune
12199,1,2017,1-2017,30 Days,1.77,Mumbai
12200,3,2017,3-2017,60 Days,12.59,Pune
12201,5,2018,5-2018,60 Days,5.89,Srinagar
12203,11,2017,11-2017,24 Months and more,4.71,Srinagar
12204,7,2017,7-2017,30 Days,12.59,Mumbai
12206,6,2017,6-2017,6 Month,1.40,Bengaluru
12207,9,2017,9-2017,90 Days,5.89,Ranchi
12208,7,2018,7-2018,6 Month,2.94,Gandhinagar
12210,2,2017,2-2017,60 Days,14.13,Bhopal
12211,7,2017,7-2017,30 Days,3.53,Jaipur
12212,11,2017,11-2017,60 Days,8.39,Chennai
12214,10,2018,10-2018,90 Days,4.12,Bhopal
12215,3,2018,3-2018,90 Days,1.77,Jaipur
12217,7,2018,7-2018,12 Months,8.39,Shillong
12218,11,2017,11-2017,60 Days,6.99,Bhopal
12220,1,2018,1-2018,60 Days,12.59,Chennai
12221,9,2017,9-2017,90 Days,4.12,Nagpur
12222,9,2017,9-2017,6 Month,6.99,Pune
12223,6,2017,6-2017,30 Days,8.24,Mumbai
12226,11,2018,11-2018,12 Months,6.99,Nagpur
12227,5,2017,5-2017,60 Days,9.79,Jaipur
12228,2,2017,2-2017,60 Days,2.36,Chandigarh
12230,8,2018,8-2018,6 Month,4.71,Pune
12231,3,2018,3-2018,12 Months,10.60,Nasik
12232,3,2018,3-2018,60 Days,5.30,Delhi
12234,3,2017,3-2017,12 Months,5.59,Chandigarh
12235,3,2017,3-2017,30 Days,1.18,Shillong
12236,3,2018,3-2018,60 Days,5.59,Mumbai
12239,9,2017,9-2017,30 Days,5.89,Chandigarh
12240,1,2017,1-2017,24 Months and more,7.07,Shillong
12241,4,2018,4-2018,60 Days,1.40,Chandigarh
12242,10,2017,10-2017,24 Months and more,15.38,Shillong
12244,11,2018,11-2018,30 Days,1.18,Gandhinagar
12245,12,2018,12-2018,24 Months and more,8.39,Chennai
12247,1,2017,1-2017,60 Days,9.79,Pune
12248,12,2018,12-2018,30 Days,6.99,Nagpur
12249,9,2018,9-2018,60 Days,5.89,Bhopal
12250,5,2017,5-2017,12 Months,1.40,Srinagar
12251,6,2018,6-2018,90 Days,7.07,Srinagar
12252,11,2018,11-2018,12 Months,2.80,Pune
12253,12,2018,12-2018,6 Month,2.94,Nagpur
12254,1,2017,1-2017,60 Days,15.38,Nasik
12255,5,2018,5-2018,12 Months,5.59,Nasik
12256,9,2018,9-2018,60 Days,5.59,Nasik
12257,9,2018,9-2018,60 Days,14.13,Jaipur
12258,2,2018,2-2018,6 Month,14.13,Mumbai
12259,12,2017,12-2017,90 Days,12.59,Pune
12260,12,2017,12-2017,12 Months,6.48,Nasik
12261,8,2018,8-2018,6 Month,5.89,Chennai
12262,8,2017,8-2017,24 Months and more,3.53,Shillong
12264,10,2018,10-2018,6 Month,16.78,Pune
12266,8,2018,8-2018,90 Days,3.53,Jaipur
12269,3,2018,3-2018,6 Month,7.07,Chennai
12270,5,2017,5-2017,6 Month,11.19,Shillong
12271,10,2017,10-2017,6 Month,1.77,Srinagar
12272,5,2018,5-2018,60 Days,2.80,Chandigarh
12273,9,2017,9-2017,24 Months and more,5.30,Srinagar
12274,7,2017,7-2017,12 Months,9.79,Jaipur
12275,11,2018,11-2018,30 Days,13.98,Bhopal
12277,5,2018,5-2018,6 Month,1.77,Nagpur
12278,8,2018,8-2018,6 Month,5.59,Chennai
12279,7,2018,7-2018,24 Months and more,1.18,Bengaluru
12280,1,2018,1-2018,90 Days,5.89,Mumbai
12283,8,2018,8-2018,90 Days,1.18,Nagpur
12284,9,2017,9-2017,90 Days,13.98,Aurangabad
12286,10,2018,10-2018,30 Days,1.77,Chandigarh
12288,3,2017,3-2017,60 Days,8.24,Mumbai
12289,8,2018,8-2018,30 Days,4.12,Bhopal
12291,5,2018,5-2018,60 Days,15.38,Aurangabad
12292,8,2018,8-2018,60 Days,2.94,Chennai
12293,7,2017,7-2017,6 Month,8.24,Bengaluru
12294,11,2018,11-2018,6 Month,5.30,Shillong
12295,1,2017,1-2017,30 Days,2.94,Gandhinagar
12296,4,2018,4-2018,90 Days,2.94,Srinagar
12297,3,2018,3-2018,6 Month,3.53,Mumbai
12299,6,2017,6-2017,12 Months,11.19,Bengaluru
12300,10,2017,10-2017,6 Month,5.30,Shillong
12302,3,2018,3-2018,90 Days,14.13,Chandigarh
12303,8,2017,8-2017,6 Month,5.59,Shillong
12306,12,2018,12-2018,24 Months and more,1.77,Srinagar
12308,7,2018,7-2018,90 Days,2.80,Nagpur
12309,8,2018,8-2018,12 Months,11.19,Bhopal
12311,3,2017,3-2017,90 Days,5.30,Srinagar
12312,7,2018,7-2018,60 Days,7.07,Srinagar
12313,11,2018,11-2018,6 Month,1.18,Ranchi
12314,2,2018,2-2018,90 Days,4.20,Srinagar
12315,5,2018,5-2018,24 Months and more,2.94,Aurangabad
12316,12,2018,12-2018,90 Days,1.77,Jaipur
12317,12,2017,12-2017,30 Days,8.39,Nagpur
12318,9,2017,9-2017,6 Month,4.12,Srinagar
12320,7,2017,7-2017,90 Days,4.20,Pune
12321,9,2018,9-2018,60 Days,6.48,Pune
12323,5,2018,5-2018,60 Days,7.07,Aurangabad
12324,8,2017,8-2017,30 Days,2.36,Pune
12326,11,2017,11-2017,60 Days,3.53,Pune
12328,6,2018,6-2018,12 Months,9.79,Srinagar
12329,5,2018,5-2018,24 Months and more,2.36,Nasik
12331,5,2017,5-2017,30 Days,2.80,Chandigarh
12332,3,2017,3-2017,12 Months,1.18,Srinagar
12333,6,2017,6-2017,6 Month,1.77,Mumbai
12334,9,2018,9-2018,6 Month,2.36,Nasik
12336,4,2017,4-2017,6 Month,8.24,Nagpur
12340,5,2018,5-2018,90 Days,13.98,Shillong
12341,2,2018,2-2018,90 Days,5.59,Ranchi
12342,12,2017,12-2017,6 Month,1.18,Chandigarh
12343,7,2017,7-2017,60 Days,8.24,Gandhinagar
12344,9,2018,9-2018,24 Months and more,5.30,Jaipur
12345,12,2018,12-2018,90 Days,2.36,Nagpur
12346,8,2017,8-2017,60 Days,1.77,Shillong
12348,7,2017,7-2017,90 Days,4.12,Delhi
12349,10,2018,10-2018,90 Days,5.30,Gandhinagar
12350,3,2017,3-2017,24 Months and more,14.13,Pune
12353,9,2017,9-2017,30 Days,6.48,Nasik
12354,8,2017,8-2017,30 Days,5.89,Chandigarh
12355,9,2018,9-2018,60 Days,14.13,Gandhinagar
12356,12,2018,12-2018,6 Month,5.89,Nagpur
12358,3,2017,3-2017,6 Month,9.79,Chennai
12359,5,2017,5-2017,60 Days,4.71,Srinagar
12360,1,2017,1-2017,30 Days,1.18,Ranchi
12361,5,2017,5-2017,6 Month,11.78,Aurangabad
12363,10,2017,10-2017,60 Days,4.71,Bengaluru
12364,12,2017,12-2017,30 Days,11.19,Shillong
12366,12,2017,12-2017,60 Days,12.59,Srinagar
12367,11,2018,11-2018,6 Month,0.59,Bengaluru
12368,9,2018,9-2018,90 Days,4.71,Chennai
12371,4,2017,4-2017,6 Month,3.53,Pune
12375,3,2017,3-2017,24 Months and more,4.71,Bengaluru
12376,5,2018,5-2018,60 Days,0.59,Aurangabad
12377,1,2018,1-2018,6 Month,7.07,Nagpur
12378,4,2017,4-2017,12 Months,5.30,Nagpur
12379,1,2017,1-2017,60 Days,6.48,Mumbai
12382,5,2018,5-2018,30 Days,3.53,Nagpur
12383,6,2017,6-2017,12 Months,4.71,Ranchi
12384,9,2018,9-2018,24 Months and more,3.53,Nasik
12385,1,2018,1-2018,24 Months and more,5.30,Mumbai
12386,10,2018,10-2018,30 Days,5.30,Shillong
12387,5,2018,5-2018,90 Days,5.89,Jaipur
12389,12,2017,12-2017,90 Days,16.78,Bhopal
12390,5,2018,5-2018,90 Days,1.18,Bengaluru
12391,10,2018,10-2018,90 Days,5.89,Gandhinagar
12392,8,2017,8-2017,6 Month,6.99,Aurangabad
12394,4,2018,4-2018,24 Months and more,1.18,Pune
12395,11,2018,11-2018,12 Months,3.53,Nasik
12396,9,2018,9-2018,60 Days,1.77,Jaipur
12397,11,2018,11-2018,6 Month,2.80,Shillong
12398,2,2018,2-2018,30 Days,1.77,Jaipur
12400,9,2017,9-2017,12 Months,7.07,Chandigarh
12402,6,2017,6-2017,60 Days,1.77,Chandigarh
12407,4,2017,4-2017,24 Months and more,1.40,Chandigarh
12408,4,2017,4-2017,60 Days,2.94,Mumbai
12409,4,2017,4-2017,6 Month,2.36,Mumbai
12410,9,2017,9-2017,60 Days,7.07,Nasik
12413,5,2018,5-2018,30 Days,4.71,Chandigarh
12414,5,2017,5-2017,24 Months and more,4.12,Nasik
12416,12,2018,12-2018,12 Months,5.89,Aurangabad
12417,8,2017,8-2017,60 Days,16.78,Delhi
12418,5,2017,5-2017,90 Days,6.99,Gandhinagar
12420,9,2017,9-2017,24 Months and more,5.59,Chandigarh
12421,2,2018,2-2018,60 Days,15.38,Nasik
12422,10,2017,10-2017,24 Months and more,6.48,Srinagar
12423,5,2017,5-2017,90 Days,4.71,Chennai
12424,11,2018,11-2018,6 Month,5.30,Nasik
12426,5,2017,5-2017,30 Days,5.89,Pune
12427,2,2017,2-2017,30 Days,2.36,Delhi
12429,6,2017,6-2017,6 Month,13.98,Chennai
12433,12,2017,12-2017,24 Months and more,9.79,Nagpur
12435,5,2018,5-2018,30 Days,11.78,Aurangabad
12436,8,2017,8-2017,90 Days,5.59,Bengaluru
12437,8,2018,8-2018,60 Days,6.48,Chandigarh
12438,12,2018,12-2018,12 Months,7.07,Aurangabad
12439,1,2018,1-2018,90 Days,15.38,Chennai
12440,5,2018,5-2018,60 Days,3.53,Bengaluru
12442,9,2018,9-2018,30 Days,15.38,Ranchi
12444,5,2018,5-2018,90 Days,5.89,Gandhinagar
12445,3,2018,3-2018,6 Month,2.94,Nagpur
12446,1,2017,1-2017,60 Days,9.79,Jaipur
12449,1,2018,1-2018,60 Days,2.80,Bhopal
12450,10,2018,10-2018,24 Months and more,1.18,Srinagar
12451,3,2018,3-2018,6 Month,15.38,Nasik
12452,3,2018,3-2018,30 Days,6.48,Chandigarh
12453,9,2017,9-2017,12 Months,4.12,Jaipur
12455,4,2018,4-2018,60 Days,2.80,Nagpur
12456,3,2017,3-2017,6 Month,2.94,Gandhinagar
12457,5,2018,5-2018,60 Days,14.13,Chennai
12464,2,2018,2-2018,60 Days,2.94,Pune
12465,11,2018,11-2018,60 Days,2.36,Gandhinagar
12466,4,2018,4-2018,12 Months,6.99,Delhi
12468,11,2017,11-2017,60 Days,6.99,Bengaluru
12469,11,2018,11-2018,30 Days,5.30,Aurangabad
12470,1,2017,1-2017,12 Months,2.80,Bengaluru
12471,6,2018,6-2018,24 Months and more,4.12,Aurangabad
12473,1,2017,1-2017,6 Month,2.36,Nasik
12474,3,2017,3-2017,6 Month,1.77,Gandhinagar
12475,8,2017,8-2017,6 Month,4.12,Jaipur
12476,4,2018,4-2018,12 Months,16.78,Nagpur
12477,12,2018,12-2018,60 Days,3.53,Pune
12478,11,2017,11-2017,6 Month,4.71,Delhi
12480,10,2018,10-2018,12 Months,5.89,Bhopal
12481,3,2018,3-2018,90 Days,1.18,Ranchi
12483,4,2017,4-2017,24 Months and more,4.71,Jaipur
12484,5,2018,5-2018,6 Month,5.59,Shillong
12485,8,2018,8-2018,60 Days,14.13,Mumbai
12486,1,2017,1-2017,12 Months,1.77,Chandigarh
12487,1,2018,1-2018,30 Days,1.77,Ranchi
12489,6,2018,6-2018,60 Days,3.53,Ranchi
12490,5,2017,5-2017,24 Months and more,14.13,Ranchi
12491,12,2018,12-2018,24 Months and more,4.20,Mumbai
12492,8,2017,8-2017,6 Month,11.19,Delhi
12494,2,2018,2-2018,60 Days,8.24,Srinagar
12495,6,2017,6-2017,60 Days,11.78,Delhi
12496,12,2017,12-2017,24 Months and more,2.94,Shillong
12500,11,2017,11-2017,90 Days,8.39,Mumbai
12501,5,2017,5-2017,90 Days,7.07,Delhi
12503,3,2017,3-2017,60 Days,0.59,Nasik
12504,4,2018,4-2018,12 Months,12.95,Nasik
12505,11,2017,11-2017,24 Months and more,0.59,Nasik
12511,5,2017,5-2017,90 Days,5.89,Nasik
12512,12,2018,12-2018,6 Month,1.77,Ranchi
12513,7,2018,7-2018,24 Months and more,3.53,Shillong
12514,6,2017,6-2017,90 Days,5.59,Pune
12516,6,2018,6-2018,30 Days,5.89,Aurangabad
12517,10,2018,10-2018,6 Month,0.59,Delhi
12518,1,2018,1-2018,90 Days,5.59,Bengaluru
12519,9,2017,9-2017,12 Months,5.89,Nagpur
12520,5,2017,5-2017,12 Months,5.89,Srinagar
12521,10,2018,10-2018,24 Months and more,6.48,Chennai
12522,9,2017,9-2017,24 Months and more,2.36,Aurangabad
12523,3,2017,3-2017,30 Days,4.20,Mumbai
12524,12,2018,12-2018,60 Days,11.78,Shillong
12525,3,2017,3-2017,6 Month,4.71,Nasik
12527,5,2017,5-2017,60 Days,9.42,Nasik
12528,1,2018,1-2018,60 Days,13.98,Nagpur
12529,11,2017,11-2017,60 Days,2.36,Jaipur
12530,8,2018,8-2018,6 Month,5.30,Bhopal
12531,8,2018,8-2018,24 Months and more,11.19,Mumbai
12532,5,2018,5-2018,90 Days,9.42,Mumbai
12533,9,2018,9-2018,90 Days,2.36,Jaipur
12534,7,2018,7-2018,12 Months,2.36,Gandhinagar
12535,12,2017,12-2017,24 Months and more,9.42,Mumbai
12536,8,2018,8-2018,24 Months and more,2.36,Bhopal
12542,11,2018,11-2018,12 Months,14.13,Pune
12543,4,2017,4-2017,30 Days,6.48,Mumbai
12544,2,2017,2-2017,60 Days,7.07,Nagpur
12545,2,2017,2-2017,60 Days,3.53,Jaipur
12546,4,2018,4-2018,60 Days,5.89,Chennai
12547,6,2018,6-2018,30 Days,5.30,Jaipur
12548,8,2018,8-2018,12 Months,6.48,Shillong
12549,7,2018,7-2018,60 Days,6.48,Bhopal
12550,9,2017,9-2017,30 Days,9.42,Nagpur
12553,12,2018,12-2018,90 Days,1.40,Bhopal
12556,8,2018,8-2018,60 Days,1.18,Jaipur
12558,6,2017,6-2017,90 Days,7.07,Shillong
12559,6,2017,6-2017,12 Months,2.36,Mumbai
12560,11,2017,11-2017,24 Months and more,1.18,Delhi
12561,10,2017,10-2017,60 Days,3.53,Chandigarh
12563,5,2017,5-2017,6 Month,1.18,Delhi
12564,8,2018,8-2018,24 Months and more,3.53,Chennai
12565,4,2018,4-2018,12 Months,1.40,Aurangabad
12567,11,2017,11-2017,60 Days,0.59,Ranchi
12568,9,2017,9-2017,6 Month,1.18,Ranchi
12570,10,2017,10-2017,30 Days,5.89,Bhopal
12572,9,2017,9-2017,6 Month,1.40,Mumbai
12573,10,2017,10-2017,30 Days,2.80,Aurangabad
12574,6,2017,6-2017,6 Month,2.80,Srinagar
12575,8,2018,8-2018,24 Months and more,6.48,Chennai
12576,3,2017,3-2017,30 Days,1.18,Bengaluru
12577,4,2017,4-2017,30 Days,2.36,Gandhinagar
12578,8,2017,8-2017,60 Days,15.38,Chennai
12579,7,2017,7-2017,6 Month,2.36,Bhopal
12582,8,2017,8-2017,12 Months,16.78,Mumbai
12584,2,2017,2-2017,30 Days,0.59,Pune
12586,10,2018,10-2018,6 Month,2.94,Delhi
12587,9,2018,9-2018,12 Months,1.77,Gandhinagar
12588,6,2017,6-2017,60 Days,4.71,Mumbai
12590,12,2017,12-2017,6 Month,10.60,Chennai
12591,5,2018,5-2018,60 Days,5.30,Bhopal
12593,1,2018,1-2018,60 Days,4.71,Nagpur
12596,12,2018,12-2018,12 Months,5.30,Gandhinagar
12597,11,2017,11-2017,6 Month,15.38,Aurangabad
12603,5,2018,5-2018,24 Months and more,4.71,Gandhinagar
12604,5,2018,5-2018,24 Months and more,5.89,Chennai
12611,5,2018,5-2018,90 Days,11.19,Pune
12613,3,2018,3-2018,30 Days,12.95,Gandhinagar
12614,3,2017,3-2017,6 Month,1.40,Gandhinagar
12615,9,2017,9-2017,60 Days,6.48,Chandigarh
12617,8,2017,8-2017,24 Months and more,3.53,Mumbai
12618,7,2017,7-2017,6 Month,5.89,Aurangabad
12619,9,2018,9-2018,24 Months and more,8.24,Nagpur
12620,6,2018,6-2018,6 Month,4.12,Shillong
12621,1,2018,1-2018,30 Days,11.19,Gandhinagar
12622,11,2018,11-2018,6 Month,1.18,Bhopal
12623,7,2017,7-2017,6 Month,5.89,Mumbai
12624,12,2018,12-2018,30 Days,9.42,Shillong
12625,11,2018,11-2018,30 Days,5.89,Shillong
12626,11,2017,11-2017,60 Days,6.99,Aurangabad
12627,7,2017,7-2017,12 Months,1.77,Nagpur
12630,2,2017,2-2017,90 Days,8.24,Chandigarh
12632,10,2017,10-2017,24 Months and more,4.71,Pune
12633,3,2018,3-2018,30 Days,5.59,Mumbai
12634,8,2018,8-2018,6 Month,2.36,Nasik
12637,4,2018,4-2018,12 Months,5.59,Gandhinagar
12638,11,2018,11-2018,24 Months and more,13.98,Delhi
12640,7,2018,7-2018,24 Months and more,4.12,Pune
12641,5,2018,5-2018,6 Month,2.94,Pune
12642,11,2018,11-2018,90 Days,5.30,Mumbai
12643,6,2018,6-2018,6 Month,1.18,Bhopal
12644,1,2017,1-2017,6 Month,5.30,Nagpur
12647,2,2017,2-2017,24 Months and more,12.59,Pune
12649,5,2018,5-2018,90 Days,3.53,Jaipur
12651,2,2017,2-2017,30 Days,5.30,Srinagar
12652,5,2018,5-2018,90 Days,4.12,Aurangabad
12653,4,2017,4-2017,30 Days,6.48,Srinagar
12654,2,2018,2-2018,60 Days,1.77,Bengaluru
12656,3,2018,3-2018,24 Months and more,1.40,Jaipur
12657,1,2018,1-2018,90 Days,6.99,Nasik
12659,10,2018,10-2018,24 Months and more,3.53,Bhopal
12663,8,2017,8-2017,90 Days,5.89,Srinagar
12664,9,2017,9-2017,30 Days,5.89,Delhi
12666,2,2017,2-2017,90 Days,12.95,Srinagar
12668,1,2018,1-2018,12 Months,0.59,Nagpur
12670,12,2018,12-2018,30 Days,1.18,Srinagar
12671,6,2017,6-2017,6 Month,13.98,Shillong
12674,12,2018,12-2018,12 Months,5.89,Chennai
12675,5,2017,5-2017,12 Months,1.18,Chennai
12677,12,2017,12-2017,30 Days,16.78,Delhi
12678,3,2018,3-2018,90 Days,1.18,Nagpur
12679,11,2017,11-2017,30 Days,2.36,Srinagar
12680,12,2017,12-2017,6 Month,10.60,Gandhinagar
12681,6,2018,6-2018,12 Months,7.07,Ranchi
12682,3,2017,3-2017,12 Months,4.20,Mumbai
12683,7,2018,7-2018,12 Months,4.71,Jaipur
12684,12,2017,12-2017,90 Days,16.78,Chennai
12685,11,2017,11-2017,60 Days,1.18,Nasik
12686,8,2018,8-2018,24 Months and more,5.30,Delhi
12688,1,2017,1-2017,30 Days,7.07,Chennai
12690,2,2018,2-2018,12 Months,12.59,Bhopal
12693,5,2017,5-2017,60 Days,4.12,Ranchi
12694,3,2017,3-2017,24 Months and more,1.18,Srinagar
12697,7,2017,7-2017,90 Days,7.07,Shillong
12699,2,2018,2-2018,30 Days,5.89,Delhi
12703,1,2017,1-2017,60 Days,10.60,Mumbai
12704,6,2017,6-2017,6 Month,7.07,Chandigarh
12705,1,2017,1-2017,30 Days,6.48,Nagpur
12706,8,2017,8-2017,6 Month,6.99,Delhi
12707,3,2018,3-2018,6 Month,11.19,Ranchi
12708,2,2018,2-2018,12 Months,2.94,Chennai
12709,9,2017,9-2017,60 Days,2.36,Bhopal
12710,3,2017,3-2017,6 Month,4.71,Shillong
12711,9,2017,9-2017,12 Months,4.12,Pune
12712,2,2017,2-2017,30 Days,1.40,Aurangabad
12713,1,2018,1-2018,30 Days,4.20,Srinagar
12714,7,2017,7-2017,12 Months,1.18,Shillong
12715,10,2017,10-2017,24 Months and more,2.80,Shillong
12716,10,2018,10-2018,30 Days,16.78,Mumbai
12717,8,2018,8-2018,12 Months,8.39,Jaipur
12718,8,2017,8-2017,6 Month,5.89,Bhopal
12721,1,2018,1-2018,30 Days,5.59,Nasik
12722,12,2017,12-2017,6 Month,2.36,Shillong
12723,2,2017,2-2017,60 Days,4.20,Nasik
12724,7,2018,7-2018,6 Month,8.39,Chennai
12725,11,2018,11-2018,30 Days,15.38,Chandigarh
12726,12,2017,12-2017,24 Months and more,8.39,Chennai
12727,6,2017,6-2017,90 Days,1.40,Aurangabad
12729,4,2017,4-2017,6 Month,2.36,Chennai
12730,11,2017,11-2017,24 Months and more,12.59,Bengaluru
12731,10,2017,10-2017,90 Days,5.30,Ranchi
12733,1,2018,1-2018,6 Month,16.78,Nagpur
12734,10,2018,10-2018,12 Months,7.07,Pune
12735,12,2017,12-2017,90 Days,4.20,Mumbai
12737,2,2018,2-2018,90 Days,6.48,Mumbai
12738,7,2018,7-2018,24 Months and more,5.89,Pune
12740,5,2017,5-2017,30 Days,2.80,Chandigarh
12741,7,2017,7-2017,24 Months and more,11.19,Aurangabad
12742,10,2017,10-2017,60 Days,1.77,Pune
12744,3,2017,3-2017,24 Months and more,5.30,Pune
12745,9,2018,9-2018,12 Months,3.53,Bhopal
12747,12,2017,12-2017,90 Days,13.98,Mumbai
12749,4,2017,4-2017,60 Days,5.30,Pune
12750,10,2018,10-2018,60 Days,4.71,Ranchi
12751,10,2017,10-2017,30 Days,13.98,Srinagar
12754,2,2017,2-2017,30 Days,14.13,Srinagar
12755,12,2017,12-2017,12 Months,1.18,Delhi
12756,8,2018,8-2018,24 Months and more,5.30,Nasik
12758,6,2017,6-2017,24 Months and more,7.07,Ranchi
12759,8,2017,8-2017,30 Days,2.94,Nagpur
12760,6,2018,6-2018,6 Month,12.59,Chandigarh
12761,6,2018,6-2018,60 Days,1.18,Ranchi
12764,5,2017,5-2017,90 Days,4.12,Mumbai
12765,10,2018,10-2018,90 Days,5.30,Bhopal
12766,10,2017,10-2017,12 Months,8.24,Pune
12767,2,2017,2-2017,24 Months and more,2.36,Chennai
12768,7,2017,7-2017,90 Days,1.18,Mumbai
12769,4,2018,4-2018,12 Months,1.18,Gandhinagar
12770,1,2018,1-2018,12 Months,0.59,Bengaluru
12771,7,2017,7-2017,30 Days,2.36,Nagpur
12772,6,2017,6-2017,30 Days,4.71,Aurangabad
12773,8,2018,8-2018,90 Days,3.53,Srinagar
12774,11,2017,11-2017,12 Months,7.07,Shillong
12775,3,2018,3-2018,6 Month,12.59,Aurangabad
12776,8,2018,8-2018,60 Days,4.71,Aurangabad
12778,7,2017,7-2017,12 Months,5.59,Shillong
12779,4,2017,4-2017,60 Days,2.80,Nagpur
12781,8,2017,8-2017,30 Days,3.53,Mumbai
12782,12,2017,12-2017,12 Months,0.59,Jaipur
12783,8,2017,8-2017,60 Days,5.59,Bengaluru
12785,4,2018,4-2018,12 Months,6.99,Gandhinagar
12786,8,2018,8-2018,12 Months,2.36,Srinagar
12787,1,2017,1-2017,90 Days,6.48,Bhopal
12788,4,2017,4-2017,24 Months and more,1.18,Jaipur
12791,10,2017,10-2017,24 Months and more,1.77,Ranchi
12792,7,2018,7-2018,24 Months and more,4.12,Delhi
12794,10,2018,10-2018,30 Days,6.48,Chennai
12798,11,2017,11-2017,12 Months,1.40,Nagpur
12800,1,2018,1-2018,30 Days,11.19,Chandigarh
12801,7,2018,7-2018,12 Months,11.19,Shillong
12802,1,2018,1-2018,90 Days,9.79,Pune
12804,7,2017,7-2017,6 Month,4.71,Pune
12805,8,2018,8-2018,6 Month,5.89,Jaipur
12806,11,2018,11-2018,6 Month,2.94,Delhi
12808,11,2018,11-2018,6 Month,2.80,Ranchi
12810,2,2017,2-2017,6 Month,11.78,Chennai
12811,9,2017,9-2017,24 Months and more,1.77,Nasik
12812,9,2017,9-2017,30 Days,4.20,Nasik
12813,3,2017,3-2017,60 Days,3.53,Jaipur
12814,9,2018,9-2018,90 Days,4.71,Pune
12816,5,2018,5-2018,12 Months,1.18,Srinagar
12817,3,2017,3-2017,12 Months,1.18,Bengaluru
12818,11,2018,11-2018,30 Days,5.59,Nasik
12820,11,2018,11-2018,24 Months and more,4.71,Gandhinagar
12821,8,2018,8-2018,30 Days,0.59,Nasik
12822,7,2018,7-2018,60 Days,13.98,Bhopal
12824,3,2018,3-2018,24 Months and more,0.59,Chandigarh
12828,2,2018,2-2018,12 Months,2.80,Shillong
12829,3,2017,3-2017,60 Days,4.12,Nagpur
12830,6,2018,6-2018,12 Months,15.38,Aurangabad
12831,9,2018,9-2018,90 Days,4.20,Jaipur
12832,8,2017,8-2017,12 Months,5.89,Nagpur
12833,5,2018,5-2018,12 Months,5.30,Delhi
12834,3,2017,3-2017,60 Days,8.39,Nagpur
12837,5,2018,5-2018,12 Months,1.40,Nasik
12838,7,2018,7-2018,12 Months,4.12,Shillong
12840,4,2018,4-2018,24 Months and more,15.38,Bhopal
12841,3,2017,3-2017,60 Days,1.77,Pune
12842,4,2017,4-2017,90 Days,5.30,Ranchi
12844,4,2017,4-2017,30 Days,2.36,Shillong
12845,10,2018,10-2018,90 Days,16.78,Bengaluru
12846,8,2018,8-2018,6 Month,2.94,Jaipur
12848,5,2018,5-2018,90 Days,13.98,Delhi
12850,4,2018,4-2018,12 Months,12.95,Jaipur
12851,4,2017,4-2017,12 Months,2.80,Mumbai
12852,2,2018,2-2018,12 Months,12.59,Nagpur
12853,11,2018,11-2018,12 Months,5.30,Mumbai
12855,5,2018,5-2018,60 Days,2.80,Gandhinagar
12858,9,2018,9-2018,30 Days,9.42,Pune
12859,10,2017,10-2017,90 Days,10.60,Delhi
12861,10,2017,10-2017,60 Days,16.78,Nasik
12862,5,2018,5-2018,24 Months and more,2.80,Bhopal
12863,3,2018,3-2018,24 Months and more,5.59,Ranchi
12864,12,2017,12-2017,60 Days,3.53,Shillong
12867,8,2018,8-2018,60 Days,6.99,Nasik
12869,11,2018,11-2018,12 Months,7.07,Nagpur
12870,5,2017,5-2017,90 Days,4.71,Srinagar
12872,12,2018,12-2018,6 Month,2.36,Aurangabad
12873,1,2017,1-2017,24 Months and more,1.40,Chandigarh
12874,4,2017,4-2017,60 Days,1.18,Ranchi
12875,10,2018,10-2018,24 Months and more,15.38,Gandhinagar
12876,1,2017,1-2017,60 Days,13.98,Shillong
12877,2,2017,2-2017,90 Days,5.59,Bhopal
12878,9,2018,9-2018,30 Days,6.99,Gandhinagar
12880,3,2018,3-2018,6 Month,2.80,Srinagar
12881,7,2018,7-2018,30 Days,5.30,Aurangabad
12882,8,2017,8-2017,24 Months and more,4.71,Bhopal
12883,5,2018,5-2018,30 Days,3.53,Nagpur
12886,11,2017,11-2017,90 Days,4.71,Delhi
12888,2,2017,2-2017,60 Days,5.30,Mumbai
12889,4,2018,4-2018,90 Days,2.94,Nagpur
12890,12,2017,12-2017,60 Days,2.80,Bengaluru
12891,11,2018,11-2018,30 Days,5.89,Aurangabad
12892,3,2018,3-2018,30 Days,0.59,Aurangabad
12894,10,2017,10-2017,30 Days,10.60,Jaipur
12895,2,2017,2-2017,12 Months,0.59,Delhi
12897,6,2017,6-2017,6 Month,5.89,Gandhinagar
12898,3,2017,3-2017,12 Months,1.18,Bengaluru
12903,5,2017,5-2017,6 Month,2.36,Chennai
12907,1,2018,1-2018,24 Months and more,3.53,Bhopal
12908,4,2018,4-2018,12 Months,2.80,Mumbai
12909,7,2017,7-2017,24 Months and more,1.18,Nasik
12910,6,2018,6-2018,60 Days,5.30,Gandhinagar
12911,2,2017,2-2017,30 Days,5.89,Pune
12913,6,2017,6-2017,6 Month,7.07,Bengaluru
12914,9,2018,9-2018,30 Days,7.07,Delhi
12915,3,2017,3-2017,60 Days,2.80,Jaipur
12918,6,2017,6-2017,90 Days,1.18,Delhi
12920,2,2017,2-2017,12 Months,2.36,Gandhinagar
12921,4,2018,4-2018,60 Days,2.94,Pune
12922,1,2017,1-2017,30 Days,1.18,Aurangabad
12923,11,2018,11-2018,30 Days,8.39,Gandhinagar
12924,1,2017,1-2017,30 Days,0.59,Srinagar
12925,5,2018,5-2018,30 Days,2.94,Aurangabad
12926,11,2017,11-2017,12 Months,12.59,Nasik
12928,10,2017,10-2017,12 Months,3.53,Mumbai
12930,5,2017,5-2017,90 Days,5.89,Pune
12931,2,2017,2-2017,90 Days,6.48,Mumbai
12932,10,2018,10-2018,90 Days,4.12,Mumbai
12933,10,2018,10-2018,24 Months and more,5.59,Nasik
12935,8,2017,8-2017,24 Months and more,2.80,Ranchi
12936,9,2018,9-2018,12 Months,8.39,Delhi
12937,8,2017,8-2017,90 Days,11.19,Nagpur
12938,7,2017,7-2017,60 Days,2.80,Bhopal
12939,6,2018,6-2018,90 Days,2.80,Pune
12940,12,2017,12-2017,6 Month,7.07,Aurangabad
12941,5,2018,5-2018,24 Months and more,2.36,Nagpur
12942,7,2017,7-2017,6 Month,10.60,Chennai
12943,11,2018,11-2018,6 Month,7.07,Aurangabad
12945,2,2017,2-2017,90 Days,2.94,Aurangabad
12946,11,2018,11-2018,6 Month,1.18,Mumbai
12947,3,2018,3-2018,24 Months and more,3.53,Nasik
12948,7,2017,7-2017,60 Days,2.94,Delhi
12950,10,2017,10-2017,12 Months,15.38,Gandhinagar
12951,12,2017,12-2017,60 Days,2.94,Ranchi
12952,2,2018,2-2018,90 Days,8.39,Aurangabad
12954,5,2017,5-2017,24 Months and more,13.98,Mumbai
12955,5,2018,5-2018,6 Month,5.59,Chandigarh
12957,11,2017,11-2017,12 Months,16.78,Srinagar
12958,3,2018,3-2018,24 Months and more,12.95,Pune
12959,3,2018,3-2018,24 Months and more,15.38,Aurangabad
12964,6,2018,6-2018,12 Months,2.36,Ranchi
12965,4,2017,4-2017,6 Month,6.48,Nasik
12967,2,2017,2-2017,6 Month,6.99,Delhi
12968,11,2017,11-2017,90 Days,9.79,Nagpur
12969,8,2017,8-2017,60 Days,1.77,Jaipur
12970,4,2018,4-2018,90 Days,4.71,Shillong
12971,4,2017,4-2017,12 Months,1.77,Aurangabad
12972,3,2017,3-2017,24 Months and more,1.77,Bhopal
12973,11,2018,11-2018,60 Days,10.60,Srinagar
12974,3,2018,3-2018,30 Days,5.30,Ranchi
12975,4,2017,4-2017,24 Months and more,9.79,Gandhinagar
12976,2,2017,2-2017,12 Months,1.18,Srinagar
12977,5,2017,5-2017,30 Days,5.59,Bengaluru
12978,12,2017,12-2017,6 Month,3.53,Shillong
12979,2,2018,2-2018,6 Month,9.79,Nasik
12980,2,2017,2-2017,12 Months,1.18,Mumbai
12982,2,2018,2-2018,6 Month,9.79,Shillong
12983,8,2018,8-2018,6 Month,2.80,Shillong
12986,1,2018,1-2018,12 Months,13.98,Ranchi
12987,5,2018,5-2018,90 Days,11.78,Shillong
12988,10,2017,10-2017,6 Month,2.36,Jaipur
12989,3,2018,3-2018,6 Month,11.19,Gandhinagar
12990,10,2017,10-2017,60 Days,3.53,Gandhinagar
12992,1,2017,1-2017,30 Days,5.30,Nasik
12993,12,2017,12-2017,6 Month,3.53,Mumbai
12994,9,2017,9-2017,24 Months and more,13.98,Bengaluru
12995,11,2018,11-2018,6 Month,2.36,Shillong
12996,11,2017,11-2017,12 Months,4.20,Jaipur
12997,3,2017,3-2017,6 Month,5.30,Chennai
12998,11,2017,11-2017,12 Months,5.89,Nagpur
12999,10,2017,10-2017,6 Month,6.99,Nagpur
13000,5,2017,5-2017,30 Days,2.36,Delhi
13001,2,2017,2-2017,24 Months and more,13.98,Chandigarh
13002,5,2017,5-2017,60 Days,13.98,Bhopal
13003,12,2018,12-2018,12 Months,8.39,Aurangabad
13006,11,2017,11-2017,90 Days,13.98,Delhi
13007,1,2018,1-2018,30 Days,15.38,Srinagar
13008,10,2017,10-2017,6 Month,3.53,Gandhinagar
13010,5,2018,5-2018,90 Days,5.59,Aurangabad
13011,9,2018,9-2018,60 Days,15.38,Gandhinagar
13012,3,2018,3-2018,60 Days,1.18,Nagpur
13013,3,2018,3-2018,90 Days,2.94,Delhi
13014,2,2017,2-2017,60 Days,2.36,Nasik
13015,7,2018,7-2018,30 Days,1.18,Pune
13016,3,2018,3-2018,90 Days,0.59,Bhopal
13017,12,2017,12-2017,24 Months and more,4.12,Nagpur
13019,3,2018,3-2018,90 Days,3.53,Nagpur
13020,2,2018,2-2018,90 Days,6.48,Jaipur
13022,3,2017,3-2017,30 Days,12.59,Jaipur
13024,4,2017,4-2017,30 Days,6.99,Pune
13025,6,2017,6-2017,30 Days,12.59,Chennai
13026,12,2017,12-2017,30 Days,0.59,Bhopal
13028,4,2017,4-2017,6 Month,8.24,Srinagar
13030,10,2017,10-2017,30 Days,8.24,Nasik
13031,9,2017,9-2017,30 Days,12.59,Bengaluru
13034,4,2017,4-2017,30 Days,15.38,Nasik
13036,7,2017,7-2017,24 Months and more,2.36,Mumbai
13037,10,2018,10-2018,24 Months and more,10.60,Chennai
13038,10,2017,10-2017,30 Days,1.18,Nasik
13039,1,2018,1-2018,6 Month,7.07,Bengaluru
13042,2,2017,2-2017,90 Days,4.20,Srinagar
13043,7,2017,7-2017,24 Months and more,8.39,Bhopal
13044,8,2018,8-2018,6 Month,15.38,Delhi
13045,7,2017,7-2017,24 Months and more,5.89,Gandhinagar
13046,11,2018,11-2018,30 Days,5.30,Mumbai
13051,10,2018,10-2018,6 Month,1.77,Pune
13052,10,2018,10-2018,30 Days,1.18,Ranchi
13054,6,2017,6-2017,6 Month,7.07,Chennai
13055,8,2017,8-2017,60 Days,5.89,Nagpur
13056,8,2017,8-2017,24 Months and more,6.48,Ranchi
13057,7,2018,7-2018,30 Days,1.18,Nagpur
13059,3,2017,3-2017,90 Days,5.30,Mumbai
13061,2,2018,2-2018,60 Days,2.94,Delhi
13062,4,2017,4-2017,12 Months,9.79,Pune
13063,12,2017,12-2017,60 Days,12.95,Shillong
13064,12,2017,12-2017,60 Days,11.19,Aurangabad
13066,8,2018,8-2018,60 Days,1.77,Bhopal
13067,9,2018,9-2018,6 Month,7.07,Mumbai
13068,11,2017,11-2017,12 Months,3.53,Nasik
13069,7,2018,7-2018,12 Months,0.59,Delhi
13070,2,2017,2-2017,24 Months and more,2.80,Jaipur
13071,12,2017,12-2017,60 Days,8.24,Gandhinagar
13074,6,2018,6-2018,6 Month,5.30,Aurangabad
13075,12,2017,12-2017,6 Month,12.59,Mumbai
13076,10,2018,10-2018,6 Month,11.78,Bhopal
13077,9,2018,9-2018,30 Days,12.59,Gandhinagar
13078,9,2018,9-2018,12 Months,11.78,Nagpur
13079,3,2017,3-2017,60 Days,13.98,Bengaluru
13082,5,2017,5-2017,6 Month,1.40,Srinagar
13083,12,2017,12-2017,30 Days,0.59,Srinagar
13085,10,2018,10-2018,12 Months,4.20,Bengaluru
13086,4,2018,4-2018,60 Days,2.80,Nagpur
13087,3,2018,3-2018,24 Months and more,4.12,Aurangabad
13088,6,2018,6-2018,90 Days,2.36,Gandhinagar
13089,10,2018,10-2018,60 Days,4.71,Chandigarh
13090,9,2018,9-2018,24 Months and more,2.36,Bhopal
13091,9,2017,9-2017,60 Days,13.98,Shillong
13094,2,2017,2-2017,90 Days,12.59,Chennai
13095,11,2018,11-2018,30 Days,1.18,Pune
13096,10,2018,10-2018,12 Months,3.53,Jaipur
13097,9,2017,9-2017,90 Days,3.53,Bengaluru
13098,5,2017,5-2017,6 Month,1.18,Nagpur
13099,10,2018,10-2018,24 Months and more,2.80,Aurangabad
13100,7,2018,7-2018,60 Days,3.53,Chennai
13102,10,2017,10-2017,24 Months and more,4.12,Srinagar
13103,1,2018,1-2018,90 Days,14.13,Bhopal
13104,12,2017,12-2017,60 Days,6.99,Mumbai
13105,11,2017,11-2017,6 Month,4.12,Jaipur
13107,11,2018,11-2018,60 Days,2.36,Nasik
13108,8,2018,8-2018,30 Days,2.94,Gandhinagar
13109,4,2018,4-2018,60 Days,7.07,Bengaluru
13110,7,2018,7-2018,60 Days,11.19,Srinagar
13111,9,2018,9-2018,6 Month,16.78,Ranchi
13114,5,2018,5-2018,90 Days,5.89,Mumbai
13115,5,2017,5-2017,90 Days,6.99,Delhi
13116,8,2017,8-2017,6 Month,14.13,Gandhinagar
13118,12,2018,12-2018,6 Month,2.80,Pune
13119,1,2017,1-2017,24 Months and more,5.59,Bhopal
13120,2,2017,2-2017,6 Month,5.59,Bengaluru
13121,11,2018,11-2018,6 Month,10.60,Chandigarh
13122,4,2017,4-2017,60 Days,4.12,Pune
13123,5,2018,5-2018,12 Months,4.71,Gandhinagar
13124,3,2018,3-2018,90 Days,2.36,Srinagar
13125,9,2018,9-2018,6 Month,5.89,Chandigarh
13126,6,2017,6-2017,6 Month,1.77,Chennai
13127,10,2017,10-2017,12 Months,13.98,Srinagar
13129,4,2018,4-2018,90 Days,12.95,Mumbai
13130,7,2018,7-2018,90 Days,6.48,Chennai
13133,2,2018,2-2018,12 Months,9.42,Bhopal
13134,9,2017,9-2017,60 Days,7.07,Bengaluru
13135,5,2018,5-2018,60 Days,9.79,Gandhinagar
13136,6,2018,6-2018,6 Month,5.89,Mumbai
13142,11,2018,11-2018,90 Days,1.18,Chennai
13144,5,2017,5-2017,30 Days,2.36,Bengaluru
13146,4,2018,4-2018,90 Days,4.71,Chandigarh
13150,9,2017,9-2017,60 Days,1.77,Delhi
13152,4,2018,4-2018,24 Months and more,7.07,Nagpur
13153,10,2017,10-2017,24 Months and more,12.59,Bengaluru
13154,3,2018,3-2018,60 Days,1.18,Ranchi
13155,3,2017,3-2017,24 Months and more,1.18,Gandhinagar
13159,9,2017,9-2017,12 Months,7.07,Delhi
13160,10,2017,10-2017,60 Days,0.59,Chennai
13161,12,2017,12-2017,24 Months and more,2.94,Chandigarh
13162,6,2017,6-2017,24 Months and more,8.39,Pune
13164,6,2018,6-2018,60 Days,1.77,Chennai
13165,11,2017,11-2017,6 Month,4.71,Shillong
13166,12,2018,12-2018,30 Days,9.79,Bhopal
13167,10,2017,10-2017,6 Month,1.77,Nagpur
13169,2,2017,2-2017,12 Months,14.13,Ranchi
13171,8,2017,8-2017,90 Days,1.77,Mumbai
13172,10,2018,10-2018,6 Month,2.94,Nagpur
13175,11,2018,11-2018,30 Days,2.94,Srinagar
13177,11,2017,11-2017,24 Months and more,3.53,Pune
13178,3,2018,3-2018,24 Months and more,11.78,Delhi
13179,3,2018,3-2018,30 Days,5.30,Gandhinagar
13180,6,2017,6-2017,30 Days,1.40,Shillong
13182,10,2017,10-2017,24 Months and more,11.19,Mumbai
13183,12,2018,12-2018,12 Months,2.94,Nagpur
13184,9,2017,9-2017,90 Days,2.36,Aurangabad
13185,7,2018,7-2018,60 Days,4.71,Shillong
13186,10,2018,10-2018,60 Days,1.18,Aurangabad
13187,2,2018,2-2018,30 Days,3.53,Pune
13189,9,2017,9-2017,90 Days,16.78,Chandigarh
13191,5,2017,5-2017,60 Days,7.07,Bengaluru
13192,11,2018,11-2018,24 Months and more,6.48,Bhopal
13193,3,2018,3-2018,12 Months,6.99,Bengaluru
13194,1,2018,1-2018,24 Months and more,2.94,Nasik
13195,8,2018,8-2018,24 Months and more,6.48,Ranchi
13196,3,2017,3-2017,90 Days,5.89,Nagpur
13197,9,2018,9-2018,24 Months and more,2.94,Delhi
13198,5,2017,5-2017,90 Days,2.94,Mumbai
13200,12,2018,12-2018,12 Months,14.13,Aurangabad
13202,8,2018,8-2018,12 Months,12.59,Chandigarh
13204,3,2017,3-2017,6 Month,7.07,Shillong
13205,4,2018,4-2018,60 Days,15.38,Srinagar
13206,6,2017,6-2017,90 Days,2.94,Aurangabad
13207,10,2018,10-2018,24 Months and more,4.12,Bengaluru
13208,8,2017,8-2017,12 Months,4.12,Shillong
13209,5,2018,5-2018,12 Months,8.39,Pune
13210,9,2018,9-2018,6 Month,13.98,Chandigarh
13212,10,2017,10-2017,6 Month,2.36,Mumbai
13213,8,2017,8-2017,12 Months,1.18,Delhi
13214,11,2017,11-2017,90 Days,5.30,Nasik
13216,11,2018,11-2018,90 Days,2.36,Ranchi
13217,6,2017,6-2017,30 Days,2.36,Mumbai
13218,4,2017,4-2017,6 Month,8.24,Srinagar
13219,10,2017,10-2017,90 Days,3.53,Srinagar
13220,12,2018,12-2018,30 Days,14.13,Aurangabad
13221,12,2017,12-2017,60 Days,2.94,Mumbai
13224,4,2017,4-2017,30 Days,10.60,Delhi
13226,11,2018,11-2018,24 Months and more,14.13,Nasik
13230,3,2018,3-2018,24 Months and more,3.53,Gandhinagar
13233,7,2018,7-2018,6 Month,11.78,Aurangabad
13234,1,2018,1-2018,60 Days,13.98,Nagpur
13235,4,2017,4-2017,60 Days,10.60,Bengaluru
13236,8,2018,8-2018,12 Months,13.98,Chandigarh
13237,3,2017,3-2017,24 Months and more,1.18,Gandhinagar
13238,5,2017,5-2017,12 Months,2.94,Aurangabad
13239,6,2017,6-2017,30 Days,7.07,Mumbai
13240,6,2018,6-2018,90 Days,16.78,Ranchi
13241,1,2018,1-2018,90 Days,4.71,Nagpur
13242,11,2017,11-2017,12 Months,4.12,Bengaluru
13243,10,2018,10-2018,6 Month,4.20,Shillong
13245,3,2018,3-2018,60 Days,4.12,Nagpur
13246,11,2017,11-2017,90 Days,3.53,Ranchi
13248,8,2018,8-2018,6 Month,4.71,Chandigarh
13250,7,2017,7-2017,12 Months,5.89,Bengaluru
13251,12,2017,12-2017,12 Months,1.77,Shillong
13252,10,2017,10-2017,60 Days,6.48,Jaipur
13253,4,2017,4-2017,60 Days,1.77,Aurangabad
13254,12,2017,12-2017,90 Days,1.18,Mumbai
13257,4,2017,4-2017,24 Months and more,7.07,Mumbai
13258,7,2018,7-2018,6 Month,4.12,Mumbai
13259,7,2018,7-2018,12 Months,7.07,Nasik
13260,9,2017,9-2017,6 Month,5.89,Bengaluru
13261,7,2018,7-2018,60 Days,3.53,Aurangabad
13266,7,2018,7-2018,24 Months and more,7.07,Srinagar
13269,7,2018,7-2018,12 Months,3.53,Nagpur
13271,3,2017,3-2017,24 Months and more,2.94,Chandigarh
13272,2,2017,2-2017,12 Months,8.24,Srinagar
13276,5,2018,5-2018,30 Days,2.94,Chennai
13277,7,2018,7-2018,30 Days,2.80,Chandigarh
13279,3,2018,3-2018,12 Months,2.36,Mumbai
13282,7,2017,7-2017,30 Days,3.53,Ranchi
13284,6,2018,6-2018,6 Month,0.59,Gandhinagar
13285,6,2018,6-2018,30 Days,4.20,Chandigarh
13289,3,2018,3-2018,90 Days,7.07,Jaipur
13292,6,2018,6-2018,6 Month,5.30,Pune
13295,2,2018,2-2018,12 Months,1.40,Mumbai
13297,9,2018,9-2018,6 Month,7.07,Srinagar
13299,4,2018,4-2018,30 Days,5.30,Mumbai
13300,4,2018,4-2018,90 Days,5.89,Chennai
13301,6,2017,6-2017,30 Days,4.12,Bhopal
13302,9,2017,9-2017,12 Months,5.89,Aurangabad
13303,2,2017,2-2017,12 Months,14.13,Gandhinagar
13304,3,2017,3-2017,24 Months and more,4.12,Aurangabad
13305,8,2018,8-2018,24 Months and more,1.18,Bengaluru
13306,4,2017,4-2017,60 Days,2.80,Nasik
13308,2,2017,2-2017,90 Days,1.18,Bengaluru
13310,11,2018,11-2018,6 Month,15.38,Delhi
13311,11,2017,11-2017,12 Months,16.78,Aurangabad
13312,1,2017,1-2017,90 Days,16.78,Delhi
13313,11,2017,11-2017,6 Month,1.18,Bhopal
13315,6,2018,6-2018,12 Months,1.77,Aurangabad
13316,3,2018,3-2018,60 Days,5.30,Aurangabad
13319,5,2017,5-2017,24 Months and more,9.42,Nasik
13320,3,2017,3-2017,24 Months and more,10.60,Aurangabad
13321,4,2018,4-2018,12 Months,4.12,Bengaluru
13322,12,2017,12-2017,90 Days,1.18,Bengaluru
13323,4,2018,4-2018,60 Days,16.78,Jaipur
13324,4,2017,4-2017,60 Days,13.98,Gandhinagar
13325,8,2018,8-2018,12 Months,2.80,Aurangabad
13326,9,2018,9-2018,6 Month,2.94,Bengaluru
13327,6,2017,6-2017,30 Days,15.38,Chennai
13329,11,2018,11-2018,24 Months and more,2.36,Bengaluru
13330,11,2017,11-2017,12 Months,5.59,Chennai
13331,1,2017,1-2017,90 Days,16.78,Delhi
13332,11,2017,11-2017,24 Months and more,4.12,Chandigarh
13333,6,2018,6-2018,90 Days,9.79,Ranchi
13335,7,2017,7-2017,6 Month,1.77,Pune
13336,11,2017,11-2017,90 Days,6.48,Srinagar
13338,7,2017,7-2017,60 Days,2.94,Shillong
13339,3,2017,3-2017,90 Days,6.48,Aurangabad
13340,3,2018,3-2018,60 Days,11.19,Gandhinagar
13341,3,2018,3-2018,60 Days,12.59,Mumbai
13343,6,2017,6-2017,24 Months and more,2.36,Mumbai
13344,11,2017,11-2017,30 Days,4.12,Bengaluru
13346,12,2018,12-2018,24 Months and more,4.12,Bengaluru
13347,6,2018,6-2018,60 Days,1.18,Chennai
13349,8,2017,8-2017,30 Days,11.19,Bhopal
13350,12,2017,12-2017,6 Month,10.60,Nagpur
13351,10,2017,10-2017,60 Days,6.99,Nagpur
13352,10,2017,10-2017,60 Days,4.12,Pune
13353,1,2018,1-2018,60 Days,11.19,Srinagar
13355,7,2017,7-2017,12 Months,15.38,Shillong
13358,7,2018,7-2018,12 Months,3.53,Delhi
13361,9,2017,9-2017,24 Months and more,13.98,Bhopal
13362,9,2018,9-2018,24 Months and more,5.89,Nagpur
13364,2,2018,2-2018,12 Months,16.78,Srinagar
13366,2,2017,2-2017,24 Months and more,1.18,Gandhinagar
13367,11,2018,11-2018,6 Month,3.53,Chandigarh
13368,4,2018,4-2018,6 Month,3.53,Gandhinagar
13369,9,2017,9-2017,90 Days,5.30,Jaipur
13371,10,2017,10-2017,12 Months,5.89,Delhi
13372,10,2017,10-2017,24 Months and more,1.18,Nagpur
13373,12,2018,12-2018,12 Months,10.60,Nasik
13374,8,2017,8-2017,90 Days,6.99,Bengaluru
13375,2,2018,2-2018,90 Days,3.53,Delhi
13376,2,2017,2-2017,24 Months and more,13.98,Aurangabad
13377,12,2018,12-2018,60 Days,5.30,Aurangabad
13380,1,2018,1-2018,12 Months,1.40,Jaipur
13381,3,2018,3-2018,12 Months,13.98,Chandigarh
13382,6,2018,6-2018,90 Days,5.89,Mumbai
13383,4,2017,4-2017,90 Days,12.59,Chandigarh
13384,2,2018,2-2018,6 Month,2.94,Srinagar
13386,8,2017,8-2017,12 Months,4.20,Shillong
13389,9,2018,9-2018,12 Months,7.07,Bengaluru
13390,9,2018,9-2018,60 Days,4.71,Mumbai
13391,12,2017,12-2017,12 Months,4.71,Srinagar
13393,7,2018,7-2018,60 Days,12.59,Srinagar
13395,3,2017,3-2017,6 Month,13.98,Bhopal
13396,4,2018,4-2018,90 Days,6.48,Mumbai
13397,6,2018,6-2018,12 Months,15.38,Mumbai
13400,5,2018,5-2018,90 Days,6.48,Gandhinagar
13401,1,2018,1-2018,12 Months,4.12,Chandigarh
13402,3,2017,3-2017,24 Months and more,2.36,Aurangabad
13403,1,2018,1-2018,6 Month,4.20,Bhopal
13405,3,2018,3-2018,60 Days,12.59,Chennai
13407,8,2018,8-2018,30 Days,7.07,Gandhinagar
13408,6,2017,6-2017,60 Days,5.59,Nagpur
13409,7,2017,7-2017,90 Days,12.59,Srinagar
13411,4,2017,4-2017,24 Months and more,2.36,Nasik
13413,11,2018,11-2018,60 Days,16.78,Jaipur
13415,2,2018,2-2018,24 Months and more,1.18,Ranchi
13416,2,2018,2-2018,24 Months and more,4.71,Bengaluru
13417,2,2017,2-2017,30 Days,6.48,Ranchi
13418,2,2018,2-2018,12 Months,13.98,Chandigarh
13420,11,2017,11-2017,60 Days,5.89,Shillong
13423,4,2017,4-2017,90 Days,5.30,Ranchi
13425,5,2017,5-2017,6 Month,2.94,Delhi
13426,10,2017,10-2017,30 Days,1.77,Chennai
13428,5,2017,5-2017,90 Days,7.07,Nagpur
13430,12,2018,12-2018,6 Month,2.80,Delhi
13431,1,2018,1-2018,24 Months and more,1.77,Delhi
13432,5,2018,5-2018,60 Days,11.19,Aurangabad
13437,5,2017,5-2017,24 Months and more,3.53,Bengaluru
13438,5,2017,5-2017,12 Months,2.36,Srinagar
13440,6,2017,6-2017,30 Days,1.77,Shillong
13443,2,2018,2-2018,6 Month,13.98,Srinagar
13444,5,2018,5-2018,6 Month,10.60,Bhopal
13445,3,2018,3-2018,60 Days,5.89,Chennai
13446,9,2017,9-2017,6 Month,4.71,Nagpur
13448,7,2018,7-2018,6 Month,10.60,Chennai
13449,12,2018,12-2018,90 Days,2.94,Pune
13450,7,2018,7-2018,24 Months and more,4.71,Nagpur
13451,1,2017,1-2017,12 Months,2.80,Gandhinagar
13452,12,2018,12-2018,12 Months,2.36,Jaipur
13453,5,2018,5-2018,30 Days,7.07,Srinagar
13456,1,2018,1-2018,12 Months,4.71,Delhi
13457,1,2018,1-2018,12 Months,12.59,Srinagar
13458,8,2017,8-2017,30 Days,0.59,Mumbai
13459,2,2017,2-2017,6 Month,15.38,Jaipur
13461,12,2017,12-2017,6 Month,5.59,Chennai
13462,1,2018,1-2018,60 Days,0.59,Srinagar
13464,5,2018,5-2018,6 Month,2.94,Ranchi
13465,12,2017,12-2017,90 Days,12.59,Bhopal
13467,1,2017,1-2017,24 Months and more,8.39,Delhi
13468,8,2017,8-2017,6 Month,8.39,Chandigarh
13469,6,2017,6-2017,6 Month,4.12,Bhopal
13470,11,2018,11-2018,60 Days,6.48,Chandigarh
13471,2,2018,2-2018,24 Months and more,6.99,Ranchi
13472,4,2018,4-2018,90 Days,12.59,Chandigarh
13473,7,2017,7-2017,30 Days,2.94,Chandigarh
13474,12,2018,12-2018,60 Days,5.30,Ranchi
13476,6,2018,6-2018,24 Months and more,7.07,Mumbai
13477,9,2017,9-2017,24 Months and more,14.13,Nagpur
13478,3,2018,3-2018,90 Days,4.12,Delhi
13480,2,2017,2-2017,30 Days,5.89,Aurangabad
13481,3,2017,3-2017,24 Months and more,7.07,Bhopal
13482,1,2017,1-2017,24 Months and more,9.79,Shillong
13483,3,2017,3-2017,30 Days,5.59,Shillong
13484,2,2018,2-2018,60 Days,2.80,Delhi
13485,9,2017,9-2017,90 Days,1.40,Nasik
13486,9,2017,9-2017,90 Days,5.89,Delhi
13487,6,2018,6-2018,30 Days,10.60,Shillong
13491,6,2017,6-2017,60 Days,4.12,Chandigarh
13494,5,2017,5-2017,12 Months,4.12,Chandigarh
13495,7,2017,7-2017,6 Month,4.12,Srinagar
13496,12,2018,12-2018,12 Months,1.40,Ranchi
13497,6,2018,6-2018,12 Months,9.42,Shillong
13498,7,2018,7-2018,12 Months,13.98,Bengaluru
13500,9,2018,9-2018,24 Months and more,5.59,Nasik
13501,11,2017,11-2017,30 Days,6.48,Jaipur
13502,12,2017,12-2017,6 Month,2.94,Gandhinagar
13503,6,2017,6-2017,90 Days,9.79,Bengaluru
13504,6,2017,6-2017,90 Days,0.59,Bengaluru
13505,3,2018,3-2018,6 Month,5.89,Nagpur
13506,6,2018,6-2018,60 Days,7.07,Bhopal
13507,4,2017,4-2017,30 Days,6.48,Mumbai
13508,10,2018,10-2018,24 Months and more,12.59,Chennai
13512,9,2018,9-2018,30 Days,11.19,Nasik
13513,1,2018,1-2018,30 Days,4.20,Pune
13515,4,2018,4-2018,12 Months,8.39,Delhi
13517,10,2018,10-2018,6 Month,2.36,Mumbai
13519,11,2018,11-2018,90 Days,1.77,Jaipur
13521,11,2017,11-2017,12 Months,1.18,Pune
13523,5,2018,5-2018,30 Days,1.77,Aurangabad
13525,5,2018,5-2018,24 Months and more,1.18,Gandhinagar
13526,1,2017,1-2017,24 Months and more,5.30,Nagpur
13531,6,2018,6-2018,6 Month,4.12,Srinagar
13532,1,2017,1-2017,30 Days,1.77,Pune
13533,8,2017,8-2017,6 Month,1.77,Nasik
13535,9,2018,9-2018,24 Months and more,5.89,Shillong
13536,8,2018,8-2018,30 Days,10.60,Shillong
13537,5,2018,5-2018,24 Months and more,2.80,Jaipur
13539,12,2018,12-2018,60 Days,6.48,Chennai
13540,11,2018,11-2018,90 Days,6.48,Shillong
13541,1,2018,1-2018,12 Months,3.53,Aurangabad
13542,11,2018,11-2018,12 Months,15.38,Nasik
13544,12,2017,12-2017,60 Days,2.80,Nagpur
13545,11,2018,11-2018,12 Months,6.48,Nasik
13547,11,2018,11-2018,60 Days,2.94,Nasik
13551,9,2017,9-2017,90 Days,5.30,Jaipur
13552,3,2017,3-2017,30 Days,5.30,Nasik
13553,5,2017,5-2017,30 Days,9.79,Ranchi
13554,6,2017,6-2017,12 Months,13.98,Nagpur
13555,11,2018,11-2018,6 Month,8.39,Jaipur
13557,2,2018,2-2018,90 Days,2.36,Gandhinagar
13558,11,2017,11-2017,90 Days,12.95,Nasik
13559,5,2018,5-2018,6 Month,11.19,Bengaluru
13560,4,2017,4-2017,12 Months,11.19,Chennai
13562,11,2018,11-2018,12 Months,8.39,Delhi
13563,1,2018,1-2018,90 Days,2.94,Gandhinagar
13564,3,2018,3-2018,60 Days,16.78,Aurangabad
13565,9,2018,9-2018,12 Months,16.78,Nasik
13567,9,2017,9-2017,6 Month,2.36,Srinagar
13568,3,2017,3-2017,6 Month,0.59,Nagpur
13569,5,2018,5-2018,24 Months and more,3.53,Mumbai
13570,6,2017,6-2017,6 Month,2.36,Jaipur
13571,7,2018,7-2018,12 Months,4.71,Delhi
13572,10,2018,10-2018,6 Month,1.77,Chandigarh
13573,2,2018,2-2018,30 Days,9.42,Shillong
13574,3,2018,3-2018,6 Month,4.12,Shillong
13575,9,2017,9-2017,60 Days,1.77,Srinagar
13576,8,2017,8-2017,12 Months,2.94,Srinagar
13577,12,2018,12-2018,6 Month,0.59,Bhopal
13578,5,2018,5-2018,60 Days,15.38,Shillong
13580,11,2018,11-2018,90 Days,8.39,Gandhinagar
13581,8,2017,8-2017,24 Months and more,5.89,Gandhinagar
13582,2,2017,2-2017,12 Months,10.60,Jaipur
13583,6,2018,6-2018,24 Months and more,2.36,Bhopal
13584,8,2017,8-2017,24 Months and more,11.19,Pune
13585,2,2017,2-2017,12 Months,6.99,Nagpur
13586,1,2017,1-2017,90 Days,7.07,Aurangabad
13589,4,2018,4-2018,90 Days,5.30,Chennai
13591,6,2017,6-2017,30 Days,4.71,Shillong
13592,3,2017,3-2017,30 Days,9.79,Delhi
13593,1,2018,1-2018,6 Month,5.89,Nagpur
13594,9,2018,9-2018,12 Months,5.89,Shillong
13595,11,2017,11-2017,60 Days,16.78,Aurangabad
13596,10,2018,10-2018,60 Days,2.94,Gandhinagar
13598,6,2018,6-2018,12 Months,2.94,Mumbai
13600,6,2018,6-2018,90 Days,6.99,Ranchi
13603,5,2018,5-2018,6 Month,6.48,Delhi
13604,7,2017,7-2017,60 Days,2.94,Jaipur
13605,9,2018,9-2018,12 Months,8.39,Nasik
13606,6,2017,6-2017,30 Days,12.59,Gandhinagar
13607,4,2017,4-2017,12 Months,12.59,Aurangabad
13608,3,2017,3-2017,24 Months and more,3.53,Ranchi
13609,11,2018,11-2018,30 Days,1.77,Chennai
13610,1,2017,1-2017,24 Months and more,2.36,Jaipur
13611,6,2017,6-2017,60 Days,4.12,Shillong
13612,8,2017,8-2017,30 Days,5.59,Aurangabad
13613,6,2018,6-2018,24 Months and more,15.38,Gandhinagar
13615,6,2018,6-2018,12 Months,1.40,Pune
13617,3,2017,3-2017,6 Month,10.60,Bengaluru
13618,3,2018,3-2018,24 Months and more,12.95,Nagpur
13620,11,2017,11-2017,30 Days,4.20,Gandhinagar
13622,5,2018,5-2018,6 Month,5.30,Jaipur
13623,11,2018,11-2018,60 Days,4.20,Shillong
13625,10,2018,10-2018,60 Days,10.60,Shillong
13627,4,2018,4-2018,12 Months,12.59,Srinagar
13629,10,2018,10-2018,60 Days,1.18,Ranchi
13630,4,2017,4-2017,12 Months,13.98,Pune
13631,3,2018,3-2018,30 Days,5.89,Srinagar
13632,9,2018,9-2018,24 Months and more,2.36,Ranchi
13633,10,2018,10-2018,60 Days,5.30,Aurangabad
13634,10,2018,10-2018,12 Months,12.95,Pune
13636,5,2017,5-2017,90 Days,11.19,Chennai
13637,2,2018,2-2018,12 Months,4.12,Nagpur
13638,11,2017,11-2017,90 Days,1.18,Bengaluru
13642,1,2017,1-2017,6 Month,4.20,Nagpur
13643,2,2018,2-2018,6 Month,1.18,Gandhinagar
13644,2,2018,2-2018,12 Months,4.12,Chandigarh
13647,7,2017,7-2017,6 Month,4.71,Chandigarh
13648,4,2018,4-2018,24 Months and more,4.71,Bhopal
13649,10,2018,10-2018,12 Months,2.36,Aurangabad
13650,10,2018,10-2018,90 Days,10.60,Chandigarh
13651,3,2017,3-2017,12 Months,1.77,Srinagar
13652,5,2017,5-2017,12 Months,9.79,Aurangabad
13653,8,2017,8-2017,90 Days,7.07,Ranchi
13654,5,2018,5-2018,90 Days,13.98,Chandigarh
13656,1,2018,1-2018,24 Months and more,0.59,Bengaluru
13657,8,2018,8-2018,30 Days,5.30,Delhi
13658,4,2018,4-2018,24 Months and more,1.18,Gandhinagar
13660,5,2018,5-2018,30 Days,2.36,Delhi
13662,12,2018,12-2018,30 Days,12.95,Nasik
13663,4,2017,4-2017,60 Days,2.94,Delhi
13664,2,2018,2-2018,60 Days,5.59,Bengaluru
13665,4,2018,4-2018,30 Days,4.12,Mumbai
13667,10,2017,10-2017,30 Days,2.80,Ranchi
13668,9,2018,9-2018,12 Months,5.89,Gandhinagar
13670,2,2017,2-2017,60 Days,4.71,Delhi
13671,3,2017,3-2017,6 Month,1.18,Chennai
13674,2,2017,2-2017,30 Days,9.42,Mumbai
13675,6,2018,6-2018,30 Days,0.59,Ranchi
13676,9,2017,9-2017,60 Days,12.59,Nagpur
13677,6,2018,6-2018,90 Days,2.80,Srinagar
13680,9,2018,9-2018,6 Month,4.71,Bengaluru
13682,7,2018,7-2018,60 Days,5.30,Ranchi
13683,1,2017,1-2017,90 Days,6.48,Mumbai
13685,12,2018,12-2018,90 Days,12.95,Nagpur
13687,3,2018,3-2018,12 Months,5.89,Nasik
13688,7,2017,7-2017,24 Months and more,1.18,Bengaluru
13689,8,2017,8-2017,12 Months,5.89,Jaipur
13690,11,2018,11-2018,12 Months,0.59,Mumbai
13695,2,2018,2-2018,6 Month,3.53,Pune
13696,9,2018,9-2018,6 Month,5.89,Nasik
13697,4,2018,4-2018,24 Months and more,16.78,Aurangabad
13698,10,2018,10-2018,90 Days,5.30,Ranchi
13701,5,2017,5-2017,30 Days,3.53,Mumbai
13703,4,2017,4-2017,30 Days,11.19,Nasik
13704,4,2018,4-2018,60 Days,5.59,Mumbai
13705,4,2018,4-2018,24 Months and more,5.59,Pune
13706,4,2017,4-2017,6 Month,6.99,Chandigarh
13710,11,2017,11-2017,24 Months and more,2.94,Shillong
13711,6,2017,6-2017,30 Days,0.59,Bengaluru
13712,9,2018,9-2018,60 Days,1.77,Mumbai
13713,12,2017,12-2017,12 Months,16.78,Bhopal
13716,1,2018,1-2018,30 Days,2.36,Srinagar
13718,1,2017,1-2017,30 Days,1.18,Gandhinagar
13720,2,2017,2-2017,24 Months and more,16.78,Mumbai
13722,7,2018,7-2018,12 Months,2.36,Bhopal
13724,1,2017,1-2017,90 Days,5.89,Nasik
13725,12,2018,12-2018,60 Days,5.89,Ranchi
13726,1,2017,1-2017,90 Days,4.12,Shillong
13727,4,2018,4-2018,60 Days,1.18,Mumbai
13728,6,2017,6-2017,60 Days,0.59,Bengaluru
13731,10,2018,10-2018,6 Month,0.59,Shillong
13732,3,2017,3-2017,90 Days,11.19,Delhi
13734,6,2017,6-2017,12 Months,4.71,Pune
13735,2,2017,2-2017,12 Months,6.99,Nagpur
13736,11,2017,11-2017,12 Months,6.48,Srinagar
13738,11,2017,11-2017,12 Months,1.18,Delhi
13739,12,2018,12-2018,24 Months and more,1.40,Bhopal
13740,3,2018,3-2018,12 Months,7.07,Shillong
13741,11,2018,11-2018,30 Days,5.89,Chennai
13742,11,2018,11-2018,24 Months and more,5.89,Gandhinagar
13743,10,2017,10-2017,90 Days,4.71,Srinagar
13746,11,2017,11-2017,30 Days,7.07,Jaipur
13749,2,2017,2-2017,12 Months,7.07,Bengaluru
13751,6,2018,6-2018,30 Days,9.79,Aurangabad
13752,1,2017,1-2017,6 Month,2.80,Delhi
13753,6,2018,6-2018,6 Month,6.48,Gandhinagar
13754,11,2018,11-2018,12 Months,8.24,Chandigarh
13756,6,2018,6-2018,12 Months,6.99,Chennai
13757,9,2018,9-2018,12 Months,1.77,Gandhinagar
13760,2,2017,2-2017,12 Months,13.98,Mumbai
13762,10,2017,10-2017,90 Days,2.94,Delhi
13763,1,2018,1-2018,60 Days,8.39,Shillong
13765,6,2017,6-2017,60 Days,11.19,Bhopal
13767,9,2017,9-2017,60 Days,2.94,Chandigarh
13768,11,2018,11-2018,12 Months,4.71,Pune
13770,5,2017,5-2017,90 Days,6.99,Pune
13771,6,2018,6-2018,60 Days,6.99,Aurangabad
13773,10,2018,10-2018,24 Months and more,9.79,Jaipur
13774,12,2018,12-2018,90 Days,4.12,Chandigarh
13775,11,2017,11-2017,90 Days,8.39,Delhi
13776,5,2017,5-2017,6 Month,12.59,Nasik
13779,11,2017,11-2017,90 Days,1.18,Chennai
13780,10,2018,10-2018,24 Months and more,6.99,Aurangabad
13781,1,2017,1-2017,30 Days,0.59,Srinagar
13782,11,2017,11-2017,90 Days,9.79,Gandhinagar
13784,9,2017,9-2017,24 Months and more,1.40,Mumbai
13785,4,2018,4-2018,12 Months,3.53,Ranchi
13786,1,2017,1-2017,90 Days,1.40,Pune
13787,9,2017,9-2017,6 Month,8.39,Bengaluru
13788,5,2018,5-2018,12 Months,1.77,Ranchi
13789,5,2017,5-2017,30 Days,4.12,Aurangabad
13792,7,2018,7-2018,12 Months,1.18,Pune
13794,5,2017,5-2017,12 Months,0.59,Mumbai
13796,11,2018,11-2018,24 Months and more,5.30,Pune
13798,5,2018,5-2018,6 Month,1.40,Delhi
13799,12,2017,12-2017,30 Days,7.07,Bhopal
13800,3,2018,3-2018,12 Months,7.07,Bengaluru
13803,9,2018,9-2018,6 Month,1.77,Nagpur
13804,11,2017,11-2017,90 Days,2.94,Shillong
13807,12,2017,12-2017,6 Month,1.18,Gandhinagar
13808,10,2017,10-2017,6 Month,5.30,Pune
13809,8,2017,8-2017,90 Days,5.59,Aurangabad
13810,11,2018,11-2018,30 Days,2.94,Gandhinagar
13812,5,2017,5-2017,24 Months and more,2.80,Jaipur
13813,3,2018,3-2018,90 Days,4.20,Jaipur
13814,1,2018,1-2018,30 Days,12.59,Bhopal
13816,3,2018,3-2018,30 Days,2.94,Bengaluru
13817,12,2017,12-2017,60 Days,1.77,Ranchi
13818,5,2017,5-2017,24 Months and more,1.18,Chandigarh
13820,2,2018,2-2018,12 Months,6.48,Srinagar
13821,7,2018,7-2018,60 Days,1.18,Chandigarh
13822,8,2017,8-2017,90 Days,10.60,Shillong
13823,7,2017,7-2017,12 Months,2.36,Srinagar
13825,3,2017,3-2017,12 Months,13.98,Nasik
13826,8,2018,8-2018,12 Months,5.89,Ranchi
13827,6,2018,6-2018,6 Month,2.36,Aurangabad
13828,3,2018,3-2018,60 Days,6.99,Chennai
13829,6,2017,6-2017,24 Months and more,6.48,Shillong
13832,3,2018,3-2018,12 Months,13.98,Nasik
13833,11,2017,11-2017,60 Days,0.59,Pune
13834,1,2018,1-2018,12 Months,3.53,Delhi
13835,3,2018,3-2018,60 Days,11.19,Aurangabad
13836,8,2017,8-2017,12 Months,16.78,Ranchi
13837,12,2017,12-2017,30 Days,4.20,Jaipur
13838,1,2017,1-2017,30 Days,7.07,Bengaluru
13839,12,2018,12-2018,60 Days,0.59,Delhi
13840,10,2017,10-2017,90 Days,1.77,Nasik
13841,3,2018,3-2018,6 Month,4.71,Nasik
13844,6,2018,6-2018,6 Month,2.36,Bhopal
13845,12,2017,12-2017,90 Days,5.59,Bengaluru
13846,11,2017,11-2017,30 Days,3.53,Srinagar
13847,7,2017,7-2017,24 Months and more,1.77,Gandhinagar
13849,1,2018,1-2018,90 Days,7.07,Delhi
13850,7,2018,7-2018,12 Months,2.80,Jaipur
13852,2,2018,2-2018,30 Days,6.48,Bhopal
13855,11,2018,11-2018,6 Month,4.71,Chandigarh
13856,1,2017,1-2017,6 Month,3.53,Chandigarh
13859,12,2017,12-2017,24 Months and more,6.99,Mumbai
13861,9,2018,9-2018,24 Months and more,2.94,Bhopal
13862,9,2018,9-2018,24 Months and more,7.07,Nasik
13864,7,2017,7-2017,6 Month,9.79,Nagpur
13866,2,2018,2-2018,30 Days,5.59,Nagpur
13867,12,2018,12-2018,30 Days,4.71,Ranchi
13868,11,2018,11-2018,6 Month,3.53,Srinagar
13869,1,2017,1-2017,90 Days,2.80,Aurangabad
13870,4,2017,4-2017,30 Days,15.38,Nasik
13871,7,2017,7-2017,60 Days,1.18,Bhopal
13875,9,2018,9-2018,90 Days,2.94,Aurangabad
13877,7,2018,7-2018,30 Days,3.53,Jaipur
13879,2,2018,2-2018,60 Days,4.12,Delhi
13880,10,2018,10-2018,24 Months and more,2.94,Srinagar
13881,10,2018,10-2018,90 Days,11.78,Pune
13883,9,2017,9-2017,24 Months and more,5.89,Aurangabad
13884,10,2017,10-2017,90 Days,4.12,Jaipur
13885,8,2018,8-2018,12 Months,6.48,Jaipur
13886,9,2017,9-2017,90 Days,2.94,Bhopal
13887,6,2017,6-2017,6 Month,13.98,Shillong
13888,5,2017,5-2017,12 Months,1.18,Gandhinagar
13890,9,2017,9-2017,24 Months and more,4.71,Pune
13894,4,2018,4-2018,12 Months,4.71,Bengaluru
13895,5,2018,5-2018,12 Months,8.39,Aurangabad
13897,1,2018,1-2018,12 Months,15.38,Nagpur
13898,3,2017,3-2017,6 Month,3.53,Nasik
13901,7,2018,7-2018,30 Days,11.19,Chennai
13903,9,2018,9-2018,24 Months and more,2.36,Aurangabad
13904,2,2018,2-2018,24 Months and more,3.53,Aurangabad
13906,5,2018,5-2018,24 Months and more,2.94,Chandigarh
13909,3,2018,3-2018,60 Days,12.95,Delhi
13910,4,2017,4-2017,30 Days,7.07,Shillong
13912,1,2018,1-2018,90 Days,13.98,Jaipur
13914,1,2018,1-2018,24 Months and more,3.53,Mumbai
13915,11,2017,11-2017,12 Months,4.71,Gandhinagar
13917,12,2018,12-2018,12 Months,3.53,Ranchi
13918,6,2017,6-2017,6 Month,1.77,Chennai
13925,3,2017,3-2017,24 Months and more,3.53,Nagpur
13927,4,2018,4-2018,12 Months,1.40,Pune
13929,3,2017,3-2017,60 Days,9.79,Pune
13930,1,2017,1-2017,90 Days,1.77,Srinagar
13931,4,2018,4-2018,12 Months,9.79,Chennai
13932,3,2017,3-2017,30 Days,2.80,Shillong
13933,4,2017,4-2017,6 Month,12.59,Ranchi
13936,1,2018,1-2018,90 Days,4.71,Jaipur
13938,5,2017,5-2017,60 Days,4.12,Gandhinagar
13939,6,2018,6-2018,24 Months and more,7.07,Chandigarh
13940,10,2018,10-2018,6 Month,4.71,Nasik
13942,11,2017,11-2017,60 Days,4.12,Srinagar
13943,2,2017,2-2017,24 Months and more,13.98,Nasik
13946,10,2018,10-2018,90 Days,1.77,Chennai
13947,3,2018,3-2018,90 Days,5.30,Ranchi
13948,2,2018,2-2018,24 Months and more,9.79,Delhi
13950,4,2017,4-2017,30 Days,2.36,Gandhinagar
13951,9,2017,9-2017,90 Days,4.20,Chennai
13953,4,2017,4-2017,90 Days,13.98,Ranchi
13954,12,2018,12-2018,60 Days,1.18,Mumbai
13955,8,2018,8-2018,12 Months,11.19,Nasik
13957,5,2017,5-2017,6 Month,2.36,Srinagar
13958,6,2017,6-2017,30 Days,16.78,Srinagar
13959,8,2017,8-2017,90 Days,3.53,Mumbai
13961,5,2018,5-2018,6 Month,11.19,Delhi
13962,5,2018,5-2018,24 Months and more,4.12,Delhi
13963,11,2017,11-2017,30 Days,5.59,Srinagar
13964,6,2017,6-2017,60 Days,6.48,Shillong
13965,9,2018,9-2018,24 Months and more,12.59,Aurangabad
13966,10,2018,10-2018,60 Days,12.59,Chennai
13967,5,2017,5-2017,24 Months and more,8.39,Ranchi
13968,12,2017,12-2017,30 Days,0.59,Bhopal
13970,7,2018,7-2018,90 Days,13.98,Ranchi
13971,2,2017,2-2017,30 Days,6.99,Gandhinagar
13972,12,2018,12-2018,30 Days,5.30,Bhopal
13973,5,2017,5-2017,12 Months,5.59,Nagpur
13974,6,2018,6-2018,30 Days,4.71,Nagpur
13975,1,2017,1-2017,6 Month,6.48,Mumbai
13976,6,2017,6-2017,12 Months,6.99,Bhopal
13977,6,2017,6-2017,90 Days,1.77,Aurangabad
13980,9,2018,9-2018,90 Days,2.94,Pune
13981,11,2017,11-2017,30 Days,2.80,Mumbai
13982,8,2018,8-2018,30 Days,3.53,Srinagar
13983,1,2018,1-2018,60 Days,7.07,Shillong
13986,8,2017,8-2017,12 Months,5.59,Chandigarh
13988,4,2017,4-2017,6 Month,4.71,Chennai
13989,11,2018,11-2018,60 Days,5.30,Aurangabad
13990,6,2017,6-2017,30 Days,2.36,Pune
13992,12,2018,12-2018,12 Months,0.59,Aurangabad
13993,5,2017,5-2017,60 Days,7.07,Gandhinagar
13995,11,2018,11-2018,6 Month,3.53,Chandigarh
13996,10,2017,10-2017,60 Days,1.40,Mumbai
13998,5,2017,5-2017,60 Days,2.94,Pune
14000,10,2017,10-2017,30 Days,0.59,Nasik
14001,8,2017,8-2017,60 Days,6.48,Ranchi
14002,9,2018,9-2018,60 Days,7.07,Bhopal
14004,5,2017,5-2017,12 Months,5.30,Gandhinagar
14010,7,2018,7-2018,24 Months and more,1.18,Srinagar
14011,10,2017,10-2017,24 Months and more,1.18,Ranchi
14012,7,2017,7-2017,6 Month,16.78,Ranchi
14013,5,2018,5-2018,24 Months and more,8.39,Jaipur
14014,3,2018,3-2018,60 Days,12.59,Bengaluru
14018,9,2018,9-2018,24 Months and more,8.39,Delhi
14020,9,2017,9-2017,60 Days,9.79,Nasik
14021,3,2018,3-2018,60 Days,9.42,Srinagar
14022,8,2017,8-2017,90 Days,2.94,Aurangabad
14024,4,2017,4-2017,90 Days,5.59,Nagpur
14025,10,2018,10-2018,30 Days,5.30,Nagpur
14026,7,2018,7-2018,24 Months and more,4.20,Pune
14028,11,2017,11-2017,30 Days,2.94,Chennai
14029,3,2017,3-2017,90 Days,16.78,Ranchi
14031,11,2017,11-2017,90 Days,15.38,Aurangabad
14033,1,2017,1-2017,30 Days,1.40,Nasik
14036,9,2017,9-2017,30 Days,5.30,Chandigarh
14038,6,2017,6-2017,30 Days,1.40,Ranchi
14039,9,2018,9-2018,12 Months,4.20,Pune
14040,12,2018,12-2018,24 Months and more,1.77,Aurangabad
14041,8,2017,8-2017,90 Days,10.60,Nagpur
14044,8,2018,8-2018,24 Months and more,10.60,Bhopal
14045,11,2017,11-2017,24 Months and more,4.20,Bhopal
14047,4,2018,4-2018,24 Months and more,3.53,Nagpur
14048,10,2017,10-2017,30 Days,2.94,Chandigarh
14049,11,2018,11-2018,6 Month,4.20,Aurangabad
14050,6,2017,6-2017,6 Month,11.19,Bengaluru
14051,7,2017,7-2017,24 Months and more,7.07,Srinagar
14052,6,2018,6-2018,6 Month,2.80,Nagpur
14054,1,2017,1-2017,30 Days,7.07,Chandigarh
14055,12,2017,12-2017,24 Months and more,8.39,Nasik
14057,4,2018,4-2018,6 Month,1.77,Mumbai
14058,5,2018,5-2018,30 Days,8.39,Srinagar
14061,8,2018,8-2018,60 Days,6.48,Srinagar
14062,3,2017,3-2017,60 Days,2.94,Bhopal
14063,9,2017,9-2017,60 Days,2.36,Srinagar
14064,5,2018,5-2018,24 Months and more,4.71,Chennai
14066,4,2017,4-2017,12 Months,2.36,Jaipur
14067,10,2017,10-2017,24 Months and more,2.36,Srinagar
14068,4,2018,4-2018,30 Days,8.39,Mumbai
14069,5,2017,5-2017,24 Months and more,11.19,Nasik
14073,8,2017,8-2017,90 Days,12.59,Nagpur
14074,1,2018,1-2018,6 Month,5.89,Bengaluru
14077,3,2017,3-2017,24 Months and more,4.71,Pune
14078,12,2017,12-2017,60 Days,5.30,Mumbai
14079,11,2017,11-2017,90 Days,5.89,Nasik
14080,8,2017,8-2017,90 Days,8.39,Srinagar
14081,11,2018,11-2018,6 Month,4.71,Shillong
14082,1,2018,1-2018,12 Months,0.59,Ranchi
14083,1,2017,1-2017,60 Days,5.30,Chennai
14084,4,2017,4-2017,6 Month,5.59,Nagpur
14085,4,2018,4-2018,12 Months,16.78,Mumbai
14087,6,2017,6-2017,6 Month,6.99,Gandhinagar
14088,2,2017,2-2017,90 Days,7.07,Nasik
14089,2,2018,2-2018,6 Month,5.30,Ranchi
14090,12,2018,12-2018,60 Days,4.71,Chandigarh
14091,12,2017,12-2017,60 Days,1.77,Aurangabad
14092,7,2018,7-2018,12 Months,4.71,Jaipur
14093,4,2018,4-2018,90 Days,6.99,Nasik
14094,5,2017,5-2017,90 Days,4.12,Bengaluru
14096,2,2017,2-2017,24 Months and more,12.59,Bhopal
14097,1,2018,1-2018,6 Month,2.36,Pune
14100,2,2018,2-2018,12 Months,5.89,Nagpur
14101,3,2018,3-2018,30 Days,2.80,Nasik
14102,3,2018,3-2018,90 Days,4.12,Pune
14103,7,2018,7-2018,6 Month,15.38,Ranchi
14104,8,2018,8-2018,90 Days,2.36,Gandhinagar
14105,7,2017,7-2017,30 Days,8.24,Chandigarh
14108,1,2017,1-2017,30 Days,4.71,Srinagar
14110,6,2018,6-2018,6 Month,16.78,Nagpur
14111,4,2017,4-2017,60 Days,15.38,Shillong
14112,6,2017,6-2017,6 Month,6.48,Ranchi
14114,12,2017,12-2017,90 Days,1.18,Chandigarh
14116,2,2017,2-2017,90 Days,11.19,Nasik
14117,10,2018,10-2018,60 Days,3.53,Chennai
14118,12,2018,12-2018,6 Month,4.12,Chandigarh
14119,12,2018,12-2018,12 Months,5.89,Bengaluru
14120,6,2018,6-2018,24 Months and more,5.59,Gandhinagar
14122,3,2018,3-2018,30 Days,11.78,Bhopal
14123,8,2017,8-2017,90 Days,2.94,Chennai
14125,3,2017,3-2017,30 Days,1.77,Nasik
14128,11,2018,11-2018,12 Months,2.94,Nagpur
14133,12,2017,12-2017,6 Month,9.42,Gandhinagar
14134,11,2017,11-2017,60 Days,3.53,Pune
14135,8,2017,8-2017,60 Days,5.30,Bhopal
14136,4,2018,4-2018,60 Days,11.19,Aurangabad
14137,2,2018,2-2018,24 Months and more,13.98,Shillong
14139,7,2018,7-2018,12 Months,11.19,Pune
14143,10,2017,10-2017,12 Months,16.78,Srinagar
14144,9,2017,9-2017,60 Days,12.59,Bhopal
14145,11,2017,11-2017,90 Days,0.59,Delhi
14146,12,2018,12-2018,6 Month,5.89,Nasik
14147,10,2017,10-2017,6 Month,5.89,Pune
14148,5,2018,5-2018,6 Month,12.59,Delhi
14150,5,2017,5-2017,60 Days,4.12,Bengaluru
14151,5,2017,5-2017,60 Days,12.95,Bengaluru
14153,10,2018,10-2018,90 Days,13.98,Chennai
14154,9,2017,9-2017,12 Months,16.78,Srinagar
14155,5,2018,5-2018,24 Months and more,1.77,Bhopal
14156,10,2017,10-2017,90 Days,11.19,Nasik
14158,6,2018,6-2018,24 Months and more,11.19,Nagpur
14161,6,2017,6-2017,24 Months and more,1.77,Ranchi
14163,8,2018,8-2018,24 Months and more,6.99,Chandigarh
14164,12,2017,12-2017,6 Month,1.77,Nagpur
14169,9,2018,9-2018,24 Months and more,2.36,Bengaluru
14170,7,2018,7-2018,12 Months,12.59,Aurangabad
14171,6,2018,6-2018,30 Days,5.59,Aurangabad
14172,3,2018,3-2018,24 Months and more,5.30,Nagpur
14173,9,2017,9-2017,30 Days,1.77,Mumbai
14176,9,2017,9-2017,60 Days,6.99,Nagpur
14177,12,2017,12-2017,90 Days,4.12,Pune
14178,6,2017,6-2017,12 Months,5.59,Nagpur
14181,1,2017,1-2017,24 Months and more,6.99,Nasik
14182,4,2017,4-2017,12 Months,12.59,Pune
14184,7,2017,7-2017,12 Months,2.94,Jaipur
14185,11,2018,11-2018,12 Months,1.77,Ranchi
14186,11,2018,11-2018,60 Days,2.94,Aurangabad
14188,9,2018,9-2018,24 Months and more,4.71,Nasik
14189,4,2017,4-2017,24 Months and more,16.78,Shillong
14190,6,2018,6-2018,6 Month,4.20,Jaipur
14191,10,2017,10-2017,6 Month,8.39,Aurangabad
14193,5,2017,5-2017,90 Days,2.80,Bhopal
14194,4,2017,4-2017,30 Days,2.36,Shillong
14195,9,2018,9-2018,30 Days,1.18,Chandigarh
14196,8,2018,8-2018,24 Months and more,1.18,Nasik
14197,11,2018,11-2018,24 Months and more,1.18,Mumbai
14198,4,2018,4-2018,60 Days,0.59,Mumbai
14199,4,2018,4-2018,12 Months,2.36,Nagpur
14200,3,2017,3-2017,24 Months and more,5.30,Nagpur
14201,8,2018,8-2018,6 Month,6.48,Aurangabad
14203,1,2017,1-2017,30 Days,4.12,Nasik
14206,8,2017,8-2017,6 Month,15.38,Shillong
14207,5,2017,5-2017,60 Days,1.18,Aurangabad
14209,8,2017,8-2017,60 Days,13.98,Bhopal
14213,8,2017,8-2017,30 Days,4.71,Mumbai
14216,3,2018,3-2018,24 Months and more,12.95,Delhi
14217,11,2018,11-2018,6 Month,2.80,Ranchi
14218,12,2018,12-2018,24 Months and more,5.30,Nasik
14220,2,2017,2-2017,60 Days,1.77,Ranchi
14221,11,2017,11-2017,6 Month,4.71,Chennai
14222,9,2017,9-2017,12 Months,2.80,Bengaluru
14223,10,2017,10-2017,60 Days,1.40,Delhi
14224,10,2017,10-2017,30 Days,3.53,Nagpur
14225,7,2018,7-2018,6 Month,1.77,Pune
14226,5,2018,5-2018,90 Days,12.59,Bhopal
14227,3,2017,3-2017,12 Months,14.13,Chandigarh
14229,11,2018,11-2018,60 Days,13.98,Chennai
14231,8,2017,8-2017,6 Month,12.95,Shillong
14232,1,2017,1-2017,12 Months,11.78,Jaipur
14235,8,2018,8-2018,24 Months and more,1.18,Pune
14238,5,2018,5-2018,24 Months and more,5.30,Chennai
14239,3,2017,3-2017,12 Months,2.36,Jaipur
14240,1,2018,1-2018,60 Days,4.12,Jaipur
14241,12,2017,12-2017,90 Days,0.59,Nasik
14243,8,2018,8-2018,90 Days,12.95,Chandigarh
14244,2,2017,2-2017,12 Months,1.40,Chennai
14245,10,2017,10-2017,12 Months,13.98,Jaipur
14248,10,2017,10-2017,90 Days,2.36,Pune
14249,5,2017,5-2017,30 Days,5.89,Chennai
14251,4,2017,4-2017,6 Month,2.80,Mumbai
14252,2,2017,2-2017,12 Months,6.48,Mumbai
14255,12,2018,12-2018,24 Months and more,15.38,Aurangabad
14256,11,2018,11-2018,24 Months and more,6.48,Bengaluru
14257,11,2018,11-2018,90 Days,8.39,Chennai
14258,3,2017,3-2017,90 Days,1.18,Srinagar
14259,10,2018,10-2018,12 Months,6.48,Chennai
14260,7,2018,7-2018,30 Days,11.19,Delhi
14263,4,2017,4-2017,6 Month,15.38,Aurangabad
14264,8,2018,8-2018,30 Days,9.79,Ranchi
14266,8,2018,8-2018,24 Months and more,12.59,Aurangabad
14267,5,2018,5-2018,90 Days,2.36,Srinagar
14268,11,2017,11-2017,12 Months,9.42,Chennai
14270,9,2017,9-2017,30 Days,5.59,Srinagar
14271,8,2017,8-2017,90 Days,6.99,Mumbai
14273,11,2017,11-2017,60 Days,1.77,Jaipur
14274,12,2018,12-2018,30 Days,6.48,Delhi
14276,4,2018,4-2018,12 Months,5.89,Gandhinagar
14277,12,2018,12-2018,6 Month,4.20,Chennai
14278,8,2018,8-2018,24 Months and more,13.98,Jaipur
14279,1,2018,1-2018,90 Days,9.79,Bhopal
14281,10,2017,10-2017,12 Months,2.80,Aurangabad
14283,3,2017,3-2017,24 Months and more,4.71,Shillong
14284,2,2018,2-2018,12 Months,5.89,Shillong
14285,2,2017,2-2017,60 Days,6.99,Ranchi
14286,4,2017,4-2017,90 Days,15.38,Ranchi
14287,9,2017,9-2017,30 Days,11.19,Chandigarh
14291,6,2017,6-2017,30 Days,0.59,Ranchi
14292,3,2018,3-2018,24 Months and more,3.53,Mumbai
14293,9,2018,9-2018,6 Month,6.48,Bengaluru
14295,4,2017,4-2017,90 Days,2.80,Nasik
14296,12,2018,12-2018,60 Days,9.42,Bengaluru
14297,9,2017,9-2017,90 Days,6.48,Nasik
14299,9,2018,9-2018,30 Days,11.19,Ranchi
14301,5,2018,5-2018,24 Months and more,6.48,Bhopal
14303,9,2018,9-2018,12 Months,9.42,Chennai
14304,9,2018,9-2018,90 Days,6.48,Chandigarh
14306,6,2018,6-2018,30 Days,1.40,Srinagar
14308,6,2018,6-2018,90 Days,7.07,Jaipur
14310,11,2017,11-2017,60 Days,4.71,Gandhinagar
14311,2,2017,2-2017,60 Days,11.19,Mumbai
14312,9,2018,9-2018,90 Days,5.30,Ranchi
14314,4,2017,4-2017,12 Months,4.20,Mumbai
14316,2,2018,2-2018,12 Months,2.36,Ranchi
14318,5,2017,5-2017,90 Days,11.19,Bhopal
14319,10,2017,10-2017,90 Days,16.78,Srinagar
14320,12,2017,12-2017,60 Days,7.07,Aurangabad
14321,7,2017,7-2017,24 Months and more,7.07,Srinagar
14322,4,2017,4-2017,6 Month,3.53,Ranchi
14323,4,2018,4-2018,6 Month,2.36,Shillong
14324,8,2017,8-2017,90 Days,3.53,Jaipur
14326,3,2018,3-2018,6 Month,2.80,Aurangabad
14327,11,2018,11-2018,12 Months,8.24,Jaipur
14329,5,2018,5-2018,6 Month,2.36,Shillong
14330,2,2018,2-2018,12 Months,5.30,Srinagar
14332,6,2017,6-2017,60 Days,5.30,Nasik
14335,9,2018,9-2018,90 Days,3.53,Pune
14336,5,2017,5-2017,60 Days,2.94,Gandhinagar
14337,1,2018,1-2018,60 Days,5.59,Bengaluru
14340,11,2017,11-2017,6 Month,6.99,Ranchi
14341,4,2017,4-2017,6 Month,5.59,Jaipur
14342,6,2017,6-2017,90 Days,2.94,Bhopal
14344,5,2018,5-2018,24 Months and more,6.48,Mumbai
14345,7,2018,7-2018,90 Days,3.53,Ranchi
14346,11,2017,11-2017,90 Days,12.59,Delhi
14347,8,2018,8-2018,24 Months and more,1.77,Chennai
14348,7,2018,7-2018,90 Days,6.99,Chandigarh
14350,3,2017,3-2017,6 Month,3.53,Nagpur
14351,8,2018,8-2018,90 Days,11.19,Srinagar
14353,3,2018,3-2018,6 Month,13.98,Gandhinagar
14354,3,2018,3-2018,30 Days,2.94,Mumbai
14355,4,2018,4-2018,90 Days,4.20,Nasik
14356,12,2018,12-2018,24 Months and more,0.59,Delhi
14357,10,2018,10-2018,60 Days,2.36,Jaipur
14358,9,2018,9-2018,30 Days,9.79,Nasik
14360,12,2017,12-2017,6 Month,6.99,Mumbai
14361,8,2017,8-2017,30 Days,7.07,Shillong
14362,7,2018,7-2018,24 Months and more,2.36,Jaipur
14363,2,2018,2-2018,60 Days,6.99,Nasik
14365,9,2017,9-2017,12 Months,3.53,Ranchi
14366,10,2017,10-2017,24 Months and more,16.78,Bengaluru
14367,12,2018,12-2018,60 Days,13.98,Gandhinagar
14368,12,2018,12-2018,12 Months,1.18,Ranchi
14369,3,2017,3-2017,6 Month,12.59,Nasik
14371,10,2018,10-2018,30 Days,16.78,Nagpur
14372,5,2018,5-2018,90 Days,2.94,Srinagar
14373,3,2018,3-2018,24 Months and more,14.13,Nagpur
14374,5,2018,5-2018,24 Months and more,1.77,Jaipur
14375,12,2018,12-2018,6 Month,14.13,Aurangabad
14376,9,2017,9-2017,24 Months and more,6.48,Ranchi
14377,3,2018,3-2018,12 Months,12.59,Pune
14379,7,2017,7-2017,24 Months and more,4.12,Shillong
14382,6,2018,6-2018,24 Months and more,7.07,Nagpur
14383,2,2017,2-2017,90 Days,7.07,Delhi
14384,9,2017,9-2017,30 Days,12.59,Pune
14389,11,2017,11-2017,60 Days,6.48,Gandhinagar
14390,11,2017,11-2017,30 Days,2.94,Mumbai
14391,10,2018,10-2018,90 Days,1.77,Shillong
14392,11,2017,11-2017,90 Days,4.20,Chennai
14393,3,2017,3-2017,6 Month,13.98,Nasik
14394,6,2018,6-2018,6 Month,2.36,Srinagar
14396,11,2017,11-2017,24 Months and more,8.39,Ranchi
14397,11,2018,11-2018,90 Days,4.12,Delhi
14398,4,2018,4-2018,30 Days,5.30,Ranchi
14399,11,2018,11-2018,30 Days,4.12,Bhopal
14402,10,2018,10-2018,24 Months and more,4.20,Bengaluru
14404,9,2017,9-2017,90 Days,16.78,Bhopal
14405,4,2017,4-2017,6 Month,4.12,Gandhinagar
14407,11,2017,11-2017,60 Days,4.71,Jaipur
14408,5,2017,5-2017,30 Days,1.77,Mumbai
14411,10,2017,10-2017,90 Days,6.99,Srinagar
14412,7,2017,7-2017,12 Months,5.89,Aurangabad
14413,9,2018,9-2018,12 Months,4.71,Aurangabad
14414,10,2018,10-2018,24 Months and more,10.60,Mumbai
14415,4,2017,4-2017,24 Months and more,2.80,Bhopal
14418,8,2018,8-2018,12 Months,13.98,Delhi
14419,7,2018,7-2018,12 Months,5.89,Srinagar
14421,6,2018,6-2018,12 Months,8.39,Jaipur
14422,3,2018,3-2018,90 Days,6.48,Mumbai
14423,2,2018,2-2018,24 Months and more,1.40,Bengaluru
14425,12,2017,12-2017,12 Months,3.53,Mumbai
14427,5,2017,5-2017,6 Month,2.36,Nagpur
14428,8,2017,8-2017,30 Days,5.89,Delhi
14429,2,2017,2-2017,60 Days,2.94,Bengaluru
14432,2,2018,2-2018,24 Months and more,7.07,Chandigarh
14433,10,2017,10-2017,30 Days,1.40,Nagpur
14435,7,2017,7-2017,90 Days,1.77,Nasik
14438,9,2017,9-2017,30 Days,4.71,Bhopal
14440,11,2018,11-2018,90 Days,2.36,Pune
14441,3,2018,3-2018,24 Months and more,8.39,Pune
14442,7,2017,7-2017,24 Months and more,7.07,Shillong
14443,5,2018,5-2018,30 Days,6.48,Jaipur
14445,10,2017,10-2017,6 Month,11.19,Chandigarh
14446,2,2017,2-2017,60 Days,6.99,Chandigarh
14448,3,2018,3-2018,24 Months and more,8.39,Jaipur
14449,6,2018,6-2018,12 Months,3.53,Nagpur
14450,11,2018,11-2018,30 Days,2.80,Jaipur
14451,3,2018,3-2018,90 Days,6.48,Chennai
14453,8,2018,8-2018,24 Months and more,2.80,Aurangabad
14454,2,2018,2-2018,60 Days,12.59,Srinagar
14455,6,2018,6-2018,24 Months and more,0.59,Gandhinagar
14456,6,2018,6-2018,30 Days,1.18,Delhi
14457,12,2017,12-2017,24 Months and more,4.71,Srinagar
14458,1,2018,1-2018,6 Month,5.59,Delhi
14459,5,2017,5-2017,12 Months,5.59,Bengaluru
14460,6,2017,6-2017,6 Month,2.36,Ranchi
14464,2,2017,2-2017,24 Months and more,4.71,Shillong
14465,8,2017,8-2017,12 Months,5.30,Chennai
14466,6,2018,6-2018,6 Month,3.53,Ranchi
14467,12,2017,12-2017,12 Months,2.36,Chennai
14469,9,2018,9-2018,24 Months and more,4.71,Nagpur
14470,7,2017,7-2017,30 Days,1.18,Nasik
14472,7,2018,7-2018,6 Month,5.30,Mumbai
14474,4,2017,4-2017,6 Month,7.07,Srinagar
14475,8,2017,8-2017,12 Months,4.20,Chennai
14476,10,2018,10-2018,6 Month,5.89,Jaipur
14478,6,2017,6-2017,60 Days,15.38,Nagpur
14481,5,2017,5-2017,60 Days,16.78,Srinagar
14483,5,2017,5-2017,90 Days,16.78,Aurangabad
14484,9,2017,9-2017,30 Days,9.42,Gandhinagar
14487,12,2018,12-2018,90 Days,5.89,Nagpur
14494,6,2017,6-2017,90 Days,2.94,Chandigarh
14495,6,2018,6-2018,24 Months and more,1.18,Nasik
14496,1,2017,1-2017,30 Days,5.89,Jaipur
14498,7,2017,7-2017,6 Month,11.78,Mumbai
14499,4,2017,4-2017,30 Days,5.59,Nasik
14500,2,2018,2-2018,24 Months and more,11.19,Ranchi
14501,3,2018,3-2018,12 Months,11.19,Aurangabad
14502,2,2017,2-2017,60 Days,6.99,Delhi
14503,9,2018,9-2018,6 Month,6.48,Jaipur
14504,7,2017,7-2017,24 Months and more,1.18,Nagpur
14506,4,2018,4-2018,24 Months and more,1.18,Chennai
14507,3,2018,3-2018,30 Days,2.36,Pune
14509,1,2017,1-2017,90 Days,1.40,Shillong
14512,12,2018,12-2018,90 Days,4.71,Ranchi
14513,12,2017,12-2017,60 Days,12.59,Bengaluru
14514,11,2017,11-2017,60 Days,1.18,Chandigarh
14515,6,2018,6-2018,30 Days,3.53,Srinagar
14516,12,2017,12-2017,6 Month,9.79,Srinagar
14517,4,2018,4-2018,6 Month,10.60,Shillong
14518,2,2018,2-2018,12 Months,2.36,Nasik
14520,8,2017,8-2017,12 Months,5.89,Nagpur
14522,8,2018,8-2018,90 Days,4.12,Bengaluru
14523,10,2018,10-2018,6 Month,1.40,Pune
14525,8,2018,8-2018,24 Months and more,8.39,Chandigarh
14526,9,2017,9-2017,30 Days,15.38,Nasik
14527,4,2018,4-2018,90 Days,8.39,Pune
14529,7,2017,7-2017,90 Days,2.36,Shillong
14530,8,2017,8-2017,6 Month,9.79,Srinagar
14535,5,2018,5-2018,60 Days,4.12,Nagpur
14536,8,2018,8-2018,24 Months and more,2.94,Delhi
14537,3,2017,3-2017,90 Days,2.80,Mumbai
14539,7,2017,7-2017,6 Month,5.89,Srinagar
14540,3,2018,3-2018,60 Days,0.59,Delhi
14541,6,2018,6-2018,30 Days,4.20,Nagpur
14542,11,2018,11-2018,6 Month,4.12,Chandigarh
14544,4,2017,4-2017,60 Days,13.98,Delhi
14547,5,2018,5-2018,6 Month,5.59,Mumbai
14548,9,2018,9-2018,6 Month,7.07,Bhopal
14550,12,2018,12-2018,24 Months and more,1.18,Srinagar
14551,8,2018,8-2018,24 Months and more,7.07,Nasik
14554,1,2018,1-2018,30 Days,4.20,Mumbai
14556,4,2017,4-2017,90 Days,7.07,Bhopal
14557,4,2017,4-2017,90 Days,1.18,Jaipur
14558,8,2018,8-2018,30 Days,9.79,Bengaluru
14559,7,2018,7-2018,60 Days,7.07,Mumbai
14560,12,2017,12-2017,60 Days,1.40,Delhi
14562,9,2018,9-2018,24 Months and more,5.30,Pune
14563,4,2017,4-2017,6 Month,5.30,Jaipur
14564,2,2018,2-2018,24 Months and more,13.98,Chennai
14565,4,2018,4-2018,24 Months and more,11.78,Shillong
14567,8,2017,8-2017,30 Days,4.71,Gandhinagar
14570,12,2017,12-2017,60 Days,4.20,Srinagar
14572,3,2018,3-2018,12 Months,2.94,Aurangabad
14573,9,2018,9-2018,24 Months and more,4.71,Nasik
14578,12,2018,12-2018,60 Days,7.07,Srinagar
14579,11,2018,11-2018,6 Month,1.77,Mumbai
14580,7,2018,7-2018,90 Days,4.12,Chennai
14582,8,2017,8-2017,6 Month,12.59,Ranchi
14583,8,2018,8-2018,30 Days,1.18,Jaipur
14589,3,2018,3-2018,60 Days,12.59,Gandhinagar
14590,10,2017,10-2017,24 Months and more,6.99,Nasik
14591,11,2017,11-2017,12 Months,4.71,Jaipur
14592,11,2017,11-2017,24 Months and more,1.77,Nagpur
14593,9,2018,9-2018,12 Months,5.30,Delhi
14594,10,2018,10-2018,24 Months and more,9.79,Chennai
14595,10,2017,10-2017,30 Days,16.78,Srinagar
14596,6,2017,6-2017,24 Months and more,2.94,Bengaluru
14604,9,2018,9-2018,12 Months,3.53,Aurangabad
14605,1,2017,1-2017,24 Months and more,4.12,Chandigarh
14607,4,2017,4-2017,30 Days,11.78,Ranchi
14609,2,2018,2-2018,6 Month,2.94,Jaipur
14610,1,2018,1-2018,30 Days,5.30,Jaipur
14611,12,2017,12-2017,12 Months,3.53,Nagpur
14612,5,2018,5-2018,12 Months,12.59,Nasik
14615,6,2017,6-2017,6 Month,1.18,Pune
14617,7,2018,7-2018,90 Days,8.24,Shillong
14618,8,2017,8-2017,60 Days,4.71,Pune
14619,2,2017,2-2017,30 Days,1.77,Pune
14620,8,2018,8-2018,12 Months,13.98,Bhopal
14621,6,2018,6-2018,30 Days,12.59,Chandigarh
14622,7,2018,7-2018,90 Days,0.59,Mumbai
14623,11,2018,11-2018,6 Month,8.24,Bengaluru
14624,7,2018,7-2018,30 Days,16.78,Ranchi
14626,9,2018,9-2018,60 Days,8.39,Aurangabad
14628,4,2018,4-2018,24 Months and more,2.36,Aurangabad
14629,2,2017,2-2017,24 Months and more,1.18,Chennai
14630,7,2018,7-2018,60 Days,7.07,Mumbai
14632,12,2017,12-2017,12 Months,11.19,Pune
14633,4,2018,4-2018,90 Days,4.71,Aurangabad
14634,6,2017,6-2017,6 Month,6.48,Ranchi
14635,4,2018,4-2018,90 Days,1.18,Nasik
14636,7,2018,7-2018,24 Months and more,1.77,Ranchi
14637,12,2017,12-2017,60 Days,9.42,Nasik
14638,9,2017,9-2017,30 Days,14.13,Delhi
14639,9,2017,9-2017,12 Months,1.77,Bhopal
14640,6,2018,6-2018,24 Months and more,6.99,Nagpur
14643,9,2018,9-2018,6 Month,1.77,Shillong
14644,12,2018,12-2018,24 Months and more,4.71,Nasik
14645,8,2018,8-2018,12 Months,2.80,Srinagar
14646,1,2017,1-2017,24 Months and more,3.53,Gandhinagar
14647,3,2017,3-2017,60 Days,4.12,Bhopal
14648,10,2017,10-2017,12 Months,7.07,Chennai
14649,5,2017,5-2017,90 Days,4.12,Chandigarh
14650,1,2017,1-2017,24 Months and more,2.80,Pune
14652,4,2017,4-2017,12 Months,9.79,Nagpur
14653,2,2018,2-2018,30 Days,1.40,Nagpur
14654,3,2018,3-2018,30 Days,13.98,Gandhinagar
14655,10,2018,10-2018,90 Days,11.19,Aurangabad
14656,11,2017,11-2017,90 Days,9.79,Srinagar
14657,3,2017,3-2017,12 Months,11.78,Srinagar
14658,4,2018,4-2018,24 Months and more,8.24,Pune
14659,10,2017,10-2017,6 Month,11.19,Nasik
14661,8,2018,8-2018,90 Days,2.94,Aurangabad
14662,9,2018,9-2018,60 Days,8.24,Chennai
14663,5,2018,5-2018,60 Days,9.79,Nasik
14664,11,2017,11-2017,24 Months and more,0.59,Jaipur
14665,9,2017,9-2017,12 Months,1.40,Delhi
14670,7,2017,7-2017,30 Days,7.07,Pune
14671,5,2017,5-2017,90 Days,15.38,Chandigarh
14673,8,2017,8-2017,12 Months,14.13,Chennai
14674,10,2018,10-2018,60 Days,1.18,Delhi
14675,7,2017,7-2017,60 Days,1.40,Chennai
14676,6,2018,6-2018,6 Month,5.89,Chandigarh
14677,6,2018,6-2018,60 Days,4.71,Bengaluru
14679,10,2017,10-2017,6 Month,1.77,Delhi
14680,12,2018,12-2018,12 Months,7.07,Srinagar
14682,10,2017,10-2017,12 Months,15.38,Nasik
14683,10,2017,10-2017,24 Months and more,2.94,Mumbai
14684,8,2018,8-2018,6 Month,0.59,Mumbai
14685,2,2018,2-2018,6 Month,4.12,Chennai
14686,6,2018,6-2018,12 Months,9.42,Gandhinagar
14687,3,2018,3-2018,60 Days,5.30,Delhi
14688,1,2018,1-2018,24 Months and more,9.79,Pune
14690,10,2018,10-2018,12 Months,13.98,Shillong
14691,1,2018,1-2018,6 Month,5.30,Bengaluru
14695,8,2017,8-2017,90 Days,16.78,Mumbai
14696,5,2018,5-2018,30 Days,2.80,Bengaluru
14697,8,2018,8-2018,6 Month,5.30,Delhi
14698,12,2018,12-2018,24 Months and more,6.99,Nasik
14701,2,2017,2-2017,60 Days,11.19,Gandhinagar
14702,10,2018,10-2018,24 Months and more,1.77,Chennai
14703,9,2018,9-2018,60 Days,7.07,Shillong
14704,8,2017,8-2017,30 Days,2.36,Bengaluru
14705,7,2017,7-2017,90 Days,5.59,Ranchi
14706,7,2018,7-2018,90 Days,15.38,Chennai
14707,12,2017,12-2017,60 Days,12.59,Bhopal
14714,10,2017,10-2017,12 Months,2.94,Delhi
14716,1,2018,1-2018,60 Days,12.95,Jaipur
14718,6,2017,6-2017,60 Days,9.42,Aurangabad
14719,8,2018,8-2018,60 Days,4.12,Nagpur
14720,3,2017,3-2017,12 Months,4.71,Ranchi
14721,8,2018,8-2018,12 Months,9.42,Bhopal
14722,6,2017,6-2017,24 Months and more,2.36,Pune
14723,12,2018,12-2018,24 Months and more,2.36,Bengaluru
14724,8,2018,8-2018,60 Days,2.36,Pune
14726,8,2018,8-2018,6 Month,2.36,Chandigarh
14728,9,2017,9-2017,24 Months and more,12.59,Ranchi
14730,10,2018,10-2018,6 Month,5.30,Aurangabad
14731,6,2018,6-2018,24 Months and more,2.94,Pune
14732,3,2018,3-2018,60 Days,15.38,Chandigarh
14734,9,2017,9-2017,24 Months and more,15.38,Ranchi
14736,4,2017,4-2017,6 Month,4.20,Gandhinagar
14738,11,2017,11-2017,30 Days,3.53,Srinagar
14739,9,2018,9-2018,60 Days,5.89,Aurangabad
14741,7,2017,7-2017,90 Days,4.12,Ranchi
14744,8,2017,8-2017,60 Days,4.12,Mumbai
14745,7,2018,7-2018,90 Days,2.94,Srinagar
14746,6,2018,6-2018,6 Month,13.98,Delhi
14747,9,2017,9-2017,12 Months,2.80,Chennai
14748,2,2017,2-2017,6 Month,0.59,Shillong
14750,4,2017,4-2017,12 Months,1.40,Bhopal
14751,1,2018,1-2018,60 Days,3.53,Gandhinagar
14752,8,2018,8-2018,30 Days,2.94,Bengaluru
14754,9,2018,9-2018,24 Months and more,5.89,Bhopal
14756,4,2017,4-2017,12 Months,2.36,Bengaluru
14757,6,2018,6-2018,60 Days,6.99,Chennai
14758,10,2018,10-2018,90 Days,15.38,Shillong
14759,3,2017,3-2017,30 Days,5.30,Delhi
14761,8,2018,8-2018,24 Months and more,7.07,Pune
14762,6,2018,6-2018,12 Months,7.07,Pune
14764,11,2017,11-2017,30 Days,9.79,Ranchi
14765,11,2017,11-2017,30 Days,2.94,Pune
14766,5,2018,5-2018,60 Days,7.07,Aurangabad
14771,4,2017,4-2017,30 Days,2.94,Bhopal
14773,5,2017,5-2017,60 Days,3.53,Gandhinagar
14775,8,2017,8-2017,90 Days,2.94,Aurangabad
14777,5,2018,5-2018,24 Months and more,8.39,Pune
14779,10,2018,10-2018,24 Months and more,0.59,Chandigarh
14782,2,2017,2-2017,30 Days,15.38,Nasik
14783,9,2017,9-2017,12 Months,4.20,Jaipur
14784,4,2018,4-2018,24 Months and more,7.07,Ranchi
14786,4,2018,4-2018,6 Month,4.12,Mumbai
14788,7,2017,7-2017,30 Days,4.20,Gandhinagar
14789,9,2018,9-2018,24 Months and more,4.12,Nagpur
14791,4,2017,4-2017,30 Days,7.07,Shillong
14792,10,2017,10-2017,90 Days,2.94,Jaipur
14794,8,2018,8-2018,12 Months,9.42,Pune
14795,7,2017,7-2017,12 Months,3.53,Delhi
14796,8,2018,8-2018,30 Days,3.53,Shillong
14797,7,2017,7-2017,90 Days,0.59,Pune
14798,10,2017,10-2017,90 Days,4.12,Pune
14800,8,2017,8-2017,12 Months,16.78,Jaipur
14802,5,2018,5-2018,12 Months,6.48,Bhopal
14805,9,2018,9-2018,60 Days,5.89,Nasik
14806,5,2017,5-2017,30 Days,6.48,Pune
14808,5,2018,5-2018,6 Month,16.78,Chandigarh
14809,2,2017,2-2017,6 Month,6.48,Srinagar
14810,6,2017,6-2017,90 Days,16.78,Chennai
14812,3,2018,3-2018,60 Days,0.59,Aurangabad
14813,5,2018,5-2018,24 Months and more,9.79,Shillong
14814,8,2018,8-2018,24 Months and more,7.07,Jaipur
14815,2,2018,2-2018,12 Months,5.30,Mumbai
14816,1,2017,1-2017,60 Days,4.20,Nasik
14818,3,2017,3-2017,30 Days,0.59,Srinagar
14819,3,2017,3-2017,90 Days,1.77,Gandhinagar
14821,4,2018,4-2018,90 Days,2.94,Chandigarh
14822,10,2018,10-2018,90 Days,3.53,Shillong
14823,5,2017,5-2017,90 Days,1.18,Mumbai
14824,2,2018,2-2018,30 Days,2.36,Delhi
14825,3,2017,3-2017,60 Days,6.48,Gandhinagar
14826,8,2018,8-2018,90 Days,3.53,Jaipur
14827,11,2018,11-2018,12 Months,2.36,Srinagar
14828,6,2018,6-2018,24 Months and more,1.40,Chandigarh
14831,3,2017,3-2017,24 Months and more,2.94,Srinagar
14832,10,2018,10-2018,24 Months and more,5.30,Nasik
14835,4,2017,4-2017,30 Days,1.18,Nagpur
14836,10,2018,10-2018,30 Days,0.59,Aurangabad
14839,6,2017,6-2017,24 Months and more,9.79,Pune
14841,6,2018,6-2018,90 Days,7.07,Aurangabad
14843,2,2017,2-2017,30 Days,1.77,Chandigarh
14844,8,2017,8-2017,30 Days,5.89,Bhopal
14845,12,2018,12-2018,6 Month,4.12,Shillong
14846,4,2018,4-2018,24 Months and more,3.53,Nagpur
14847,3,2018,3-2018,6 Month,1.18,Shillong
14848,10,2017,10-2017,90 Days,2.94,Nagpur
14851,6,2018,6-2018,60 Days,1.18,Gandhinagar
14852,5,2018,5-2018,60 Days,5.59,Bengaluru
14855,5,2018,5-2018,60 Days,4.12,Bhopal
14856,1,2018,1-2018,6 Month,1.77,Nagpur
14857,9,2018,9-2018,60 Days,13.98,Delhi
14858,10,2018,10-2018,90 Days,14.13,Mumbai
14862,10,2017,10-2017,30 Days,0.59,Chandigarh
14865,9,2017,9-2017,12 Months,6.99,Mumbai
14866,2,2017,2-2017,24 Months and more,7.07,Chennai
14867,2,2017,2-2017,24 Months and more,6.48,Gandhinagar
14868,6,2018,6-2018,60 Days,12.59,Chennai
14869,11,2017,11-2017,60 Days,16.78,Bhopal
14870,5,2017,5-2017,12 Months,3.53,Srinagar
14871,2,2017,2-2017,6 Month,15.38,Shillong
14872,1,2018,1-2018,24 Months and more,11.78,Jaipur
14873,12,2018,12-2018,60 Days,9.79,Chennai
14874,5,2017,5-2017,90 Days,2.94,Ranchi
14877,3,2017,3-2017,30 Days,9.79,Gandhinagar
14878,10,2017,10-2017,6 Month,16.78,Pune
14879,8,2018,8-2018,30 Days,3.53,Delhi
14880,4,2018,4-2018,30 Days,7.07,Pune
14884,2,2018,2-2018,90 Days,2.36,Mumbai
14885,6,2018,6-2018,12 Months,2.36,Aurangabad
14886,11,2017,11-2017,30 Days,2.36,Chennai
14889,11,2017,11-2017,30 Days,12.95,Mumbai
14890,8,2017,8-2017,6 Month,1.40,Nasik
14891,8,2017,8-2017,12 Months,16.78,Bhopal
14892,11,2017,11-2017,24 Months and more,7.07,Delhi
14896,11,2017,11-2017,6 Month,2.94,Chennai
14897,10,2018,10-2018,30 Days,2.36,Ranchi
14898,11,2017,11-2017,90 Days,7.07,Delhi
14900,7,2017,7-2017,24 Months and more,2.36,Mumbai
14902,3,2018,3-2018,90 Days,0.59,Gandhinagar
14904,6,2017,6-2017,30 Days,12.59,Srinagar
14905,9,2017,9-2017,6 Month,11.19,Delhi
14906,10,2018,10-2018,90 Days,9.79,Chennai
14907,5,2018,5-2018,12 Months,2.36,Shillong
14909,9,2018,9-2018,90 Days,0.59,Delhi
14910,6,2018,6-2018,60 Days,13.98,Delhi
14911,9,2017,9-2017,6 Month,6.99,Jaipur
14913,5,2018,5-2018,12 Months,4.71,Ranchi
14914,12,2017,12-2017,90 Days,14.13,Bengaluru
14916,12,2017,12-2017,60 Days,1.18,Srinagar
14917,10,2018,10-2018,30 Days,9.79,Srinagar
14918,6,2018,6-2018,6 Month,12.59,Chennai
14920,12,2018,12-2018,6 Month,7.07,Nasik
14922,7,2018,7-2018,90 Days,1.18,Mumbai
14923,6,2018,6-2018,24 Months and more,5.30,Bhopal
14924,8,2017,8-2017,90 Days,2.94,Mumbai
14925,1,2017,1-2017,90 Days,2.80,Jaipur
14926,2,2017,2-2017,60 Days,0.59,Gandhinagar
14927,1,2018,1-2018,6 Month,6.99,Nasik
14928,7,2018,7-2018,24 Months and more,13.98,Bhopal
14929,11,2018,11-2018,12 Months,1.18,Chandigarh
14930,9,2018,9-2018,6 Month,1.77,Mumbai
14931,5,2018,5-2018,30 Days,11.19,Mumbai
14934,8,2018,8-2018,6 Month,1.40,Jaipur
14935,9,2017,9-2017,60 Days,0.59,Nasik
14939,4,2017,4-2017,30 Days,2.36,Chandigarh
14941,7,2018,7-2018,24 Months and more,1.18,Mumbai
14944,8,2017,8-2017,12 Months,13.98,Chennai
14945,4,2017,4-2017,30 Days,16.78,Mumbai
14947,1,2018,1-2018,30 Days,2.94,Gandhinagar
14948,10,2017,10-2017,30 Days,1.18,Nagpur
14950,3,2017,3-2017,24 Months and more,4.20,Nagpur
14951,6,2018,6-2018,24 Months and more,5.59,Shillong
14952,2,2017,2-2017,60 Days,2.36,Srinagar
14953,3,2017,3-2017,6 Month,11.19,Chandigarh
14954,5,2017,5-2017,60 Days,12.59,Nagpur
14955,11,2017,11-2017,90 Days,1.18,Bhopal
14956,8,2018,8-2018,24 Months and more,16.78,Nagpur
14957,1,2018,1-2018,60 Days,11.78,Bhopal
14959,9,2018,9-2018,60 Days,1.77,Chandigarh
14961,8,2018,8-2018,60 Days,5.89,Chennai
14962,6,2018,6-2018,24 Months and more,9.79,Nasik
14964,3,2018,3-2018,30 Days,2.94,Aurangabad
14967,1,2018,1-2018,60 Days,15.38,Srinagar
14968,2,2017,2-2017,30 Days,3.53,Nasik
14969,6,2017,6-2017,90 Days,1.18,Srinagar
14970,12,2018,12-2018,90 Days,9.79,Aurangabad
14972,7,2017,7-2017,90 Days,7.07,Gandhinagar
14973,6,2017,6-2017,12 Months,2.80,Aurangabad
14974,5,2017,5-2017,30 Days,3.53,Ranchi
14976,10,2018,10-2018,6 Month,0.59,Gandhinagar
14977,3,2017,3-2017,60 Days,8.39,Gandhinagar
14978,1,2018,1-2018,24 Months and more,15.38,Pune
14979,6,2018,6-2018,6 Month,10.60,Chennai
14981,7,2018,7-2018,6 Month,4.12,Mumbai
14985,1,2018,1-2018,60 Days,4.12,Bengaluru
14987,9,2018,9-2018,6 Month,7.07,Bhopal
14988,4,2017,4-2017,90 Days,9.42,Nagpur
14989,7,2017,7-2017,24 Months and more,5.30,Chennai
14991,8,2018,8-2018,90 Days,1.77,Chandigarh
14992,7,2017,7-2017,60 Days,9.79,Pune
14993,7,2018,7-2018,90 Days,12.59,Nasik
14994,5,2017,5-2017,12 Months,0.59,Ranchi
14995,10,2017,10-2017,12 Months,2.36,Delhi
14996,3,2018,3-2018,90 Days,12.95,Chennai
14997,12,2017,12-2017,6 Month,2.36,Aurangabad
14998,6,2018,6-2018,30 Days,8.39,Chennai
15000,5,2018,5-2018,60 Days,0.59,Chandigarh
15001,12,2017,12-2017,24 Months and more,5.59,Delhi
15002,9,2017,9-2017,12 Months,4.20,Bengaluru
15004,12,2018,12-2018,24 Months and more,4.71,Nasik
15006,7,2017,7-2017,12 Months,3.53,Aurangabad
15008,3,2018,3-2018,12 Months,4.20,Srinagar
15009,2,2017,2-2017,60 Days,11.19,Nasik
15011,3,2018,3-2018,60 Days,2.36,Bengaluru
15012,10,2017,10-2017,24 Months and more,1.77,Nasik
15013,7,2017,7-2017,6 Month,1.18,Bengaluru
15014,2,2018,2-2018,12 Months,6.99,Bhopal
15015,12,2017,12-2017,90 Days,5.89,Delhi
15016,4,2017,4-2017,90 Days,5.30,Mumbai
15018,9,2017,9-2017,90 Days,5.89,Jaipur
15019,5,2018,5-2018,90 Days,10.60,Nagpur
15020,3,2018,3-2018,90 Days,2.94,Nasik
15021,1,2018,1-2018,90 Days,13.98,Nagpur
15022,7,2018,7-2018,60 Days,3.53,Chennai
15023,12,2017,12-2017,90 Days,0.59,Jaipur
15025,11,2018,11-2018,12 Months,16.78,Nagpur
15026,8,2017,8-2017,12 Months,5.30,Jaipur
15030,2,2018,2-2018,90 Days,1.40,Gandhinagar
15031,12,2017,12-2017,90 Days,0.59,Shillong
15033,4,2018,4-2018,12 Months,4.20,Nasik
15034,3,2017,3-2017,90 Days,0.59,Shillong
15035,3,2017,3-2017,12 Months,12.95,Nasik
15037,8,2018,8-2018,12 Months,4.71,Jaipur
15039,8,2018,8-2018,90 Days,5.30,Shillong
15040,1,2017,1-2017,12 Months,2.94,Gandhinagar
15042,8,2017,8-2017,24 Months and more,12.95,Aurangabad
15043,10,2018,10-2018,24 Months and more,4.20,Jaipur
15044,1,2017,1-2017,6 Month,15.38,Pune
15046,12,2017,12-2017,12 Months,7.07,Chennai
15047,8,2018,8-2018,30 Days,7.07,Srinagar
15048,2,2018,2-2018,30 Days,14.13,Chandigarh
15049,3,2017,3-2017,90 Days,11.19,Jaipur
15050,11,2018,11-2018,12 Months,7.07,Mumbai
15052,1,2018,1-2018,24 Months and more,12.59,Chandigarh
15053,9,2018,9-2018,6 Month,15.38,Delhi
15055,2,2018,2-2018,60 Days,4.71,Delhi
15056,2,2017,2-2017,6 Month,12.59,Pune
15057,5,2017,5-2017,12 Months,6.48,Jaipur
15060,8,2017,8-2017,24 Months and more,5.30,Shillong
15062,8,2018,8-2018,30 Days,1.40,Nagpur
15063,2,2017,2-2017,12 Months,2.36,Bengaluru
15064,9,2018,9-2018,60 Days,13.98,Chennai
15067,1,2017,1-2017,60 Days,13.98,Bhopal
15068,4,2017,4-2017,30 Days,1.18,Chandigarh
15070,11,2018,11-2018,6 Month,10.60,Chennai
15073,8,2018,8-2018,30 Days,5.89,Jaipur
15074,11,2017,11-2017,60 Days,5.89,Bengaluru
15075,4,2018,4-2018,12 Months,5.89,Shillong
15076,9,2017,9-2017,90 Days,6.99,Nagpur
15078,2,2018,2-2018,90 Days,5.89,Aurangabad
15079,1,2017,1-2017,6 Month,7.07,Bengaluru
15081,6,2018,6-2018,90 Days,2.36,Bengaluru
15082,1,2017,1-2017,60 Days,5.30,Aurangabad
15083,4,2017,4-2017,60 Days,2.80,Pune
15085,2,2017,2-2017,12 Months,8.24,Srinagar
15086,9,2017,9-2017,90 Days,5.30,Aurangabad
15091,3,2018,3-2018,30 Days,4.71,Bhopal
15093,9,2017,9-2017,90 Days,2.94,Jaipur
15095,12,2017,12-2017,60 Days,3.53,Shillong
15096,6,2017,6-2017,24 Months and more,7.07,Ranchi
15097,9,2018,9-2018,12 Months,10.60,Bhopal
15098,11,2017,11-2017,6 Month,4.71,Mumbai
15099,7,2017,7-2017,30 Days,1.40,Srinagar
15101,4,2018,4-2018,60 Days,2.36,Pune
15103,7,2018,7-2018,12 Months,5.30,Bhopal
15104,1,2017,1-2017,90 Days,2.94,Chandigarh
15105,6,2017,6-2017,12 Months,1.40,Shillong
15107,11,2017,11-2017,60 Days,5.30,Delhi
15109,12,2018,12-2018,60 Days,8.24,Bengaluru
15110,12,2018,12-2018,30 Days,9.79,Srinagar
15113,9,2017,9-2017,60 Days,5.89,Chennai
15114,2,2017,2-2017,90 Days,2.36,Ranchi
15116,10,2018,10-2018,24 Months and more,4.12,Nasik
15117,5,2017,5-2017,30 Days,4.20,Srinagar
15118,7,2018,7-2018,60 Days,2.36,Gandhinagar
15119,8,2017,8-2017,6 Month,4.71,Nagpur
15120,11,2018,11-2018,90 Days,7.07,Mumbai
15122,1,2018,1-2018,30 Days,13.98,Delhi
15123,1,2018,1-2018,30 Days,15.38,Jaipur
15124,2,2018,2-2018,30 Days,13.98,Nasik
15125,8,2017,8-2017,30 Days,16.78,Chennai
15126,8,2017,8-2017,12 Months,6.99,Srinagar
15127,3,2017,3-2017,24 Months and more,1.40,Gandhinagar
15129,2,2018,2-2018,60 Days,11.19,Srinagar
15131,10,2018,10-2018,24 Months and more,6.48,Nasik
15132,9,2017,9-2017,90 Days,12.59,Aurangabad
15133,4,2017,4-2017,12 Months,0.59,Gandhinagar
15134,2,2017,2-2017,24 Months and more,8.39,Mumbai
15135,7,2018,7-2018,24 Months and more,9.79,Bengaluru
15138,1,2017,1-2017,12 Months,12.59,Shillong
15139,10,2018,10-2018,12 Months,12.59,Gandhinagar
15140,12,2018,12-2018,12 Months,9.79,Srinagar
15141,6,2018,6-2018,90 Days,11.78,Aurangabad
15142,12,2018,12-2018,6 Month,6.99,Chandigarh
15143,11,2018,11-2018,6 Month,7.07,Bengaluru
15144,4,2018,4-2018,90 Days,2.80,Jaipur
15145,3,2017,3-2017,90 Days,0.59,Chandigarh
15146,7,2017,7-2017,60 Days,5.89,Nagpur
15148,1,2017,1-2017,90 Days,11.19,Mumbai
15150,4,2017,4-2017,24 Months and more,2.36,Delhi
15152,5,2018,5-2018,6 Month,3.53,Nagpur
15154,2,2017,2-2017,60 Days,4.71,Srinagar
15155,9,2017,9-2017,60 Days,3.53,Nagpur
15156,3,2017,3-2017,90 Days,13.98,Nasik
15157,4,2018,4-2018,60 Days,16.78,Mumbai
15159,10,2018,10-2018,6 Month,15.38,Ranchi
15160,12,2018,12-2018,12 Months,5.59,Nagpur
15161,3,2018,3-2018,60 Days,9.42,Chandigarh
15162,11,2017,11-2017,60 Days,3.53,Pune
15163,11,2018,11-2018,30 Days,2.80,Aurangabad
15164,1,2018,1-2018,30 Days,3.53,Ranchi
15165,5,2018,5-2018,60 Days,1.18,Delhi
15168,4,2018,4-2018,60 Days,5.59,Delhi
15170,11,2017,11-2017,24 Months and more,4.71,Aurangabad
15171,1,2017,1-2017,30 Days,1.77,Gandhinagar
15172,10,2017,10-2017,24 Months and more,4.71,Pune
15174,9,2018,9-2018,30 Days,1.18,Nagpur
15175,3,2017,3-2017,30 Days,16.78,Aurangabad
15176,8,2018,8-2018,12 Months,8.39,Bengaluru
15177,1,2017,1-2017,90 Days,4.20,Delhi
15178,7,2017,7-2017,90 Days,0.59,Mumbai
15179,8,2017,8-2017,60 Days,1.40,Gandhinagar
15180,2,2018,2-2018,6 Month,12.59,Chennai
15181,6,2017,6-2017,60 Days,4.20,Mumbai
15183,8,2018,8-2018,12 Months,4.71,Delhi
15186,3,2017,3-2017,30 Days,5.89,Mumbai
15188,11,2018,11-2018,60 Days,5.30,Bhopal
15189,4,2018,4-2018,90 Days,6.48,Pune
15190,8,2017,8-2017,24 Months and more,8.39,Aurangabad
15192,5,2018,5-2018,90 Days,11.19,Chennai
15193,11,2018,11-2018,12 Months,1.77,Gandhinagar
15194,8,2017,8-2017,12 Months,5.89,Delhi
15195,12,2017,12-2017,24 Months and more,1.77,Jaipur
15197,1,2017,1-2017,24 Months and more,3.53,Shillong
15198,2,2017,2-2017,90 Days,3.53,Chandigarh
15199,6,2017,6-2017,30 Days,7.07,Chennai
15201,2,2017,2-2017,12 Months,2.94,Ranchi
15202,10,2017,10-2017,12 Months,1.77,Nagpur
15203,4,2017,4-2017,90 Days,3.53,Ranchi
15204,2,2018,2-2018,60 Days,3.53,Mumbai
15207,5,2018,5-2018,60 Days,1.18,Aurangabad
15209,4,2017,4-2017,90 Days,16.78,Shillong
15210,9,2017,9-2017,6 Month,15.38,Pune
15211,2,2017,2-2017,6 Month,2.36,Jaipur
15212,8,2018,8-2018,60 Days,2.94,Pune
15213,1,2017,1-2017,24 Months and more,9.79,Chandigarh
15216,4,2018,4-2018,30 Days,9.79,Nagpur
15217,10,2017,10-2017,30 Days,8.39,Delhi
15218,1,2017,1-2017,30 Days,5.30,Nagpur
15219,6,2018,6-2018,60 Days,6.48,Mumbai
15221,6,2017,6-2017,60 Days,8.39,Ranchi
15223,5,2017,5-2017,6 Month,4.20,Delhi
15224,6,2017,6-2017,6 Month,2.80,Nasik
15225,7,2017,7-2017,24 Months and more,2.80,Nagpur
15226,9,2017,9-2017,6 Month,7.07,Gandhinagar
15227,10,2017,10-2017,90 Days,5.30,Bengaluru
15229,5,2017,5-2017,90 Days,6.99,Pune
15230,8,2018,8-2018,12 Months,0.59,Aurangabad
15231,1,2017,1-2017,12 Months,6.48,Shillong
15232,3,2017,3-2017,6 Month,1.77,Shillong
15233,7,2017,7-2017,90 Days,15.38,Delhi
15234,2,2017,2-2017,90 Days,1.77,Gandhinagar
15235,4,2017,4-2017,6 Month,7.07,Nasik
15236,2,2017,2-2017,6 Month,12.59,Ranchi
15237,12,2018,12-2018,6 Month,2.94,Ranchi
15238,7,2017,7-2017,60 Days,7.07,Mumbai
15239,6,2018,6-2018,60 Days,3.53,Mumbai
15241,12,2018,12-2018,60 Days,4.71,Delhi
15244,4,2018,4-2018,24 Months and more,4.71,Aurangabad
15245,8,2018,8-2018,24 Months and more,2.94,Nagpur
15247,12,2018,12-2018,12 Months,0.59,Shillong
15249,9,2017,9-2017,24 Months and more,5.89,Chandigarh
15250,11,2017,11-2017,24 Months and more,0.59,Aurangabad
15252,1,2017,1-2017,6 Month,2.36,Shillong
15255,9,2018,9-2018,24 Months and more,11.19,Chandigarh
15257,12,2017,12-2017,60 Days,6.48,Nasik
15258,11,2018,11-2018,6 Month,5.30,Nasik
15259,10,2018,10-2018,12 Months,1.18,Delhi
15260,11,2017,11-2017,30 Days,16.78,Shillong
15262,8,2018,8-2018,24 Months and more,5.59,Chennai
15263,4,2018,4-2018,6 Month,4.71,Chennai
15264,12,2018,12-2018,24 Months and more,9.79,Nagpur
15265,7,2018,7-2018,90 Days,2.36,Jaipur
15266,2,2018,2-2018,30 Days,6.99,Chandigarh
15268,10,2017,10-2017,90 Days,2.94,Bengaluru
15269,8,2017,8-2017,90 Days,6.48,Chandigarh
15270,2,2018,2-2018,60 Days,9.42,Nasik
15271,8,2018,8-2018,12 Months,5.30,Ranchi
15272,10,2017,10-2017,12 Months,4.71,Nasik
15273,1,2017,1-2017,12 Months,4.12,Aurangabad
15277,11,2018,11-2018,30 Days,14.13,Chennai
15280,10,2018,10-2018,12 Months,8.39,Jaipur
15281,9,2018,9-2018,12 Months,1.40,Gandhinagar
15282,5,2018,5-2018,90 Days,16.78,Shillong
15283,7,2017,7-2017,30 Days,4.12,Bengaluru
15284,9,2017,9-2017,6 Month,7.07,Ranchi
15285,10,2017,10-2017,30 Days,1.18,Bhopal
15286,4,2018,4-2018,60 Days,2.80,Bengaluru
15287,12,2017,12-2017,60 Days,4.20,Delhi
15288,2,2018,2-2018,6 Month,5.89,Nasik
15289,8,2018,8-2018,30 Days,4.12,Delhi
15290,11,2018,11-2018,60 Days,4.71,Chennai
15291,3,2018,3-2018,60 Days,2.94,Mumbai
15294,12,2017,12-2017,30 Days,5.30,Chandigarh
15295,3,2018,3-2018,24 Months and more,5.30,Mumbai
15296,8,2017,8-2017,90 Days,6.99,Pune
15297,2,2018,2-2018,60 Days,5.30,Shillong
15298,8,2017,8-2017,90 Days,2.80,Nagpur
15300,1,2018,1-2018,60 Days,11.19,Bhopal
15301,6,2017,6-2017,30 Days,5.59,Mumbai
15302,4,2018,4-2018,30 Days,16.78,Chandigarh
15304,3,2018,3-2018,30 Days,3.53,Chandigarh
15305,5,2017,5-2017,90 Days,4.71,Bengaluru
15307,10,2018,10-2018,12 Months,5.59,Chandigarh
15308,8,2018,8-2018,24 Months and more,4.20,Pune
15309,12,2017,12-2017,90 Days,1.77,Chandigarh
15312,3,2018,3-2018,12 Months,4.20,Shillong
15314,9,2017,9-2017,12 Months,14.13,Srinagar
15315,10,2017,10-2017,30 Days,8.24,Jaipur
15316,3,2017,3-2017,30 Days,12.95,Aurangabad
15317,9,2017,9-2017,24 Months and more,1.18,Ranchi
15321,5,2018,5-2018,12 Months,6.99,Shillong
15322,9,2017,9-2017,24 Months and more,16.78,Chennai
15323,11,2017,11-2017,30 Days,7.07,Nasik
15325,4,2017,4-2017,90 Days,5.89,Jaipur
15327,7,2017,7-2017,90 Days,4.20,Bengaluru
15329,3,2018,3-2018,60 Days,4.20,Bhopal
15330,7,2017,7-2017,6 Month,4.12,Chennai
15331,7,2017,7-2017,30 Days,0.59,Bengaluru
15332,1,2017,1-2017,12 Months,0.59,Bengaluru
15333,10,2018,10-2018,12 Months,16.78,Bhopal
15334,3,2017,3-2017,30 Days,2.36,Chennai
15335,4,2017,4-2017,6 Month,5.59,Delhi
15337,8,2017,8-2017,30 Days,11.19,Shillong
15338,3,2017,3-2017,24 Months and more,4.20,Pune
15340,5,2018,5-2018,90 Days,5.89,Aurangabad
15341,7,2018,7-2018,30 Days,4.20,Chandigarh
15342,4,2018,4-2018,60 Days,11.19,Ranchi
15343,6,2017,6-2017,30 Days,5.30,Jaipur
15344,7,2017,7-2017,30 Days,1.40,Delhi
15345,1,2018,1-2018,30 Days,5.89,Chandigarh
15346,11,2018,11-2018,60 Days,5.89,Mumbai
15348,10,2018,10-2018,6 Month,3.53,Bengaluru
15350,1,2018,1-2018,30 Days,1.18,Mumbai
15353,1,2017,1-2017,12 Months,11.78,Pune
15354,2,2017,2-2017,24 Months and more,2.94,Srinagar
15356,2,2017,2-2017,90 Days,2.94,Nasik
15357,8,2017,8-2017,6 Month,8.39,Chandigarh
15361,8,2017,8-2017,24 Months and more,6.99,Delhi
15362,3,2018,3-2018,12 Months,1.18,Bengaluru
15364,1,2017,1-2017,30 Days,1.18,Aurangabad
15365,11,2018,11-2018,6 Month,1.77,Mumbai
15366,10,2017,10-2017,6 Month,11.19,Pune
15368,5,2018,5-2018,90 Days,13.98,Chennai
15370,2,2017,2-2017,6 Month,7.07,Nagpur
15371,6,2017,6-2017,90 Days,8.39,Bhopal
15372,3,2017,3-2017,6 Month,13.98,Bhopal
15373,10,2017,10-2017,60 Days,7.07,Shillong
15374,10,2018,10-2018,30 Days,1.18,Bhopal
15376,7,2017,7-2017,24 Months and more,15.38,Shillong
15378,11,2018,11-2018,24 Months and more,2.94,Chennai
15379,6,2018,6-2018,6 Month,2.80,Gandhinagar
15381,10,2017,10-2017,30 Days,5.89,Bhopal
15382,4,2018,4-2018,6 Month,1.77,Jaipur
15384,5,2017,5-2017,60 Days,3.53,Shillong
15387,6,2018,6-2018,30 Days,1.77,Ranchi
15389,7,2018,7-2018,24 Months and more,2.36,Bhopal
15390,9,2018,9-2018,60 Days,1.40,Delhi
15392,10,2018,10-2018,30 Days,7.07,Shillong
15393,4,2017,4-2017,30 Days,2.80,Ranchi
15394,3,2017,3-2017,12 Months,5.30,Pune
15395,6,2018,6-2018,12 Months,0.59,Jaipur
15398,1,2018,1-2018,30 Days,4.12,Nasik
15401,12,2018,12-2018,90 Days,3.53,Nasik
15403,5,2018,5-2018,60 Days,13.98,Gandhinagar
15404,3,2017,3-2017,12 Months,2.80,Bhopal
15405,3,2017,3-2017,24 Months and more,4.12,Delhi
15406,12,2017,12-2017,90 Days,15.38,Bhopal
15407,9,2018,9-2018,12 Months,3.53,Bengaluru
15409,12,2017,12-2017,30 Days,6.48,Delhi
15410,1,2017,1-2017,6 Month,4.12,Nagpur
15411,6,2018,6-2018,6 Month,6.48,Chennai
15412,7,2017,7-2017,6 Month,11.78,Bhopal
15414,4,2018,4-2018,6 Month,1.77,Ranchi
15415,12,2018,12-2018,6 Month,2.36,Chandigarh
15416,7,2018,7-2018,30 Days,5.59,Jaipur
15417,1,2017,1-2017,30 Days,1.18,Nasik
15418,3,2017,3-2017,24 Months and more,11.19,Chandigarh
15419,8,2017,8-2017,60 Days,8.24,Ranchi
15420,6,2018,6-2018,30 Days,2.36,Aurangabad
15421,7,2017,7-2017,12 Months,3.53,Jaipur
15422,12,2018,12-2018,30 Days,16.78,Mumbai
15423,1,2017,1-2017,60 Days,14.13,Nagpur
15424,5,2018,5-2018,30 Days,10.60,Bengaluru
15425,7,2017,7-2017,12 Months,5.59,Bhopal
15427,9,2018,9-2018,90 Days,13.98,Nasik
15429,7,2017,7-2017,60 Days,2.94,Gandhinagar
15430,12,2017,12-2017,90 Days,1.18,Gandhinagar
15431,12,2018,12-2018,90 Days,5.30,Bhopal
15433,12,2017,12-2017,12 Months,7.07,Gandhinagar
15434,8,2018,8-2018,90 Days,15.38,Shillong
15438,2,2018,2-2018,90 Days,1.40,Pune
15440,8,2017,8-2017,30 Days,12.95,Bhopal
15441,2,2018,2-2018,30 Days,4.12,Mumbai
15442,12,2017,12-2017,12 Months,5.89,Nasik
15444,9,2018,9-2018,60 Days,14.13,Chandigarh
15448,10,2017,10-2017,30 Days,8.24,Shillong
15449,1,2018,1-2018,6 Month,5.30,Ranchi
15450,12,2018,12-2018,12 Months,1.40,Bhopal
15453,9,2017,9-2017,12 Months,6.48,Nasik
15455,6,2017,6-2017,12 Months,2.94,Aurangabad
15456,12,2017,12-2017,30 Days,3.53,Aurangabad
15458,3,2018,3-2018,30 Days,6.48,Nagpur
15459,4,2017,4-2017,6 Month,6.48,Shillong
15460,3,2018,3-2018,60 Days,9.79,Bengaluru
15461,6,2017,6-2017,90 Days,2.94,Ranchi
15464,12,2018,12-2018,24 Months and more,7.07,Jaipur
15465,2,2017,2-2017,24 Months and more,2.80,Chandigarh
15466,5,2017,5-2017,90 Days,1.77,Srinagar
15467,5,2018,5-2018,24 Months and more,5.59,Jaipur
15468,2,2017,2-2017,12 Months,1.18,Srinagar
15469,10,2017,10-2017,6 Month,2.80,Chandigarh
15470,3,2017,3-2017,60 Days,8.24,Chandigarh
15471,3,2017,3-2017,24 Months and more,1.18,Pune
15474,10,2017,10-2017,24 Months and more,1.18,Bhopal
15476,1,2018,1-2018,30 Days,0.59,Bengaluru
15478,3,2018,3-2018,30 Days,3.53,Delhi
15479,5,2017,5-2017,12 Months,12.59,Aurangabad
15480,12,2018,12-2018,6 Month,4.12,Nasik
15481,2,2018,2-2018,90 Days,9.79,Srinagar
15482,12,2018,12-2018,30 Days,1.77,Nagpur
15483,9,2017,9-2017,30 Days,3.53,Nasik
15484,3,2018,3-2018,12 Months,0.59,Chandigarh
15485,2,2017,2-2017,24 Months and more,1.40,Bhopal
15486,12,2018,12-2018,90 Days,4.71,Nagpur
15488,11,2017,11-2017,6 Month,8.24,Bengaluru
15489,5,2018,5-2018,24 Months and more,6.48,Bengaluru
15492,4,2017,4-2017,6 Month,1.77,Chennai
15493,4,2017,4-2017,12 Months,14.13,Mumbai
15494,8,2018,8-2018,12 Months,4.20,Srinagar
15495,2,2017,2-2017,12 Months,4.71,Bengaluru
15497,11,2018,11-2018,6 Month,4.12,Nasik
15499,11,2017,11-2017,12 Months,1.18,Chennai
15500,6,2018,6-2018,24 Months and more,9.42,Gandhinagar
15501,11,2018,11-2018,24 Months and more,5.59,Ranchi
15505,8,2017,8-2017,90 Days,0.59,Pune
15507,8,2018,8-2018,30 Days,4.12,Bengaluru
15508,2,2017,2-2017,60 Days,10.60,Nagpur
15510,4,2018,4-2018,60 Days,6.48,Chandigarh
15511,7,2018,7-2018,30 Days,9.79,Shillong
15513,7,2017,7-2017,60 Days,13.98,Gandhinagar
15514,4,2017,4-2017,30 Days,9.42,Pune
15515,11,2018,11-2018,24 Months and more,4.71,Chandigarh
15516,11,2017,11-2017,60 Days,11.78,Chandigarh
15518,12,2017,12-2017,90 Days,4.20,Mumbai
15519,2,2017,2-2017,60 Days,5.30,Ranchi
15520,12,2017,12-2017,6 Month,1.77,Chennai
15521,8,2017,8-2017,24 Months and more,1.77,Pune
15523,7,2018,7-2018,60 Days,8.39,Bhopal
15525,3,2018,3-2018,6 Month,0.59,Jaipur
15526,7,2018,7-2018,12 Months,5.89,Ranchi
15528,6,2017,6-2017,24 Months and more,5.89,Bengaluru
15529,9,2017,9-2017,6 Month,2.80,Mumbai
15530,5,2018,5-2018,12 Months,16.78,Delhi
15531,5,2018,5-2018,6 Month,4.20,Ranchi
15534,6,2017,6-2017,24 Months and more,2.94,Gandhinagar
15536,5,2018,5-2018,60 Days,12.95,Delhi
15537,2,2017,2-2017,12 Months,0.59,Srinagar
15538,3,2018,3-2018,90 Days,5.30,Delhi
15541,5,2018,5-2018,12 Months,9.79,Ranchi
15544,12,2017,12-2017,30 Days,0.59,Ranchi
15545,5,2018,5-2018,6 Month,1.18,Bhopal
15546,1,2018,1-2018,90 Days,6.99,Nasik
15547,5,2018,5-2018,90 Days,13.98,Mumbai
15551,4,2017,4-2017,30 Days,5.30,Nasik
15553,2,2018,2-2018,6 Month,0.59,Srinagar
15554,8,2017,8-2017,24 Months and more,7.07,Nagpur
15556,1,2017,1-2017,12 Months,2.94,Chennai
15559,12,2017,12-2017,90 Days,4.71,Jaipur
15560,6,2017,6-2017,90 Days,4.71,Nasik
15561,4,2017,4-2017,90 Days,3.53,Bengaluru
15562,12,2018,12-2018,24 Months and more,1.77,Aurangabad
15564,6,2018,6-2018,24 Months and more,1.40,Chennai
15565,5,2018,5-2018,60 Days,1.40,Bengaluru
15567,10,2017,10-2017,60 Days,6.48,Bhopal
15568,6,2017,6-2017,60 Days,2.80,Pune
15569,6,2018,6-2018,30 Days,11.19,Aurangabad
15570,5,2017,5-2017,30 Days,8.39,Nagpur
15571,8,2017,8-2017,12 Months,2.94,Ranchi
15573,5,2018,5-2018,90 Days,7.07,Chandigarh
15574,8,2018,8-2018,6 Month,7.07,Nagpur
15575,6,2017,6-2017,24 Months and more,3.53,Mumbai
15577,4,2018,4-2018,60 Days,5.59,Shillong
15578,2,2017,2-2017,30 Days,0.59,Gandhinagar
15579,7,2017,7-2017,30 Days,8.39,Shillong
15584,10,2017,10-2017,12 Months,6.48,Bengaluru
15586,4,2018,4-2018,90 Days,5.89,Chennai
15587,10,2017,10-2017,60 Days,2.36,Nagpur
15592,10,2018,10-2018,24 Months and more,7.07,Chandigarh
15595,3,2018,3-2018,12 Months,5.30,Shillong
15596,11,2018,11-2018,90 Days,1.77,Nasik
15598,6,2017,6-2017,12 Months,3.53,Srinagar
15599,5,2018,5-2018,24 Months and more,3.53,Jaipur
15601,6,2018,6-2018,6 Month,1.77,Srinagar
15602,4,2017,4-2017,60 Days,3.53,Nagpur
15603,11,2018,11-2018,90 Days,13.98,Bhopal
15604,8,2017,8-2017,12 Months,4.71,Ranchi
15609,4,2018,4-2018,12 Months,12.95,Aurangabad
15610,7,2017,7-2017,24 Months and more,6.99,Mumbai
15613,9,2018,9-2018,30 Days,2.94,Delhi
15615,10,2017,10-2017,6 Month,1.77,Ranchi
15616,3,2017,3-2017,24 Months and more,5.59,Chennai
15617,6,2017,6-2017,60 Days,6.99,Mumbai
15618,4,2017,4-2017,12 Months,8.24,Srinagar
15619,11,2018,11-2018,6 Month,3.53,Pune
15622,9,2018,9-2018,12 Months,5.59,Gandhinagar
15623,8,2018,8-2018,30 Days,7.07,Bhopal
15624,5,2017,5-2017,30 Days,9.42,Shillong
15625,7,2018,7-2018,30 Days,13.98,Nagpur
15626,4,2018,4-2018,90 Days,4.71,Jaipur
15628,11,2018,11-2018,24 Months and more,1.77,Nasik
15629,10,2017,10-2017,24 Months and more,2.36,Nagpur
15630,10,2018,10-2018,12 Months,9.79,Mumbai
15632,6,2017,6-2017,60 Days,7.07,Chennai
15633,8,2018,8-2018,60 Days,4.71,Bengaluru
15634,11,2018,11-2018,30 Days,16.78,Jaipur
15635,11,2017,11-2017,60 Days,1.18,Shillong
15636,1,2018,1-2018,6 Month,15.38,Ranchi
15637,8,2017,8-2017,12 Months,3.53,Mumbai
15640,12,2018,12-2018,30 Days,7.07,Mumbai
15641,2,2017,2-2017,6 Month,2.94,Shillong
15642,11,2018,11-2018,12 Months,1.77,Bengaluru
15643,11,2017,11-2017,6 Month,11.19,Pune
15645,1,2018,1-2018,60 Days,4.71,Shillong
15646,2,2017,2-2017,12 Months,3.53,Jaipur
15647,2,2017,2-2017,6 Month,4.71,Nasik
15650,11,2017,11-2017,30 Days,11.78,Chennai
15651,11,2017,11-2017,60 Days,2.80,Delhi
15652,4,2018,4-2018,90 Days,16.78,Ranchi
15656,8,2018,8-2018,12 Months,1.18,Gandhinagar
15657,3,2018,3-2018,6 Month,0.59,Bhopal
15659,2,2017,2-2017,6 Month,15.38,Jaipur
15660,12,2017,12-2017,30 Days,7.07,Chandigarh
15663,8,2017,8-2017,60 Days,4.12,Shillong
15664,1,2018,1-2018,30 Days,4.12,Nagpur
15665,10,2017,10-2017,30 Days,12.59,Mumbai
15666,6,2018,6-2018,90 Days,4.20,Ranchi
15668,3,2017,3-2017,60 Days,1.18,Srinagar
15670,5,2017,5-2017,90 Days,2.94,Jaipur
15672,4,2018,4-2018,12 Months,2.36,Delhi
15673,7,2018,7-2018,12 Months,5.59,Bengaluru
15674,10,2017,10-2017,30 Days,4.71,Delhi
15675,12,2017,12-2017,60 Days,15.38,Bengaluru
15677,2,2018,2-2018,30 Days,13.98,Mumbai
15680,5,2018,5-2018,60 Days,4.71,Ranchi
15681,3,2018,3-2018,90 Days,7.07,Ranchi
15684,5,2018,5-2018,24 Months and more,3.53,Bengaluru
15685,2,2018,2-2018,24 Months and more,6.48,Shillong
15686,12,2017,12-2017,60 Days,2.36,Chandigarh
15687,2,2017,2-2017,12 Months,11.19,Ranchi
15689,10,2017,10-2017,60 Days,7.07,Jaipur
15690,12,2018,12-2018,30 Days,11.78,Nasik
15692,6,2017,6-2017,24 Months and more,9.79,Chandigarh
15693,1,2018,1-2018,24 Months and more,6.99,Nasik
15694,3,2017,3-2017,30 Days,4.12,Nasik
15696,6,2017,6-2017,30 Days,7.07,Nasik
15697,1,2017,1-2017,30 Days,14.13,Delhi
15699,10,2018,10-2018,30 Days,8.39,Ranchi
15702,3,2018,3-2018,12 Months,2.36,Pune
15703,3,2018,3-2018,6 Month,3.53,Nasik
15705,7,2017,7-2017,60 Days,5.89,Nasik
15706,12,2018,12-2018,30 Days,15.38,Jaipur
15707,10,2017,10-2017,30 Days,2.36,Bhopal
15710,5,2018,5-2018,6 Month,16.78,Ranchi
15711,2,2018,2-2018,24 Months and more,3.53,Chennai
15712,5,2017,5-2017,6 Month,15.38,Shillong
15713,7,2018,7-2018,6 Month,7.07,Nagpur
15714,11,2018,11-2018,12 Months,1.40,Bhopal
15715,7,2017,7-2017,90 Days,2.94,Chennai
15716,8,2017,8-2017,60 Days,9.79,Bhopal
15717,8,2017,8-2017,24 Months and more,1.18,Srinagar
15719,3,2017,3-2017,30 Days,7.07,Chandigarh
15720,1,2018,1-2018,90 Days,8.24,Chandigarh
15721,12,2018,12-2018,90 Days,1.40,Shillong
15722,4,2018,4-2018,12 Months,15.38,Jaipur
15723,11,2018,11-2018,30 Days,4.12,Shillong
15726,10,2017,10-2017,60 Days,8.24,Shillong
15727,5,2018,5-2018,24 Months and more,7.07,Aurangabad
15728,11,2017,11-2017,6 Month,1.77,Nasik
15729,5,2017,5-2017,60 Days,2.36,Chandigarh
15731,10,2018,10-2018,6 Month,15.38,Gandhinagar
15732,8,2017,8-2017,6 Month,1.77,Nasik
15733,9,2017,9-2017,12 Months,6.99,Srinagar
15734,12,2017,12-2017,6 Month,11.19,Chennai
15737,2,2018,2-2018,30 Days,4.12,Aurangabad
15739,6,2018,6-2018,30 Days,8.39,Shillong
15740,1,2018,1-2018,12 Months,3.53,Nasik
15741,4,2018,4-2018,12 Months,1.40,Srinagar
15742,1,2017,1-2017,24 Months and more,4.71,Aurangabad
15743,12,2017,12-2017,30 Days,9.79,Ranchi
15744,3,2018,3-2018,24 Months and more,8.39,Nagpur
15746,8,2018,8-2018,6 Month,12.95,Chennai
15747,11,2017,11-2017,24 Months and more,14.13,Srinagar
15748,12,2018,12-2018,24 Months and more,11.19,Bhopal
15749,8,2017,8-2017,24 Months and more,6.99,Bengaluru
15751,1,2017,1-2017,60 Days,6.99,Delhi
15752,1,2018,1-2018,30 Days,4.12,Jaipur
15753,4,2017,4-2017,60 Days,7.07,Nagpur
15754,9,2018,9-2018,6 Month,2.80,Srinagar
15756,11,2018,11-2018,90 Days,7.07,Ranchi
15757,4,2018,4-2018,24 Months and more,11.19,Gandhinagar
15759,2,2017,2-2017,12 Months,4.12,Ranchi
15763,8,2018,8-2018,24 Months and more,11.19,Bengaluru
15764,6,2017,6-2017,60 Days,0.59,Pune
15765,4,2017,4-2017,90 Days,4.12,Ranchi
15767,8,2017,8-2017,12 Months,4.12,Nasik
15768,3,2017,3-2017,60 Days,12.95,Gandhinagar
15769,12,2017,12-2017,24 Months and more,1.18,Srinagar
15772,5,2018,5-2018,24 Months and more,15.38,Jaipur
15773,12,2017,12-2017,24 Months and more,7.07,Nagpur
15774,1,2018,1-2018,30 Days,6.99,Shillong
15776,9,2018,9-2018,6 Month,0.59,Srinagar
15777,8,2018,8-2018,90 Days,4.71,Gandhinagar
15778,8,2017,8-2017,60 Days,8.24,Mumbai
15779,11,2018,11-2018,24 Months and more,11.19,Shillong
15780,3,2018,3-2018,60 Days,3.53,Bengaluru
15781,11,2017,11-2017,12 Months,4.20,Chandigarh
15782,8,2017,8-2017,12 Months,9.42,Nagpur
15783,4,2017,4-2017,30 Days,6.48,Shillong
15784,8,2018,8-2018,30 Days,8.39,Ranchi
15785,1,2017,1-2017,30 Days,1.18,Chandigarh
15787,11,2017,11-2017,12 Months,3.53,Nagpur
15789,9,2017,9-2017,6 Month,2.36,Ranchi
15794,10,2018,10-2018,6 Month,5.59,Shillong
15795,11,2018,11-2018,12 Months,6.48,Srinagar
15797,5,2018,5-2018,24 Months and more,11.19,Bengaluru
15798,4,2018,4-2018,6 Month,0.59,Nagpur
15800,4,2018,4-2018,12 Months,1.40,Mumbai
15806,9,2017,9-2017,60 Days,5.30,Srinagar
15807,7,2018,7-2018,24 Months and more,11.19,Pune
15808,3,2018,3-2018,24 Months and more,3.53,Mumbai
15810,9,2018,9-2018,60 Days,6.99,Aurangabad
15812,9,2018,9-2018,12 Months,2.94,Mumbai
15814,8,2017,8-2017,6 Month,4.20,Shillong
15815,9,2018,9-2018,60 Days,4.12,Shillong
15816,7,2017,7-2017,6 Month,11.78,Jaipur
15822,10,2018,10-2018,24 Months and more,2.36,Ranchi
15825,11,2017,11-2017,90 Days,4.12,Pune
15829,3,2017,3-2017,6 Month,1.40,Jaipur
15830,5,2018,5-2018,30 Days,5.89,Jaipur
15835,8,2017,8-2017,24 Months and more,15.38,Srinagar
15836,3,2018,3-2018,12 Months,1.40,Chennai
15839,1,2017,1-2017,24 Months and more,9.42,Nasik
15841,10,2017,10-2017,24 Months and more,5.89,Delhi
15842,11,2017,11-2017,12 Months,5.89,Bhopal
15844,1,2017,1-2017,90 Days,10.60,Nagpur
15845,7,2018,7-2018,12 Months,1.40,Chandigarh
15846,6,2017,6-2017,30 Days,7.07,Srinagar
15849,12,2018,12-2018,6 Month,1.77,Aurangabad
15851,9,2017,9-2017,12 Months,2.94,Mumbai
15852,3,2018,3-2018,30 Days,6.48,Chandigarh
15854,7,2017,7-2017,30 Days,5.89,Ranchi
15855,6,2017,6-2017,60 Days,10.60,Gandhinagar
15857,10,2018,10-2018,60 Days,5.30,Chandigarh
15858,4,2017,4-2017,12 Months,1.40,Gandhinagar
15859,8,2017,8-2017,90 Days,4.71,Bengaluru
15861,3,2017,3-2017,30 Days,2.80,Chennai
15863,2,2017,2-2017,30 Days,3.53,Nasik
15864,2,2017,2-2017,30 Days,7.07,Bhopal
15865,2,2017,2-2017,30 Days,4.12,Bhopal
15866,4,2017,4-2017,60 Days,5.89,Bhopal
15867,10,2018,10-2018,60 Days,8.24,Nasik
15868,4,2018,4-2018,24 Months and more,15.38,Chennai
15869,2,2017,2-2017,60 Days,4.71,Delhi
15870,5,2018,5-2018,90 Days,7.07,Aurangabad
15872,4,2018,4-2018,60 Days,1.77,Aurangabad
15874,8,2018,8-2018,24 Months and more,1.77,Bhopal
15875,6,2018,6-2018,30 Days,15.38,Nagpur
15876,8,2017,8-2017,6 Month,2.94,Chennai
15877,10,2017,10-2017,60 Days,4.12,Jaipur
15878,4,2017,4-2017,12 Months,7.07,Ranchi
15879,7,2018,7-2018,90 Days,0.59,Delhi
15880,2,2018,2-2018,90 Days,0.59,Pune
15881,4,2018,4-2018,90 Days,4.12,Chandigarh
15882,1,2018,1-2018,12 Months,14.13,Nasik
15883,11,2017,11-2017,90 Days,2.80,Nasik
15884,12,2018,12-2018,30 Days,4.71,Chandigarh
15885,8,2018,8-2018,90 Days,6.48,Shillong
15887,9,2018,9-2018,12 Months,12.95,Chennai
15888,12,2017,12-2017,24 Months and more,2.80,Bengaluru
15889,11,2018,11-2018,6 Month,3.53,Jaipur
15890,6,2018,6-2018,90 Days,12.59,Nasik
15891,11,2018,11-2018,24 Months and more,6.99,Pune
15896,4,2018,4-2018,90 Days,7.07,Shillong
15897,1,2018,1-2018,24 Months and more,2.80,Bengaluru
15898,11,2017,11-2017,90 Days,3.53,Srinagar
15899,9,2017,9-2017,6 Month,13.98,Aurangabad
15903,6,2018,6-2018,60 Days,6.48,Srinagar
15904,11,2018,11-2018,24 Months and more,6.48,Nagpur
15905,3,2017,3-2017,30 Days,3.53,Chandigarh
15906,2,2018,2-2018,60 Days,5.89,Chennai
15908,4,2017,4-2017,12 Months,0.59,Chandigarh
15909,5,2017,5-2017,30 Days,14.13,Chandigarh
15910,3,2018,3-2018,24 Months and more,5.30,Mumbai
15911,8,2018,8-2018,6 Month,1.77,Nasik
15912,9,2018,9-2018,30 Days,8.24,Bhopal
15913,8,2018,8-2018,24 Months and more,6.48,Chennai
15914,3,2017,3-2017,60 Days,16.78,Aurangabad
15915,9,2018,9-2018,24 Months and more,5.89,Bengaluru
15917,4,2017,4-2017,6 Month,7.07,Nagpur
15919,6,2017,6-2017,60 Days,4.12,Ranchi
15920,1,2018,1-2018,6 Month,6.48,Nasik
15923,2,2018,2-2018,30 Days,15.38,Gandhinagar
15924,5,2018,5-2018,30 Days,1.18,Gandhinagar
15925,11,2017,11-2017,30 Days,2.80,Ranchi
15927,12,2018,12-2018,30 Days,6.48,Nasik
15929,3,2017,3-2017,6 Month,8.39,Ranchi
15930,12,2017,12-2017,30 Days,9.42,Jaipur
15932,5,2018,5-2018,12 Months,6.48,Chennai
15937,3,2017,3-2017,24 Months and more,13.98,Shillong
15938,1,2017,1-2017,12 Months,2.36,Ranchi
15939,3,2018,3-2018,12 Months,1.18,Nasik
15940,12,2018,12-2018,90 Days,1.18,Chennai
15941,3,2017,3-2017,12 Months,11.19,Nagpur
15942,10,2017,10-2017,6 Month,16.78,Aurangabad
15947,9,2017,9-2017,30 Days,0.59,Srinagar
15948,8,2017,8-2017,60 Days,1.18,Nagpur
15953,4,2018,4-2018,60 Days,3.53,Aurangabad
15955,12,2017,12-2017,90 Days,0.59,Delhi
15956,9,2018,9-2018,6 Month,8.39,Aurangabad
15957,11,2017,11-2017,90 Days,13.98,Mumbai
15958,7,2018,7-2018,60 Days,16.78,Chandigarh
15959,10,2017,10-2017,6 Month,11.19,Nasik
15960,1,2017,1-2017,30 Days,1.77,Chandigarh
15961,11,2018,11-2018,90 Days,0.59,Nasik
15962,5,2018,5-2018,6 Month,8.39,Gandhinagar
15963,4,2018,4-2018,90 Days,4.71,Shillong
15964,10,2017,10-2017,24 Months and more,15.38,Ranchi
15965,6,2017,6-2017,30 Days,4.71,Gandhinagar
15966,11,2017,11-2017,12 Months,4.71,Chandigarh
15967,8,2018,8-2018,30 Days,1.40,Chandigarh
15968,3,2017,3-2017,90 Days,8.39,Nagpur
15969,11,2017,11-2017,90 Days,1.40,Chandigarh
15970,7,2018,7-2018,6 Month,4.12,Pune
15971,12,2018,12-2018,24 Months and more,15.38,Gandhinagar
15972,5,2018,5-2018,30 Days,13.98,Srinagar
15974,8,2018,8-2018,90 Days,2.80,Srinagar
15975,9,2018,9-2018,90 Days,1.77,Pune
15976,2,2018,2-2018,12 Months,13.98,Shillong
15978,10,2018,10-2018,90 Days,5.30,Bhopal
15980,4,2017,4-2017,90 Days,4.12,Ranchi
15981,5,2017,5-2017,60 Days,6.99,Chandigarh
15982,1,2018,1-2018,60 Days,3.53,Bengaluru
15986,4,2017,4-2017,6 Month,2.80,Bengaluru
15988,2,2018,2-2018,12 Months,2.94,Bhopal
15989,12,2017,12-2017,12 Months,4.12,Bhopal
15990,9,2017,9-2017,30 Days,1.40,Delhi
15991,10,2018,10-2018,30 Days,2.36,Gandhinagar
15992,2,2018,2-2018,6 Month,7.07,Shillong
15993,6,2018,6-2018,30 Days,4.71,Delhi
15994,3,2017,3-2017,12 Months,7.07,Mumbai
15997,8,2017,8-2017,6 Month,1.18,Pune
16000,1,2018,1-2018,12 Months,10.60,Nagpur
16001,3,2017,3-2017,12 Months,4.71,Mumbai
16002,6,2017,6-2017,90 Days,16.78,Nasik
16003,8,2018,8-2018,30 Days,3.53,Srinagar
16007,8,2017,8-2017,30 Days,5.89,Chennai
16008,11,2018,11-2018,24 Months and more,15.38,Chandigarh
16009,2,2018,2-2018,24 Months and more,1.77,Chennai
16010,5,2018,5-2018,24 Months and more,3.53,Nagpur
16011,8,2018,8-2018,30 Days,2.80,Srinagar
16013,1,2017,1-2017,6 Month,2.80,Srinagar
16015,8,2017,8-2017,12 Months,3.53,Shillong
16016,6,2017,6-2017,30 Days,4.71,Nasik
16018,9,2018,9-2018,60 Days,1.18,Jaipur
16019,3,2018,3-2018,12 Months,4.20,Ranchi
16020,5,2017,5-2017,24 Months and more,5.30,Shillong
16021,3,2018,3-2018,6 Month,3.53,Aurangabad
16023,2,2017,2-2017,30 Days,12.59,Ranchi
16025,4,2017,4-2017,90 Days,1.77,Shillong
16027,6,2018,6-2018,60 Days,6.48,Bengaluru
16028,1,2017,1-2017,30 Days,11.78,Chandigarh
16029,2,2017,2-2017,90 Days,13.98,Chandigarh
16030,8,2017,8-2017,90 Days,4.12,Chandigarh
16031,3,2017,3-2017,60 Days,2.80,Nasik
16033,1,2017,1-2017,30 Days,1.18,Jaipur
16034,2,2018,2-2018,12 Months,4.20,Bengaluru
16035,1,2018,1-2018,6 Month,1.18,Ranchi
16036,3,2018,3-2018,60 Days,4.71,Gandhinagar
16037,11,2018,11-2018,6 Month,8.24,Pune
16038,8,2017,8-2017,60 Days,13.98,Pune
16039,9,2018,9-2018,60 Days,1.40,Nasik
16042,5,2018,5-2018,24 Months and more,6.48,Pune
16044,11,2017,11-2017,90 Days,1.18,Shillong
16046,4,2017,4-2017,60 Days,1.77,Shillong
16047,8,2018,8-2018,12 Months,9.79,Bhopal
16048,8,2017,8-2017,90 Days,1.18,Jaipur
16049,1,2018,1-2018,24 Months and more,5.30,Gandhinagar
16050,11,2017,11-2017,30 Days,3.53,Jaipur
16052,1,2018,1-2018,90 Days,1.18,Pune
16053,7,2018,7-2018,60 Days,6.48,Gandhinagar
16054,9,2018,9-2018,60 Days,3.53,Mumbai
16055,11,2017,11-2017,30 Days,5.89,Bengaluru
16056,7,2018,7-2018,60 Days,0.59,Mumbai
16057,7,2017,7-2017,30 Days,16.78,Bhopal
16058,3,2018,3-2018,24 Months and more,8.39,Chennai
16060,10,2018,10-2018,30 Days,1.40,Ranchi
16062,12,2018,12-2018,60 Days,4.71,Mumbai
16064,5,2018,5-2018,24 Months and more,6.48,Gandhinagar
16065,2,2017,2-2017,60 Days,4.12,Nasik
16066,11,2017,11-2017,24 Months and more,3.53,Shillong
16067,11,2017,11-2017,60 Days,2.94,Nagpur
16068,12,2017,12-2017,90 Days,12.59,Gandhinagar
16069,2,2017,2-2017,90 Days,2.36,Shillong
16070,9,2017,9-2017,24 Months and more,0.59,Chandigarh
16073,1,2018,1-2018,30 Days,16.78,Delhi
16074,7,2017,7-2017,6 Month,0.59,Nagpur
16075,6,2018,6-2018,90 Days,1.18,Nasik
16076,3,2018,3-2018,60 Days,4.20,Bengaluru
16077,9,2018,9-2018,30 Days,2.80,Mumbai
16078,11,2018,11-2018,30 Days,9.79,Ranchi
16079,12,2017,12-2017,60 Days,10.60,Shillong
16081,12,2018,12-2018,24 Months and more,8.24,Mumbai
16082,1,2017,1-2017,24 Months and more,11.19,Chandigarh
16083,5,2018,5-2018,12 Months,5.30,Chandigarh
16084,6,2018,6-2018,60 Days,10.60,Aurangabad
16085,3,2017,3-2017,6 Month,7.07,Nasik
16086,1,2017,1-2017,30 Days,1.18,Chennai
16088,12,2018,12-2018,90 Days,4.71,Aurangabad
16090,7,2017,7-2017,6 Month,4.20,Nasik
16091,7,2018,7-2018,24 Months and more,1.18,Aurangabad
16092,7,2018,7-2018,12 Months,7.07,Ranchi
16093,5,2017,5-2017,60 Days,4.12,Delhi
16095,7,2018,7-2018,30 Days,3.53,Bhopal
16097,8,2017,8-2017,30 Days,3.53,Delhi
16098,10,2018,10-2018,30 Days,5.89,Bengaluru
16100,10,2018,10-2018,90 Days,11.19,Shillong
16101,6,2018,6-2018,30 Days,11.19,Nasik
16102,4,2018,4-2018,12 Months,3.53,Srinagar
16103,9,2018,9-2018,90 Days,4.20,Pune
16104,6,2017,6-2017,6 Month,4.71,Aurangabad
16105,7,2018,7-2018,90 Days,12.59,Ranchi
16106,1,2017,1-2017,24 Months and more,16.78,Gandhinagar
16109,11,2018,11-2018,60 Days,5.89,Shillong
16110,5,2017,5-2017,6 Month,1.77,Delhi
16111,9,2018,9-2018,24 Months and more,16.78,Aurangabad
16112,7,2017,7-2017,90 Days,16.78,Srinagar
16113,5,2017,5-2017,12 Months,6.48,Shillong
16114,12,2017,12-2017,6 Month,0.59,Gandhinagar
16115,9,2017,9-2017,60 Days,6.99,Chandigarh
16117,3,2018,3-2018,24 Months and more,4.71,Mumbai
16123,5,2018,5-2018,90 Days,11.78,Mumbai
16124,3,2018,3-2018,30 Days,8.39,Chandigarh
16125,5,2017,5-2017,90 Days,9.79,Ranchi
16126,10,2017,10-2017,24 Months and more,8.39,Chandigarh
16127,12,2018,12-2018,12 Months,11.78,Gandhinagar
16128,8,2017,8-2017,30 Days,4.12,Gandhinagar
16129,6,2017,6-2017,6 Month,6.48,Jaipur
16130,2,2017,2-2017,90 Days,2.94,Delhi
16131,12,2018,12-2018,90 Days,6.48,Chandigarh
16134,3,2018,3-2018,12 Months,16.78,Bhopal
16137,1,2018,1-2018,30 Days,4.12,Nasik
16138,6,2017,6-2017,90 Days,16.78,Mumbai
16139,11,2018,11-2018,6 Month,4.71,Gandhinagar
16141,8,2018,8-2018,30 Days,5.30,Chandigarh
16142,2,2017,2-2017,6 Month,15.38,Delhi
16143,5,2017,5-2017,30 Days,9.42,Aurangabad
16144,6,2017,6-2017,12 Months,5.89,Nasik
16146,7,2017,7-2017,24 Months and more,1.77,Bengaluru
16147,4,2017,4-2017,24 Months and more,1.77,Nagpur
16148,5,2018,5-2018,30 Days,1.18,Ranchi
16149,8,2018,8-2018,6 Month,5.30,Srinagar
16150,9,2018,9-2018,12 Months,4.12,Srinagar
16151,7,2017,7-2017,6 Month,5.30,Srinagar
16152,12,2018,12-2018,90 Days,1.18,Ranchi
16153,5,2017,5-2017,60 Days,10.60,Bengaluru
16155,6,2017,6-2017,60 Days,6.48,Nasik
16156,2,2018,2-2018,6 Month,0.59,Srinagar
16159,3,2017,3-2017,12 Months,1.77,Gandhinagar
16161,12,2018,12-2018,24 Months and more,7.07,Bengaluru
16163,12,2017,12-2017,90 Days,11.78,Bengaluru
16164,11,2018,11-2018,12 Months,13.98,Nagpur
16165,6,2017,6-2017,24 Months and more,5.89,Nagpur
16166,11,2018,11-2018,12 Months,8.24,Srinagar
16167,7,2017,7-2017,24 Months and more,1.18,Nagpur
16168,8,2017,8-2017,30 Days,5.59,Chandigarh
16169,10,2017,10-2017,6 Month,15.38,Chandigarh
16170,5,2017,5-2017,6 Month,6.99,Ranchi
16173,10,2017,10-2017,90 Days,6.48,Gandhinagar
16176,1,2017,1-2017,60 Days,7.07,Chennai
16177,8,2017,8-2017,12 Months,4.71,Jaipur
16178,9,2017,9-2017,60 Days,7.07,Ranchi
16179,9,2018,9-2018,30 Days,5.89,Mumbai
16180,7,2017,7-2017,90 Days,4.71,Delhi
16181,9,2018,9-2018,12 Months,0.59,Shillong
16182,3,2018,3-2018,24 Months and more,2.36,Pune
16185,2,2018,2-2018,60 Days,5.89,Chandigarh
16189,7,2017,7-2017,60 Days,5.89,Srinagar
16190,7,2018,7-2018,24 Months and more,8.39,Chennai
16192,6,2018,6-2018,30 Days,4.12,Aurangabad
16193,12,2018,12-2018,12 Months,5.30,Ranchi
16194,12,2017,12-2017,12 Months,6.48,Bhopal
16195,3,2018,3-2018,60 Days,5.89,Shillong
16196,10,2018,10-2018,12 Months,1.18,Jaipur
16197,1,2018,1-2018,24 Months and more,9.79,Chandigarh
16199,8,2017,8-2017,90 Days,12.95,Nagpur
16203,1,2017,1-2017,12 Months,6.99,Pune
16204,4,2017,4-2017,6 Month,5.59,Jaipur
16205,2,2018,2-2018,6 Month,4.12,Aurangabad
16206,4,2017,4-2017,6 Month,2.36,Srinagar
16209,1,2018,1-2018,6 Month,5.89,Chennai
16210,10,2017,10-2017,90 Days,9.79,Mumbai
16211,7,2017,7-2017,24 Months and more,5.59,Mumbai
16212,4,2018,4-2018,60 Days,5.59,Chandigarh
16214,3,2018,3-2018,90 Days,13.98,Mumbai
16215,11,2018,11-2018,60 Days,4.71,Srinagar
16216,8,2018,8-2018,6 Month,4.71,Ranchi
16217,4,2017,4-2017,24 Months and more,1.18,Jaipur
16218,10,2017,10-2017,24 Months and more,4.71,Chennai
16220,10,2018,10-2018,24 Months and more,1.77,Srinagar
16221,7,2017,7-2017,30 Days,1.18,Aurangabad
16222,3,2018,3-2018,24 Months and more,5.59,Delhi
16223,12,2018,12-2018,30 Days,11.19,Nagpur
16225,8,2018,8-2018,90 Days,2.80,Delhi
16226,2,2017,2-2017,6 Month,6.99,Jaipur
16228,2,2018,2-2018,24 Months and more,8.39,Shillong
16229,9,2017,9-2017,12 Months,3.53,Bhopal
16230,12,2018,12-2018,12 Months,1.18,Ranchi
16232,11,2017,11-2017,12 Months,5.59,Gandhinagar
16233,9,2018,9-2018,60 Days,1.40,Jaipur
16236,7,2018,7-2018,24 Months and more,3.53,Aurangabad
16238,8,2018,8-2018,12 Months,1.77,Nagpur
16240,1,2018,1-2018,60 Days,1.40,Chennai
16241,4,2017,4-2017,24 Months and more,2.36,Bhopal
16243,4,2017,4-2017,60 Days,7.07,Srinagar
16244,8,2018,8-2018,90 Days,16.78,Gandhinagar
16247,9,2017,9-2017,90 Days,7.07,Gandhinagar
16248,4,2017,4-2017,12 Months,0.59,Bhopal
16249,4,2017,4-2017,90 Days,4.12,Ranchi
16251,2,2018,2-2018,90 Days,8.39,Nasik
16252,4,2018,4-2018,90 Days,2.94,Jaipur
16254,1,2018,1-2018,12 Months,6.48,Nagpur
16256,6,2017,6-2017,12 Months,4.20,Pune
16257,4,2017,4-2017,24 Months and more,8.39,Gandhinagar
16258,2,2017,2-2017,6 Month,5.89,Bengaluru
16263,3,2017,3-2017,30 Days,4.12,Nagpur
16264,5,2017,5-2017,30 Days,2.36,Nasik
16266,1,2018,1-2018,12 Months,1.40,Mumbai
16268,2,2017,2-2017,12 Months,2.36,Aurangabad
16269,5,2018,5-2018,12 Months,7.07,Nagpur
16270,3,2017,3-2017,12 Months,9.79,Aurangabad
16271,8,2018,8-2018,24 Months and more,1.40,Chandigarh
16272,7,2018,7-2018,90 Days,3.53,Bengaluru
16275,9,2017,9-2017,6 Month,0.59,Shillong
16276,1,2017,1-2017,24 Months and more,2.94,Nasik
16277,6,2018,6-2018,12 Months,9.42,Aurangabad
16279,6,2017,6-2017,24 Months and more,4.20,Srinagar
16281,7,2018,7-2018,90 Days,1.18,Delhi
16286,6,2018,6-2018,60 Days,6.48,Delhi
16287,4,2017,4-2017,30 Days,6.48,Aurangabad
16288,1,2018,1-2018,30 Days,9.79,Aurangabad
16289,4,2017,4-2017,30 Days,2.94,Chennai
16291,3,2018,3-2018,90 Days,5.89,Gandhinagar
16292,2,2017,2-2017,30 Days,5.89,Mumbai
16293,11,2018,11-2018,6 Month,12.59,Shillong
16294,6,2018,6-2018,30 Days,6.99,Bengaluru
16295,10,2018,10-2018,12 Months,1.77,Nasik
16296,8,2017,8-2017,6 Month,6.48,Jaipur
16299,1,2018,1-2018,90 Days,1.18,Ranchi
16300,12,2018,12-2018,24 Months and more,5.59,Delhi
16303,4,2018,4-2018,30 Days,15.38,Chandigarh
16304,7,2017,7-2017,90 Days,6.48,Shillong
16308,2,2018,2-2018,90 Days,9.42,Nagpur
16309,8,2017,8-2017,6 Month,2.36,Nagpur
16310,9,2018,9-2018,24 Months and more,12.59,Nagpur
16311,3,2018,3-2018,30 Days,15.38,Mumbai
16317,9,2017,9-2017,12 Months,4.12,Aurangabad
16319,1,2017,1-2017,60 Days,4.12,Delhi
16320,11,2018,11-2018,60 Days,5.89,Ranchi
16321,6,2017,6-2017,24 Months and more,12.59,Nagpur
16322,10,2017,10-2017,90 Days,0.59,Nagpur
16323,10,2017,10-2017,90 Days,5.30,Gandhinagar
16327,5,2017,5-2017,90 Days,12.95,Nagpur
16328,1,2017,1-2017,6 Month,0.59,Pune
16329,10,2018,10-2018,6 Month,2.80,Mumbai
16332,9,2017,9-2017,6 Month,15.38,Pune
16333,11,2018,11-2018,30 Days,15.38,Chandigarh
16334,5,2018,5-2018,90 Days,1.18,Mumbai
16336,8,2018,8-2018,90 Days,7.07,Srinagar
16337,8,2017,8-2017,60 Days,3.53,Aurangabad
16339,10,2018,10-2018,30 Days,3.53,Jaipur
16340,2,2017,2-2017,30 Days,1.40,Srinagar
16341,9,2017,9-2017,6 Month,4.71,Nasik
16343,4,2017,4-2017,6 Month,6.99,Srinagar
16344,2,2018,2-2018,90 Days,6.48,Shillong
16345,9,2018,9-2018,90 Days,4.12,Nasik
16346,12,2018,12-2018,90 Days,16.78,Bhopal
16348,5,2018,5-2018,90 Days,5.89,Bhopal
16350,10,2017,10-2017,12 Months,1.18,Shillong
16351,2,2018,2-2018,24 Months and more,6.99,Pune
16354,8,2018,8-2018,30 Days,5.89,Shillong
16356,5,2018,5-2018,12 Months,9.79,Nagpur
16357,6,2017,6-2017,24 Months and more,16.78,Shillong
16359,11,2017,11-2017,24 Months and more,2.94,Delhi
16360,3,2018,3-2018,30 Days,5.59,Bengaluru
16362,7,2017,7-2017,30 Days,6.99,Ranchi
16364,11,2018,11-2018,6 Month,5.30,Srinagar
16366,10,2017,10-2017,30 Days,4.12,Chandigarh
16367,8,2017,8-2017,90 Days,9.79,Mumbai
16368,7,2017,7-2017,24 Months and more,4.20,Jaipur
16369,12,2017,12-2017,90 Days,1.77,Nagpur
16372,6,2018,6-2018,90 Days,1.77,Chennai
16373,7,2017,7-2017,6 Month,2.36,Srinagar
16375,3,2017,3-2017,12 Months,1.77,Jaipur
16376,9,2017,9-2017,90 Days,7.07,Aurangabad
16377,8,2018,8-2018,60 Days,16.78,Aurangabad
16378,3,2018,3-2018,6 Month,0.59,Jaipur
16379,2,2018,2-2018,24 Months and more,9.42,Aurangabad
16380,2,2018,2-2018,60 Days,12.59,Delhi
16383,11,2018,11-2018,12 Months,9.42,Nagpur
16384,8,2017,8-2017,60 Days,4.12,Chandigarh
16387,2,2018,2-2018,6 Month,1.77,Bengaluru
16390,2,2018,2-2018,6 Month,2.94,Nagpur
16393,9,2017,9-2017,12 Months,13.98,Nagpur
16396,7,2018,7-2018,90 Days,7.07,Aurangabad
16399,10,2018,10-2018,60 Days,11.19,Aurangabad
16400,10,2018,10-2018,60 Days,3.53,Nagpur
16401,8,2018,8-2018,6 Month,4.71,Nagpur
16402,1,2018,1-2018,6 Month,3.53,Bhopal
16403,6,2018,6-2018,12 Months,6.48,Mumbai
16404,2,2018,2-2018,60 Days,10.60,Nagpur
16405,8,2017,8-2017,24 Months and more,5.89,Pune
16406,9,2017,9-2017,60 Days,5.30,Srinagar
16407,2,2018,2-2018,30 Days,13.98,Nagpur
16409,5,2018,5-2018,6 Month,2.36,Shillong
16411,8,2017,8-2017,90 Days,7.07,Gandhinagar
16414,5,2017,5-2017,12 Months,9.42,Nagpur
16415,9,2018,9-2018,30 Days,6.48,Chandigarh
16416,9,2017,9-2017,12 Months,4.20,Chandigarh
16417,4,2018,4-2018,6 Month,15.38,Jaipur
16418,11,2018,11-2018,12 Months,4.12,Delhi
16419,5,2017,5-2017,30 Days,0.59,Jaipur
16420,10,2018,10-2018,6 Month,11.19,Nasik
16421,3,2018,3-2018,90 Days,4.71,Shillong
16425,11,2018,11-2018,30 Days,13.98,Pune
16426,11,2017,11-2017,30 Days,4.12,Bengaluru
16430,3,2018,3-2018,90 Days,0.59,Bhopal
16432,1,2017,1-2017,24 Months and more,2.94,Mumbai
16433,1,2018,1-2018,24 Months and more,2.94,Shillong
16434,10,2017,10-2017,90 Days,4.12,Bhopal
16437,3,2018,3-2018,30 Days,4.71,Shillong
16438,3,2018,3-2018,30 Days,5.30,Pune
16440,8,2018,8-2018,30 Days,4.20,Srinagar
16441,11,2017,11-2017,24 Months and more,9.79,Nagpur
16442,9,2017,9-2017,12 Months,1.40,Nasik
16444,10,2017,10-2017,30 Days,14.13,Bengaluru
16445,10,2017,10-2017,60 Days,2.94,Delhi
16446,3,2018,3-2018,24 Months and more,8.39,Chandigarh
16448,3,2017,3-2017,30 Days,11.19,Aurangabad
16449,2,2018,2-2018,90 Days,13.98,Nagpur
16450,2,2017,2-2017,12 Months,0.59,Chennai
16451,9,2018,9-2018,60 Days,1.18,Bengaluru
16452,3,2017,3-2017,12 Months,8.24,Chennai
16453,4,2017,4-2017,6 Month,7.07,Chennai
16455,8,2018,8-2018,60 Days,4.12,Aurangabad
16458,11,2017,11-2017,90 Days,7.07,Chennai
16459,6,2017,6-2017,90 Days,6.48,Chennai
16461,11,2018,11-2018,90 Days,9.79,Pune
16462,6,2018,6-2018,60 Days,1.77,Chennai
16465,3,2017,3-2017,30 Days,0.59,Chandigarh
16467,12,2017,12-2017,24 Months and more,1.40,Ranchi
16468,8,2018,8-2018,90 Days,8.39,Bhopal
16469,5,2017,5-2017,90 Days,5.89,Srinagar
16470,5,2017,5-2017,90 Days,7.07,Jaipur
16472,8,2017,8-2017,60 Days,1.18,Srinagar
16474,7,2017,7-2017,90 Days,1.18,Gandhinagar
16475,2,2018,2-2018,12 Months,12.59,Shillong
16476,3,2017,3-2017,12 Months,3.53,Shillong
16477,2,2017,2-2017,30 Days,6.48,Chennai
16478,2,2017,2-2017,6 Month,3.53,Chennai
16479,6,2017,6-2017,12 Months,5.59,Delhi
16480,12,2017,12-2017,6 Month,11.78,Srinagar
16482,4,2017,4-2017,90 Days,2.36,Mumbai
16483,3,2017,3-2017,30 Days,6.99,Nagpur
16484,7,2018,7-2018,60 Days,5.89,Chandigarh
16485,5,2017,5-2017,60 Days,4.71,Jaipur
16487,9,2017,9-2017,30 Days,0.59,Shillong
16488,1,2018,1-2018,90 Days,11.19,Nasik
16491,9,2018,9-2018,6 Month,5.89,Nagpur
16493,5,2018,5-2018,60 Days,1.18,Shillong
16496,9,2018,9-2018,6 Month,9.42,Nagpur
16497,8,2017,8-2017,24 Months and more,2.94,Bhopal
16498,3,2017,3-2017,6 Month,0.59,Jaipur
16499,11,2018,11-2018,24 Months and more,0.59,Nasik
16503,1,2017,1-2017,60 Days,1.40,Nagpur
16504,7,2018,7-2018,30 Days,4.12,Shillong
16506,12,2018,12-2018,12 Months,1.77,Gandhinagar
16508,2,2018,2-2018,12 Months,3.53,Jaipur
16510,11,2017,11-2017,30 Days,3.53,Pune
16511,6,2017,6-2017,60 Days,4.20,Nasik
16512,10,2017,10-2017,24 Months and more,4.12,Aurangabad
16513,8,2018,8-2018,90 Days,2.94,Bengaluru
16516,4,2017,4-2017,90 Days,2.36,Chennai
16517,1,2018,1-2018,60 Days,15.38,Gandhinagar
16518,3,2018,3-2018,60 Days,4.20,Shillong
16520,3,2018,3-2018,30 Days,3.53,Pune
16521,4,2018,4-2018,60 Days,1.40,Ranchi
16523,8,2017,8-2017,60 Days,11.19,Aurangabad
16524,11,2017,11-2017,6 Month,4.71,Bhopal
16529,2,2017,2-2017,6 Month,15.38,Ranchi
16530,3,2017,3-2017,24 Months and more,13.98,Ranchi
16533,4,2018,4-2018,6 Month,11.19,Bengaluru
16535,2,2018,2-2018,90 Days,2.80,Chandigarh
16536,5,2017,5-2017,6 Month,1.18,Jaipur
16537,7,2018,7-2018,60 Days,4.20,Jaipur
16538,3,2018,3-2018,90 Days,0.59,Aurangabad
16539,3,2017,3-2017,30 Days,3.53,Bhopal
16540,7,2018,7-2018,30 Days,5.89,Bengaluru
16541,10,2018,10-2018,6 Month,1.18,Srinagar
16542,6,2018,6-2018,60 Days,3.53,Bengaluru
16543,9,2017,9-2017,6 Month,4.20,Delhi
16545,7,2017,7-2017,6 Month,1.77,Shillong
16548,2,2017,2-2017,24 Months and more,15.38,Srinagar
16549,3,2017,3-2017,30 Days,1.18,Shillong
16553,2,2018,2-2018,30 Days,12.95,Aurangabad
16554,6,2018,6-2018,12 Months,0.59,Nasik
16555,8,2017,8-2017,30 Days,5.59,Bhopal
16557,6,2017,6-2017,6 Month,11.78,Aurangabad
16558,5,2017,5-2017,6 Month,3.53,Aurangabad
16559,7,2017,7-2017,12 Months,6.99,Nasik
16560,2,2018,2-2018,12 Months,3.53,Nasik
16561,12,2018,12-2018,6 Month,7.07,Bengaluru
16562,11,2018,11-2018,24 Months and more,4.71,Delhi
16563,7,2017,7-2017,12 Months,9.42,Jaipur
16565,11,2018,11-2018,90 Days,3.53,Pune
16566,11,2018,11-2018,90 Days,15.38,Chandigarh
16567,10,2018,10-2018,30 Days,4.12,Bhopal
16568,5,2018,5-2018,6 Month,2.80,Delhi
16569,6,2018,6-2018,6 Month,4.20,Nagpur
16571,5,2017,5-2017,90 Days,4.71,Aurangabad
16572,10,2018,10-2018,6 Month,5.59,Delhi
16574,7,2018,7-2018,24 Months and more,2.94,Chennai
16575,6,2017,6-2017,12 Months,11.19,Jaipur
16576,11,2018,11-2018,6 Month,2.80,Aurangabad
16577,8,2017,8-2017,6 Month,9.79,Chennai
16578,8,2017,8-2017,90 Days,2.36,Mumbai
16579,4,2018,4-2018,30 Days,2.36,Jaipur
16580,4,2018,4-2018,12 Months,14.13,Chennai
16581,3,2018,3-2018,24 Months and more,6.48,Chennai
16582,3,2017,3-2017,6 Month,5.89,Mumbai
16583,9,2018,9-2018,24 Months and more,12.59,Shillong
16584,5,2017,5-2017,60 Days,9.42,Chennai
16585,12,2018,12-2018,6 Month,7.07,Delhi
16587,10,2018,10-2018,12 Months,12.59,Aurangabad
16588,8,2018,8-2018,90 Days,5.89,Srinagar
16589,3,2018,3-2018,60 Days,12.59,Aurangabad
16590,1,2017,1-2017,90 Days,5.30,Chandigarh
16591,1,2017,1-2017,12 Months,5.89,Gandhinagar
16593,1,2017,1-2017,30 Days,4.71,Pune
16595,6,2018,6-2018,90 Days,16.78,Bhopal
16596,3,2017,3-2017,90 Days,8.39,Chennai
16597,1,2018,1-2018,6 Month,5.89,Ranchi
16599,2,2017,2-2017,24 Months and more,15.38,Bhopal
16600,11,2017,11-2017,60 Days,2.94,Ranchi
16601,4,2018,4-2018,24 Months and more,4.71,Mumbai
16602,7,2017,7-2017,90 Days,11.78,Srinagar
16604,7,2017,7-2017,6 Month,7.07,Mumbai
16606,8,2018,8-2018,12 Months,12.95,Ranchi
16607,4,2017,4-2017,6 Month,11.78,Mumbai
16608,9,2018,9-2018,6 Month,9.79,Nasik
16610,11,2018,11-2018,12 Months,4.20,Mumbai
16611,11,2018,11-2018,60 Days,4.12,Chennai
16614,10,2018,10-2018,60 Days,11.19,Nasik
16615,3,2017,3-2017,6 Month,4.12,Chennai
16618,12,2018,12-2018,6 Month,4.71,Jaipur
16619,5,2017,5-2017,60 Days,6.48,Mumbai
16620,12,2017,12-2017,30 Days,5.30,Delhi
16621,9,2018,9-2018,60 Days,3.53,Ranchi
16624,5,2017,5-2017,90 Days,2.80,Jaipur
16625,3,2018,3-2018,30 Days,3.53,Delhi
16626,5,2017,5-2017,12 Months,0.59,Delhi
16627,12,2017,12-2017,90 Days,4.71,Aurangabad
16629,11,2018,11-2018,30 Days,5.30,Chandigarh
16630,1,2018,1-2018,30 Days,5.89,Mumbai
16631,8,2017,8-2017,12 Months,2.94,Delhi
16632,2,2018,2-2018,30 Days,2.94,Bengaluru
16634,6,2017,6-2017,30 Days,3.53,Bengaluru
16636,2,2018,2-2018,90 Days,4.12,Bhopal
16637,9,2018,9-2018,12 Months,5.89,Ranchi
16638,2,2018,2-2018,6 Month,7.07,Ranchi
16639,2,2018,2-2018,12 Months,3.53,Srinagar
16641,2,2018,2-2018,6 Month,8.24,Srinagar
16642,11,2018,11-2018,12 Months,8.39,Gandhinagar
16643,12,2017,12-2017,12 Months,2.80,Mumbai
16644,11,2017,11-2017,12 Months,4.20,Mumbai
16645,2,2018,2-2018,6 Month,1.40,Nasik
16646,10,2017,10-2017,60 Days,3.53,Nagpur
16647,12,2018,12-2018,90 Days,4.20,Pune
16649,10,2018,10-2018,30 Days,15.38,Gandhinagar
16651,9,2018,9-2018,60 Days,15.38,Aurangabad
16653,4,2017,4-2017,12 Months,5.30,Nagpur
16654,4,2017,4-2017,60 Days,8.39,Aurangabad
16655,12,2018,12-2018,24 Months and more,2.36,Nasik
16656,6,2018,6-2018,90 Days,6.48,Delhi
16657,4,2017,4-2017,12 Months,2.94,Jaipur
16658,8,2018,8-2018,24 Months and more,1.40,Srinagar
16659,4,2017,4-2017,6 Month,1.77,Chennai
16660,7,2018,7-2018,24 Months and more,9.42,Delhi
16662,4,2018,4-2018,6 Month,5.30,Delhi
16664,6,2017,6-2017,90 Days,2.94,Chandigarh
16666,10,2018,10-2018,60 Days,15.38,Bhopal
16667,8,2018,8-2018,30 Days,11.19,Ranchi
16668,11,2018,11-2018,90 Days,2.36,Nagpur
16669,11,2017,11-2017,12 Months,0.59,Srinagar
16670,6,2017,6-2017,6 Month,7.07,Mumbai
16672,9,2018,9-2018,60 Days,1.18,Aurangabad
16673,12,2018,12-2018,60 Days,1.77,Aurangabad
16674,3,2017,3-2017,60 Days,11.19,Chennai
16675,2,2018,2-2018,90 Days,9.42,Nagpur
16676,9,2018,9-2018,12 Months,2.36,Ranchi
16678,1,2017,1-2017,6 Month,4.12,Jaipur
16679,7,2018,7-2018,60 Days,2.94,Aurangabad
16680,9,2018,9-2018,12 Months,6.99,Bengaluru
16681,2,2018,2-2018,24 Months and more,2.80,Nasik
16683,7,2018,7-2018,60 Days,3.53,Aurangabad
16684,10,2017,10-2017,6 Month,1.40,Ranchi
16685,7,2017,7-2017,60 Days,7.07,Delhi
16686,9,2018,9-2018,24 Months and more,2.94,Ranchi
16687,3,2017,3-2017,60 Days,6.99,Ranchi
16689,11,2018,11-2018,24 Months and more,7.07,Shillong
16690,2,2017,2-2017,24 Months and more,9.79,Gandhinagar
16691,12,2017,12-2017,6 Month,0.59,Nasik
16695,6,2018,6-2018,12 Months,3.53,Aurangabad
16696,9,2017,9-2017,90 Days,8.39,Pune
16699,1,2017,1-2017,90 Days,2.36,Chandigarh
16701,2,2017,2-2017,90 Days,3.53,Srinagar
16704,8,2018,8-2018,90 Days,10.60,Aurangabad
16706,9,2017,9-2017,60 Days,5.89,Mumbai
16707,11,2017,11-2017,6 Month,5.59,Bhopal
16708,11,2018,11-2018,90 Days,6.48,Shillong
16709,4,2017,4-2017,24 Months and more,1.77,Jaipur
16710,2,2017,2-2017,30 Days,4.12,Jaipur
16711,11,2017,11-2017,6 Month,5.89,Srinagar
16713,6,2018,6-2018,24 Months and more,4.12,Bhopal
16714,5,2018,5-2018,24 Months and more,4.12,Nagpur
16715,8,2018,8-2018,90 Days,2.94,Bengaluru
16716,7,2018,7-2018,60 Days,2.36,Srinagar
16722,6,2017,6-2017,12 Months,6.48,Aurangabad
16723,2,2018,2-2018,24 Months and more,9.42,Chennai
16726,1,2018,1-2018,24 Months and more,4.12,Chandigarh
16727,5,2018,5-2018,60 Days,15.38,Ranchi
16730,7,2017,7-2017,60 Days,5.89,Srinagar
16731,7,2018,7-2018,6 Month,2.94,Pune
16732,1,2018,1-2018,60 Days,4.71,Gandhinagar
16733,7,2017,7-2017,24 Months and more,4.71,Delhi
16734,4,2017,4-2017,12 Months,2.36,Chennai
16735,10,2018,10-2018,24 Months and more,1.77,Mumbai
16736,1,2017,1-2017,90 Days,1.77,Bengaluru
16737,5,2018,5-2018,12 Months,6.48,Chandigarh
16738,6,2017,6-2017,24 Months and more,15.38,Jaipur
16740,7,2018,7-2018,90 Days,5.30,Delhi
16742,3,2017,3-2017,6 Month,5.89,Gandhinagar
16743,5,2018,5-2018,90 Days,4.12,Aurangabad
16744,7,2017,7-2017,24 Months and more,10.60,Srinagar
16745,6,2017,6-2017,6 Month,1.18,Delhi
16746,10,2018,10-2018,60 Days,2.36,Mumbai
16747,5,2017,5-2017,30 Days,1.18,Bengaluru
16748,10,2017,10-2017,60 Days,6.48,Bhopal
16752,9,2018,9-2018,30 Days,12.59,Nasik
16753,4,2017,4-2017,12 Months,4.20,Chennai
16756,12,2018,12-2018,6 Month,13.98,Srinagar
16757,6,2017,6-2017,30 Days,11.19,Bhopal
16759,1,2017,1-2017,24 Months and more,5.89,Nasik
16760,2,2018,2-2018,24 Months and more,15.38,Nagpur
16761,6,2018,6-2018,12 Months,6.99,Chennai
16762,8,2018,8-2018,12 Months,4.12,Bengaluru
16763,10,2018,10-2018,60 Days,7.07,Bengaluru
16764,8,2018,8-2018,6 Month,5.89,Delhi
16765,3,2017,3-2017,24 Months and more,7.07,Srinagar
16766,7,2017,7-2017,12 Months,2.94,Delhi
16767,9,2018,9-2018,30 Days,13.98,Bengaluru
16768,5,2017,5-2017,12 Months,2.94,Delhi
16769,2,2018,2-2018,90 Days,5.89,Shillong
16771,1,2018,1-2018,90 Days,10.60,Chennai
16774,3,2018,3-2018,30 Days,3.53,Shillong
16775,5,2018,5-2018,90 Days,1.40,Chennai
16777,7,2017,7-2017,6 Month,2.94,Shillong
16778,1,2017,1-2017,6 Month,9.42,Aurangabad
16780,11,2017,11-2017,12 Months,3.53,Nagpur
16782,7,2018,7-2018,30 Days,1.40,Nagpur
16784,4,2017,4-2017,60 Days,2.36,Nasik
16785,4,2017,4-2017,60 Days,6.48,Srinagar
16788,5,2017,5-2017,90 Days,4.12,Srinagar
16790,7,2017,7-2017,24 Months and more,1.40,Gandhinagar
16792,5,2018,5-2018,12 Months,7.07,Srinagar
16794,6,2018,6-2018,90 Days,8.24,Nasik
16795,8,2017,8-2017,12 Months,6.48,Bengaluru
16797,7,2018,7-2018,12 Months,2.36,Ranchi
16799,1,2017,1-2017,30 Days,6.48,Gandhinagar
16800,10,2018,10-2018,60 Days,4.20,Shillong
16801,10,2018,10-2018,60 Days,0.59,Ranchi
16803,10,2017,10-2017,90 Days,13.98,Srinagar
16806,12,2018,12-2018,6 Month,6.48,Gandhinagar
16808,9,2017,9-2017,60 Days,1.77,Shillong
16809,3,2018,3-2018,30 Days,7.07,Nasik
16811,9,2018,9-2018,6 Month,8.39,Ranchi
16812,4,2017,4-2017,24 Months and more,0.59,Srinagar
16813,4,2017,4-2017,90 Days,4.71,Nasik
16816,11,2018,11-2018,12 Months,8.24,Shillong
16818,9,2018,9-2018,60 Days,4.12,Pune
16819,3,2018,3-2018,12 Months,13.98,Delhi
16822,6,2017,6-2017,6 Month,9.42,Delhi
16824,8,2017,8-2017,90 Days,1.40,Chennai
16826,5,2017,5-2017,90 Days,4.71,Nagpur
16827,10,2018,10-2018,6 Month,9.42,Nasik
16828,10,2017,10-2017,60 Days,1.18,Bengaluru
16829,3,2018,3-2018,60 Days,11.78,Mumbai
16830,2,2018,2-2018,24 Months and more,1.18,Nasik
16831,4,2018,4-2018,60 Days,5.30,Bengaluru
16832,4,2017,4-2017,30 Days,1.18,Chennai
16834,5,2017,5-2017,30 Days,6.48,Chandigarh
16840,6,2018,6-2018,6 Month,2.36,Gandhinagar
16841,5,2017,5-2017,90 Days,11.19,Ranchi
16843,1,2018,1-2018,24 Months and more,3.53,Ranchi
16844,5,2018,5-2018,30 Days,5.89,Chandigarh
16847,7,2017,7-2017,60 Days,8.39,Jaipur
16850,4,2018,4-2018,12 Months,9.79,Nagpur
16852,11,2018,11-2018,90 Days,8.39,Jaipur
16854,3,2017,3-2017,12 Months,12.59,Ranchi
16855,8,2017,8-2017,24 Months and more,3.53,Shillong
16856,12,2018,12-2018,30 Days,5.89,Bhopal
16857,4,2017,4-2017,24 Months and more,8.39,Mumbai
16858,11,2017,11-2017,6 Month,6.48,Delhi
16859,4,2018,4-2018,60 Days,8.39,Gandhinagar
16860,11,2017,11-2017,12 Months,2.36,Chandigarh
16861,3,2017,3-2017,12 Months,9.79,Chennai
16862,6,2018,6-2018,90 Days,11.78,Delhi
16863,6,2017,6-2017,24 Months and more,1.40,Delhi
16864,9,2018,9-2018,24 Months and more,0.59,Srinagar
16865,9,2017,9-2017,90 Days,5.89,Jaipur
16866,7,2018,7-2018,24 Months and more,13.98,Bhopal
16868,11,2018,11-2018,12 Months,7.07,Chandigarh
16869,6,2017,6-2017,90 Days,5.89,Gandhinagar
16871,12,2017,12-2017,90 Days,2.94,Bengaluru
16872,7,2017,7-2017,30 Days,6.48,Nagpur
16873,8,2017,8-2017,60 Days,5.30,Srinagar
16877,3,2018,3-2018,60 Days,4.71,Aurangabad
16878,1,2018,1-2018,6 Month,2.94,Gandhinagar
16879,1,2017,1-2017,30 Days,16.78,Bhopal
16881,12,2018,12-2018,90 Days,4.71,Jaipur
16882,11,2018,11-2018,60 Days,1.18,Nagpur
16883,7,2017,7-2017,90 Days,8.24,Bhopal
16885,1,2017,1-2017,12 Months,2.94,Shillong
16888,10,2017,10-2017,60 Days,6.48,Jaipur
16889,1,2018,1-2018,60 Days,2.80,Srinagar
16890,1,2018,1-2018,90 Days,1.18,Ranchi
16892,6,2017,6-2017,60 Days,11.19,Nagpur
16893,5,2017,5-2017,60 Days,13.98,Ranchi
16895,2,2018,2-2018,6 Month,10.60,Delhi
16897,11,2018,11-2018,90 Days,6.99,Nagpur
16899,9,2018,9-2018,30 Days,6.48,Nasik
16900,11,2018,11-2018,30 Days,1.77,Gandhinagar
16901,2,2017,2-2017,30 Days,0.59,Ranchi
16902,10,2017,10-2017,24 Months and more,0.59,Srinagar
16905,10,2018,10-2018,6 Month,2.36,Nagpur
16906,1,2018,1-2018,60 Days,9.79,Mumbai
16909,1,2017,1-2017,30 Days,8.24,Ranchi
16910,9,2018,9-2018,30 Days,0.59,Gandhinagar
16911,5,2017,5-2017,90 Days,5.89,Chennai
16912,10,2018,10-2018,24 Months and more,1.18,Pune
16913,8,2017,8-2017,6 Month,1.18,Nagpur
16914,5,2017,5-2017,24 Months and more,0.59,Nagpur
16915,2,2017,2-2017,12 Months,5.30,Chennai
16917,4,2017,4-2017,12 Months,4.12,Shillong
16919,6,2018,6-2018,24 Months and more,0.59,Chennai
16920,1,2017,1-2017,12 Months,4.20,Chennai
16921,7,2017,7-2017,60 Days,1.77,Nasik
16923,12,2018,12-2018,6 Month,13.98,Nasik
16927,12,2017,12-2017,30 Days,10.60,Aurangabad
16928,4,2018,4-2018,24 Months and more,8.24,Aurangabad
16930,12,2018,12-2018,6 Month,5.59,Chandigarh
16931,2,2018,2-2018,60 Days,1.18,Ranchi
16932,6,2018,6-2018,90 Days,4.71,Pune
16936,4,2018,4-2018,60 Days,6.99,Nasik
16937,2,2017,2-2017,6 Month,5.59,Chennai
16938,8,2017,8-2017,24 Months and more,1.77,Pune
16940,3,2018,3-2018,30 Days,7.07,Nagpur
16944,5,2018,5-2018,12 Months,4.71,Bhopal
16945,3,2018,3-2018,60 Days,8.24,Aurangabad
16946,5,2018,5-2018,60 Days,10.60,Nagpur
16947,8,2018,8-2018,90 Days,3.53,Jaipur
16948,3,2017,3-2017,60 Days,8.24,Delhi
16949,7,2018,7-2018,6 Month,13.98,Delhi
16950,5,2018,5-2018,30 Days,5.89,Bengaluru
16953,5,2018,5-2018,60 Days,1.40,Mumbai
16954,8,2017,8-2017,30 Days,1.18,Nasik
16955,6,2017,6-2017,30 Days,9.79,Chennai
16956,10,2018,10-2018,6 Month,5.59,Chandigarh
16957,5,2018,5-2018,30 Days,5.89,Chennai
16958,1,2017,1-2017,30 Days,4.12,Mumbai
16960,12,2017,12-2017,60 Days,2.94,Aurangabad
16961,8,2018,8-2018,90 Days,2.94,Nagpur
16962,2,2018,2-2018,24 Months and more,4.12,Chandigarh
16964,1,2017,1-2017,12 Months,2.80,Shillong
16965,2,2018,2-2018,60 Days,0.59,Pune
16967,4,2017,4-2017,12 Months,9.79,Nagpur
16968,9,2018,9-2018,24 Months and more,10.60,Jaipur
16969,10,2018,10-2018,24 Months and more,0.59,Srinagar
16970,10,2018,10-2018,30 Days,12.59,Chandigarh
16971,1,2018,1-2018,6 Month,2.36,Ranchi
16972,12,2018,12-2018,60 Days,2.94,Bengaluru
16973,11,2017,11-2017,30 Days,11.78,Gandhinagar
16974,9,2018,9-2018,30 Days,8.24,Chennai
16975,7,2018,7-2018,30 Days,14.13,Bhopal
16977,6,2018,6-2018,60 Days,12.59,Aurangabad
16978,8,2017,8-2017,30 Days,9.79,Pune
16979,8,2018,8-2018,90 Days,9.79,Mumbai
16980,12,2017,12-2017,30 Days,1.77,Srinagar
16981,5,2018,5-2018,90 Days,3.53,Jaipur
16982,6,2018,6-2018,6 Month,2.36,Bhopal
16984,6,2018,6-2018,60 Days,5.89,Nasik
16986,4,2018,4-2018,60 Days,14.13,Srinagar
16987,8,2018,8-2018,6 Month,2.36,Jaipur
16988,2,2017,2-2017,90 Days,8.24,Bengaluru
16990,9,2017,9-2017,24 Months and more,4.71,Pune
16992,7,2018,7-2018,24 Months and more,12.95,Gandhinagar
16994,11,2017,11-2017,90 Days,12.59,Jaipur
16997,6,2017,6-2017,24 Months and more,12.59,Nasik
16998,11,2017,11-2017,30 Days,4.71,Mumbai
16999,8,2017,8-2017,24 Months and more,4.12,Shillong
17000,5,2017,5-2017,60 Days,0.59,Bengaluru
17001,3,2017,3-2017,24 Months and more,1.18,Nasik
17002,8,2018,8-2018,90 Days,3.53,Mumbai
17004,12,2018,12-2018,90 Days,2.36,Delhi
17005,12,2018,12-2018,90 Days,6.48,Delhi
17006,5,2018,5-2018,6 Month,13.98,Bengaluru
17007,8,2018,8-2018,30 Days,1.40,Bhopal
17008,6,2017,6-2017,60 Days,1.18,Gandhinagar
17009,6,2018,6-2018,24 Months and more,13.98,Shillong
17011,7,2017,7-2017,6 Month,15.38,Bengaluru
17012,10,2018,10-2018,6 Month,4.71,Shillong
17013,1,2018,1-2018,30 Days,9.79,Jaipur
17015,5,2017,5-2017,12 Months,13.98,Bhopal
17016,9,2018,9-2018,12 Months,2.80,Delhi
17020,4,2018,4-2018,60 Days,3.53,Gandhinagar
17021,4,2017,4-2017,90 Days,2.36,Chennai
17023,3,2017,3-2017,60 Days,1.40,Chennai
17024,3,2018,3-2018,30 Days,4.71,Chennai
17025,6,2017,6-2017,12 Months,1.77,Nagpur
17026,12,2018,12-2018,12 Months,6.48,Bengaluru
17027,7,2018,7-2018,60 Days,4.12,Chennai
17029,4,2017,4-2017,30 Days,9.79,Srinagar
17030,11,2018,11-2018,6 Month,4.71,Aurangabad
17032,2,2018,2-2018,12 Months,1.77,Mumbai
17034,8,2017,8-2017,6 Month,6.99,Jaipur
17037,6,2018,6-2018,30 Days,5.59,Nagpur
17039,8,2017,8-2017,30 Days,3.53,Chandigarh
17040,6,2017,6-2017,24 Months and more,2.36,Jaipur
17041,6,2018,6-2018,30 Days,2.36,Srinagar
17043,10,2017,10-2017,12 Months,16.78,Shillong
17045,3,2018,3-2018,6 Month,0.59,Pune
17046,7,2018,7-2018,24 Months and more,2.80,Delhi
17047,3,2018,3-2018,6 Month,5.89,Nagpur
17048,12,2018,12-2018,6 Month,9.79,Ranchi
17049,9,2018,9-2018,90 Days,6.48,Bhopal
17051,1,2017,1-2017,30 Days,2.80,Pune
17052,2,2017,2-2017,90 Days,6.48,Bhopal
17053,12,2017,12-2017,12 Months,2.80,Chandigarh
17054,3,2018,3-2018,24 Months and more,5.59,Nagpur
17055,1,2018,1-2018,24 Months and more,6.99,Bhopal
17059,9,2018,9-2018,12 Months,11.19,Bhopal
17062,3,2018,3-2018,30 Days,3.53,Bengaluru
17066,10,2017,10-2017,60 Days,2.94,Mumbai
17067,1,2018,1-2018,60 Days,7.07,Srinagar
17068,4,2018,4-2018,90 Days,5.59,Chandigarh
17069,9,2017,9-2017,6 Month,13.98,Nasik
17071,9,2018,9-2018,90 Days,4.12,Gandhinagar
17073,12,2018,12-2018,12 Months,2.36,Bhopal
17079,11,2018,11-2018,12 Months,1.18,Gandhinagar
17080,1,2017,1-2017,24 Months and more,7.07,Chennai
17082,7,2018,7-2018,24 Months and more,5.89,Delhi
17084,2,2018,2-2018,60 Days,3.53,Delhi
17092,7,2017,7-2017,90 Days,9.79,Pune
17095,9,2017,9-2017,24 Months and more,2.94,Nagpur
17096,8,2017,8-2017,30 Days,5.89,Srinagar
17097,11,2017,11-2017,90 Days,2.94,Nasik
17098,3,2018,3-2018,6 Month,8.39,Shillong
17099,7,2018,7-2018,24 Months and more,5.30,Gandhinagar
17100,4,2017,4-2017,90 Days,1.18,Pune
17101,4,2018,4-2018,90 Days,1.77,Chandigarh
17102,5,2018,5-2018,90 Days,16.78,Aurangabad
17106,12,2018,12-2018,24 Months and more,1.77,Bengaluru
17107,8,2018,8-2018,90 Days,4.20,Pune
17109,12,2017,12-2017,30 Days,2.94,Bengaluru
17110,2,2017,2-2017,60 Days,0.59,Ranchi
17111,8,2017,8-2017,90 Days,15.38,Nagpur
17113,4,2017,4-2017,60 Days,1.40,Bengaluru
17114,4,2017,4-2017,30 Days,6.99,Chandigarh
17115,6,2017,6-2017,6 Month,6.48,Gandhinagar
17116,9,2017,9-2017,12 Months,1.18,Ranchi
17118,6,2018,6-2018,90 Days,13.98,Shillong
17119,2,2018,2-2018,12 Months,5.30,Chandigarh
17120,11,2017,11-2017,24 Months and more,5.89,Jaipur
17121,5,2017,5-2017,60 Days,1.18,Mumbai
17122,11,2018,11-2018,6 Month,9.79,Bengaluru
17124,6,2018,6-2018,30 Days,0.59,Mumbai
17125,10,2018,10-2018,24 Months and more,2.36,Chennai
17127,8,2018,8-2018,60 Days,9.42,Chennai
17128,2,2018,2-2018,6 Month,5.30,Chennai
17129,1,2018,1-2018,30 Days,2.36,Nasik
17131,8,2017,8-2017,24 Months and more,3.53,Chandigarh
17132,12,2018,12-2018,30 Days,5.30,Aurangabad
17133,12,2017,12-2017,30 Days,12.59,Mumbai
17136,12,2018,12-2018,12 Months,6.48,Jaipur
17137,11,2018,11-2018,12 Months,7.07,Gandhinagar
17138,7,2018,7-2018,24 Months and more,2.36,Nagpur
17141,12,2018,12-2018,24 Months and more,9.42,Nasik
17142,6,2017,6-2017,12 Months,6.48,Bhopal
17145,9,2017,9-2017,6 Month,9.79,Pune
17146,9,2017,9-2017,30 Days,5.30,Srinagar
17149,11,2018,11-2018,24 Months and more,1.40,Bhopal
17150,9,2018,9-2018,90 Days,4.71,Chandigarh
17151,12,2018,12-2018,12 Months,16.78,Chennai
17153,6,2018,6-2018,6 Month,7.07,Aurangabad
17154,12,2017,12-2017,24 Months and more,0.59,Chennai
17155,4,2018,4-2018,6 Month,16.78,Gandhinagar
17156,5,2017,5-2017,90 Days,6.48,Delhi
17158,12,2018,12-2018,30 Days,5.30,Aurangabad
17159,1,2017,1-2017,90 Days,0.59,Shillong
17160,4,2018,4-2018,90 Days,4.71,Chennai
17161,11,2017,11-2017,6 Month,1.18,Delhi
17162,4,2017,4-2017,30 Days,10.60,Bhopal
17164,5,2018,5-2018,30 Days,12.59,Chennai
17165,12,2017,12-2017,30 Days,3.53,Bengaluru
17166,1,2018,1-2018,6 Month,1.18,Chandigarh
17167,1,2018,1-2018,6 Month,5.89,Mumbai
17170,5,2017,5-2017,60 Days,1.18,Gandhinagar
17172,9,2018,9-2018,24 Months and more,11.19,Chandigarh
17173,3,2018,3-2018,60 Days,15.38,Pune
17174,4,2018,4-2018,60 Days,2.94,Ranchi
17177,10,2017,10-2017,90 Days,5.89,Srinagar
17178,3,2018,3-2018,6 Month,4.12,Srinagar
17180,12,2018,12-2018,24 Months and more,4.71,Chennai
17181,8,2017,8-2017,24 Months and more,9.79,Gandhinagar
17183,2,2018,2-2018,90 Days,7.07,Bengaluru
17185,10,2017,10-2017,6 Month,6.48,Chennai
17186,1,2018,1-2018,24 Months and more,1.18,Shillong
17187,8,2017,8-2017,60 Days,1.18,Chandigarh
17192,9,2017,9-2017,90 Days,2.94,Aurangabad
17194,1,2018,1-2018,12 Months,6.48,Delhi
17195,8,2017,8-2017,6 Month,4.12,Delhi
17196,8,2017,8-2017,60 Days,7.07,Bhopal
17198,4,2017,4-2017,6 Month,2.36,Chennai
17200,3,2017,3-2017,24 Months and more,1.40,Mumbai
17202,11,2017,11-2017,90 Days,4.71,Ranchi
17203,9,2018,9-2018,60 Days,12.59,Srinagar
17204,11,2018,11-2018,60 Days,5.89,Jaipur
17205,9,2017,9-2017,12 Months,10.60,Aurangabad
17206,4,2017,4-2017,6 Month,0.59,Delhi
17207,9,2018,9-2018,24 Months and more,4.12,Aurangabad
17208,6,2017,6-2017,90 Days,6.48,Gandhinagar
17209,9,2017,9-2017,30 Days,10.60,Jaipur
17211,9,2018,9-2018,24 Months and more,15.38,Aurangabad
17212,3,2018,3-2018,60 Days,8.39,Delhi
17213,9,2017,9-2017,24 Months and more,5.89,Bhopal
17214,11,2017,11-2017,6 Month,1.77,Shillong
17215,5,2017,5-2017,60 Days,11.78,Jaipur
17216,12,2018,12-2018,60 Days,5.89,Gandhinagar
17220,4,2018,4-2018,12 Months,2.80,Nasik
17222,2,2018,2-2018,6 Month,2.94,Delhi
17223,6,2017,6-2017,30 Days,2.36,Chennai
17224,12,2018,12-2018,90 Days,5.59,Chandigarh
17225,12,2018,12-2018,24 Months and more,0.59,Aurangabad
17226,8,2018,8-2018,30 Days,1.18,Mumbai
17227,11,2018,11-2018,12 Months,0.59,Nagpur
17230,4,2017,4-2017,12 Months,4.71,Jaipur
17231,10,2018,10-2018,6 Month,14.13,Jaipur
17232,10,2018,10-2018,30 Days,3.53,Srinagar
17233,10,2017,10-2017,6 Month,5.30,Bhopal
17234,6,2017,6-2017,30 Days,5.89,Bhopal
17236,8,2018,8-2018,90 Days,5.89,Nagpur
17237,12,2018,12-2018,6 Month,4.71,Bengaluru
17238,12,2017,12-2017,90 Days,5.30,Shillong
17240,8,2017,8-2017,30 Days,14.13,Shillong
17242,11,2017,11-2017,6 Month,4.71,Chennai
17243,12,2018,12-2018,90 Days,1.18,Bengaluru
17244,3,2018,3-2018,30 Days,0.59,Bengaluru
17245,6,2017,6-2017,6 Month,4.20,Gandhinagar
17246,10,2017,10-2017,90 Days,8.24,Nasik
17247,9,2017,9-2017,6 Month,7.07,Shillong
17249,3,2018,3-2018,12 Months,0.59,Ranchi
17250,12,2018,12-2018,12 Months,14.13,Shillong
17253,7,2018,7-2018,6 Month,0.59,Chennai
17254,8,2017,8-2017,24 Months and more,4.12,Chennai
17255,2,2018,2-2018,6 Month,4.20,Nagpur
17256,9,2017,9-2017,24 Months and more,5.59,Srinagar
17257,12,2017,12-2017,12 Months,5.89,Pune
17259,1,2017,1-2017,90 Days,2.36,Gandhinagar
17264,2,2018,2-2018,30 Days,11.19,Mumbai
17266,8,2018,8-2018,6 Month,5.59,Chennai
17267,2,2017,2-2017,30 Days,6.48,Chennai
17270,1,2018,1-2018,24 Months and more,1.18,Chandigarh
17271,12,2017,12-2017,6 Month,4.71,Bhopal
17272,12,2018,12-2018,6 Month,1.40,Nasik
17275,3,2017,3-2017,24 Months and more,6.48,Pune
17276,5,2017,5-2017,6 Month,10.60,Srinagar
17278,6,2017,6-2017,30 Days,3.53,Aurangabad
17279,2,2018,2-2018,24 Months and more,3.53,Bengaluru
17280,5,2018,5-2018,60 Days,0.59,Srinagar
17281,12,2018,12-2018,90 Days,2.94,Shillong
17284,11,2017,11-2017,30 Days,1.77,Nasik
17285,3,2017,3-2017,60 Days,12.59,Srinagar
17287,5,2017,5-2017,90 Days,10.60,Bhopal
17288,12,2017,12-2017,60 Days,4.12,Delhi
17289,9,2017,9-2017,12 Months,6.48,Shillong
17292,9,2018,9-2018,6 Month,2.94,Delhi
17293,6,2017,6-2017,12 Months,6.48,Jaipur
17294,2,2018,2-2018,6 Month,2.94,Pune
17295,5,2018,5-2018,24 Months and more,16.78,Aurangabad
17296,1,2018,1-2018,24 Months and more,2.80,Ranchi
17297,9,2018,9-2018,90 Days,16.78,Mumbai
17300,7,2017,7-2017,24 Months and more,1.18,Aurangabad
17303,4,2017,4-2017,24 Months and more,1.40,Chandigarh
17305,8,2017,8-2017,60 Days,3.53,Nasik
17306,5,2017,5-2017,30 Days,2.36,Bhopal
17307,7,2018,7-2018,24 Months and more,3.53,Jaipur
17309,7,2017,7-2017,12 Months,8.39,Ranchi
17311,7,2017,7-2017,30 Days,4.12,Jaipur
17312,1,2017,1-2017,30 Days,5.89,Chennai
17313,12,2018,12-2018,90 Days,2.94,Nasik
17315,8,2017,8-2017,24 Months and more,2.94,Delhi
17317,4,2018,4-2018,30 Days,16.78,Nagpur
17318,1,2018,1-2018,12 Months,0.59,Bengaluru
17319,2,2017,2-2017,60 Days,5.89,Nasik
17321,10,2017,10-2017,12 Months,2.36,Mumbai
17322,11,2018,11-2018,24 Months and more,1.18,Mumbai
17324,9,2018,9-2018,6 Month,4.71,Pune
17325,8,2017,8-2017,90 Days,1.77,Bengaluru
17326,6,2017,6-2017,24 Months and more,1.77,Srinagar
17327,3,2018,3-2018,24 Months and more,12.59,Jaipur
17328,12,2017,12-2017,60 Days,2.94,Jaipur
17329,5,2018,5-2018,90 Days,3.53,Aurangabad
17330,11,2017,11-2017,6 Month,6.48,Shillong
17332,6,2018,6-2018,30 Days,3.53,Delhi
17333,4,2017,4-2017,90 Days,1.40,Pune
17334,4,2018,4-2018,24 Months and more,16.78,Ranchi
17335,9,2017,9-2017,30 Days,3.53,Delhi
17336,7,2017,7-2017,24 Months and more,5.59,Jaipur
17337,11,2018,11-2018,90 Days,2.36,Mumbai
17339,9,2017,9-2017,12 Months,4.20,Bhopal
17340,8,2018,8-2018,6 Month,13.98,Chennai
17341,7,2018,7-2018,12 Months,7.07,Nagpur
17343,9,2017,9-2017,6 Month,13.98,Shillong
17344,10,2018,10-2018,6 Month,9.79,Pune
17345,10,2018,10-2018,60 Days,5.89,Bhopal
17346,12,2018,12-2018,30 Days,1.40,Bengaluru
17347,1,2017,1-2017,12 Months,6.99,Mumbai
17349,10,2018,10-2018,90 Days,5.30,Chennai
17351,12,2018,12-2018,90 Days,13.98,Jaipur
17353,4,2017,4-2017,60 Days,11.19,Nagpur
17354,1,2018,1-2018,30 Days,13.98,Aurangabad
17357,6,2017,6-2017,60 Days,1.77,Pune
17358,6,2017,6-2017,6 Month,2.94,Nasik
17359,1,2017,1-2017,12 Months,2.36,Bengaluru
17361,2,2018,2-2018,60 Days,8.39,Chennai
17362,5,2018,5-2018,6 Month,6.48,Srinagar
17363,8,2017,8-2017,60 Days,1.77,Chennai
17364,5,2018,5-2018,90 Days,5.89,Aurangabad
17365,1,2017,1-2017,90 Days,2.36,Nasik
17367,2,2018,2-2018,30 Days,3.53,Chennai
17368,2,2018,2-2018,90 Days,4.12,Chennai
17369,10,2017,10-2017,6 Month,1.18,Pune
17370,9,2017,9-2017,6 Month,1.18,Pune
17371,10,2018,10-2018,90 Days,8.39,Mumbai
17372,11,2018,11-2018,6 Month,4.20,Bengaluru
17374,4,2017,4-2017,6 Month,2.36,Chandigarh
17378,3,2018,3-2018,24 Months and more,11.19,Nagpur
17379,4,2018,4-2018,24 Months and more,6.48,Mumbai
17382,1,2017,1-2017,6 Month,7.07,Pune
17386,8,2017,8-2017,30 Days,4.71,Jaipur
17388,2,2017,2-2017,24 Months and more,4.71,Ranchi
17390,8,2018,8-2018,24 Months and more,3.53,Shillong
17391,9,2017,9-2017,30 Days,4.20,Delhi
17393,1,2018,1-2018,24 Months and more,4.71,Nasik
17395,9,2018,9-2018,90 Days,12.59,Shillong
17399,7,2017,7-2017,24 Months and more,5.30,Delhi
17401,4,2018,4-2018,90 Days,2.36,Jaipur
17402,2,2018,2-2018,6 Month,4.20,Delhi
17405,12,2017,12-2017,60 Days,4.20,Bengaluru
17406,11,2018,11-2018,24 Months and more,15.38,Bengaluru
17407,9,2017,9-2017,12 Months,11.78,Delhi
17409,10,2018,10-2018,60 Days,15.38,Nasik
17410,12,2017,12-2017,30 Days,9.42,Chennai
17411,3,2017,3-2017,6 Month,6.48,Bengaluru
17412,4,2017,4-2017,30 Days,4.71,Bengaluru
17413,1,2017,1-2017,30 Days,15.38,Ranchi
17414,1,2017,1-2017,30 Days,10.60,Aurangabad
17416,7,2018,7-2018,24 Months and more,8.24,Aurangabad
17417,12,2018,12-2018,6 Month,3.53,Ranchi
17418,11,2018,11-2018,60 Days,12.59,Srinagar
17420,1,2018,1-2018,90 Days,0.59,Chennai
17422,4,2017,4-2017,12 Months,6.99,Ranchi
17424,5,2017,5-2017,6 Month,3.53,Delhi
17426,10,2017,10-2017,24 Months and more,4.20,Shillong
17428,2,2017,2-2017,90 Days,12.59,Srinagar
17430,5,2017,5-2017,12 Months,8.39,Chennai
17431,10,2017,10-2017,60 Days,1.40,Bengaluru
17433,2,2018,2-2018,12 Months,9.79,Bengaluru
17435,5,2018,5-2018,12 Months,5.59,Shillong
17436,10,2018,10-2018,90 Days,1.18,Nasik
17438,5,2018,5-2018,12 Months,2.36,Nagpur
17441,5,2017,5-2017,24 Months and more,2.36,Mumbai
17442,10,2017,10-2017,60 Days,9.79,Bengaluru
17443,7,2017,7-2017,30 Days,11.19,Srinagar
17444,1,2017,1-2017,90 Days,2.80,Srinagar
17445,3,2017,3-2017,90 Days,5.89,Bengaluru
17446,6,2017,6-2017,60 Days,5.59,Pune
17447,10,2018,10-2018,90 Days,13.98,Srinagar
17448,7,2018,7-2018,6 Month,5.30,Nasik
17450,6,2018,6-2018,90 Days,4.12,Aurangabad
17451,5,2018,5-2018,6 Month,15.38,Jaipur
17452,4,2018,4-2018,12 Months,1.77,Bhopal
17453,3,2017,3-2017,60 Days,9.42,Nasik
17457,6,2018,6-2018,90 Days,5.30,Bengaluru
17458,3,2017,3-2017,30 Days,4.20,Nasik
17459,11,2018,11-2018,30 Days,2.36,Mumbai
17464,11,2018,11-2018,30 Days,1.18,Nagpur
17466,4,2018,4-2018,24 Months and more,2.80,Bengaluru
17468,5,2017,5-2017,24 Months and more,7.07,Nagpur
17469,7,2017,7-2017,60 Days,7.07,Shillong
17470,11,2018,11-2018,90 Days,1.18,Bhopal
17471,3,2017,3-2017,60 Days,11.19,Nasik
17473,3,2017,3-2017,90 Days,5.59,Srinagar
17476,7,2017,7-2017,90 Days,5.89,Aurangabad
17477,11,2018,11-2018,24 Months and more,6.48,Chennai
17478,5,2017,5-2017,12 Months,3.53,Shillong
17480,7,2017,7-2017,6 Month,1.40,Chandigarh
17481,2,2017,2-2017,24 Months and more,4.12,Mumbai
17482,2,2018,2-2018,60 Days,5.89,Aurangabad
17486,12,2018,12-2018,90 Days,11.78,Pune
17488,4,2017,4-2017,6 Month,4.12,Srinagar
17490,3,2018,3-2018,6 Month,3.53,Nagpur
17492,5,2017,5-2017,90 Days,0.59,Pune
17493,6,2017,6-2017,24 Months and more,4.12,Nagpur
17496,12,2017,12-2017,90 Days,5.89,Aurangabad
17497,3,2017,3-2017,6 Month,0.59,Gandhinagar
17501,12,2017,12-2017,60 Days,16.78,Bengaluru
17502,5,2017,5-2017,60 Days,5.89,Chennai
17503,5,2017,5-2017,30 Days,6.48,Shillong
17504,8,2017,8-2017,12 Months,2.36,Mumbai
17505,2,2018,2-2018,24 Months and more,2.80,Nasik
17506,6,2017,6-2017,60 Days,9.79,Pune
17508,10,2018,10-2018,24 Months and more,7.07,Shillong
17509,4,2018,4-2018,12 Months,1.40,Chennai
17510,2,2017,2-2017,30 Days,1.40,Jaipur
17511,8,2018,8-2018,12 Months,4.12,Srinagar
17512,5,2017,5-2017,24 Months and more,8.39,Shillong
17513,4,2018,4-2018,90 Days,0.59,Delhi
17514,8,2017,8-2017,90 Days,8.24,Chennai
17515,10,2017,10-2017,6 Month,12.95,Bengaluru
17516,4,2018,4-2018,30 Days,6.48,Bengaluru
17517,2,2018,2-2018,30 Days,1.77,Jaipur
17518,2,2017,2-2017,90 Days,1.18,Bhopal
17519,2,2018,2-2018,60 Days,8.39,Srinagar
17520,3,2018,3-2018,30 Days,6.48,Aurangabad
17521,6,2017,6-2017,24 Months and more,5.59,Nagpur
17523,8,2017,8-2017,30 Days,1.18,Bengaluru
17524,12,2018,12-2018,12 Months,15.38,Bengaluru
17526,2,2017,2-2017,60 Days,2.80,Chennai
17527,7,2017,7-2017,24 Months and more,2.94,Nasik
17531,4,2018,4-2018,24 Months and more,5.30,Pune
17532,5,2018,5-2018,24 Months and more,5.59,Srinagar
17533,4,2018,4-2018,60 Days,8.39,Bhopal
17535,10,2018,10-2018,30 Days,12.59,Shillong
17536,8,2017,8-2017,24 Months and more,16.78,Nagpur
17537,7,2018,7-2018,60 Days,7.07,Chandigarh
17538,6,2017,6-2017,90 Days,2.80,Ranchi
17539,2,2017,2-2017,12 Months,1.77,Jaipur
17540,4,2017,4-2017,90 Days,13.98,Shillong
17541,5,2018,5-2018,30 Days,1.18,Bhopal
17542,9,2017,9-2017,24 Months and more,4.12,Chandigarh
17543,9,2018,9-2018,60 Days,2.36,Aurangabad
17544,11,2017,11-2017,24 Months and more,1.77,Nasik
17546,2,2018,2-2018,12 Months,2.80,Bengaluru
17548,7,2017,7-2017,6 Month,2.36,Nasik
17551,5,2018,5-2018,60 Days,12.59,Shillong
17552,5,2017,5-2017,6 Month,16.78,Chandigarh
17553,5,2017,5-2017,6 Month,5.89,Bhopal
17554,7,2017,7-2017,6 Month,2.80,Pune
17557,9,2017,9-2017,12 Months,15.38,Aurangabad
17558,10,2017,10-2017,12 Months,0.59,Chennai
17559,8,2018,8-2018,30 Days,1.18,Bhopal
17562,12,2018,12-2018,24 Months and more,8.39,Gandhinagar
17565,4,2018,4-2018,12 Months,1.40,Delhi
17568,10,2018,10-2018,24 Months and more,10.60,Mumbai
17569,10,2017,10-2017,90 Days,8.39,Shillong
17570,3,2017,3-2017,60 Days,1.18,Mumbai
17572,8,2017,8-2017,6 Month,13.98,Shillong
17577,2,2018,2-2018,30 Days,3.53,Srinagar
17578,2,2017,2-2017,6 Month,1.18,Mumbai
17579,6,2017,6-2017,12 Months,9.79,Chennai
17580,6,2018,6-2018,6 Month,4.71,Nasik
17582,5,2017,5-2017,6 Month,7.07,Chennai
17584,5,2018,5-2018,24 Months and more,5.89,Jaipur
17588,10,2017,10-2017,24 Months and more,8.39,Chandigarh
17590,4,2017,4-2017,24 Months and more,10.60,Delhi
17592,2,2018,2-2018,30 Days,5.59,Gandhinagar
17593,10,2017,10-2017,24 Months and more,5.89,Jaipur
17594,1,2018,1-2018,12 Months,8.39,Chennai
17595,3,2018,3-2018,12 Months,5.89,Bengaluru
17596,12,2017,12-2017,30 Days,12.59,Nasik
17597,4,2018,4-2018,60 Days,0.59,Srinagar
17598,2,2018,2-2018,30 Days,9.79,Pune
17599,2,2018,2-2018,60 Days,2.94,Mumbai
17600,8,2018,8-2018,6 Month,7.07,Bhopal
17602,3,2017,3-2017,12 Months,6.48,Nasik
17603,9,2017,9-2017,60 Days,9.42,Delhi
17606,4,2018,4-2018,30 Days,5.59,Srinagar
17607,8,2017,8-2017,60 Days,3.53,Jaipur
17609,4,2018,4-2018,60 Days,4.20,Chennai
17610,5,2018,5-2018,24 Months and more,16.78,Chandigarh
17611,6,2017,6-2017,30 Days,11.19,Chandigarh
17614,12,2017,12-2017,90 Days,3.53,Bengaluru
17615,1,2018,1-2018,6 Month,12.59,Nasik
17616,5,2018,5-2018,30 Days,1.77,Shillong
17619,3,2018,3-2018,30 Days,5.89,Bengaluru
17620,12,2018,12-2018,30 Days,4.71,Bhopal
17621,6,2018,6-2018,24 Months and more,6.99,Gandhinagar
17623,3,2017,3-2017,60 Days,12.59,Aurangabad
17624,3,2018,3-2018,24 Months and more,14.13,Mumbai
17625,12,2018,12-2018,30 Days,2.94,Chandigarh
17626,2,2018,2-2018,24 Months and more,8.39,Bengaluru
17629,6,2017,6-2017,6 Month,12.59,Aurangabad
17631,4,2018,4-2018,60 Days,0.59,Shillong
17632,10,2018,10-2018,12 Months,2.94,Chennai
17633,7,2017,7-2017,90 Days,10.60,Gandhinagar
17634,6,2017,6-2017,60 Days,12.59,Delhi
17635,6,2018,6-2018,24 Months and more,1.77,Ranchi
17638,6,2018,6-2018,60 Days,9.42,Bengaluru
17639,3,2017,3-2017,90 Days,2.36,Srinagar
17641,1,2017,1-2017,12 Months,4.71,Chandigarh
17643,11,2018,11-2018,30 Days,6.48,Chandigarh
17644,4,2018,4-2018,12 Months,15.38,Jaipur
17645,3,2017,3-2017,90 Days,2.94,Srinagar
17648,4,2017,4-2017,30 Days,13.98,Delhi
17649,2,2017,2-2017,12 Months,5.59,Aurangabad
17650,8,2018,8-2018,90 Days,15.38,Pune
17651,4,2017,4-2017,6 Month,5.30,Mumbai
17652,8,2018,8-2018,90 Days,4.71,Chennai
17653,7,2018,7-2018,12 Months,2.36,Nasik
17654,5,2017,5-2017,6 Month,2.94,Chennai
17655,4,2017,4-2017,24 Months and more,1.77,Jaipur
17663,8,2017,8-2017,6 Month,10.60,Aurangabad
17664,12,2018,12-2018,24 Months and more,8.24,Jaipur
17666,10,2018,10-2018,12 Months,9.79,Delhi
17667,8,2018,8-2018,12 Months,2.36,Gandhinagar
17668,7,2017,7-2017,60 Days,5.89,Chennai
17669,10,2017,10-2017,24 Months and more,1.18,Ranchi
17671,12,2017,12-2017,12 Months,4.12,Shillong
17672,4,2017,4-2017,12 Months,1.18,Nasik
17673,4,2018,4-2018,12 Months,4.12,Shillong
17675,7,2018,7-2018,6 Month,12.59,Jaipur
17676,5,2017,5-2017,60 Days,9.42,Nagpur
17682,2,2017,2-2017,90 Days,6.48,Nasik
17683,1,2017,1-2017,90 Days,2.36,Delhi
17684,6,2017,6-2017,24 Months and more,6.99,Chennai
17685,8,2017,8-2017,6 Month,8.39,Nasik
17686,4,2018,4-2018,12 Months,4.12,Srinagar
17687,3,2018,3-2018,24 Months and more,5.30,Chennai
17688,6,2017,6-2017,24 Months and more,14.13,Jaipur
17689,1,2017,1-2017,90 Days,1.77,Srinagar
17692,3,2018,3-2018,24 Months and more,4.71,Gandhinagar
17693,6,2018,6-2018,24 Months and more,3.53,Pune
17694,9,2018,9-2018,6 Month,2.94,Gandhinagar
17695,1,2018,1-2018,24 Months and more,5.30,Bhopal
17697,7,2017,7-2017,24 Months and more,1.77,Srinagar
17701,9,2017,9-2017,12 Months,5.30,Bhopal
17703,1,2018,1-2018,12 Months,4.71,Gandhinagar
17704,8,2018,8-2018,6 Month,1.18,Chandigarh
17706,9,2018,9-2018,6 Month,16.78,Aurangabad
17707,7,2018,7-2018,30 Days,0.59,Chennai
17708,6,2018,6-2018,60 Days,8.39,Srinagar
17710,6,2017,6-2017,90 Days,0.59,Gandhinagar
17711,4,2017,4-2017,60 Days,1.77,Pune
17712,11,2017,11-2017,30 Days,15.38,Aurangabad
17713,5,2017,5-2017,12 Months,2.36,Ranchi
17714,4,2018,4-2018,60 Days,10.60,Srinagar
17717,9,2017,9-2017,6 Month,6.99,Bhopal
17719,6,2018,6-2018,60 Days,9.79,Chennai
17720,9,2018,9-2018,12 Months,5.59,Delhi
17722,8,2017,8-2017,60 Days,2.94,Delhi
17723,1,2017,1-2017,60 Days,8.39,Chandigarh
17724,12,2017,12-2017,60 Days,6.48,Ranchi
17725,6,2018,6-2018,90 Days,1.77,Pune
17727,9,2017,9-2017,24 Months and more,1.18,Gandhinagar
17729,3,2018,3-2018,60 Days,5.89,Srinagar
17730,12,2018,12-2018,12 Months,0.59,Ranchi
17731,2,2017,2-2017,24 Months and more,5.89,Nagpur
17734,5,2018,5-2018,12 Months,1.77,Delhi
17735,4,2018,4-2018,30 Days,1.18,Chennai
17738,9,2018,9-2018,12 Months,2.94,Aurangabad
17740,7,2018,7-2018,60 Days,4.12,Ranchi
17741,3,2017,3-2017,24 Months and more,4.12,Nagpur
17742,11,2018,11-2018,12 Months,13.98,Gandhinagar
17743,4,2018,4-2018,90 Days,3.53,Pune
17745,10,2017,10-2017,24 Months and more,3.53,Jaipur
17746,1,2018,1-2018,90 Days,4.71,Bengaluru
17747,9,2017,9-2017,90 Days,4.71,Nagpur
17748,6,2018,6-2018,90 Days,5.30,Chennai
17749,3,2017,3-2017,24 Months and more,5.30,Bhopal
17751,3,2017,3-2017,30 Days,16.78,Ranchi
17752,12,2018,12-2018,60 Days,4.71,Bhopal
17754,8,2018,8-2018,90 Days,3.53,Nasik
17755,4,2018,4-2018,30 Days,2.94,Nasik
17758,8,2017,8-2017,30 Days,11.78,Bengaluru
17760,7,2017,7-2017,6 Month,7.07,Bhopal
17761,10,2018,10-2018,24 Months and more,6.99,Nagpur
17762,8,2017,8-2017,24 Months and more,5.30,Aurangabad
17763,12,2017,12-2017,90 Days,5.59,Delhi
17768,10,2018,10-2018,6 Month,8.24,Pune
17769,2,2018,2-2018,30 Days,7.07,Bengaluru
17770,8,2017,8-2017,24 Months and more,1.77,Bhopal
17773,12,2017,12-2017,12 Months,9.42,Shillong
17778,3,2018,3-2018,90 Days,2.94,Nasik
17780,8,2017,8-2017,30 Days,8.24,Bengaluru
17781,3,2018,3-2018,90 Days,16.78,Chennai
17782,7,2018,7-2018,6 Month,2.36,Aurangabad
17784,2,2017,2-2017,30 Days,1.18,Chandigarh
17785,5,2017,5-2017,90 Days,5.30,Jaipur
17786,10,2018,10-2018,12 Months,1.18,Pune
17788,4,2017,4-2017,6 Month,4.71,Gandhinagar
17789,3,2017,3-2017,30 Days,12.59,Nasik
17790,4,2018,4-2018,24 Months and more,1.77,Delhi
17791,4,2017,4-2017,60 Days,5.30,Mumbai
17792,11,2018,11-2018,60 Days,16.78,Srinagar
17795,9,2017,9-2017,12 Months,0.59,Nagpur
17796,5,2018,5-2018,24 Months and more,0.59,Bhopal
17797,6,2017,6-2017,30 Days,5.30,Nasik
17800,9,2017,9-2017,24 Months and more,6.48,Aurangabad
17801,4,2018,4-2018,60 Days,0.59,Bhopal
17802,12,2017,12-2017,90 Days,9.42,Delhi
17803,5,2017,5-2017,90 Days,7.07,Shillong
17804,3,2017,3-2017,24 Months and more,6.48,Gandhinagar
17805,10,2017,10-2017,12 Months,6.48,Gandhinagar
17809,7,2018,7-2018,24 Months and more,9.79,Srinagar
17810,3,2018,3-2018,6 Month,4.20,Bengaluru
17815,4,2018,4-2018,24 Months and more,2.80,Srinagar
17818,3,2018,3-2018,30 Days,5.89,Shillong
17819,6,2018,6-2018,24 Months and more,0.59,Aurangabad
17820,7,2018,7-2018,30 Days,4.71,Ranchi
17821,2,2018,2-2018,6 Month,12.95,Nasik
17822,6,2018,6-2018,24 Months and more,7.07,Delhi
17823,12,2017,12-2017,24 Months and more,8.39,Bengaluru
17824,7,2018,7-2018,60 Days,2.94,Aurangabad
17825,8,2018,8-2018,90 Days,4.71,Nasik
17826,4,2018,4-2018,6 Month,12.59,Chennai
17828,7,2018,7-2018,12 Months,16.78,Nagpur
17833,7,2018,7-2018,24 Months and more,6.99,Bhopal
17837,1,2017,1-2017,60 Days,7.07,Mumbai
17838,8,2017,8-2017,12 Months,1.18,Chennai
17842,8,2018,8-2018,6 Month,8.39,Bhopal
17843,11,2017,11-2017,90 Days,2.36,Mumbai
17844,9,2017,9-2017,24 Months and more,1.40,Chennai
17845,12,2017,12-2017,30 Days,13.98,Mumbai
17848,4,2018,4-2018,60 Days,3.53,Ranchi
17851,7,2018,7-2018,12 Months,5.89,Aurangabad
17852,4,2017,4-2017,30 Days,5.30,Bhopal
17853,12,2017,12-2017,60 Days,6.99,Mumbai
17854,10,2017,10-2017,30 Days,5.30,Srinagar
17855,5,2017,5-2017,24 Months and more,2.36,Mumbai
17856,11,2018,11-2018,30 Days,1.18,Nagpur
17857,1,2018,1-2018,90 Days,10.60,Bhopal
17858,7,2018,7-2018,90 Days,5.89,Gandhinagar
17861,2,2017,2-2017,24 Months and more,2.94,Chandigarh
17862,7,2017,7-2017,90 Days,13.98,Gandhinagar
17866,9,2017,9-2017,90 Days,1.40,Ranchi
17868,10,2018,10-2018,12 Months,2.94,Gandhinagar
17869,7,2017,7-2017,90 Days,2.36,Bengaluru
17871,10,2017,10-2017,30 Days,4.71,Jaipur
17874,3,2018,3-2018,24 Months and more,14.13,Jaipur
17875,9,2017,9-2017,12 Months,9.79,Srinagar
17876,5,2018,5-2018,6 Month,5.89,Nasik
17877,7,2017,7-2017,24 Months and more,8.39,Aurangabad
17878,6,2018,6-2018,90 Days,8.39,Mumbai
17879,8,2017,8-2017,24 Months and more,5.89,Shillong
17880,7,2017,7-2017,6 Month,6.48,Nasik
17881,7,2018,7-2018,60 Days,7.07,Chennai
17882,10,2018,10-2018,6 Month,4.71,Nagpur
17884,6,2017,6-2017,90 Days,12.95,Jaipur
17885,1,2017,1-2017,60 Days,4.20,Jaipur
17886,9,2018,9-2018,30 Days,3.53,Delhi
17887,10,2017,10-2017,30 Days,11.19,Bhopal
17888,2,2017,2-2017,12 Months,6.48,Ranchi
17889,7,2018,7-2018,24 Months and more,6.48,Aurangabad
17890,4,2018,4-2018,30 Days,1.18,Bengaluru
17891,11,2018,11-2018,60 Days,5.89,Delhi
17892,10,2017,10-2017,30 Days,0.59,Gandhinagar
17893,11,2017,11-2017,12 Months,5.59,Jaipur
17894,1,2018,1-2018,30 Days,13.98,Aurangabad
17895,3,2018,3-2018,24 Months and more,0.59,Mumbai
17897,2,2017,2-2017,24 Months and more,8.24,Ranchi
17898,10,2018,10-2018,6 Month,5.89,Jaipur
17901,6,2018,6-2018,12 Months,4.20,Nagpur
17902,4,2018,4-2018,12 Months,1.18,Pune
17904,7,2018,7-2018,12 Months,12.59,Bhopal
17905,11,2017,11-2017,6 Month,4.71,Mumbai
17906,4,2017,4-2017,24 Months and more,8.39,Bhopal
17907,3,2017,3-2017,24 Months and more,8.39,Pune
17908,8,2017,8-2017,30 Days,1.40,Shillong
17909,10,2018,10-2018,24 Months and more,4.12,Chennai
17910,3,2018,3-2018,90 Days,2.36,Gandhinagar
17913,9,2018,9-2018,6 Month,0.59,Nasik
17915,3,2017,3-2017,6 Month,1.77,Nasik
17917,11,2017,11-2017,60 Days,4.71,Ranchi
17918,2,2018,2-2018,60 Days,4.71,Chandigarh
17922,4,2018,4-2018,30 Days,2.94,Ranchi
17927,9,2017,9-2017,30 Days,12.95,Aurangabad
17928,1,2018,1-2018,30 Days,7.07,Nasik
17929,8,2018,8-2018,30 Days,3.53,Bengaluru
17930,1,2017,1-2017,6 Month,1.18,Gandhinagar
17931,1,2017,1-2017,60 Days,4.12,Ranchi
17932,2,2017,2-2017,6 Month,2.94,Mumbai
17934,10,2018,10-2018,6 Month,6.99,Pune
17935,8,2018,8-2018,12 Months,0.59,Nasik
17937,7,2017,7-2017,90 Days,6.99,Chandigarh
17939,6,2018,6-2018,90 Days,2.36,Chandigarh
17940,11,2017,11-2017,90 Days,10.60,Chandigarh
17941,1,2018,1-2018,12 Months,1.40,Bengaluru
17942,5,2017,5-2017,90 Days,0.59,Nasik
17943,5,2018,5-2018,60 Days,9.79,Delhi
17944,5,2018,5-2018,30 Days,5.30,Chandigarh
17945,2,2017,2-2017,90 Days,13.98,Srinagar
17947,5,2017,5-2017,30 Days,9.79,Srinagar
17948,7,2018,7-2018,6 Month,7.07,Shillong
17949,9,2018,9-2018,30 Days,2.36,Mumbai
17950,4,2018,4-2018,24 Months and more,2.94,Delhi
17951,4,2018,4-2018,90 Days,6.99,Jaipur
17953,6,2017,6-2017,24 Months and more,5.30,Nagpur
17955,11,2017,11-2017,24 Months and more,2.94,Mumbai
17956,8,2018,8-2018,60 Days,6.99,Pune
17957,11,2018,11-2018,6 Month,4.71,Delhi
17958,2,2018,2-2018,24 Months and more,2.36,Bengaluru
17959,6,2017,6-2017,12 Months,11.19,Gandhinagar
17961,8,2018,8-2018,90 Days,15.38,Chandigarh
17963,11,2018,11-2018,60 Days,11.78,Gandhinagar
17964,1,2018,1-2018,90 Days,5.89,Srinagar
17965,2,2017,2-2017,6 Month,1.18,Chandigarh
17967,3,2017,3-2017,90 Days,13.98,Pune
17968,2,2017,2-2017,6 Month,5.59,Srinagar
17970,11,2018,11-2018,30 Days,12.95,Srinagar
17973,12,2018,12-2018,24 Months and more,1.40,Bengaluru
17974,5,2017,5-2017,90 Days,4.12,Ranchi
17976,1,2017,1-2017,90 Days,12.59,Delhi
17977,11,2017,11-2017,24 Months and more,4.71,Ranchi
17978,6,2017,6-2017,24 Months and more,12.95,Aurangabad
17979,8,2017,8-2017,6 Month,6.99,Shillong
17980,7,2017,7-2017,24 Months and more,16.78,Ranchi
17981,3,2017,3-2017,90 Days,4.20,Srinagar
17984,8,2017,8-2017,6 Month,4.71,Aurangabad
17985,6,2018,6-2018,12 Months,6.99,Srinagar
17989,4,2017,4-2017,90 Days,4.71,Delhi
17990,2,2018,2-2018,30 Days,2.94,Bengaluru
17992,6,2018,6-2018,30 Days,4.12,Chandigarh
17994,2,2017,2-2017,60 Days,5.59,Nasik
17995,8,2017,8-2017,6 Month,2.36,Bhopal
17996,10,2017,10-2017,12 Months,2.94,Aurangabad
17998,3,2017,3-2017,90 Days,1.77,Gandhinagar
17999,8,2017,8-2017,30 Days,1.77,Aurangabad
18001,11,2017,11-2017,30 Days,11.19,Pune
18002,1,2017,1-2017,30 Days,5.89,Nagpur
18003,5,2017,5-2017,24 Months and more,7.07,Delhi
18004,7,2018,7-2018,30 Days,3.53,Nagpur
18007,5,2018,5-2018,30 Days,2.36,Aurangabad
18008,12,2017,12-2017,90 Days,5.59,Shillong
18009,10,2017,10-2017,90 Days,4.12,Gandhinagar
18010,9,2017,9-2017,12 Months,12.95,Shillong
18011,1,2018,1-2018,30 Days,9.42,Nagpur
18013,7,2018,7-2018,90 Days,1.40,Ranchi
18014,2,2018,2-2018,60 Days,10.60,Ranchi
18016,4,2017,4-2017,24 Months and more,7.07,Delhi
18017,8,2018,8-2018,90 Days,2.94,Bhopal
18020,7,2017,7-2017,24 Months and more,2.80,Delhi
18021,10,2017,10-2017,30 Days,14.13,Mumbai
18022,6,2018,6-2018,60 Days,0.59,Aurangabad
18023,6,2018,6-2018,60 Days,6.48,Aurangabad
18024,4,2017,4-2017,24 Months and more,7.07,Delhi
18025,6,2017,6-2017,6 Month,5.59,Delhi
18026,3,2017,3-2017,6 Month,7.07,Aurangabad
18028,1,2017,1-2017,60 Days,2.94,Bhopal
18029,9,2017,9-2017,90 Days,13.98,Pune
18031,1,2018,1-2018,60 Days,2.80,Shillong
18035,11,2018,11-2018,12 Months,1.40,Chandigarh
18036,7,2018,7-2018,24 Months and more,11.19,Chennai
18037,9,2018,9-2018,30 Days,4.71,Pune
18038,8,2017,8-2017,90 Days,0.59,Shillong
18039,5,2018,5-2018,90 Days,13.98,Ranchi
18040,11,2018,11-2018,24 Months and more,1.40,Aurangabad
18041,1,2017,1-2017,24 Months and more,2.80,Mumbai
18042,1,2017,1-2017,6 Month,11.78,Chennai
18043,1,2017,1-2017,60 Days,16.78,Bhopal
18044,8,2018,8-2018,30 Days,0.59,Bengaluru
18046,10,2017,10-2017,24 Months and more,7.07,Nasik
18048,9,2018,9-2018,24 Months and more,11.19,Ranchi
18049,11,2017,11-2017,24 Months and more,5.89,Chennai
18050,4,2018,4-2018,60 Days,5.59,Srinagar
18051,11,2017,11-2017,60 Days,7.07,Pune
18055,6,2018,6-2018,12 Months,4.20,Ranchi
18056,5,2018,5-2018,24 Months and more,3.53,Bhopal
18057,4,2018,4-2018,24 Months and more,4.71,Srinagar
18058,2,2018,2-2018,12 Months,11.19,Chandigarh
18059,2,2018,2-2018,60 Days,1.40,Chennai
18060,4,2017,4-2017,12 Months,6.48,Pune
18064,4,2018,4-2018,90 Days,1.18,Aurangabad
18065,8,2017,8-2017,6 Month,6.99,Nagpur
18066,3,2017,3-2017,30 Days,6.48,Pune
18067,11,2018,11-2018,12 Months,8.39,Chandigarh
18068,4,2018,4-2018,90 Days,2.94,Nasik
18071,9,2018,9-2018,30 Days,8.39,Bhopal
18072,1,2017,1-2017,30 Days,5.59,Bhopal
18073,9,2018,9-2018,60 Days,3.53,Bhopal
18076,12,2018,12-2018,30 Days,1.40,Chandigarh
18077,1,2018,1-2018,24 Months and more,7.07,Chennai
18080,11,2018,11-2018,60 Days,3.53,Chandigarh
18081,4,2018,4-2018,24 Months and more,0.59,Srinagar
18082,2,2018,2-2018,24 Months and more,4.20,Srinagar
18083,10,2018,10-2018,6 Month,8.39,Jaipur
18085,10,2017,10-2017,24 Months and more,4.12,Srinagar
18086,8,2018,8-2018,30 Days,9.79,Nagpur
18087,8,2018,8-2018,60 Days,3.53,Aurangabad
18088,1,2017,1-2017,90 Days,5.30,Bengaluru
18089,6,2018,6-2018,60 Days,4.12,Chennai
18092,4,2017,4-2017,60 Days,13.98,Bengaluru
18093,1,2018,1-2018,30 Days,2.80,Nagpur
18094,9,2017,9-2017,30 Days,1.40,Aurangabad
18095,3,2017,3-2017,12 Months,11.78,Shillong
18097,5,2017,5-2017,30 Days,16.78,Nagpur
18100,1,2017,1-2017,12 Months,0.59,Mumbai
18101,3,2017,3-2017,6 Month,14.13,Nagpur
18102,1,2017,1-2017,6 Month,2.36,Aurangabad
18103,4,2017,4-2017,30 Days,7.07,Delhi
18104,8,2018,8-2018,60 Days,11.19,Bengaluru
18106,3,2018,3-2018,90 Days,6.48,Nagpur
18107,11,2017,11-2017,12 Months,1.77,Bhopal
18108,6,2017,6-2017,24 Months and more,0.59,Shillong
18110,9,2017,9-2017,24 Months and more,2.36,Nasik
18112,11,2017,11-2017,90 Days,9.42,Chennai
18116,12,2017,12-2017,24 Months and more,7.07,Nagpur
18118,11,2017,11-2017,90 Days,12.95,Ranchi
18119,5,2018,5-2018,90 Days,16.78,Bengaluru
18121,4,2017,4-2017,24 Months and more,2.36,Mumbai
18122,7,2017,7-2017,60 Days,12.59,Bengaluru
18124,9,2018,9-2018,12 Months,5.89,Nagpur
18125,9,2017,9-2017,12 Months,7.07,Srinagar
18126,5,2018,5-2018,24 Months and more,1.18,Chandigarh
18128,3,2018,3-2018,30 Days,5.89,Jaipur
18130,12,2018,12-2018,24 Months and more,0.59,Bhopal
18131,12,2018,12-2018,30 Days,8.39,Chennai
18132,1,2017,1-2017,24 Months and more,12.59,Gandhinagar
18133,10,2017,10-2017,6 Month,6.48,Nasik
18134,8,2017,8-2017,6 Month,2.36,Nagpur
18136,8,2017,8-2017,24 Months and more,1.77,Gandhinagar
18137,3,2017,3-2017,6 Month,9.79,Chandigarh
18138,1,2018,1-2018,12 Months,0.59,Mumbai
18140,6,2018,6-2018,30 Days,5.59,Gandhinagar
18142,10,2017,10-2017,30 Days,1.18,Shillong
18144,2,2017,2-2017,60 Days,8.39,Gandhinagar
18146,8,2017,8-2017,24 Months and more,2.94,Pune
18147,4,2017,4-2017,60 Days,1.77,Chennai
18148,6,2018,6-2018,24 Months and more,15.38,Chandigarh
18150,7,2018,7-2018,12 Months,5.59,Bengaluru
18153,5,2017,5-2017,24 Months and more,11.19,Bengaluru
18154,2,2017,2-2017,24 Months and more,5.89,Chennai
18156,6,2017,6-2017,12 Months,5.30,Chandigarh
18158,11,2018,11-2018,12 Months,5.59,Shillong
18160,12,2017,12-2017,60 Days,3.53,Bengaluru
18162,12,2018,12-2018,90 Days,6.99,Ranchi
18163,7,2018,7-2018,6 Month,2.94,Nagpur
18165,10,2018,10-2018,30 Days,15.38,Delhi
18166,1,2018,1-2018,90 Days,15.38,Ranchi
18168,6,2017,6-2017,60 Days,16.78,Nagpur
18169,9,2017,9-2017,6 Month,0.59,Bengaluru
18170,3,2018,3-2018,12 Months,12.95,Jaipur
18171,8,2018,8-2018,90 Days,16.78,Pune
18172,8,2017,8-2017,60 Days,1.77,Jaipur
18173,5,2018,5-2018,90 Days,0.59,Ranchi
18174,12,2017,12-2017,24 Months and more,7.07,Shillong
18176,1,2018,1-2018,30 Days,4.71,Gandhinagar
18178,6,2018,6-2018,24 Months and more,1.40,Bhopal
18180,11,2017,11-2017,24 Months and more,15.38,Shillong
18181,9,2018,9-2018,30 Days,5.30,Ranchi
18182,9,2018,9-2018,60 Days,5.30,Pune
18183,10,2018,10-2018,24 Months and more,3.53,Bengaluru
18184,6,2018,6-2018,30 Days,6.99,Delhi
18185,12,2018,12-2018,6 Month,9.79,Nasik
18188,6,2018,6-2018,30 Days,2.94,Aurangabad
18190,10,2018,10-2018,24 Months and more,2.80,Jaipur
18191,10,2017,10-2017,12 Months,4.12,Bhopal
18192,1,2017,1-2017,60 Days,7.07,Jaipur
18193,1,2017,1-2017,24 Months and more,9.42,Aurangabad
18196,7,2018,7-2018,6 Month,2.94,Gandhinagar
18197,2,2018,2-2018,6 Month,2.94,Pune
18198,11,2018,11-2018,6 Month,11.19,Nagpur
18202,3,2017,3-2017,6 Month,0.59,Ranchi
18203,11,2018,11-2018,90 Days,15.38,Delhi
18204,8,2017,8-2017,12 Months,5.30,Aurangabad
18205,11,2018,11-2018,24 Months and more,0.59,Jaipur
18207,5,2017,5-2017,30 Days,1.77,Bengaluru
18209,9,2017,9-2017,60 Days,7.07,Bhopal
18210,9,2017,9-2017,30 Days,2.94,Delhi
18212,5,2018,5-2018,24 Months and more,9.79,Pune
18213,7,2018,7-2018,30 Days,11.19,Mumbai
18214,8,2017,8-2017,60 Days,0.59,Ranchi
18215,8,2017,8-2017,90 Days,11.78,Chandigarh
18216,6,2017,6-2017,12 Months,5.89,Nagpur
18217,7,2018,7-2018,6 Month,15.38,Gandhinagar
18218,11,2018,11-2018,24 Months and more,4.20,Delhi
18219,5,2018,5-2018,6 Month,6.48,Nasik
18221,11,2017,11-2017,24 Months and more,0.59,Gandhinagar
18222,6,2017,6-2017,60 Days,5.59,Nagpur
18223,6,2018,6-2018,60 Days,5.59,Gandhinagar
18224,5,2017,5-2017,24 Months and more,4.71,Bengaluru
18225,12,2018,12-2018,30 Days,9.42,Delhi
18226,8,2017,8-2017,6 Month,12.95,Delhi
18230,7,2018,7-2018,24 Months and more,3.53,Delhi
18231,6,2018,6-2018,6 Month,11.78,Jaipur
18232,1,2017,1-2017,30 Days,5.89,Delhi
18233,10,2017,10-2017,90 Days,0.59,Chennai
18234,10,2017,10-2017,30 Days,9.42,Jaipur
18236,3,2018,3-2018,12 Months,8.39,Shillong
18237,7,2017,7-2017,90 Days,2.36,Bengaluru
18238,2,2017,2-2017,12 Months,11.19,Nasik
18239,3,2017,3-2017,90 Days,13.98,Chennai
18240,2,2018,2-2018,90 Days,11.78,Pune
18242,10,2017,10-2017,30 Days,11.78,Bhopal
18243,11,2018,11-2018,30 Days,12.95,Pune
18245,11,2018,11-2018,60 Days,16.78,Nagpur
18246,11,2018,11-2018,60 Days,7.07,Ranchi
18247,2,2018,2-2018,12 Months,8.39,Ranchi
18248,10,2018,10-2018,30 Days,6.48,Nasik
18249,12,2018,12-2018,6 Month,0.59,Gandhinagar
18251,12,2017,12-2017,30 Days,13.98,Nasik
18253,7,2018,7-2018,24 Months and more,1.18,Chennai
18255,6,2017,6-2017,60 Days,3.53,Jaipur
18257,1,2017,1-2017,6 Month,5.89,Chennai
18259,9,2017,9-2017,90 Days,3.53,Aurangabad
18260,5,2017,5-2017,24 Months and more,14.13,Nagpur
18261,8,2018,8-2018,90 Days,15.38,Bengaluru
18262,10,2018,10-2018,6 Month,14.13,Bhopal
18263,2,2018,2-2018,60 Days,5.89,Nasik
18264,3,2018,3-2018,60 Days,5.59,Mumbai
18265,1,2018,1-2018,90 Days,1.77,Srinagar
18266,1,2017,1-2017,12 Months,6.48,Shillong
18271,12,2018,12-2018,30 Days,1.77,Chandigarh
18274,9,2017,9-2017,6 Month,5.89,Shillong
18275,12,2017,12-2017,6 Month,1.40,Jaipur
18276,6,2018,6-2018,90 Days,16.78,Nagpur
18277,9,2017,9-2017,6 Month,5.30,Bhopal
18279,11,2017,11-2017,30 Days,2.36,Chandigarh
18280,10,2018,10-2018,60 Days,3.53,Aurangabad
18283,1,2017,1-2017,60 Days,13.98,Shillong
18284,12,2017,12-2017,12 Months,11.19,Nagpur
18285,8,2018,8-2018,30 Days,8.39,Delhi
18286,6,2017,6-2017,24 Months and more,5.30,Pune
18287,2,2017,2-2017,12 Months,15.38,Shillong
18289,7,2018,7-2018,60 Days,7.07,Jaipur
18290,3,2018,3-2018,6 Month,15.38,Mumbai
18294,2,2017,2-2017,12 Months,5.30,Nagpur
18295,9,2017,9-2017,12 Months,12.95,Nasik
18297,7,2018,7-2018,30 Days,5.30,Nagpur
18300,3,2017,3-2017,90 Days,3.53,Aurangabad
18302,11,2018,11-2018,60 Days,2.94,Chennai
18304,4,2018,4-2018,90 Days,5.30,Pune
18305,7,2017,7-2017,90 Days,15.38,Jaipur
18306,11,2017,11-2017,24 Months and more,0.59,Mumbai
18308,10,2018,10-2018,60 Days,8.39,Chandigarh
18310,7,2017,7-2017,12 Months,6.99,Bengaluru
18311,5,2018,5-2018,12 Months,4.71,Jaipur
18312,8,2018,8-2018,24 Months and more,5.59,Pune
18313,11,2017,11-2017,24 Months and more,7.07,Jaipur
18314,10,2017,10-2017,6 Month,2.80,Nasik
18316,7,2017,7-2017,6 Month,16.78,Delhi
18319,6,2018,6-2018,24 Months and more,2.80,Bengaluru
18320,6,2017,6-2017,30 Days,1.18,Nagpur
18321,6,2018,6-2018,6 Month,9.42,Bengaluru
18322,4,2017,4-2017,30 Days,9.42,Chandigarh
18323,9,2017,9-2017,6 Month,5.30,Ranchi
18325,11,2018,11-2018,12 Months,4.12,Ranchi
18326,12,2018,12-2018,12 Months,11.19,Bengaluru
18329,4,2017,4-2017,90 Days,1.77,Bhopal
18330,2,2018,2-2018,24 Months and more,12.59,Pune
18332,3,2018,3-2018,6 Month,5.30,Delhi
18333,5,2017,5-2017,6 Month,11.19,Pune
18334,8,2018,8-2018,30 Days,9.79,Jaipur
18335,8,2018,8-2018,12 Months,14.13,Bhopal
18336,9,2018,9-2018,6 Month,11.19,Pune
18337,2,2018,2-2018,6 Month,2.36,Nagpur
18340,5,2018,5-2018,90 Days,9.42,Chandigarh
18342,10,2018,10-2018,90 Days,4.71,Pune
18343,2,2017,2-2017,24 Months and more,6.99,Pune
18344,3,2018,3-2018,6 Month,1.18,Nagpur
18345,10,2017,10-2017,24 Months and more,7.07,Mumbai
18346,9,2017,9-2017,60 Days,6.48,Nagpur
18347,5,2017,5-2017,30 Days,6.48,Pune
18348,11,2018,11-2018,90 Days,1.40,Chandigarh
18349,7,2018,7-2018,6 Month,2.80,Mumbai
18350,5,2017,5-2017,6 Month,3.53,Pune
18351,3,2018,3-2018,12 Months,5.30,Mumbai
18352,3,2018,3-2018,60 Days,5.89,Gandhinagar
18353,10,2017,10-2017,6 Month,1.18,Chandigarh
18354,8,2017,8-2017,6 Month,3.53,Delhi
18355,5,2017,5-2017,24 Months and more,7.07,Chandigarh
18357,4,2017,4-2017,30 Days,1.18,Chandigarh
18358,7,2017,7-2017,90 Days,6.99,Delhi
18361,8,2017,8-2017,30 Days,0.59,Nasik
18362,8,2018,8-2018,6 Month,9.79,Srinagar
18364,1,2018,1-2018,6 Month,5.89,Srinagar
18366,11,2018,11-2018,6 Month,16.78,Ranchi
18367,2,2018,2-2018,24 Months and more,15.38,Chennai
18368,11,2018,11-2018,60 Days,2.36,Mumbai
18369,6,2017,6-2017,60 Days,5.89,Nagpur
18371,1,2017,1-2017,90 Days,2.36,Chennai
18373,2,2018,2-2018,30 Days,4.12,Jaipur
18374,8,2017,8-2017,90 Days,6.48,Chandigarh
18375,7,2017,7-2017,60 Days,1.77,Shillong
18378,10,2017,10-2017,24 Months and more,2.80,Ranchi
18379,7,2017,7-2017,60 Days,2.94,Ranchi
18380,3,2017,3-2017,24 Months and more,0.59,Ranchi
18381,5,2017,5-2017,24 Months and more,5.30,Delhi
18382,12,2017,12-2017,24 Months and more,5.89,Aurangabad
18385,10,2018,10-2018,12 Months,2.80,Bhopal
18387,9,2017,9-2017,24 Months and more,11.19,Jaipur
18388,7,2018,7-2018,30 Days,9.79,Srinagar
18390,2,2018,2-2018,30 Days,1.40,Nasik
18391,3,2017,3-2017,90 Days,5.59,Jaipur
18392,12,2017,12-2017,12 Months,0.59,Bhopal
18393,12,2018,12-2018,6 Month,5.30,Pune
18395,4,2017,4-2017,90 Days,5.30,Nagpur
18398,4,2018,4-2018,60 Days,2.36,Delhi
18399,4,2017,4-2017,6 Month,1.18,Jaipur
18401,9,2018,9-2018,24 Months and more,5.89,Chennai
18402,10,2017,10-2017,12 Months,2.36,Delhi
18403,8,2017,8-2017,6 Month,4.71,Chandigarh
18404,1,2017,1-2017,90 Days,1.18,Gandhinagar
18406,8,2018,8-2018,12 Months,9.79,Nasik
18408,11,2017,11-2017,30 Days,1.77,Chennai
18409,12,2017,12-2017,12 Months,9.42,Gandhinagar
18410,9,2018,9-2018,24 Months and more,5.30,Srinagar
18411,6,2018,6-2018,90 Days,13.98,Nagpur
18412,7,2017,7-2017,90 Days,4.12,Ranchi
18413,1,2018,1-2018,6 Month,0.59,Delhi
18415,6,2017,6-2017,24 Months and more,9.42,Ranchi
18417,5,2018,5-2018,60 Days,12.59,Pune
18418,5,2017,5-2017,30 Days,2.36,Ranchi
18420,12,2018,12-2018,6 Month,6.48,Mumbai
18421,5,2017,5-2017,60 Days,9.79,Delhi
18422,1,2018,1-2018,12 Months,12.59,Mumbai
18423,8,2017,8-2017,30 Days,1.18,Pune
18425,5,2018,5-2018,60 Days,4.20,Chandigarh
18426,7,2018,7-2018,24 Months and more,12.95,Srinagar
18427,1,2018,1-2018,24 Months and more,7.07,Bhopal
18428,3,2017,3-2017,24 Months and more,13.98,Chennai
18430,4,2017,4-2017,6 Month,5.30,Nagpur
18431,5,2018,5-2018,30 Days,4.71,Bengaluru
18432,11,2017,11-2017,24 Months and more,1.77,Jaipur
18433,2,2017,2-2017,12 Months,0.59,Nasik
18434,1,2017,1-2017,30 Days,3.53,Chennai
18435,11,2017,11-2017,24 Months and more,16.78,Jaipur
18436,8,2018,8-2018,24 Months and more,6.99,Bhopal
18438,11,2018,11-2018,60 Days,6.99,Chennai
18442,11,2018,11-2018,6 Month,2.94,Mumbai
18446,1,2018,1-2018,90 Days,4.71,Gandhinagar
18449,8,2018,8-2018,90 Days,13.98,Bhopal
18452,12,2017,12-2017,12 Months,4.12,Chandigarh
18454,6,2018,6-2018,60 Days,5.30,Ranchi
18455,9,2017,9-2017,6 Month,6.48,Bengaluru
18456,7,2017,7-2017,12 Months,12.95,Chandigarh
18457,12,2018,12-2018,90 Days,3.53,Bengaluru
18458,6,2017,6-2017,6 Month,2.94,Bhopal
18459,8,2017,8-2017,90 Days,4.71,Chennai
18461,5,2017,5-2017,30 Days,2.94,Gandhinagar
18462,9,2018,9-2018,90 Days,11.78,Mumbai
18464,6,2017,6-2017,12 Months,11.19,Nagpur
18465,2,2018,2-2018,6 Month,6.48,Bengaluru
18467,2,2017,2-2017,90 Days,3.53,Chennai
18468,12,2018,12-2018,60 Days,2.36,Pune
18469,4,2018,4-2018,90 Days,1.77,Ranchi
18470,5,2017,5-2017,12 Months,1.18,Chandigarh
18471,7,2017,7-2017,90 Days,16.78,Nagpur
18472,12,2017,12-2017,6 Month,9.79,Shillong
18475,9,2018,9-2018,12 Months,6.99,Jaipur
18476,7,2018,7-2018,24 Months and more,5.30,Shillong
18477,5,2018,5-2018,60 Days,5.89,Mumbai
18478,3,2017,3-2017,90 Days,9.42,Srinagar
18479,3,2018,3-2018,90 Days,4.71,Bhopal
18481,11,2018,11-2018,90 Days,12.95,Pune
18482,6,2017,6-2017,24 Months and more,1.77,Chandigarh
18487,12,2018,12-2018,30 Days,8.39,Gandhinagar
18488,11,2017,11-2017,12 Months,13.98,Gandhinagar
18489,1,2017,1-2017,90 Days,2.36,Nagpur
18491,5,2017,5-2017,30 Days,7.07,Pune
18492,6,2018,6-2018,30 Days,2.36,Ranchi
18493,5,2017,5-2017,30 Days,7.07,Bengaluru
18494,11,2017,11-2017,60 Days,1.18,Srinagar
18495,12,2017,12-2017,60 Days,7.07,Shillong
18496,5,2017,5-2017,12 Months,5.30,Chandigarh
18497,2,2017,2-2017,12 Months,5.30,Mumbai
18499,3,2018,3-2018,60 Days,4.12,Srinagar
18500,4,2018,4-2018,6 Month,15.38,Gandhinagar
18501,9,2018,9-2018,60 Days,5.89,Bhopal
18502,2,2018,2-2018,90 Days,4.71,Chandigarh
18503,9,2017,9-2017,6 Month,2.36,Jaipur
18504,5,2017,5-2017,24 Months and more,8.24,Mumbai
18505,7,2017,7-2017,24 Months and more,15.38,Delhi
18507,6,2017,6-2017,60 Days,2.36,Gandhinagar
18509,11,2018,11-2018,30 Days,11.19,Aurangabad
18510,8,2017,8-2017,12 Months,13.98,Mumbai
18511,6,2017,6-2017,30 Days,12.95,Pune
18513,4,2017,4-2017,90 Days,13.98,Nasik
18514,7,2017,7-2017,24 Months and more,1.40,Pune
18515,10,2017,10-2017,6 Month,0.59,Chennai
18518,5,2018,5-2018,12 Months,4.20,Ranchi
18519,7,2018,7-2018,30 Days,6.99,Bhopal
18520,8,2017,8-2017,60 Days,5.89,Ranchi
18521,11,2018,11-2018,24 Months and more,1.77,Srinagar
18522,4,2018,4-2018,6 Month,9.79,Nagpur
18523,3,2018,3-2018,24 Months and more,3.53,Pune
18524,5,2017,5-2017,60 Days,5.89,Chennai
18525,10,2017,10-2017,60 Days,16.78,Pune
18526,4,2018,4-2018,90 Days,12.59,Chandigarh
18530,4,2018,4-2018,60 Days,4.12,Nagpur
18531,9,2018,9-2018,30 Days,5.89,Shillong
18532,3,2017,3-2017,30 Days,1.18,Aurangabad
18533,1,2018,1-2018,6 Month,7.07,Shillong
18534,12,2017,12-2017,60 Days,15.38,Chennai
18535,5,2018,5-2018,90 Days,1.40,Jaipur
18536,6,2017,6-2017,90 Days,2.94,Aurangabad
18537,3,2018,3-2018,30 Days,2.80,Shillong
18538,10,2018,10-2018,90 Days,4.12,Nasik
18539,9,2017,9-2017,12 Months,0.59,Bengaluru
18540,11,2017,11-2017,24 Months and more,2.36,Nasik
18541,12,2018,12-2018,30 Days,2.36,Nagpur
18542,2,2018,2-2018,12 Months,4.12,Shillong
18543,6,2017,6-2017,6 Month,1.18,Chandigarh
18544,2,2017,2-2017,30 Days,3.53,Chennai
18545,7,2018,7-2018,30 Days,1.18,Jaipur
18546,7,2018,7-2018,6 Month,4.71,Chandigarh
18547,2,2017,2-2017,24 Months and more,6.48,Bhopal
18548,6,2017,6-2017,24 Months and more,16.78,Delhi
18549,5,2017,5-2017,30 Days,16.78,Jaipur
18550,2,2017,2-2017,6 Month,6.99,Chennai
18553,7,2018,7-2018,90 Days,0.59,Mumbai
18554,5,2017,5-2017,30 Days,3.53,Aurangabad
18556,6,2018,6-2018,90 Days,11.19,Shillong
18557,12,2017,12-2017,6 Month,4.12,Pune
18559,2,2017,2-2017,12 Months,2.94,Nasik
18560,3,2018,3-2018,60 Days,8.24,Gandhinagar
18561,4,2018,4-2018,30 Days,1.18,Chandigarh
18562,8,2017,8-2017,24 Months and more,2.80,Nagpur
18565,6,2018,6-2018,6 Month,1.18,Bengaluru
18566,2,2017,2-2017,6 Month,6.48,Chandigarh
18567,6,2018,6-2018,90 Days,16.78,Ranchi
18569,8,2018,8-2018,6 Month,2.36,Gandhinagar
18570,2,2017,2-2017,60 Days,4.20,Delhi
18571,5,2017,5-2017,60 Days,2.94,Jaipur
18572,8,2017,8-2017,24 Months and more,8.24,Ranchi
18574,6,2018,6-2018,24 Months and more,5.59,Jaipur
18575,6,2017,6-2017,12 Months,5.59,Delhi
18577,2,2017,2-2017,12 Months,9.79,Nagpur
18579,3,2018,3-2018,6 Month,5.89,Bhopal
18580,10,2018,10-2018,12 Months,11.78,Nasik
18582,1,2018,1-2018,24 Months and more,7.07,Gandhinagar
18583,11,2017,11-2017,12 Months,8.39,Chandigarh
18585,11,2017,11-2017,30 Days,7.07,Mumbai
18587,6,2018,6-2018,60 Days,4.71,Mumbai
18588,11,2017,11-2017,24 Months and more,1.77,Jaipur
18589,6,2018,6-2018,6 Month,11.78,Ranchi
18590,7,2018,7-2018,60 Days,15.38,Srinagar
18591,11,2018,11-2018,6 Month,11.19,Chandigarh
18592,6,2017,6-2017,12 Months,6.48,Nasik
18593,1,2017,1-2017,12 Months,3.53,Shillong
18597,11,2018,11-2018,30 Days,2.36,Jaipur
18601,9,2017,9-2017,24 Months and more,1.77,Bengaluru
18602,9,2017,9-2017,60 Days,4.20,Chennai
18603,5,2017,5-2017,24 Months and more,2.94,Delhi
18604,10,2017,10-2017,6 Month,15.38,Bhopal
18605,7,2017,7-2017,12 Months,2.80,Bengaluru
18606,2,2017,2-2017,60 Days,2.36,Chennai
18607,12,2017,12-2017,6 Month,0.59,Delhi
18612,12,2017,12-2017,24 Months and more,13.98,Bhopal
18614,1,2017,1-2017,24 Months and more,1.77,Srinagar
18615,3,2018,3-2018,90 Days,8.39,Srinagar
18616,8,2017,8-2017,6 Month,12.59,Shillong
18617,1,2017,1-2017,90 Days,11.19,Pune
18619,7,2017,7-2017,60 Days,15.38,Pune
18620,11,2018,11-2018,24 Months and more,2.36,Ranchi
18621,6,2017,6-2017,12 Months,9.79,Jaipur
18622,3,2017,3-2017,60 Days,11.19,Delhi
18623,2,2018,2-2018,6 Month,7.07,Srinagar
18627,12,2017,12-2017,60 Days,8.39,Gandhinagar
18628,2,2017,2-2017,30 Days,1.18,Bengaluru
18629,6,2017,6-2017,30 Days,5.59,Gandhinagar
18630,5,2018,5-2018,12 Months,2.36,Chennai
18631,9,2018,9-2018,24 Months and more,6.48,Chandigarh
18633,8,2017,8-2017,90 Days,1.77,Nagpur
18634,8,2017,8-2017,12 Months,3.53,Delhi
18635,10,2017,10-2017,30 Days,6.48,Aurangabad
18636,2,2018,2-2018,24 Months and more,2.94,Chennai
18638,1,2017,1-2017,6 Month,10.60,Gandhinagar
18639,9,2017,9-2017,90 Days,5.89,Jaipur
18640,5,2018,5-2018,30 Days,2.94,Srinagar
18641,1,2018,1-2018,12 Months,3.53,Chennai
18643,10,2018,10-2018,6 Month,13.98,Delhi
18644,5,2017,5-2017,6 Month,9.42,Bengaluru
18649,6,2017,6-2017,12 Months,7.07,Nasik
18650,5,2018,5-2018,30 Days,1.18,Bengaluru
18651,5,2017,5-2017,12 Months,0.59,Bengaluru
18652,7,2017,7-2017,12 Months,4.12,Mumbai
18653,8,2018,8-2018,6 Month,7.07,Mumbai
18654,5,2018,5-2018,30 Days,6.99,Chandigarh
18655,6,2017,6-2017,90 Days,9.79,Chennai
18656,5,2017,5-2017,90 Days,6.48,Nagpur
18657,8,2017,8-2017,90 Days,7.07,Pune
18658,10,2017,10-2017,24 Months and more,8.39,Ranchi
18661,8,2018,8-2018,6 Month,2.80,Nagpur
18664,2,2017,2-2017,6 Month,7.07,Aurangabad
18665,7,2018,7-2018,30 Days,12.59,Chandigarh
18666,6,2018,6-2018,24 Months and more,1.40,Ranchi
18667,6,2018,6-2018,30 Days,13.98,Gandhinagar
18669,7,2018,7-2018,30 Days,16.78,Bengaluru
18671,1,2018,1-2018,30 Days,2.36,Srinagar
18672,4,2018,4-2018,12 Months,16.78,Shillong
18674,12,2018,12-2018,6 Month,2.94,Aurangabad
18675,10,2018,10-2018,30 Days,4.12,Delhi
18676,1,2018,1-2018,60 Days,3.53,Srinagar
18677,10,2017,10-2017,60 Days,5.30,Chennai
18678,9,2017,9-2017,12 Months,3.53,Bengaluru
18681,5,2017,5-2017,12 Months,5.89,Delhi
18682,4,2018,4-2018,30 Days,4.20,Chandigarh
18683,2,2017,2-2017,30 Days,2.80,Mumbai
18684,4,2018,4-2018,90 Days,8.39,Nagpur
18685,3,2018,3-2018,6 Month,14.13,Ranchi
18686,12,2018,12-2018,30 Days,8.24,Mumbai
18687,6,2017,6-2017,6 Month,7.07,Ranchi
18688,10,2018,10-2018,90 Days,6.99,Gandhinagar
18689,12,2018,12-2018,6 Month,2.94,Nagpur
18691,7,2017,7-2017,12 Months,6.99,Srinagar
18692,5,2017,5-2017,30 Days,15.38,Chennai
18693,8,2018,8-2018,60 Days,13.98,Chennai
18695,11,2018,11-2018,90 Days,2.36,Jaipur
18696,2,2017,2-2017,90 Days,2.36,Chennai
18697,9,2018,9-2018,30 Days,5.30,Mumbai
18700,11,2018,11-2018,6 Month,7.07,Srinagar
18701,10,2017,10-2017,24 Months and more,6.99,Jaipur
18703,6,2017,6-2017,6 Month,4.71,Shillong
18705,4,2018,4-2018,6 Month,6.48,Srinagar
18706,9,2017,9-2017,60 Days,16.78,Pune
18707,5,2018,5-2018,6 Month,12.95,Bengaluru
18709,2,2017,2-2017,60 Days,10.60,Aurangabad
18710,12,2018,12-2018,12 Months,5.59,Pune
18713,3,2018,3-2018,12 Months,0.59,Nasik
18715,8,2017,8-2017,90 Days,5.59,Delhi
18716,12,2017,12-2017,12 Months,1.40,Pune
18717,5,2018,5-2018,60 Days,0.59,Chandigarh
18718,10,2018,10-2018,12 Months,8.39,Mumbai
18719,8,2018,8-2018,12 Months,15.38,Jaipur
18720,8,2017,8-2017,60 Days,10.60,Srinagar
18721,9,2018,9-2018,24 Months and more,2.80,Ranchi
18722,1,2018,1-2018,6 Month,11.19,Bhopal
18723,10,2017,10-2017,30 Days,6.48,Nasik
18724,8,2018,8-2018,60 Days,6.48,Gandhinagar
18726,11,2018,11-2018,12 Months,1.18,Shillong
18727,8,2017,8-2017,12 Months,11.19,Ranchi
18729,10,2018,10-2018,90 Days,5.89,Nagpur
18730,6,2018,6-2018,12 Months,13.98,Gandhinagar
18735,12,2017,12-2017,30 Days,5.30,Chennai
18736,11,2017,11-2017,60 Days,1.18,Jaipur
18737,11,2017,11-2017,12 Months,11.78,Srinagar
18738,11,2018,11-2018,6 Month,6.99,Ranchi
18739,7,2017,7-2017,12 Months,4.12,Nagpur
18741,6,2018,6-2018,30 Days,5.89,Shillong
18742,3,2017,3-2017,6 Month,1.40,Nasik
18743,5,2017,5-2017,30 Days,1.77,Shillong
18744,6,2018,6-2018,90 Days,12.59,Gandhinagar
18747,1,2018,1-2018,24 Months and more,10.60,Gandhinagar
18748,2,2018,2-2018,30 Days,5.30,Pune
18749,5,2017,5-2017,12 Months,5.30,Gandhinagar
18750,10,2018,10-2018,24 Months and more,7.07,Shillong
18751,8,2018,8-2018,90 Days,4.71,Chandigarh
18752,4,2018,4-2018,12 Months,4.71,Nasik
18755,1,2018,1-2018,12 Months,10.60,Mumbai
18757,7,2017,7-2017,60 Days,8.39,Chandigarh
18758,5,2018,5-2018,6 Month,5.89,Srinagar
18760,1,2018,1-2018,90 Days,5.30,Jaipur
18765,8,2018,8-2018,30 Days,8.39,Delhi
18766,6,2018,6-2018,12 Months,1.18,Nasik
18768,3,2018,3-2018,30 Days,15.38,Chennai
18770,1,2018,1-2018,24 Months and more,11.19,Delhi
18773,10,2017,10-2017,30 Days,0.59,Nasik
18774,4,2017,4-2017,60 Days,5.59,Ranchi
18775,5,2017,5-2017,60 Days,4.20,Chennai
18777,8,2017,8-2017,30 Days,6.99,Aurangabad
18778,6,2017,6-2017,30 Days,4.71,Nasik
18779,3,2017,3-2017,6 Month,7.07,Mumbai
18780,5,2017,5-2017,12 Months,7.07,Bengaluru
18781,3,2018,3-2018,30 Days,7.07,Pune
18782,12,2018,12-2018,24 Months and more,5.89,Pune
18783,5,2018,5-2018,30 Days,2.36,Shillong
18784,2,2017,2-2017,30 Days,1.77,Aurangabad
18785,11,2017,11-2017,90 Days,6.48,Chennai
18786,6,2017,6-2017,30 Days,14.13,Jaipur
18787,9,2018,9-2018,24 Months and more,5.89,Aurangabad
18788,5,2017,5-2017,24 Months and more,0.59,Delhi
18790,4,2017,4-2017,6 Month,4.12,Aurangabad
18791,8,2017,8-2017,24 Months and more,7.07,Jaipur
18792,10,2017,10-2017,12 Months,4.71,Srinagar
18793,3,2018,3-2018,90 Days,11.19,Nagpur
18794,6,2018,6-2018,30 Days,4.71,Ranchi
18795,6,2018,6-2018,12 Months,16.78,Chandigarh
18797,7,2017,7-2017,90 Days,1.77,Gandhinagar
18798,5,2017,5-2017,30 Days,5.30,Chandigarh
18799,4,2017,4-2017,30 Days,9.42,Jaipur
18801,4,2018,4-2018,12 Months,8.24,Mumbai
18802,7,2018,7-2018,12 Months,0.59,Nagpur
18805,8,2018,8-2018,30 Days,2.36,Nagpur
18806,12,2018,12-2018,90 Days,9.42,Chennai
18807,6,2017,6-2017,6 Month,12.95,Bhopal
18808,5,2018,5-2018,6 Month,2.36,Jaipur
18809,12,2017,12-2017,12 Months,0.59,Gandhinagar
18810,11,2018,11-2018,12 Months,0.59,Srinagar
18811,6,2018,6-2018,30 Days,1.18,Bhopal
18812,6,2017,6-2017,30 Days,5.89,Pune
18813,5,2018,5-2018,6 Month,0.59,Shillong
18815,12,2018,12-2018,90 Days,1.18,Aurangabad
18816,1,2018,1-2018,12 Months,4.12,Mumbai
18818,10,2018,10-2018,12 Months,7.07,Nasik
18820,9,2018,9-2018,12 Months,5.30,Chandigarh
18824,2,2018,2-2018,60 Days,9.79,Delhi
18825,12,2018,12-2018,30 Days,2.80,Nasik
18826,3,2018,3-2018,6 Month,5.89,Nagpur
18827,11,2018,11-2018,90 Days,5.89,Bhopal
18829,7,2017,7-2017,60 Days,5.30,Nasik
18830,2,2018,2-2018,6 Month,7.07,Bengaluru
18831,5,2018,5-2018,90 Days,4.71,Srinagar
18832,9,2018,9-2018,6 Month,4.20,Mumbai
18833,3,2017,3-2017,6 Month,3.53,Bengaluru
18835,2,2018,2-2018,24 Months and more,15.38,Jaipur
18836,10,2017,10-2017,30 Days,14.13,Gandhinagar
18838,1,2018,1-2018,60 Days,0.59,Shillong
18839,10,2018,10-2018,24 Months and more,2.94,Chennai
18840,11,2017,11-2017,60 Days,2.80,Bhopal
18841,2,2017,2-2017,12 Months,0.59,Pune
18843,12,2017,12-2017,90 Days,8.39,Aurangabad
18845,1,2018,1-2018,12 Months,5.59,Aurangabad
18847,8,2017,8-2017,90 Days,4.12,Jaipur
18848,1,2017,1-2017,90 Days,4.20,Bhopal
18849,8,2017,8-2017,6 Month,15.38,Pune
18851,2,2017,2-2017,6 Month,9.79,Bhopal
18852,9,2017,9-2017,12 Months,4.12,Chennai
18855,10,2018,10-2018,6 Month,7.07,Nagpur
18857,3,2017,3-2017,6 Month,12.59,Delhi
18859,2,2018,2-2018,90 Days,0.59,Shillong
18862,9,2017,9-2017,12 Months,3.53,Pune
18864,4,2017,4-2017,60 Days,6.48,Jaipur
18865,2,2017,2-2017,90 Days,3.53,Bengaluru
18866,4,2018,4-2018,24 Months and more,9.79,Delhi
18867,4,2017,4-2017,12 Months,6.99,Ranchi
18868,11,2017,11-2017,24 Months and more,6.48,Srinagar
18869,2,2017,2-2017,12 Months,11.78,Nagpur
18870,12,2017,12-2017,60 Days,2.94,Srinagar
18872,4,2018,4-2018,6 Month,13.98,Gandhinagar
18875,1,2017,1-2017,12 Months,7.07,Jaipur
18876,1,2017,1-2017,90 Days,4.20,Bengaluru
18877,11,2018,11-2018,12 Months,13.98,Chennai
18878,10,2017,10-2017,30 Days,4.71,Chandigarh
18879,2,2017,2-2017,30 Days,6.99,Shillong
18881,3,2017,3-2017,6 Month,4.71,Ranchi
18885,12,2018,12-2018,24 Months and more,12.59,Chennai
18886,8,2017,8-2017,12 Months,16.78,Chandigarh
18887,9,2017,9-2017,6 Month,5.89,Chandigarh
18888,10,2018,10-2018,60 Days,15.38,Srinagar
18889,6,2017,6-2017,6 Month,16.78,Gandhinagar
18891,4,2017,4-2017,6 Month,6.48,Aurangabad
18894,5,2017,5-2017,90 Days,13.98,Gandhinagar
18896,2,2017,2-2017,12 Months,13.98,Mumbai
18897,2,2017,2-2017,12 Months,6.99,Srinagar
18898,6,2017,6-2017,12 Months,5.30,Chennai
18899,10,2017,10-2017,6 Month,12.59,Chandigarh
18900,11,2017,11-2017,60 Days,13.98,Nasik
18901,8,2017,8-2017,24 Months and more,7.07,Shillong
18903,9,2017,9-2017,90 Days,6.48,Aurangabad
18904,10,2018,10-2018,30 Days,1.77,Jaipur
18906,12,2018,12-2018,12 Months,4.71,Delhi
18907,3,2017,3-2017,30 Days,1.40,Gandhinagar
18908,12,2018,12-2018,24 Months and more,9.42,Bhopal
18910,4,2017,4-2017,6 Month,6.99,Aurangabad
18911,11,2017,11-2017,12 Months,2.36,Nagpur
18912,4,2017,4-2017,24 Months and more,15.38,Bhopal
18913,6,2018,6-2018,60 Days,4.12,Jaipur
18916,8,2018,8-2018,30 Days,12.59,Delhi
18919,6,2017,6-2017,6 Month,5.30,Bhopal
18920,8,2017,8-2017,6 Month,4.71,Nasik
18923,9,2017,9-2017,60 Days,5.30,Aurangabad
18926,8,2018,8-2018,60 Days,6.48,Pune
18928,7,2017,7-2017,90 Days,12.59,Mumbai
18930,5,2018,5-2018,30 Days,9.79,Shillong
18932,10,2017,10-2017,24 Months and more,1.18,Aurangabad
18933,4,2017,4-2017,24 Months and more,14.13,Bengaluru
18934,12,2018,12-2018,6 Month,2.36,Ranchi
18936,4,2017,4-2017,90 Days,5.59,Gandhinagar
18937,9,2018,9-2018,6 Month,1.18,Mumbai
18940,4,2017,4-2017,12 Months,8.24,Mumbai
18942,7,2018,7-2018,24 Months and more,4.20,Chandigarh
18943,4,2018,4-2018,6 Month,5.59,Aurangabad
18944,12,2018,12-2018,24 Months and more,11.19,Srinagar
18945,12,2017,12-2017,6 Month,5.30,Shillong
18946,6,2017,6-2017,30 Days,1.40,Chennai
18948,2,2018,2-2018,30 Days,5.30,Srinagar
18949,1,2018,1-2018,30 Days,16.78,Delhi
18950,9,2017,9-2017,6 Month,6.99,Delhi
18951,12,2017,12-2017,12 Months,3.53,Chennai
18953,9,2018,9-2018,30 Days,5.89,Srinagar
18955,3,2018,3-2018,60 Days,4.71,Bengaluru
18956,12,2017,12-2017,60 Days,4.71,Shillong
18957,1,2018,1-2018,90 Days,5.89,Chennai
18958,7,2017,7-2017,60 Days,5.30,Chandigarh
18959,10,2018,10-2018,90 Days,4.12,Nagpur
18960,1,2017,1-2017,24 Months and more,0.59,Nasik
18962,3,2018,3-2018,6 Month,3.53,Delhi
18963,12,2017,12-2017,24 Months and more,1.77,Pune
18964,8,2017,8-2017,12 Months,4.12,Nagpur
18965,3,2018,3-2018,30 Days,4.71,Chennai
18966,10,2018,10-2018,60 Days,7.07,Bengaluru
18967,5,2018,5-2018,12 Months,1.18,Chandigarh
18969,5,2018,5-2018,12 Months,6.48,Gandhinagar
18970,9,2017,9-2017,60 Days,0.59,Nagpur
18972,1,2017,1-2017,24 Months and more,7.07,Ranchi
18974,5,2018,5-2018,30 Days,9.42,Shillong
18975,10,2017,10-2017,6 Month,2.36,Jaipur
18977,4,2018,4-2018,12 Months,0.59,Srinagar
18978,6,2018,6-2018,30 Days,4.20,Shillong
18980,4,2017,4-2017,6 Month,6.48,Aurangabad
18981,9,2018,9-2018,24 Months and more,5.59,Gandhinagar
18987,2,2018,2-2018,12 Months,5.30,Chandigarh
18988,8,2017,8-2017,30 Days,1.77,Nasik
18989,12,2017,12-2017,90 Days,4.12,Bhopal
18990,6,2018,6-2018,6 Month,11.19,Pune
18991,12,2018,12-2018,6 Month,7.07,Gandhinagar
18995,5,2018,5-2018,12 Months,2.36,Bengaluru
18996,4,2018,4-2018,12 Months,1.77,Jaipur
18997,7,2017,7-2017,12 Months,2.80,Bengaluru
18999,4,2017,4-2017,90 Days,2.94,Ranchi
19000,8,2018,8-2018,90 Days,10.60,Srinagar
19002,7,2017,7-2017,24 Months and more,1.77,Nasik
19005,3,2017,3-2017,6 Month,9.79,Bengaluru
19006,10,2017,10-2017,12 Months,1.40,Chandigarh
19009,5,2018,5-2018,90 Days,2.94,Nasik
19011,12,2018,12-2018,30 Days,5.59,Ranchi
19012,11,2018,11-2018,12 Months,0.59,Pune
19015,4,2017,4-2017,12 Months,1.40,Delhi
19016,7,2017,7-2017,60 Days,1.77,Srinagar
19020,10,2018,10-2018,60 Days,1.77,Pune
19021,3,2017,3-2017,24 Months and more,12.95,Bhopal
19022,4,2017,4-2017,6 Month,1.18,Pune
19024,10,2017,10-2017,24 Months and more,2.80,Chennai
19025,6,2018,6-2018,90 Days,3.53,Aurangabad
19026,5,2018,5-2018,30 Days,4.71,Mumbai
19028,10,2017,10-2017,24 Months and more,5.89,Mumbai
19029,3,2018,3-2018,90 Days,16.78,Shillong
19031,2,2017,2-2017,6 Month,2.36,Shillong
19032,4,2018,4-2018,12 Months,5.89,Shillong
19033,2,2018,2-2018,12 Months,2.36,Gandhinagar
19034,9,2017,9-2017,6 Month,2.80,Nagpur
19035,3,2018,3-2018,6 Month,6.99,Nagpur
19036,7,2018,7-2018,60 Days,1.18,Bengaluru
19037,3,2018,3-2018,6 Month,13.98,Delhi
19039,5,2017,5-2017,6 Month,2.94,Jaipur
19040,6,2017,6-2017,60 Days,5.89,Bengaluru
19041,10,2017,10-2017,30 Days,11.19,Ranchi
19042,1,2018,1-2018,24 Months and more,2.94,Aurangabad
19043,5,2017,5-2017,60 Days,1.18,Nagpur
19045,6,2017,6-2017,30 Days,11.78,Nagpur
19046,5,2017,5-2017,60 Days,1.77,Bhopal
19047,3,2018,3-2018,12 Months,6.48,Bhopal
19049,6,2018,6-2018,60 Days,1.40,Delhi
19050,3,2018,3-2018,6 Month,5.59,Chandigarh
19052,7,2018,7-2018,90 Days,7.07,Ranchi
19054,7,2017,7-2017,12 Months,13.98,Ranchi
19055,7,2017,7-2017,24 Months and more,6.48,Mumbai
19056,9,2017,9-2017,90 Days,9.42,Nasik
19057,2,2018,2-2018,30 Days,2.36,Nasik
19059,4,2018,4-2018,6 Month,9.42,Bengaluru
19062,9,2017,9-2017,60 Days,13.98,Nasik
19063,10,2017,10-2017,90 Days,3.53,Bengaluru
19064,9,2018,9-2018,30 Days,1.18,Mumbai
19065,7,2018,7-2018,90 Days,1.77,Chennai
19068,5,2017,5-2017,30 Days,4.20,Delhi
19069,11,2017,11-2017,90 Days,1.77,Jaipur
19070,11,2017,11-2017,60 Days,1.40,Bengaluru
19074,2,2017,2-2017,60 Days,0.59,Bhopal
19075,5,2018,5-2018,60 Days,15.38,Ranchi
19076,5,2018,5-2018,12 Months,11.78,Nasik
19079,9,2017,9-2017,90 Days,16.78,Shillong
19080,11,2017,11-2017,12 Months,1.77,Mumbai
19081,1,2017,1-2017,24 Months and more,4.20,Bengaluru
19082,6,2017,6-2017,90 Days,7.07,Bengaluru
19083,10,2018,10-2018,12 Months,11.78,Delhi
19087,5,2018,5-2018,6 Month,2.36,Nasik
19088,1,2017,1-2017,6 Month,5.59,Aurangabad
19091,5,2017,5-2017,24 Months and more,1.77,Aurangabad
19092,6,2018,6-2018,6 Month,4.20,Shillong
19093,11,2018,11-2018,60 Days,1.77,Nagpur
19096,4,2018,4-2018,6 Month,8.39,Ranchi
19098,5,2018,5-2018,12 Months,1.77,Gandhinagar
19100,1,2017,1-2017,6 Month,4.12,Gandhinagar
19102,5,2017,5-2017,60 Days,6.99,Mumbai
19103,4,2017,4-2017,12 Months,2.80,Bhopal
19105,6,2017,6-2017,12 Months,9.79,Nagpur
19106,7,2017,7-2017,30 Days,9.79,Bhopal
19107,7,2018,7-2018,90 Days,5.59,Gandhinagar
19108,8,2018,8-2018,60 Days,7.07,Jaipur
19109,8,2017,8-2017,30 Days,1.77,Gandhinagar
19110,7,2018,7-2018,90 Days,2.80,Jaipur
19111,4,2017,4-2017,60 Days,4.71,Mumbai
19112,11,2018,11-2018,12 Months,4.20,Delhi
19113,7,2018,7-2018,24 Months and more,6.99,Shillong
19114,10,2018,10-2018,90 Days,15.38,Ranchi
19115,8,2017,8-2017,24 Months and more,12.59,Srinagar
19116,4,2017,4-2017,24 Months and more,11.78,Pune
19117,11,2017,11-2017,12 Months,8.24,Bengaluru
19118,11,2018,11-2018,24 Months and more,4.12,Srinagar
19119,9,2018,9-2018,90 Days,12.59,Srinagar
19122,11,2017,11-2017,6 Month,1.77,Srinagar
19123,6,2017,6-2017,90 Days,3.53,Gandhinagar
19124,9,2017,9-2017,60 Days,4.71,Aurangabad
19126,6,2017,6-2017,60 Days,16.78,Ranchi
19127,8,2018,8-2018,90 Days,16.78,Gandhinagar
19129,11,2017,11-2017,90 Days,1.77,Gandhinagar
19132,12,2018,12-2018,90 Days,1.18,Shillong
19133,10,2018,10-2018,24 Months and more,0.59,Srinagar
19134,12,2018,12-2018,30 Days,0.59,Chennai
19138,5,2018,5-2018,24 Months and more,8.24,Shillong
19139,10,2018,10-2018,6 Month,7.07,Aurangabad
19140,2,2017,2-2017,12 Months,11.78,Nasik
19144,7,2018,7-2018,60 Days,5.30,Delhi
19145,5,2017,5-2017,90 Days,12.59,Chandigarh
19146,3,2017,3-2017,60 Days,11.78,Gandhinagar
19147,8,2017,8-2017,60 Days,0.59,Nagpur
19148,10,2017,10-2017,6 Month,6.48,Aurangabad
19149,1,2017,1-2017,60 Days,16.78,Mumbai
19150,7,2017,7-2017,12 Months,6.48,Ranchi
19151,12,2018,12-2018,24 Months and more,5.89,Bengaluru
19152,7,2017,7-2017,90 Days,5.30,Nasik
19153,3,2018,3-2018,12 Months,11.19,Mumbai
19154,11,2018,11-2018,6 Month,11.19,Pune
19158,1,2018,1-2018,6 Month,9.79,Nasik
19162,3,2017,3-2017,60 Days,5.89,Bhopal
19163,11,2017,11-2017,60 Days,2.80,Pune
19164,6,2017,6-2017,24 Months and more,7.07,Chennai
19165,4,2017,4-2017,6 Month,5.30,Ranchi
19166,5,2018,5-2018,24 Months and more,6.99,Jaipur
19168,12,2017,12-2017,30 Days,11.19,Delhi
19170,1,2018,1-2018,6 Month,2.80,Delhi
19171,11,2018,11-2018,12 Months,2.36,Mumbai
19175,7,2018,7-2018,6 Month,16.78,Mumbai
19178,3,2018,3-2018,60 Days,16.78,Ranchi
19180,8,2018,8-2018,12 Months,3.53,Nasik
19182,9,2017,9-2017,6 Month,15.38,Nasik
19183,10,2018,10-2018,30 Days,8.39,Srinagar
19184,7,2018,7-2018,24 Months and more,4.71,Shillong
19185,1,2018,1-2018,6 Month,2.36,Bhopal
19187,11,2018,11-2018,12 Months,12.59,Delhi
19188,7,2017,7-2017,60 Days,1.18,Aurangabad
19190,8,2017,8-2017,30 Days,2.80,Chandigarh
19191,6,2017,6-2017,6 Month,0.59,Mumbai
19192,10,2017,10-2017,60 Days,12.59,Delhi
19193,8,2017,8-2017,6 Month,6.99,Mumbai
19194,2,2017,2-2017,24 Months and more,2.36,Shillong
19195,11,2017,11-2017,12 Months,2.80,Nagpur
19199,7,2018,7-2018,12 Months,6.48,Nasik
19201,8,2017,8-2017,60 Days,0.59,Chandigarh
19202,6,2017,6-2017,12 Months,1.18,Pune
19203,11,2017,11-2017,90 Days,9.42,Chandigarh
19204,7,2018,7-2018,90 Days,3.53,Pune
19205,8,2018,8-2018,6 Month,6.99,Bhopal
19207,2,2018,2-2018,12 Months,2.94,Srinagar
19208,2,2018,2-2018,6 Month,6.99,Pune
19212,1,2017,1-2017,6 Month,4.12,Chandigarh
19214,2,2018,2-2018,60 Days,2.94,Shillong
19217,5,2018,5-2018,6 Month,12.95,Nagpur
19223,8,2017,8-2017,90 Days,1.18,Chandigarh
19224,1,2018,1-2018,60 Days,5.30,Chennai
19227,8,2017,8-2017,24 Months and more,1.40,Nasik
19228,7,2017,7-2017,12 Months,4.71,Jaipur
19229,12,2018,12-2018,12 Months,5.30,Mumbai
19231,5,2018,5-2018,6 Month,5.30,Shillong
19232,6,2017,6-2017,12 Months,11.19,Mumbai
19233,5,2017,5-2017,90 Days,8.39,Nagpur
19234,6,2017,6-2017,30 Days,4.12,Ranchi
19235,9,2017,9-2017,12 Months,7.07,Gandhinagar
19240,2,2017,2-2017,90 Days,13.98,Shillong
19242,7,2018,7-2018,12 Months,9.79,Bengaluru
19243,10,2018,10-2018,24 Months and more,13.98,Chandigarh
19244,5,2017,5-2017,6 Month,11.19,Jaipur
19246,1,2017,1-2017,6 Month,4.12,Pune
19247,7,2017,7-2017,24 Months and more,5.89,Shillong
19248,2,2017,2-2017,60 Days,2.94,Ranchi
19250,4,2017,4-2017,90 Days,1.77,Bhopal
19251,7,2018,7-2018,12 Months,4.12,Shillong
19253,9,2018,9-2018,60 Days,3.53,Pune
19254,11,2017,11-2017,30 Days,2.36,Gandhinagar
19255,1,2017,1-2017,6 Month,4.12,Srinagar
19257,4,2018,4-2018,30 Days,1.18,Ranchi
19258,5,2017,5-2017,12 Months,0.59,Aurangabad
19260,5,2017,5-2017,24 Months and more,4.12,Chennai
19261,7,2018,7-2018,90 Days,1.77,Gandhinagar
19262,9,2017,9-2017,24 Months and more,2.80,Shillong
19263,3,2018,3-2018,6 Month,5.59,Jaipur
19264,1,2018,1-2018,90 Days,7.07,Gandhinagar
19265,2,2017,2-2017,90 Days,5.89,Nasik
19266,3,2018,3-2018,60 Days,1.40,Bengaluru
19267,1,2018,1-2018,12 Months,4.20,Nagpur
19268,12,2018,12-2018,12 Months,5.89,Srinagar
19269,12,2017,12-2017,24 Months and more,10.60,Gandhinagar
19270,4,2018,4-2018,12 Months,5.30,Mumbai
19271,9,2018,9-2018,6 Month,2.94,Gandhinagar
19273,1,2017,1-2017,12 Months,5.59,Pune
19276,3,2017,3-2017,6 Month,4.12,Shillong
19278,1,2017,1-2017,90 Days,8.24,Mumbai
19279,3,2017,3-2017,12 Months,6.48,Chennai
19281,5,2018,5-2018,90 Days,9.79,Aurangabad
19282,2,2018,2-2018,60 Days,2.94,Nagpur
19283,8,2018,8-2018,90 Days,0.59,Aurangabad
19285,6,2017,6-2017,12 Months,8.39,Mumbai
19286,11,2017,11-2017,90 Days,16.78,Aurangabad
19287,3,2018,3-2018,90 Days,11.19,Chennai
19289,8,2017,8-2017,30 Days,12.59,Gandhinagar
19290,7,2018,7-2018,6 Month,4.20,Nasik
19291,4,2018,4-2018,6 Month,5.59,Mumbai
19292,5,2017,5-2017,6 Month,4.12,Nagpur
19293,9,2018,9-2018,60 Days,3.53,Delhi
19295,3,2018,3-2018,24 Months and more,7.07,Nasik
19296,9,2017,9-2017,12 Months,2.94,Nasik
19297,12,2017,12-2017,12 Months,5.89,Srinagar
19299,4,2017,4-2017,90 Days,8.39,Delhi
19300,6,2017,6-2017,24 Months and more,4.71,Pune
19301,10,2018,10-2018,60 Days,0.59,Ranchi
19302,4,2018,4-2018,24 Months and more,1.77,Nagpur
19305,10,2017,10-2017,12 Months,8.39,Chennai
19306,12,2018,12-2018,60 Days,0.59,Aurangabad
19307,7,2017,7-2017,12 Months,4.71,Gandhinagar
19308,11,2017,11-2017,30 Days,13.98,Mumbai
19309,7,2017,7-2017,30 Days,5.30,Mumbai
19311,12,2018,12-2018,30 Days,12.59,Gandhinagar
19312,4,2017,4-2017,60 Days,1.77,Ranchi
19314,1,2018,1-2018,90 Days,1.77,Mumbai
19315,6,2018,6-2018,90 Days,7.07,Bengaluru
19316,4,2018,4-2018,60 Days,5.89,Bhopal
19317,10,2018,10-2018,30 Days,0.59,Ranchi
19318,4,2018,4-2018,60 Days,2.94,Shillong
19320,9,2018,9-2018,90 Days,5.59,Mumbai
19321,9,2017,9-2017,60 Days,6.48,Nasik
19322,10,2018,10-2018,90 Days,5.89,Nagpur
19323,7,2017,7-2017,12 Months,11.19,Nasik
19326,1,2017,1-2017,60 Days,13.98,Delhi
19327,11,2017,11-2017,24 Months and more,1.18,Pune
19328,3,2018,3-2018,60 Days,1.77,Bengaluru
19332,8,2018,8-2018,6 Month,4.12,Aurangabad
19334,6,2018,6-2018,12 Months,2.94,Ranchi
19337,8,2017,8-2017,30 Days,16.78,Pune
19338,1,2017,1-2017,6 Month,3.53,Shillong
19340,7,2018,7-2018,24 Months and more,14.13,Bengaluru
19341,12,2018,12-2018,6 Month,10.60,Jaipur
19342,8,2018,8-2018,90 Days,5.59,Nasik
19343,11,2018,11-2018,90 Days,1.77,Delhi
19346,3,2018,3-2018,30 Days,1.40,Chandigarh
19347,5,2018,5-2018,60 Days,2.94,Delhi
19348,2,2018,2-2018,12 Months,13.98,Pune
19349,10,2018,10-2018,60 Days,2.80,Mumbai
19350,7,2018,7-2018,12 Months,12.59,Delhi
19351,12,2017,12-2017,30 Days,6.99,Bhopal
19352,8,2018,8-2018,90 Days,2.94,Mumbai
19353,12,2017,12-2017,60 Days,1.18,Mumbai
19355,6,2017,6-2017,12 Months,13.98,Srinagar
19356,9,2017,9-2017,60 Days,8.39,Jaipur
19358,5,2018,5-2018,90 Days,11.78,Shillong
19359,5,2018,5-2018,12 Months,1.77,Pune
19361,11,2018,11-2018,30 Days,1.18,Nasik
19362,9,2018,9-2018,6 Month,7.07,Shillong
19364,10,2018,10-2018,30 Days,5.30,Ranchi
19365,5,2017,5-2017,24 Months and more,1.40,Shillong
19367,5,2018,5-2018,60 Days,4.71,Bhopal
19368,4,2017,4-2017,12 Months,5.89,Aurangabad
19369,6,2018,6-2018,60 Days,2.94,Gandhinagar
19370,12,2018,12-2018,90 Days,10.60,Pune
19372,8,2017,8-2017,6 Month,5.89,Jaipur
19373,5,2017,5-2017,24 Months and more,0.59,Gandhinagar
19375,1,2017,1-2017,60 Days,0.59,Bengaluru
19376,1,2018,1-2018,12 Months,5.89,Chennai
19377,11,2017,11-2017,24 Months and more,13.98,Srinagar
19379,1,2017,1-2017,24 Months and more,9.79,Aurangabad
19381,12,2018,12-2018,60 Days,1.77,Bengaluru
19382,3,2018,3-2018,12 Months,12.59,Bhopal
19383,2,2017,2-2017,12 Months,9.79,Chandigarh
19384,5,2018,5-2018,90 Days,2.36,Mumbai
19387,8,2018,8-2018,60 Days,6.48,Nasik
19388,4,2018,4-2018,6 Month,2.36,Gandhinagar
19389,7,2018,7-2018,6 Month,1.18,Nagpur
19390,8,2018,8-2018,90 Days,5.30,Bhopal
19392,11,2018,11-2018,90 Days,3.53,Bhopal
19393,8,2018,8-2018,90 Days,1.18,Srinagar
19394,5,2018,5-2018,6 Month,2.80,Aurangabad
19395,5,2017,5-2017,12 Months,6.99,Gandhinagar
19396,7,2018,7-2018,30 Days,7.07,Nagpur
19397,11,2017,11-2017,60 Days,1.18,Nagpur
19398,11,2017,11-2017,24 Months and more,1.18,Shillong
19400,3,2017,3-2017,6 Month,4.20,Delhi
19401,2,2018,2-2018,90 Days,4.71,Nasik
19402,10,2017,10-2017,90 Days,11.78,Shillong
19403,3,2017,3-2017,6 Month,13.98,Chandigarh
19406,6,2017,6-2017,24 Months and more,4.71,Chennai
19407,11,2018,11-2018,6 Month,4.71,Chandigarh
19408,3,2017,3-2017,24 Months and more,8.39,Mumbai
19409,1,2018,1-2018,30 Days,4.71,Gandhinagar
19411,7,2018,7-2018,24 Months and more,12.59,Shillong
19413,4,2018,4-2018,60 Days,8.39,Pune
19414,3,2018,3-2018,60 Days,5.89,Bhopal
19415,5,2018,5-2018,6 Month,9.42,Nagpur
19416,3,2017,3-2017,24 Months and more,0.59,Pune
19418,8,2017,8-2017,6 Month,4.71,Jaipur
19420,5,2018,5-2018,30 Days,2.36,Shillong
19422,10,2018,10-2018,60 Days,1.18,Ranchi
19423,2,2018,2-2018,6 Month,2.94,Shillong
19424,12,2018,12-2018,60 Days,14.13,Chennai
19426,2,2017,2-2017,90 Days,2.80,Gandhinagar
19427,1,2017,1-2017,6 Month,4.20,Nagpur
19429,11,2017,11-2017,12 Months,16.78,Bengaluru
19430,11,2017,11-2017,24 Months and more,1.77,Ranchi
19431,3,2018,3-2018,90 Days,15.38,Mumbai
19433,6,2018,6-2018,12 Months,5.89,Chennai
19434,10,2017,10-2017,24 Months and more,8.39,Ranchi
19435,5,2017,5-2017,6 Month,1.77,Delhi
19436,8,2018,8-2018,60 Days,6.48,Bhopal
19437,12,2018,12-2018,6 Month,3.53,Shillong
19438,2,2017,2-2017,30 Days,2.94,Pune
19439,8,2018,8-2018,30 Days,9.79,Gandhinagar
19440,5,2017,5-2017,90 Days,13.98,Aurangabad
19441,8,2018,8-2018,60 Days,14.13,Gandhinagar
19442,5,2018,5-2018,24 Months and more,3.53,Delhi
19443,4,2018,4-2018,12 Months,0.59,Pune
19444,2,2018,2-2018,90 Days,7.07,Chennai
19445,8,2017,8-2017,60 Days,12.59,Aurangabad
19447,1,2018,1-2018,24 Months and more,6.48,Srinagar
19448,2,2018,2-2018,12 Months,11.19,Nasik
19449,10,2018,10-2018,90 Days,1.77,Chennai
19452,2,2018,2-2018,24 Months and more,16.78,Mumbai
19454,12,2017,12-2017,30 Days,2.94,Bengaluru
19455,7,2017,7-2017,24 Months and more,2.36,Bhopal
19456,1,2018,1-2018,30 Days,5.89,Nasik
19458,6,2017,6-2017,30 Days,1.18,Aurangabad
19459,11,2018,11-2018,6 Month,1.77,Bengaluru
19460,9,2018,9-2018,60 Days,3.53,Nasik
19464,9,2017,9-2017,6 Month,5.30,Bhopal
19465,8,2017,8-2017,24 Months and more,7.07,Aurangabad
19466,1,2017,1-2017,24 Months and more,11.19,Nasik
19467,8,2018,8-2018,12 Months,12.95,Bengaluru
19470,9,2018,9-2018,24 Months and more,5.89,Aurangabad
19471,2,2018,2-2018,60 Days,7.07,Bengaluru
19472,10,2017,10-2017,6 Month,9.79,Srinagar
19475,3,2018,3-2018,90 Days,5.59,Jaipur
19476,7,2017,7-2017,60 Days,3.53,Ranchi
19477,9,2018,9-2018,30 Days,14.13,Shillong
19480,4,2018,4-2018,30 Days,2.94,Delhi
19481,3,2017,3-2017,30 Days,4.12,Chennai
19482,10,2017,10-2017,90 Days,16.78,Delhi
19483,10,2018,10-2018,60 Days,5.30,Nagpur
19484,6,2018,6-2018,30 Days,1.40,Mumbai
19485,12,2018,12-2018,12 Months,5.89,Jaipur
19486,2,2018,2-2018,60 Days,9.79,Mumbai
19487,4,2017,4-2017,60 Days,13.98,Gandhinagar
19489,3,2018,3-2018,30 Days,8.39,Chandigarh
19490,8,2017,8-2017,30 Days,15.38,Jaipur
19491,11,2017,11-2017,12 Months,6.48,Jaipur
19494,3,2017,3-2017,12 Months,3.53,Ranchi
19498,5,2017,5-2017,24 Months and more,10.60,Shillong
19501,9,2017,9-2017,30 Days,4.71,Bengaluru
19502,3,2018,3-2018,60 Days,16.78,Ranchi
19503,7,2018,7-2018,60 Days,11.78,Nagpur
19504,2,2018,2-2018,30 Days,13.98,Shillong
19505,10,2018,10-2018,24 Months and more,5.89,Jaipur
19507,1,2018,1-2018,6 Month,1.18,Bhopal
19508,7,2018,7-2018,60 Days,2.36,Chandigarh
19511,4,2017,4-2017,30 Days,5.30,Ranchi
19512,12,2017,12-2017,60 Days,12.59,Delhi
19513,8,2018,8-2018,12 Months,7.07,Ranchi
19515,4,2018,4-2018,90 Days,2.36,Chennai
19516,3,2017,3-2017,30 Days,14.13,Shillong
19517,12,2017,12-2017,24 Months and more,4.20,Srinagar
19518,12,2017,12-2017,24 Months and more,0.59,Nasik
19523,9,2017,9-2017,30 Days,10.60,Chennai
19524,1,2017,1-2017,30 Days,13.98,Shillong
19526,10,2017,10-2017,30 Days,14.13,Pune
19528,4,2017,4-2017,30 Days,11.19,Shillong
19529,9,2018,9-2018,60 Days,1.77,Ranchi
19531,3,2018,3-2018,30 Days,5.30,Shillong
19533,3,2018,3-2018,60 Days,11.78,Pune
19535,11,2017,11-2017,30 Days,5.89,Ranchi
19539,1,2018,1-2018,90 Days,3.53,Jaipur
19541,11,2018,11-2018,24 Months and more,1.18,Bhopal
19542,5,2017,5-2017,90 Days,5.89,Aurangabad
19543,2,2018,2-2018,24 Months and more,2.36,Bengaluru
19544,11,2018,11-2018,30 Days,15.38,Bhopal
19545,11,2017,11-2017,6 Month,4.71,Srinagar
19550,9,2017,9-2017,24 Months and more,1.40,Aurangabad
19553,1,2018,1-2018,6 Month,4.20,Chandigarh
19554,7,2018,7-2018,90 Days,5.89,Delhi
19555,6,2018,6-2018,24 Months and more,4.71,Pune
19556,8,2018,8-2018,24 Months and more,4.20,Srinagar
19557,12,2017,12-2017,6 Month,15.38,Delhi
19558,10,2017,10-2017,6 Month,3.53,Nagpur
19561,8,2017,8-2017,12 Months,1.40,Jaipur
19562,6,2018,6-2018,12 Months,3.53,Chandigarh
19565,6,2017,6-2017,60 Days,5.89,Jaipur
19567,7,2017,7-2017,12 Months,7.07,Jaipur
19568,11,2018,11-2018,90 Days,2.94,Chandigarh
19569,4,2017,4-2017,60 Days,0.59,Delhi
19570,2,2017,2-2017,12 Months,1.77,Srinagar
19571,10,2017,10-2017,30 Days,4.71,Mumbai
19572,8,2017,8-2017,90 Days,12.59,Ranchi
19573,1,2017,1-2017,90 Days,5.30,Bhopal
19574,5,2017,5-2017,24 Months and more,0.59,Nagpur
19578,12,2018,12-2018,60 Days,7.07,Nagpur
19579,10,2018,10-2018,90 Days,3.53,Ranchi
19580,3,2018,3-2018,6 Month,2.80,Aurangabad
19584,2,2018,2-2018,6 Month,5.89,Shillong
19585,9,2018,9-2018,6 Month,2.80,Chandigarh
19586,12,2017,12-2017,60 Days,12.59,Jaipur
19588,1,2018,1-2018,6 Month,2.36,Shillong
19591,7,2017,7-2017,12 Months,5.59,Mumbai
19593,5,2017,5-2017,60 Days,1.18,Jaipur
19596,10,2018,10-2018,12 Months,4.20,Srinagar
19598,10,2017,10-2017,12 Months,2.80,Aurangabad
19602,11,2018,11-2018,30 Days,16.78,Shillong
19603,4,2018,4-2018,90 Days,3.53,Shillong
19605,4,2017,4-2017,6 Month,4.20,Aurangabad
19606,1,2018,1-2018,90 Days,1.18,Nagpur
19607,2,2018,2-2018,12 Months,4.20,Shillong
19608,1,2018,1-2018,90 Days,2.36,Mumbai
19611,7,2017,7-2017,90 Days,14.13,Shillong
19613,8,2018,8-2018,24 Months and more,12.59,Aurangabad
19614,10,2017,10-2017,24 Months and more,1.18,Bhopal
19616,8,2017,8-2017,12 Months,6.48,Jaipur
19617,4,2017,4-2017,12 Months,1.18,Jaipur
19619,5,2017,5-2017,60 Days,1.77,Nasik
19620,1,2018,1-2018,24 Months and more,0.59,Delhi
19621,10,2017,10-2017,30 Days,8.24,Gandhinagar
19622,5,2017,5-2017,24 Months and more,7.07,Mumbai
19623,7,2017,7-2017,90 Days,3.53,Jaipur
19625,6,2017,6-2017,12 Months,5.89,Srinagar
19626,10,2017,10-2017,24 Months and more,11.19,Delhi
19627,10,2018,10-2018,12 Months,4.71,Mumbai
19628,12,2017,12-2017,30 Days,5.30,Aurangabad
19629,1,2018,1-2018,6 Month,5.30,Shillong
19630,10,2018,10-2018,6 Month,4.12,Gandhinagar
19634,9,2018,9-2018,24 Months and more,4.20,Delhi
19636,10,2017,10-2017,12 Months,2.36,Chennai
19638,2,2018,2-2018,90 Days,4.20,Aurangabad
19639,2,2017,2-2017,6 Month,5.30,Chennai
19640,6,2018,6-2018,6 Month,4.20,Nagpur
19641,12,2018,12-2018,60 Days,13.98,Chandigarh
19642,2,2018,2-2018,30 Days,6.99,Nagpur
19644,10,2018,10-2018,12 Months,8.39,Srinagar
19645,9,2017,9-2017,12 Months,8.39,Bhopal
19646,10,2018,10-2018,60 Days,5.30,Nagpur
19647,4,2017,4-2017,90 Days,2.94,Ranchi
19650,3,2017,3-2017,90 Days,15.38,Jaipur
19654,3,2017,3-2017,24 Months and more,2.80,Jaipur
19655,5,2017,5-2017,6 Month,8.39,Chandigarh
19656,7,2017,7-2017,24 Months and more,1.77,Gandhinagar
19657,2,2018,2-2018,60 Days,15.38,Pune
19658,9,2018,9-2018,30 Days,5.89,Jaipur
19659,12,2018,12-2018,60 Days,2.36,Aurangabad
19662,2,2017,2-2017,24 Months and more,2.94,Nagpur
19663,12,2018,12-2018,60 Days,2.36,Pune
19664,3,2018,3-2018,60 Days,1.18,Delhi
19666,12,2018,12-2018,90 Days,12.95,Pune
19669,10,2018,10-2018,24 Months and more,2.36,Gandhinagar
19670,7,2018,7-2018,90 Days,2.80,Mumbai
19672,1,2018,1-2018,30 Days,1.40,Delhi
19673,4,2017,4-2017,60 Days,14.13,Aurangabad
19674,2,2018,2-2018,60 Days,0.59,Ranchi
19675,2,2018,2-2018,6 Month,1.40,Aurangabad
19678,8,2017,8-2017,12 Months,2.94,Nasik
19679,8,2018,8-2018,24 Months and more,3.53,Jaipur
19680,3,2017,3-2017,24 Months and more,3.53,Gandhinagar
19685,1,2017,1-2017,6 Month,7.07,Aurangabad
19686,1,2017,1-2017,24 Months and more,10.60,Nasik
19688,9,2017,9-2017,30 Days,0.59,Chennai
19689,8,2017,8-2017,30 Days,1.77,Chandigarh
19690,1,2018,1-2018,60 Days,14.13,Shillong
19691,4,2018,4-2018,90 Days,2.94,Jaipur
19692,4,2018,4-2018,6 Month,2.94,Nasik
19693,8,2017,8-2017,30 Days,11.78,Nasik
19694,11,2017,11-2017,60 Days,4.20,Bhopal
19696,1,2017,1-2017,90 Days,6.48,Srinagar
19699,12,2018,12-2018,60 Days,9.79,Nasik
19700,3,2017,3-2017,60 Days,12.59,Aurangabad
19701,8,2018,8-2018,60 Days,11.19,Srinagar
19702,12,2017,12-2017,12 Months,1.18,Ranchi
19703,6,2018,6-2018,90 Days,3.53,Aurangabad
19707,6,2018,6-2018,12 Months,4.71,Ranchi
19710,3,2017,3-2017,6 Month,5.59,Pune
19713,9,2017,9-2017,90 Days,4.71,Pune
19714,8,2018,8-2018,60 Days,1.18,Jaipur
19716,5,2018,5-2018,60 Days,1.18,Jaipur
19717,8,2018,8-2018,30 Days,5.59,Gandhinagar
19719,2,2017,2-2017,90 Days,7.07,Chennai
19721,7,2018,7-2018,90 Days,4.71,Shillong
19722,7,2018,7-2018,24 Months and more,12.95,Shillong
19723,11,2017,11-2017,12 Months,4.12,Chennai
19724,9,2018,9-2018,24 Months and more,5.59,Aurangabad
19725,6,2017,6-2017,24 Months and more,13.98,Nasik
19726,12,2017,12-2017,24 Months and more,5.30,Bhopal
19727,1,2018,1-2018,60 Days,5.59,Bengaluru
19728,5,2017,5-2017,60 Days,2.94,Shillong
19729,11,2018,11-2018,24 Months and more,16.78,Bengaluru
19730,4,2017,4-2017,24 Months and more,10.60,Aurangabad
19731,5,2017,5-2017,24 Months and more,7.07,Bhopal
19732,1,2017,1-2017,12 Months,2.94,Delhi
19733,12,2017,12-2017,30 Days,5.89,Nasik
19734,3,2017,3-2017,12 Months,5.89,Jaipur
19736,2,2018,2-2018,30 Days,9.79,Bhopal
19737,5,2018,5-2018,6 Month,6.48,Pune
19739,12,2017,12-2017,6 Month,2.94,Gandhinagar
19741,4,2017,4-2017,90 Days,9.42,Bhopal
19742,5,2017,5-2017,6 Month,5.30,Gandhinagar
19744,10,2018,10-2018,24 Months and more,2.80,Jaipur
19745,3,2018,3-2018,60 Days,0.59,Chandigarh
19747,3,2017,3-2017,30 Days,4.71,Srinagar
19748,5,2017,5-2017,30 Days,0.59,Ranchi
19750,12,2018,12-2018,60 Days,8.39,Pune
19752,10,2018,10-2018,30 Days,5.30,Bhopal
19754,11,2017,11-2017,12 Months,2.80,Gandhinagar
19755,12,2017,12-2017,6 Month,11.78,Chandigarh
19756,7,2018,7-2018,30 Days,8.39,Chennai
19758,5,2018,5-2018,30 Days,2.36,Jaipur
19760,5,2018,5-2018,90 Days,3.53,Chennai
19762,12,2018,12-2018,60 Days,2.36,Bengaluru
19763,11,2017,11-2017,24 Months and more,2.36,Bengaluru
19766,12,2017,12-2017,30 Days,3.53,Srinagar
19768,9,2018,9-2018,60 Days,16.78,Delhi
19769,9,2018,9-2018,30 Days,5.30,Chandigarh
19772,7,2017,7-2017,60 Days,5.89,Mumbai
19773,1,2018,1-2018,12 Months,4.20,Jaipur
19774,2,2017,2-2017,24 Months and more,13.98,Gandhinagar
19775,5,2018,5-2018,24 Months and more,6.99,Chennai
19776,7,2018,7-2018,12 Months,0.59,Mumbai
19778,9,2018,9-2018,90 Days,6.48,Chandigarh
19779,9,2017,9-2017,24 Months and more,12.59,Bengaluru
19780,5,2018,5-2018,30 Days,15.38,Chandigarh
19781,9,2018,9-2018,6 Month,5.59,Pune
19782,11,2018,11-2018,24 Months and more,12.59,Mumbai
19783,2,2018,2-2018,90 Days,1.18,Aurangabad
19784,2,2018,2-2018,30 Days,9.79,Chandigarh
19785,12,2018,12-2018,30 Days,16.78,Nasik
19786,1,2017,1-2017,90 Days,11.78,Delhi
19787,10,2018,10-2018,60 Days,1.77,Ranchi
19793,3,2017,3-2017,90 Days,3.53,Ranchi
19794,4,2018,4-2018,6 Month,4.71,Bhopal
19795,8,2017,8-2017,12 Months,2.36,Nagpur
19796,11,2017,11-2017,30 Days,6.99,Gandhinagar
19797,12,2018,12-2018,90 Days,5.89,Shillong
19798,4,2018,4-2018,90 Days,0.59,Nasik
19799,12,2018,12-2018,90 Days,8.39,Aurangabad
19800,5,2018,5-2018,90 Days,16.78,Nagpur
19801,9,2018,9-2018,12 Months,2.36,Nasik
19802,9,2018,9-2018,12 Months,1.18,Jaipur
19803,7,2017,7-2017,90 Days,7.07,Pune
19807,9,2017,9-2017,6 Month,2.36,Bengaluru
19812,2,2018,2-2018,12 Months,1.18,Bhopal
19813,7,2017,7-2017,90 Days,1.18,Gandhinagar
19814,9,2018,9-2018,24 Months and more,6.99,Gandhinagar
19815,4,2017,4-2017,60 Days,11.78,Aurangabad
19816,5,2018,5-2018,6 Month,4.12,Pune
19817,11,2017,11-2017,6 Month,4.20,Nagpur
19818,10,2018,10-2018,90 Days,4.12,Gandhinagar
19820,7,2018,7-2018,12 Months,2.36,Delhi
19821,8,2017,8-2017,6 Month,5.59,Bengaluru
19822,3,2017,3-2017,60 Days,5.89,Mumbai
19823,5,2017,5-2017,60 Days,2.94,Shillong
19827,1,2018,1-2018,60 Days,4.12,Jaipur
19828,11,2018,11-2018,60 Days,5.59,Nagpur
19829,8,2017,8-2017,90 Days,4.12,Srinagar
19831,8,2017,8-2017,90 Days,4.71,Bengaluru
19832,6,2018,6-2018,24 Months and more,2.94,Srinagar
19834,4,2017,4-2017,12 Months,2.80,Pune
19838,2,2018,2-2018,60 Days,1.77,Shillong
19840,6,2018,6-2018,90 Days,16.78,Aurangabad
19841,11,2017,11-2017,6 Month,16.78,Delhi
19842,12,2018,12-2018,30 Days,1.77,Ranchi
19844,2,2018,2-2018,12 Months,4.12,Mumbai
19845,9,2018,9-2018,12 Months,5.30,Ranchi
19847,9,2018,9-2018,12 Months,13.98,Jaipur
19849,6,2018,6-2018,60 Days,2.94,Nasik
19850,9,2018,9-2018,6 Month,6.99,Delhi
19851,10,2018,10-2018,30 Days,8.39,Bengaluru
19852,8,2018,8-2018,30 Days,0.59,Pune
19853,10,2017,10-2017,30 Days,4.71,Gandhinagar
19854,7,2017,7-2017,90 Days,12.59,Bhopal
19855,12,2017,12-2017,30 Days,2.94,Shillong
19856,10,2017,10-2017,24 Months and more,6.48,Bengaluru
19857,3,2018,3-2018,6 Month,4.20,Pune
19858,1,2017,1-2017,24 Months and more,6.48,Mumbai
19859,6,2017,6-2017,24 Months and more,15.38,Chandigarh
19860,6,2017,6-2017,60 Days,4.20,Mumbai
19861,12,2017,12-2017,24 Months and more,4.12,Aurangabad
19862,7,2018,7-2018,60 Days,4.12,Nagpur
19864,4,2017,4-2017,12 Months,1.77,Jaipur
19865,6,2018,6-2018,24 Months and more,7.07,Nagpur
19868,3,2017,3-2017,30 Days,10.60,Srinagar
19869,2,2018,2-2018,30 Days,5.59,Bengaluru
19870,3,2018,3-2018,6 Month,13.98,Ranchi
19874,11,2018,11-2018,24 Months and more,8.24,Delhi
19877,8,2017,8-2017,30 Days,5.59,Bhopal
19879,4,2017,4-2017,60 Days,1.18,Jaipur
19880,2,2017,2-2017,30 Days,5.30,Chennai
19881,1,2018,1-2018,90 Days,4.71,Srinagar
19882,10,2017,10-2017,90 Days,5.30,Bengaluru
19884,7,2018,7-2018,6 Month,6.99,Jaipur
19886,3,2017,3-2017,90 Days,5.30,Pune
19887,6,2018,6-2018,90 Days,4.20,Gandhinagar
19888,1,2018,1-2018,6 Month,1.18,Chandigarh
19889,9,2017,9-2017,60 Days,3.53,Srinagar
19890,6,2018,6-2018,60 Days,3.53,Pune
19892,2,2017,2-2017,30 Days,2.36,Bhopal
19893,11,2018,11-2018,6 Month,11.78,Nagpur
19894,2,2018,2-2018,90 Days,2.80,Delhi
19896,4,2017,4-2017,30 Days,4.71,Mumbai
19897,11,2017,11-2017,60 Days,1.77,Chandigarh
19900,11,2017,11-2017,90 Days,2.80,Mumbai
19901,6,2018,6-2018,90 Days,12.59,Pune
19902,11,2018,11-2018,60 Days,4.20,Mumbai
19904,2,2017,2-2017,6 Month,6.48,Ranchi
19906,11,2018,11-2018,24 Months and more,5.89,Aurangabad
19907,11,2017,11-2017,6 Month,3.53,Chennai
19908,10,2018,10-2018,24 Months and more,6.48,Mumbai
19909,2,2017,2-2017,24 Months and more,15.38,Chennai
19910,6,2018,6-2018,60 Days,3.53,Bengaluru
19911,7,2018,7-2018,90 Days,6.48,Jaipur
19912,2,2017,2-2017,90 Days,9.79,Delhi
19914,8,2018,8-2018,6 Month,4.20,Delhi
19915,8,2018,8-2018,60 Days,3.53,Bengaluru
19916,6,2017,6-2017,6 Month,5.89,Srinagar
19917,6,2017,6-2017,24 Months and more,6.48,Nasik
19918,11,2017,11-2017,12 Months,9.42,Chennai
19920,8,2017,8-2017,30 Days,13.98,Nagpur
19921,7,2017,7-2017,24 Months and more,5.89,Bhopal
19923,11,2017,11-2017,30 Days,2.36,Jaipur
19924,5,2017,5-2017,60 Days,9.79,Nagpur
19926,7,2017,7-2017,6 Month,5.89,Ranchi
19927,9,2017,9-2017,24 Months and more,6.48,Chennai
19928,8,2017,8-2017,60 Days,12.59,Bengaluru
19930,12,2017,12-2017,24 Months and more,14.13,Aurangabad
19932,12,2017,12-2017,6 Month,4.71,Gandhinagar
19934,12,2017,12-2017,12 Months,6.48,Shillong
19935,10,2017,10-2017,6 Month,3.53,Nasik
19938,3,2017,3-2017,90 Days,1.77,Gandhinagar
19939,5,2018,5-2018,30 Days,1.77,Nagpur
19940,9,2017,9-2017,6 Month,1.18,Delhi
19942,9,2017,9-2017,90 Days,1.18,Bhopal
19943,3,2018,3-2018,24 Months and more,6.48,Chandigarh
19947,10,2017,10-2017,30 Days,5.59,Pune
19949,3,2017,3-2017,60 Days,2.36,Shillong
19952,6,2017,6-2017,24 Months and more,5.30,Pune
19953,11,2018,11-2018,24 Months and more,4.12,Nagpur
19956,8,2018,8-2018,12 Months,16.78,Gandhinagar
19957,2,2017,2-2017,60 Days,0.59,Shillong
19958,6,2018,6-2018,30 Days,8.39,Srinagar
19960,6,2018,6-2018,90 Days,6.48,Aurangabad
19961,5,2018,5-2018,30 Days,15.38,Mumbai
19962,11,2017,11-2017,6 Month,6.99,Gandhinagar
19963,11,2018,11-2018,90 Days,7.07,Shillong
19964,2,2017,2-2017,6 Month,6.48,Nasik
19965,5,2018,5-2018,30 Days,10.60,Nagpur
19966,3,2018,3-2018,60 Days,2.94,Pune
19968,10,2018,10-2018,12 Months,8.24,Jaipur
19972,10,2017,10-2017,6 Month,15.38,Aurangabad
19973,10,2018,10-2018,24 Months and more,5.89,Chennai
19975,4,2017,4-2017,6 Month,12.59,Nasik
19976,1,2017,1-2017,90 Days,4.71,Srinagar
19979,3,2017,3-2017,12 Months,1.40,Gandhinagar
19980,7,2017,7-2017,24 Months and more,2.80,Pune
19982,6,2018,6-2018,12 Months,16.78,Bengaluru
19984,7,2018,7-2018,30 Days,11.78,Ranchi
19985,6,2017,6-2017,12 Months,1.18,Pune
19987,3,2018,3-2018,60 Days,4.20,Nasik
19989,11,2017,11-2017,90 Days,2.80,Shillong
19990,8,2018,8-2018,12 Months,2.94,Delhi
19991,2,2018,2-2018,12 Months,0.59,Ranchi
19993,2,2017,2-2017,6 Month,0.59,Chandigarh
19994,3,2018,3-2018,24 Months and more,3.53,Nagpur
19995,2,2018,2-2018,90 Days,4.20,Chandigarh
19996,12,2017,12-2017,12 Months,1.40,Chennai
20000,3,2017,3-2017,90 Days,4.12,Delhi
20003,11,2018,11-2018,60 Days,13.98,Bhopal
20005,6,2018,6-2018,6 Month,7.07,Bhopal
20006,5,2017,5-2017,6 Month,6.48,Shillong
20007,9,2017,9-2017,24 Months and more,5.59,Chandigarh
20009,5,2017,5-2017,6 Month,2.36,Nagpur
20010,12,2017,12-2017,6 Month,4.12,Aurangabad
20011,4,2017,4-2017,12 Months,1.18,Ranchi
20013,5,2018,5-2018,90 Days,6.48,Nagpur
20014,2,2018,2-2018,24 Months and more,7.07,Gandhinagar
20016,8,2017,8-2017,6 Month,15.38,Bengaluru
20017,8,2018,8-2018,24 Months and more,5.89,Srinagar
20020,9,2018,9-2018,6 Month,7.07,Nasik
20021,6,2017,6-2017,12 Months,2.36,Chandigarh
20022,4,2018,4-2018,90 Days,9.42,Srinagar
20023,5,2017,5-2017,60 Days,11.78,Pune
20024,5,2017,5-2017,30 Days,12.95,Jaipur
20025,4,2018,4-2018,60 Days,16.78,Bhopal
20026,1,2018,1-2018,6 Month,0.59,Mumbai
20027,5,2018,5-2018,12 Months,13.98,Ranchi
20029,5,2017,5-2017,30 Days,0.59,Gandhinagar
20030,1,2018,1-2018,12 Months,1.40,Bhopal
20031,10,2017,10-2017,12 Months,5.89,Delhi
20032,3,2017,3-2017,24 Months and more,1.18,Chennai
20033,7,2018,7-2018,60 Days,16.78,Ranchi
20034,5,2017,5-2017,12 Months,4.20,Shillong
20035,1,2017,1-2017,30 Days,16.78,Delhi
20036,8,2017,8-2017,6 Month,5.89,Bengaluru
20037,5,2018,5-2018,30 Days,0.59,Delhi
20038,5,2017,5-2017,12 Months,8.24,Shillong
20040,3,2017,3-2017,24 Months and more,2.80,Shillong
20042,3,2018,3-2018,24 Months and more,8.24,Jaipur
20043,9,2017,9-2017,24 Months and more,11.19,Pune
20045,5,2018,5-2018,24 Months and more,2.80,Aurangabad
20046,9,2018,9-2018,60 Days,1.18,Nasik
20047,6,2018,6-2018,24 Months and more,15.38,Jaipur
20048,5,2018,5-2018,90 Days,8.39,Chennai
20049,5,2018,5-2018,12 Months,2.94,Shillong
20051,11,2017,11-2017,24 Months and more,12.59,Bhopal
20053,5,2018,5-2018,30 Days,1.18,Shillong
20055,12,2017,12-2017,24 Months and more,12.59,Nasik
20056,4,2017,4-2017,6 Month,5.30,Chennai
20057,11,2018,11-2018,24 Months and more,7.07,Jaipur
20058,9,2018,9-2018,90 Days,8.39,Nasik
20059,8,2018,8-2018,6 Month,4.20,Chandigarh
20060,12,2018,12-2018,30 Days,7.07,Chennai
20063,7,2018,7-2018,6 Month,4.71,Srinagar
20065,6,2017,6-2017,30 Days,2.36,Srinagar
20066,3,2018,3-2018,6 Month,12.59,Gandhinagar
20067,12,2017,12-2017,30 Days,6.48,Pune
20068,8,2017,8-2017,12 Months,9.79,Delhi
20069,1,2018,1-2018,60 Days,2.36,Chennai
20071,6,2018,6-2018,30 Days,16.78,Bengaluru
20073,7,2017,7-2017,90 Days,7.07,Chandigarh
20074,10,2017,10-2017,12 Months,11.19,Jaipur
20078,7,2017,7-2017,90 Days,3.53,Ranchi
20079,5,2018,5-2018,6 Month,2.80,Jaipur
20082,8,2018,8-2018,6 Month,2.36,Shillong
20083,11,2017,11-2017,60 Days,12.59,Shillong
20084,5,2017,5-2017,90 Days,4.12,Chennai
20086,5,2018,5-2018,60 Days,1.18,Aurangabad
20088,4,2018,4-2018,12 Months,5.30,Delhi
20089,2,2018,2-2018,90 Days,6.48,Aurangabad
20090,10,2017,10-2017,6 Month,6.48,Nagpur
20091,11,2017,11-2017,6 Month,2.36,Bhopal
20092,7,2017,7-2017,90 Days,2.36,Chennai
20093,8,2018,8-2018,30 Days,4.20,Mumbai
20094,7,2017,7-2017,60 Days,15.38,Nagpur
20095,2,2017,2-2017,90 Days,1.77,Chennai
20098,6,2018,6-2018,24 Months and more,3.53,Pune
20099,6,2018,6-2018,24 Months and more,1.18,Delhi
20100,4,2017,4-2017,12 Months,13.98,Chennai
20104,12,2017,12-2017,24 Months and more,5.89,Aurangabad
20106,3,2017,3-2017,60 Days,9.79,Gandhinagar
20107,10,2017,10-2017,30 Days,11.78,Delhi
20108,4,2018,4-2018,60 Days,6.99,Bhopal
20111,9,2018,9-2018,30 Days,9.42,Bhopal
20112,7,2018,7-2018,24 Months and more,9.42,Mumbai
20114,5,2018,5-2018,6 Month,5.30,Nasik
20115,1,2018,1-2018,6 Month,4.12,Jaipur
20117,5,2017,5-2017,30 Days,9.79,Shillong
20119,2,2017,2-2017,12 Months,3.53,Chennai
20120,10,2018,10-2018,60 Days,1.40,Nasik
20121,1,2018,1-2018,6 Month,9.42,Chennai
20123,12,2018,12-2018,12 Months,16.78,Chandigarh
20124,2,2018,2-2018,24 Months and more,2.36,Bengaluru
20125,8,2017,8-2017,24 Months and more,4.12,Jaipur
20126,6,2017,6-2017,60 Days,16.78,Pune
20129,5,2017,5-2017,6 Month,1.40,Pune
20130,7,2018,7-2018,90 Days,1.18,Jaipur
20132,6,2017,6-2017,6 Month,1.77,Chandigarh
20133,8,2018,8-2018,30 Days,4.71,Shillong
20134,8,2017,8-2017,24 Months and more,4.71,Ranchi
20135,7,2017,7-2017,12 Months,7.07,Mumbai
20136,5,2018,5-2018,90 Days,4.20,Gandhinagar
20137,2,2017,2-2017,6 Month,1.40,Delhi
20139,11,2017,11-2017,24 Months and more,1.18,Ranchi
20145,4,2017,4-2017,24 Months and more,8.39,Gandhinagar
20146,10,2017,10-2017,6 Month,2.94,Mumbai
20148,6,2017,6-2017,60 Days,4.12,Ranchi
20149,6,2017,6-2017,12 Months,7.07,Chennai
20150,12,2018,12-2018,60 Days,11.19,Delhi
20151,9,2018,9-2018,60 Days,5.89,Delhi
20153,7,2017,7-2017,24 Months and more,3.53,Shillong
20154,5,2017,5-2017,90 Days,11.19,Jaipur
20155,8,2018,8-2018,60 Days,7.07,Aurangabad
20156,8,2018,8-2018,6 Month,11.19,Shillong
20158,3,2018,3-2018,30 Days,3.53,Delhi
20159,6,2017,6-2017,30 Days,10.60,Nasik
20160,4,2018,4-2018,30 Days,2.36,Bengaluru
20162,10,2017,10-2017,90 Days,4.71,Mumbai
20165,4,2017,4-2017,60 Days,11.19,Chennai
20166,1,2017,1-2017,90 Days,5.30,Mumbai
20168,11,2017,11-2017,90 Days,1.40,Bhopal
20171,12,2017,12-2017,12 Months,1.77,Chandigarh
20172,5,2018,5-2018,90 Days,0.59,Nagpur
20176,9,2017,9-2017,12 Months,4.12,Shillong
20177,10,2018,10-2018,12 Months,5.89,Delhi
20178,4,2017,4-2017,6 Month,1.18,Pune
20180,2,2018,2-2018,90 Days,5.89,Aurangabad
20182,4,2017,4-2017,30 Days,5.89,Ranchi
20184,5,2018,5-2018,60 Days,7.07,Chandigarh
20185,11,2017,11-2017,24 Months and more,2.36,Chandigarh
20186,3,2018,3-2018,24 Months and more,6.48,Chennai
20188,11,2017,11-2017,6 Month,2.36,Mumbai
20191,4,2017,4-2017,90 Days,16.78,Gandhinagar
20192,3,2017,3-2017,60 Days,2.36,Ranchi
20194,12,2018,12-2018,6 Month,12.95,Srinagar
20196,3,2017,3-2017,6 Month,2.94,Gandhinagar
20198,11,2018,11-2018,30 Days,9.79,Nagpur
20199,5,2018,5-2018,12 Months,4.71,Srinagar
20200,12,2017,12-2017,6 Month,9.42,Nagpur
20201,10,2017,10-2017,12 Months,1.77,Srinagar
20203,2,2018,2-2018,12 Months,6.99,Nagpur
20204,10,2018,10-2018,30 Days,4.71,Aurangabad
20206,5,2017,5-2017,30 Days,4.12,Chandigarh
20207,7,2018,7-2018,90 Days,2.36,Nasik
20210,9,2017,9-2017,30 Days,15.38,Shillong
20211,5,2018,5-2018,60 Days,5.59,Chennai
20212,7,2018,7-2018,90 Days,1.77,Jaipur
20214,9,2017,9-2017,24 Months and more,1.18,Pune
20216,2,2018,2-2018,60 Days,0.59,Nasik
20217,5,2017,5-2017,6 Month,5.89,Jaipur
20218,5,2018,5-2018,60 Days,5.59,Chennai
20219,11,2017,11-2017,24 Months and more,0.59,Chennai
20220,4,2017,4-2017,60 Days,1.18,Bengaluru
20221,10,2018,10-2018,60 Days,2.80,Ranchi
20222,6,2018,6-2018,12 Months,2.80,Ranchi
20223,12,2018,12-2018,12 Months,15.38,Gandhinagar
20224,6,2018,6-2018,24 Months and more,4.71,Aurangabad
20225,11,2018,11-2018,12 Months,11.19,Nasik
20226,10,2017,10-2017,24 Months and more,4.20,Srinagar
20227,11,2017,11-2017,60 Days,4.20,Chennai
20229,12,2017,12-2017,60 Days,0.59,Delhi
20232,9,2018,9-2018,6 Month,5.89,Bhopal
20233,9,2018,9-2018,6 Month,1.18,Delhi
20234,10,2018,10-2018,6 Month,6.99,Chandigarh
20235,6,2018,6-2018,30 Days,8.39,Chandigarh
20236,2,2018,2-2018,24 Months and more,2.36,Mumbai
20237,4,2017,4-2017,30 Days,0.59,Chennai
20239,11,2017,11-2017,12 Months,5.89,Nasik
20241,3,2018,3-2018,24 Months and more,7.07,Nagpur
20242,12,2017,12-2017,6 Month,8.39,Nagpur
20243,4,2017,4-2017,30 Days,11.19,Chennai
20244,4,2018,4-2018,30 Days,2.94,Nagpur
20245,5,2018,5-2018,12 Months,0.59,Mumbai
20246,9,2018,9-2018,12 Months,12.59,Srinagar
20248,10,2017,10-2017,90 Days,5.59,Chandigarh
20249,11,2018,11-2018,6 Month,15.38,Aurangabad
20251,11,2017,11-2017,90 Days,11.19,Nasik
20254,2,2017,2-2017,60 Days,13.98,Chandigarh
20256,5,2017,5-2017,90 Days,15.38,Chennai
20258,4,2018,4-2018,24 Months and more,13.98,Pune
20259,4,2018,4-2018,90 Days,1.18,Srinagar
20260,12,2017,12-2017,12 Months,10.60,Bengaluru
20262,2,2017,2-2017,30 Days,14.13,Bhopal
20265,11,2017,11-2017,60 Days,12.95,Chennai
20266,4,2018,4-2018,30 Days,4.71,Nagpur
20267,7,2017,7-2017,12 Months,15.38,Bhopal
20268,12,2017,12-2017,24 Months and more,16.78,Chennai
20269,5,2017,5-2017,60 Days,0.59,Jaipur
20270,7,2017,7-2017,12 Months,5.89,Nagpur
20274,2,2018,2-2018,12 Months,6.99,Jaipur
20276,9,2017,9-2017,60 Days,3.53,Ranchi
20279,7,2017,7-2017,90 Days,15.38,Pune
20280,2,2017,2-2017,6 Month,4.12,Ranchi
20281,3,2018,3-2018,24 Months and more,10.60,Srinagar
20282,10,2017,10-2017,12 Months,6.99,Nagpur
20284,10,2017,10-2017,24 Months and more,0.59,Bhopal
20287,4,2017,4-2017,6 Month,4.12,Shillong
20289,9,2018,9-2018,30 Days,4.12,Pune
20290,3,2017,3-2017,24 Months and more,4.71,Nagpur
20292,5,2017,5-2017,90 Days,4.71,Bhopal
20293,5,2017,5-2017,24 Months and more,15.38,Nasik
20294,8,2018,8-2018,24 Months and more,3.53,Shillong
20295,4,2017,4-2017,30 Days,11.78,Srinagar
20296,7,2018,7-2018,6 Month,6.99,Gandhinagar
20297,6,2018,6-2018,60 Days,5.89,Shillong
20298,6,2018,6-2018,30 Days,4.12,Aurangabad
20299,12,2018,12-2018,6 Month,3.53,Chennai
20300,3,2017,3-2017,90 Days,3.53,Mumbai
20302,10,2018,10-2018,12 Months,13.98,Bhopal
20304,6,2018,6-2018,30 Days,5.59,Nagpur
20305,2,2018,2-2018,90 Days,5.59,Delhi
20307,7,2018,7-2018,6 Month,1.18,Bengaluru
20308,3,2018,3-2018,90 Days,5.89,Chennai
20309,8,2017,8-2017,24 Months and more,1.18,Delhi
20312,1,2017,1-2017,60 Days,4.20,Bhopal
20313,5,2018,5-2018,60 Days,7.07,Bengaluru
20314,1,2017,1-2017,60 Days,6.48,Pune
20315,9,2018,9-2018,60 Days,8.24,Delhi
20317,10,2017,10-2017,90 Days,5.30,Chandigarh
20318,8,2017,8-2017,60 Days,8.24,Mumbai
20319,12,2018,12-2018,30 Days,5.89,Jaipur
20320,10,2017,10-2017,30 Days,6.48,Nasik
20321,1,2018,1-2018,6 Month,16.78,Bhopal
20322,5,2017,5-2017,90 Days,2.94,Shillong
20323,12,2017,12-2017,30 Days,5.89,Chennai
20324,9,2017,9-2017,30 Days,5.30,Jaipur
20326,7,2018,7-2018,60 Days,12.95,Mumbai
20329,7,2018,7-2018,24 Months and more,1.18,Shillong
20330,5,2017,5-2017,12 Months,7.07,Delhi
20331,2,2018,2-2018,12 Months,11.19,Nasik
20332,4,2017,4-2017,90 Days,0.59,Nasik
20333,9,2017,9-2017,6 Month,8.39,Nagpur
20334,12,2017,12-2017,6 Month,1.18,Jaipur
20337,2,2018,2-2018,12 Months,5.89,Delhi
20338,8,2018,8-2018,90 Days,1.40,Jaipur
20339,1,2017,1-2017,12 Months,6.48,Mumbai
20340,7,2018,7-2018,24 Months and more,2.36,Srinagar
20341,11,2017,11-2017,60 Days,15.38,Shillong
20342,6,2018,6-2018,30 Days,4.12,Bengaluru
20343,10,2017,10-2017,24 Months and more,6.99,Aurangabad
20344,9,2018,9-2018,24 Months and more,12.59,Shillong
20348,3,2018,3-2018,30 Days,6.48,Chandigarh
20349,7,2017,7-2017,6 Month,3.53,Ranchi
20350,8,2017,8-2017,30 Days,1.77,Shillong
20351,12,2017,12-2017,24 Months and more,4.12,Bengaluru
20352,2,2018,2-2018,30 Days,6.99,Nagpur
20353,12,2017,12-2017,24 Months and more,9.42,Nasik
20354,11,2018,11-2018,24 Months and more,6.48,Nasik
20356,9,2017,9-2017,12 Months,5.89,Nasik
20357,11,2017,11-2017,24 Months and more,6.48,Nasik
20359,10,2018,10-2018,6 Month,5.30,Chennai
20360,6,2017,6-2017,24 Months and more,8.39,Chennai
20361,11,2018,11-2018,30 Days,2.36,Chandigarh
20362,2,2018,2-2018,12 Months,11.19,Shillong
20366,3,2017,3-2017,60 Days,5.59,Gandhinagar
20367,4,2018,4-2018,24 Months and more,6.99,Pune
20368,11,2017,11-2017,30 Days,6.99,Gandhinagar
20369,2,2018,2-2018,12 Months,4.71,Nasik
20370,4,2017,4-2017,30 Days,0.59,Delhi
20371,11,2018,11-2018,12 Months,7.07,Pune
20372,10,2018,10-2018,90 Days,6.99,Delhi
20374,4,2017,4-2017,6 Month,13.98,Bengaluru
20375,4,2017,4-2017,90 Days,4.12,Chennai
20377,7,2018,7-2018,24 Months and more,1.18,Pune
20379,11,2017,11-2017,90 Days,13.98,Chandigarh
20382,12,2018,12-2018,30 Days,11.19,Gandhinagar
20383,1,2017,1-2017,12 Months,10.60,Pune
20384,6,2018,6-2018,24 Months and more,3.53,Srinagar
20386,1,2018,1-2018,60 Days,2.80,Chandigarh
20387,12,2017,12-2017,12 Months,4.71,Chandigarh
20388,5,2017,5-2017,90 Days,4.12,Nasik
20390,11,2017,11-2017,12 Months,3.53,Chennai
20392,3,2017,3-2017,12 Months,2.80,Mumbai
20393,6,2018,6-2018,90 Days,13.98,Bengaluru
20395,2,2017,2-2017,6 Month,8.24,Nasik
20396,3,2018,3-2018,6 Month,7.07,Srinagar
20398,2,2018,2-2018,12 Months,8.39,Chandigarh
20399,9,2017,9-2017,90 Days,5.59,Srinagar
20400,10,2017,10-2017,60 Days,9.42,Aurangabad
20401,7,2017,7-2017,60 Days,8.24,Mumbai
20402,2,2017,2-2017,6 Month,0.59,Pune
20403,10,2018,10-2018,60 Days,5.59,Delhi
20405,8,2017,8-2017,60 Days,5.59,Chandigarh
20406,3,2018,3-2018,60 Days,4.71,Nagpur
20407,2,2018,2-2018,12 Months,13.98,Bhopal
20409,12,2017,12-2017,90 Days,2.94,Aurangabad
20411,7,2017,7-2017,90 Days,1.77,Pune
20412,10,2018,10-2018,6 Month,5.30,Delhi
20413,4,2018,4-2018,6 Month,11.19,Gandhinagar
20414,9,2018,9-2018,60 Days,4.20,Pune
20415,2,2017,2-2017,90 Days,15.38,Nasik
20418,3,2017,3-2017,24 Months and more,0.59,Chennai
20420,1,2018,1-2018,12 Months,4.71,Chandigarh
20422,1,2018,1-2018,12 Months,2.36,Shillong
20423,11,2017,11-2017,24 Months and more,0.59,Mumbai
20426,2,2018,2-2018,60 Days,14.13,Bengaluru
20427,12,2018,12-2018,30 Days,8.24,Chennai
20428,8,2018,8-2018,6 Month,4.71,Delhi
20431,6,2017,6-2017,30 Days,2.94,Bhopal
20433,11,2018,11-2018,24 Months and more,4.71,Delhi
20437,9,2018,9-2018,6 Month,9.79,Srinagar
20438,5,2018,5-2018,24 Months and more,12.95,Delhi
20439,4,2017,4-2017,12 Months,0.59,Delhi
20441,11,2018,11-2018,6 Month,11.19,Delhi
20442,4,2018,4-2018,12 Months,4.20,Gandhinagar
20447,3,2017,3-2017,12 Months,4.20,Bhopal
20448,1,2018,1-2018,12 Months,2.36,Nasik
20449,10,2018,10-2018,30 Days,1.18,Srinagar
20451,2,2017,2-2017,24 Months and more,5.59,Nasik
20452,1,2017,1-2017,6 Month,3.53,Shillong
20453,11,2018,11-2018,60 Days,5.89,Chennai
20456,6,2018,6-2018,30 Days,4.12,Ranchi
20457,9,2017,9-2017,90 Days,6.48,Shillong
20459,5,2017,5-2017,6 Month,6.48,Aurangabad
20461,4,2017,4-2017,30 Days,5.59,Aurangabad
20462,6,2018,6-2018,12 Months,6.48,Chennai
20463,6,2017,6-2017,30 Days,16.78,Ranchi
20465,3,2017,3-2017,6 Month,6.48,Aurangabad
20467,8,2018,8-2018,12 Months,6.48,Chennai
20468,12,2017,12-2017,12 Months,0.59,Shillong
20470,8,2018,8-2018,12 Months,15.38,Shillong
20472,11,2018,11-2018,90 Days,5.89,Delhi
20473,2,2017,2-2017,12 Months,9.79,Shillong
20475,9,2018,9-2018,6 Month,16.78,Delhi
20477,12,2017,12-2017,30 Days,4.71,Nasik
20478,4,2017,4-2017,24 Months and more,9.42,Bengaluru
20479,1,2017,1-2017,90 Days,5.30,Aurangabad
20480,10,2017,10-2017,12 Months,16.78,Nagpur
20481,10,2018,10-2018,90 Days,3.53,Chandigarh
20482,2,2017,2-2017,90 Days,16.78,Jaipur
20485,12,2017,12-2017,30 Days,11.19,Bhopal
20486,2,2018,2-2018,12 Months,2.36,Mumbai
20487,12,2017,12-2017,24 Months and more,4.12,Shillong
20488,6,2018,6-2018,90 Days,10.60,Bengaluru
20489,9,2018,9-2018,6 Month,1.18,Gandhinagar
20491,2,2017,2-2017,60 Days,15.38,Mumbai
20493,5,2018,5-2018,30 Days,15.38,Srinagar
20494,3,2018,3-2018,24 Months and more,2.94,Nagpur
20496,1,2017,1-2017,30 Days,0.59,Jaipur
20499,7,2017,7-2017,24 Months and more,1.18,Srinagar
20502,9,2018,9-2018,90 Days,4.71,Shillong
20506,2,2017,2-2017,60 Days,0.59,Ranchi
20507,3,2018,3-2018,90 Days,2.36,Bengaluru
20510,3,2017,3-2017,90 Days,2.80,Ranchi
20511,12,2018,12-2018,24 Months and more,9.42,Bhopal
20513,2,2018,2-2018,24 Months and more,12.95,Chennai
20514,5,2017,5-2017,60 Days,10.60,Ranchi
20515,5,2018,5-2018,90 Days,5.89,Shillong
20518,6,2017,6-2017,30 Days,7.07,Nagpur
20519,9,2017,9-2017,90 Days,14.13,Srinagar
20520,8,2018,8-2018,6 Month,2.94,Delhi
20521,12,2018,12-2018,60 Days,15.38,Pune
20522,4,2017,4-2017,30 Days,16.78,Srinagar
20523,9,2017,9-2017,12 Months,4.71,Gandhinagar
20524,1,2017,1-2017,30 Days,4.12,Chennai
20525,10,2018,10-2018,24 Months and more,1.40,Gandhinagar
20529,7,2017,7-2017,60 Days,0.59,Bengaluru
20531,3,2018,3-2018,12 Months,5.59,Bengaluru
20532,1,2017,1-2017,12 Months,2.36,Chennai
20533,12,2018,12-2018,6 Month,14.13,Mumbai
20534,3,2018,3-2018,12 Months,3.53,Aurangabad
20535,11,2017,11-2017,6 Month,4.71,Chandigarh
20536,12,2017,12-2017,60 Days,6.99,Chandigarh
20537,4,2017,4-2017,30 Days,5.89,Bengaluru
20539,7,2018,7-2018,90 Days,3.53,Nagpur
20541,4,2018,4-2018,60 Days,2.36,Ranchi
20542,4,2018,4-2018,24 Months and more,5.59,Pune
20548,6,2018,6-2018,90 Days,2.36,Ranchi
20549,6,2018,6-2018,12 Months,5.89,Chennai
20551,4,2018,4-2018,24 Months and more,1.18,Gandhinagar
20553,3,2018,3-2018,24 Months and more,8.24,Nagpur
20554,5,2017,5-2017,6 Month,2.94,Delhi
20555,6,2017,6-2017,24 Months and more,3.53,Chennai
20556,12,2017,12-2017,90 Days,13.98,Delhi
20557,8,2017,8-2017,12 Months,11.78,Nasik
20558,8,2018,8-2018,60 Days,6.48,Delhi
20560,11,2017,11-2017,6 Month,9.79,Mumbai
20561,5,2017,5-2017,12 Months,3.53,Ranchi
20562,9,2018,9-2018,60 Days,6.48,Bhopal
20565,11,2017,11-2017,60 Days,16.78,Chandigarh
20566,12,2018,12-2018,24 Months and more,9.79,Jaipur
20567,5,2018,5-2018,30 Days,5.59,Nasik
20570,12,2017,12-2017,24 Months and more,1.40,Mumbai
20571,4,2017,4-2017,30 Days,4.20,Nasik
20573,12,2017,12-2017,12 Months,4.71,Bhopal
20574,4,2017,4-2017,12 Months,1.18,Delhi
20575,12,2018,12-2018,60 Days,5.59,Bhopal
20576,2,2017,2-2017,30 Days,10.60,Srinagar
20577,6,2017,6-2017,6 Month,1.77,Shillong
20579,3,2017,3-2017,30 Days,13.98,Delhi
20580,11,2018,11-2018,6 Month,2.80,Shillong
20581,3,2018,3-2018,90 Days,1.18,Delhi
20583,11,2018,11-2018,6 Month,1.40,Ranchi
20586,7,2017,7-2017,12 Months,9.79,Delhi
20587,9,2018,9-2018,60 Days,4.71,Nasik
20588,2,2017,2-2017,90 Days,4.71,Chennai
20589,5,2017,5-2017,30 Days,5.89,Aurangabad
20590,4,2017,4-2017,6 Month,5.59,Chennai
20591,10,2018,10-2018,12 Months,1.18,Jaipur
20593,4,2018,4-2018,24 Months and more,5.59,Bhopal
20594,8,2018,8-2018,90 Days,14.13,Gandhinagar
20595,2,2018,2-2018,30 Days,11.19,Nasik
20599,2,2017,2-2017,90 Days,16.78,Bengaluru
20600,5,2017,5-2017,30 Days,1.77,Bhopal
20601,12,2018,12-2018,30 Days,12.59,Ranchi
20602,1,2017,1-2017,60 Days,8.39,Aurangabad
20603,1,2018,1-2018,60 Days,2.94,Ranchi
20604,10,2018,10-2018,12 Months,12.59,Nagpur
20605,11,2017,11-2017,30 Days,4.12,Bengaluru
20607,11,2017,11-2017,60 Days,7.07,Bengaluru
20608,1,2018,1-2018,60 Days,11.78,Pune
20611,2,2018,2-2018,90 Days,2.80,Mumbai
20612,9,2017,9-2017,24 Months and more,12.59,Nagpur
20615,11,2017,11-2017,24 Months and more,2.94,Aurangabad
20616,3,2018,3-2018,12 Months,12.95,Chennai
20618,5,2018,5-2018,6 Month,2.80,Pune
20619,11,2018,11-2018,6 Month,2.36,Srinagar
20622,3,2018,3-2018,6 Month,7.07,Nasik
20623,8,2017,8-2017,24 Months and more,5.59,Chandigarh
20624,8,2018,8-2018,60 Days,1.77,Shillong
20625,9,2017,9-2017,30 Days,6.48,Nagpur
20627,5,2018,5-2018,30 Days,9.79,Gandhinagar
20629,12,2018,12-2018,30 Days,5.30,Pune
20632,3,2017,3-2017,30 Days,8.24,Aurangabad
20635,8,2018,8-2018,6 Month,16.78,Bhopal
20637,9,2017,9-2017,24 Months and more,1.18,Pune
20638,9,2018,9-2018,90 Days,15.38,Bengaluru
20639,4,2017,4-2017,6 Month,8.39,Jaipur
20641,5,2018,5-2018,24 Months and more,9.79,Mumbai
20642,8,2018,8-2018,30 Days,4.71,Mumbai
20643,7,2017,7-2017,6 Month,4.71,Chandigarh
20645,8,2018,8-2018,90 Days,5.30,Srinagar
20646,12,2018,12-2018,12 Months,7.07,Chandigarh
20647,10,2018,10-2018,24 Months and more,2.36,Ranchi
20648,4,2017,4-2017,30 Days,6.48,Nagpur
20650,5,2018,5-2018,30 Days,0.59,Bhopal
20651,6,2018,6-2018,6 Month,1.77,Aurangabad
20652,3,2018,3-2018,12 Months,1.77,Ranchi
20653,5,2017,5-2017,90 Days,2.94,Pune
20654,1,2018,1-2018,90 Days,4.20,Nagpur
20655,6,2018,6-2018,6 Month,6.48,Shillong
20657,5,2017,5-2017,24 Months and more,9.79,Srinagar
20660,6,2018,6-2018,60 Days,12.59,Nasik
20663,6,2018,6-2018,60 Days,1.77,Gandhinagar
20666,4,2017,4-2017,12 Months,8.39,Gandhinagar
20668,12,2018,12-2018,30 Days,5.30,Gandhinagar
20669,10,2017,10-2017,90 Days,7.07,Nasik
20670,10,2018,10-2018,24 Months and more,0.59,Pune
20671,12,2017,12-2017,60 Days,7.07,Aurangabad
20672,12,2017,12-2017,90 Days,3.53,Gandhinagar
20673,11,2017,11-2017,12 Months,2.36,Shillong
20674,1,2018,1-2018,60 Days,15.38,Srinagar
20675,1,2017,1-2017,24 Months and more,9.79,Delhi
20678,8,2017,8-2017,6 Month,0.59,Aurangabad
20679,3,2018,3-2018,60 Days,4.12,Chandigarh
20680,10,2018,10-2018,90 Days,8.24,Nasik
20681,2,2017,2-2017,90 Days,5.89,Gandhinagar
20682,12,2018,12-2018,90 Days,3.53,Gandhinagar
20683,3,2017,3-2017,24 Months and more,1.18,Gandhinagar
20684,6,2017,6-2017,24 Months and more,4.71,Chennai
20685,2,2018,2-2018,6 Month,2.80,Shillong
20690,4,2018,4-2018,30 Days,11.78,Ranchi
20691,10,2017,10-2017,30 Days,7.07,Bhopal
20693,8,2017,8-2017,6 Month,9.42,Jaipur
20695,8,2018,8-2018,24 Months and more,4.20,Bhopal
20696,7,2018,7-2018,24 Months and more,5.59,Jaipur
20697,2,2017,2-2017,60 Days,8.39,Mumbai
20698,8,2018,8-2018,12 Months,2.36,Pune
20700,12,2017,12-2017,12 Months,0.59,Shillong
20703,2,2018,2-2018,90 Days,0.59,Mumbai
20704,11,2018,11-2018,30 Days,4.12,Aurangabad
20705,1,2017,1-2017,6 Month,12.59,Mumbai
20707,12,2018,12-2018,60 Days,2.36,Delhi
20708,2,2017,2-2017,30 Days,2.80,Ranchi
20709,4,2017,4-2017,24 Months and more,1.77,Bengaluru
20710,6,2018,6-2018,30 Days,11.19,Nagpur
20711,2,2018,2-2018,60 Days,2.36,Shillong
20712,3,2017,3-2017,60 Days,4.12,Bengaluru
20714,1,2018,1-2018,12 Months,4.12,Bhopal
20715,5,2017,5-2017,30 Days,3.53,Mumbai
20716,6,2018,6-2018,24 Months and more,8.39,Pune
20717,12,2017,12-2017,12 Months,5.89,Mumbai
20720,5,2017,5-2017,90 Days,2.36,Ranchi
20721,7,2017,7-2017,12 Months,1.77,Srinagar
20723,6,2017,6-2017,24 Months and more,6.48,Bengaluru
20724,6,2018,6-2018,24 Months and more,9.79,Ranchi
20725,11,2018,11-2018,6 Month,1.18,Mumbai
20726,2,2018,2-2018,24 Months and more,5.89,Gandhinagar
20727,10,2017,10-2017,24 Months and more,4.20,Shillong
20729,6,2018,6-2018,12 Months,11.78,Srinagar
20730,12,2017,12-2017,12 Months,6.48,Shillong
20731,11,2017,11-2017,24 Months and more,8.39,Bengaluru
20732,11,2018,11-2018,60 Days,4.20,Srinagar
20733,2,2017,2-2017,24 Months and more,3.53,Delhi
20734,4,2018,4-2018,60 Days,9.42,Srinagar
20738,8,2017,8-2017,60 Days,16.78,Chandigarh
20739,11,2017,11-2017,12 Months,5.30,Gandhinagar
20741,8,2017,8-2017,90 Days,0.59,Nasik
20743,7,2018,7-2018,24 Months and more,8.39,Pune
20745,12,2017,12-2017,6 Month,6.48,Pune
20746,2,2018,2-2018,90 Days,4.71,Gandhinagar
20747,10,2018,10-2018,60 Days,1.40,Gandhinagar
20749,12,2018,12-2018,90 Days,12.95,Delhi
20750,10,2018,10-2018,24 Months and more,4.71,Aurangabad
20753,7,2018,7-2018,12 Months,4.71,Chandigarh
20755,7,2018,7-2018,24 Months and more,5.59,Nasik
20756,3,2018,3-2018,24 Months and more,3.53,Shillong
20758,6,2018,6-2018,6 Month,4.71,Chennai
20761,4,2018,4-2018,12 Months,1.18,Shillong
20764,4,2018,4-2018,60 Days,5.89,Srinagar
20765,11,2018,11-2018,6 Month,7.07,Nagpur
20766,10,2018,10-2018,60 Days,16.78,Chandigarh
20767,7,2017,7-2017,12 Months,7.07,Nagpur
20768,12,2017,12-2017,6 Month,2.36,Shillong
20771,1,2018,1-2018,30 Days,5.30,Jaipur
20775,6,2017,6-2017,60 Days,9.42,Chandigarh
20776,5,2018,5-2018,30 Days,5.30,Ranchi
20777,5,2018,5-2018,24 Months and more,5.89,Gandhinagar
20778,4,2018,4-2018,30 Days,7.07,Delhi
20782,5,2018,5-2018,24 Months and more,5.30,Shillong
20783,11,2017,11-2017,12 Months,2.80,Shillong
20785,9,2018,9-2018,30 Days,1.18,Gandhinagar
20787,2,2018,2-2018,24 Months and more,4.12,Bengaluru
20789,2,2018,2-2018,12 Months,3.53,Gandhinagar
20790,11,2017,11-2017,24 Months and more,1.18,Bhopal
20791,9,2018,9-2018,60 Days,7.07,Aurangabad
20793,2,2018,2-2018,12 Months,1.18,Bhopal
20797,9,2017,9-2017,6 Month,2.80,Chennai
20799,2,2018,2-2018,30 Days,5.59,Chandigarh
20800,1,2017,1-2017,12 Months,8.39,Bengaluru
20801,6,2017,6-2017,30 Days,15.38,Srinagar
20802,12,2017,12-2017,30 Days,7.07,Nasik
20803,8,2018,8-2018,30 Days,1.77,Bhopal
20804,2,2018,2-2018,60 Days,2.36,Pune
20805,11,2018,11-2018,24 Months and more,1.40,Jaipur
20806,1,2018,1-2018,30 Days,5.89,Pune
20807,9,2018,9-2018,6 Month,11.19,Jaipur
20808,4,2017,4-2017,60 Days,4.20,Gandhinagar
20809,5,2018,5-2018,6 Month,5.30,Bhopal
20813,9,2018,9-2018,90 Days,4.71,Srinagar
20814,10,2018,10-2018,30 Days,4.20,Aurangabad
20816,9,2018,9-2018,30 Days,1.18,Gandhinagar
20817,10,2017,10-2017,24 Months and more,12.59,Bengaluru
20818,1,2017,1-2017,60 Days,3.53,Ranchi
20819,2,2017,2-2017,90 Days,6.48,Nasik
20820,5,2017,5-2017,90 Days,4.71,Nasik
20822,11,2018,11-2018,90 Days,11.19,Jaipur
20825,1,2018,1-2018,90 Days,2.94,Ranchi
20826,11,2018,11-2018,24 Months and more,1.40,Srinagar
20828,3,2017,3-2017,60 Days,1.40,Shillong
20830,8,2017,8-2017,24 Months and more,16.78,Srinagar
20832,1,2017,1-2017,24 Months and more,1.40,Nasik
20833,3,2018,3-2018,60 Days,11.19,Aurangabad
20834,4,2017,4-2017,12 Months,2.36,Mumbai
20835,10,2018,10-2018,12 Months,3.53,Jaipur
20837,5,2017,5-2017,90 Days,1.18,Chennai
20838,11,2018,11-2018,24 Months and more,8.39,Gandhinagar
20839,9,2018,9-2018,30 Days,6.99,Jaipur
20840,2,2017,2-2017,90 Days,5.59,Ranchi
20841,10,2017,10-2017,60 Days,1.18,Delhi
20844,10,2017,10-2017,6 Month,1.18,Ranchi
20850,10,2018,10-2018,6 Month,1.18,Gandhinagar
20851,6,2017,6-2017,6 Month,1.77,Chennai
20852,3,2017,3-2017,6 Month,5.30,Bhopal
20853,7,2018,7-2018,30 Days,3.53,Srinagar
20854,10,2017,10-2017,30 Days,9.42,Ranchi
20855,7,2018,7-2018,24 Months and more,5.59,Srinagar
20856,7,2018,7-2018,12 Months,5.30,Mumbai
20857,7,2018,7-2018,6 Month,4.71,Aurangabad
20861,10,2017,10-2017,30 Days,5.89,Pune
20862,9,2018,9-2018,6 Month,1.18,Mumbai
20863,4,2018,4-2018,12 Months,12.59,Gandhinagar
20865,5,2017,5-2017,24 Months and more,11.78,Ranchi
20866,12,2018,12-2018,6 Month,4.12,Mumbai
20867,7,2017,7-2017,12 Months,6.48,Pune
20868,2,2017,2-2017,24 Months and more,12.59,Pune
20869,5,2018,5-2018,30 Days,12.59,Nagpur
20872,10,2018,10-2018,90 Days,3.53,Mumbai
20873,11,2018,11-2018,24 Months and more,8.39,Nasik
20876,3,2017,3-2017,90 Days,0.59,Chennai
20878,3,2018,3-2018,6 Month,3.53,Mumbai
20879,1,2018,1-2018,6 Month,4.71,Bhopal
20880,3,2017,3-2017,12 Months,1.77,Chandigarh
20881,11,2018,11-2018,60 Days,11.19,Srinagar
20882,3,2018,3-2018,12 Months,4.71,Shillong
20885,10,2017,10-2017,60 Days,4.71,Chandigarh
20886,5,2018,5-2018,12 Months,4.12,Delhi
20887,10,2018,10-2018,12 Months,1.18,Aurangabad
20888,4,2017,4-2017,24 Months and more,1.18,Bhopal
20889,7,2018,7-2018,6 Month,9.79,Delhi
20890,9,2018,9-2018,30 Days,6.99,Srinagar
20891,1,2017,1-2017,24 Months and more,11.78,Jaipur
20892,9,2017,9-2017,60 Days,12.59,Shillong
20893,6,2018,6-2018,60 Days,16.78,Shillong
20895,2,2017,2-2017,12 Months,4.12,Nagpur
20896,8,2017,8-2017,6 Month,6.48,Srinagar
20897,7,2017,7-2017,24 Months and more,7.07,Chandigarh
20898,11,2017,11-2017,90 Days,1.18,Delhi
20901,8,2017,8-2017,24 Months and more,5.59,Bengaluru
20903,4,2017,4-2017,30 Days,1.18,Bhopal
20904,2,2018,2-2018,90 Days,4.20,Delhi
20905,3,2017,3-2017,24 Months and more,1.40,Srinagar
20906,6,2018,6-2018,12 Months,3.53,Jaipur
20908,11,2018,11-2018,6 Month,5.89,Bhopal
20912,11,2018,11-2018,30 Days,1.18,Chandigarh
20913,7,2018,7-2018,90 Days,2.94,Ranchi
20914,3,2017,3-2017,30 Days,2.94,Bengaluru
20915,2,2017,2-2017,60 Days,0.59,Pune
20916,3,2018,3-2018,30 Days,2.36,Chandigarh
20917,12,2018,12-2018,12 Months,5.89,Nagpur
20919,12,2018,12-2018,60 Days,4.12,Mumbai
20920,12,2017,12-2017,90 Days,1.77,Shillong
20921,3,2018,3-2018,6 Month,0.59,Aurangabad
20922,9,2018,9-2018,90 Days,4.71,Bhopal
20923,3,2017,3-2017,24 Months and more,14.13,Nagpur
20924,12,2018,12-2018,90 Days,3.53,Nasik
20925,8,2018,8-2018,60 Days,3.53,Aurangabad
20926,5,2018,5-2018,12 Months,16.78,Aurangabad
20927,6,2017,6-2017,6 Month,1.40,Srinagar
20928,12,2018,12-2018,30 Days,5.89,Ranchi
20930,6,2017,6-2017,60 Days,12.59,Aurangabad
20931,1,2018,1-2018,12 Months,5.89,Chennai
20935,8,2018,8-2018,30 Days,1.77,Aurangabad
20938,10,2017,10-2017,60 Days,1.18,Chandigarh
20939,12,2018,12-2018,30 Days,5.30,Shillong
20940,10,2017,10-2017,30 Days,15.38,Bengaluru
20942,3,2018,3-2018,6 Month,4.71,Aurangabad
20943,11,2017,11-2017,24 Months and more,4.71,Nagpur
20944,4,2018,4-2018,6 Month,9.79,Aurangabad
20945,11,2018,11-2018,90 Days,6.48,Jaipur
20947,7,2017,7-2017,24 Months and more,7.07,Aurangabad
20949,12,2017,12-2017,12 Months,15.38,Bhopal
20950,4,2017,4-2017,90 Days,15.38,Bengaluru
20951,2,2017,2-2017,60 Days,12.59,Pune
20953,9,2017,9-2017,30 Days,5.30,Delhi
20954,6,2018,6-2018,30 Days,3.53,Chennai
20955,7,2017,7-2017,60 Days,0.59,Srinagar
20959,5,2017,5-2017,6 Month,12.95,Jaipur
20960,9,2017,9-2017,12 Months,0.59,Aurangabad
20961,9,2018,9-2018,60 Days,5.89,Delhi
20964,10,2017,10-2017,6 Month,1.40,Shillong
20965,12,2017,12-2017,24 Months and more,4.12,Jaipur
20966,12,2017,12-2017,60 Days,7.07,Jaipur
20967,9,2018,9-2018,12 Months,5.89,Chennai
20969,12,2018,12-2018,24 Months and more,13.98,Nasik
20970,2,2018,2-2018,6 Month,2.94,Nasik
20975,6,2017,6-2017,30 Days,3.53,Jaipur
20976,4,2017,4-2017,12 Months,9.79,Shillong
20977,3,2017,3-2017,12 Months,5.59,Delhi
20978,2,2018,2-2018,12 Months,15.38,Pune
20980,1,2017,1-2017,12 Months,4.20,Jaipur
20983,6,2018,6-2018,30 Days,4.71,Chandigarh
20984,8,2017,8-2017,90 Days,1.77,Delhi
20985,1,2018,1-2018,30 Days,11.78,Chennai
20986,4,2018,4-2018,30 Days,2.80,Pune
20987,3,2017,3-2017,6 Month,5.30,Nagpur
20988,10,2018,10-2018,60 Days,8.39,Aurangabad
20990,2,2018,2-2018,60 Days,5.89,Shillong
20992,4,2017,4-2017,90 Days,15.38,Mumbai
20994,3,2018,3-2018,90 Days,15.38,Srinagar
20995,3,2018,3-2018,6 Month,3.53,Bhopal
20996,1,2018,1-2018,90 Days,2.94,Nagpur
20999,8,2018,8-2018,90 Days,16.78,Pune
21001,7,2017,7-2017,60 Days,7.07,Chennai
21003,9,2018,9-2018,90 Days,11.19,Chennai
21006,3,2017,3-2017,90 Days,9.42,Gandhinagar
21007,1,2017,1-2017,30 Days,9.79,Mumbai
21008,3,2018,3-2018,12 Months,5.89,Gandhinagar
21009,4,2018,4-2018,90 Days,5.59,Mumbai
21013,3,2018,3-2018,30 Days,2.80,Bengaluru
21014,4,2018,4-2018,12 Months,4.12,Bengaluru
21016,12,2017,12-2017,6 Month,5.89,Delhi
21017,12,2017,12-2017,6 Month,9.42,Shillong
21020,10,2018,10-2018,90 Days,4.71,Mumbai
21021,6,2018,6-2018,12 Months,4.71,Pune
21022,5,2018,5-2018,24 Months and more,15.38,Mumbai
21023,2,2018,2-2018,12 Months,2.94,Bengaluru
21024,12,2018,12-2018,24 Months and more,5.59,Gandhinagar
21025,3,2018,3-2018,30 Days,2.80,Srinagar
21026,6,2017,6-2017,12 Months,3.53,Jaipur
21029,12,2018,12-2018,24 Months and more,7.07,Delhi
21030,5,2017,5-2017,24 Months and more,16.78,Nasik
21031,8,2017,8-2017,24 Months and more,11.19,Delhi
21034,12,2018,12-2018,60 Days,6.99,Delhi
21035,6,2017,6-2017,12 Months,5.89,Bengaluru
21036,7,2017,7-2017,60 Days,4.71,Ranchi
21037,1,2018,1-2018,6 Month,12.59,Shillong
21040,5,2017,5-2017,6 Month,9.79,Shillong
21044,1,2017,1-2017,12 Months,2.94,Bhopal
21045,10,2018,10-2018,60 Days,9.79,Delhi
21048,1,2018,1-2018,24 Months and more,14.13,Bhopal
21049,1,2018,1-2018,90 Days,2.36,Chandigarh
21050,7,2018,7-2018,6 Month,15.38,Ranchi
21051,2,2018,2-2018,60 Days,3.53,Srinagar
21053,4,2017,4-2017,60 Days,15.38,Delhi
21054,5,2018,5-2018,6 Month,1.40,Srinagar
21056,11,2017,11-2017,6 Month,2.94,Chennai
21057,4,2018,4-2018,6 Month,11.19,Srinagar
21058,9,2017,9-2017,6 Month,4.71,Srinagar
21059,11,2018,11-2018,60 Days,11.78,Jaipur
21060,8,2018,8-2018,12 Months,8.39,Srinagar
21061,10,2018,10-2018,60 Days,3.53,Chandigarh
21062,11,2017,11-2017,90 Days,13.98,Shillong
21063,1,2018,1-2018,30 Days,4.12,Aurangabad
21065,11,2017,11-2017,60 Days,1.77,Nagpur
21067,4,2017,4-2017,60 Days,4.20,Ranchi
21068,7,2018,7-2018,90 Days,8.39,Ranchi
21071,6,2018,6-2018,6 Month,2.36,Chandigarh
21072,8,2018,8-2018,12 Months,5.59,Bhopal
21074,5,2018,5-2018,6 Month,15.38,Chennai
21075,4,2017,4-2017,12 Months,2.94,Chandigarh
21076,7,2018,7-2018,12 Months,9.79,Nagpur
21077,5,2017,5-2017,24 Months and more,5.30,Delhi
21079,11,2017,11-2017,12 Months,2.80,Srinagar
21080,10,2017,10-2017,60 Days,11.19,Chennai
21081,6,2017,6-2017,6 Month,2.36,Nasik
21082,6,2018,6-2018,30 Days,11.19,Chandigarh
21084,12,2017,12-2017,24 Months and more,0.59,Delhi
21085,12,2017,12-2017,24 Months and more,1.77,Gandhinagar
21087,10,2017,10-2017,90 Days,5.30,Aurangabad
21088,10,2018,10-2018,90 Days,1.77,Ranchi
21092,5,2018,5-2018,6 Month,1.18,Srinagar
21093,1,2018,1-2018,30 Days,1.77,Aurangabad
21094,11,2018,11-2018,60 Days,4.71,Delhi
21095,11,2017,11-2017,90 Days,4.12,Delhi
21096,7,2018,7-2018,60 Days,5.89,Chennai
21097,8,2018,8-2018,90 Days,9.42,Nagpur
21098,8,2018,8-2018,6 Month,1.18,Bhopal
21099,5,2018,5-2018,24 Months and more,3.53,Chennai
21100,6,2018,6-2018,90 Days,3.53,Mumbai
21101,10,2018,10-2018,24 Months and more,7.07,Gandhinagar
21102,4,2017,4-2017,24 Months and more,1.18,Mumbai
21103,2,2017,2-2017,6 Month,2.80,Delhi
21105,5,2017,5-2017,12 Months,4.71,Ranchi
21106,8,2018,8-2018,60 Days,1.40,Shillong
21107,2,2018,2-2018,12 Months,6.99,Srinagar
21109,12,2018,12-2018,30 Days,4.20,Srinagar
21110,11,2018,11-2018,30 Days,14.13,Aurangabad
21111,7,2017,7-2017,30 Days,5.89,Mumbai
21113,8,2018,8-2018,90 Days,7.07,Shillong
21115,3,2018,3-2018,12 Months,13.98,Gandhinagar
21116,4,2017,4-2017,90 Days,7.07,Chennai
21117,12,2018,12-2018,30 Days,7.07,Gandhinagar
21119,1,2018,1-2018,12 Months,4.71,Jaipur
21120,10,2018,10-2018,30 Days,1.18,Pune
21122,5,2017,5-2017,24 Months and more,0.59,Nasik
21123,11,2018,11-2018,90 Days,16.78,Srinagar
21124,9,2017,9-2017,6 Month,6.48,Pune
21125,7,2017,7-2017,6 Month,9.79,Gandhinagar
21127,11,2017,11-2017,90 Days,5.30,Nagpur
21133,8,2017,8-2017,90 Days,11.78,Jaipur
21134,3,2017,3-2017,24 Months and more,4.20,Bengaluru
21135,10,2018,10-2018,12 Months,5.59,Aurangabad
21137,8,2017,8-2017,60 Days,1.18,Srinagar
21138,7,2018,7-2018,30 Days,0.59,Shillong
21139,6,2017,6-2017,90 Days,1.77,Mumbai
21140,10,2018,10-2018,12 Months,8.39,Srinagar
21143,7,2018,7-2018,12 Months,4.71,Bengaluru
21145,5,2017,5-2017,60 Days,3.53,Bhopal
21147,3,2017,3-2017,12 Months,5.59,Chennai
21148,12,2018,12-2018,30 Days,4.71,Bengaluru
21149,7,2017,7-2017,30 Days,3.53,Mumbai
21150,9,2017,9-2017,30 Days,0.59,Gandhinagar
21152,2,2017,2-2017,6 Month,2.36,Nasik
21154,9,2017,9-2017,12 Months,11.19,Ranchi
21155,2,2018,2-2018,6 Month,11.78,Chandigarh
21157,7,2018,7-2018,24 Months and more,2.36,Aurangabad
21159,5,2017,5-2017,90 Days,0.59,Mumbai
21160,10,2018,10-2018,30 Days,13.98,Gandhinagar
21161,5,2018,5-2018,60 Days,6.99,Mumbai
21162,6,2018,6-2018,24 Months and more,0.59,Delhi
21163,12,2018,12-2018,90 Days,1.77,Chandigarh
21168,12,2017,12-2017,90 Days,2.36,Mumbai
21170,2,2018,2-2018,24 Months and more,14.13,Bengaluru
21173,7,2017,7-2017,12 Months,8.24,Nagpur
21176,1,2018,1-2018,24 Months and more,11.19,Bengaluru
21177,11,2018,11-2018,6 Month,8.24,Pune
21178,1,2018,1-2018,12 Months,5.30,Mumbai
21179,8,2018,8-2018,60 Days,5.89,Nasik
21180,1,2017,1-2017,30 Days,0.59,Mumbai
21181,7,2018,7-2018,6 Month,9.42,Nagpur
21182,9,2017,9-2017,90 Days,13.98,Gandhinagar
21183,7,2018,7-2018,12 Months,16.78,Bengaluru
21184,2,2018,2-2018,90 Days,1.18,Bengaluru
21185,2,2017,2-2017,90 Days,2.36,Bhopal
21186,1,2017,1-2017,60 Days,2.94,Delhi
21187,9,2017,9-2017,60 Days,5.89,Srinagar
21188,8,2017,8-2017,6 Month,1.77,Nagpur
21189,4,2018,4-2018,12 Months,8.24,Bengaluru
21190,11,2017,11-2017,6 Month,2.36,Srinagar
21191,2,2018,2-2018,6 Month,1.40,Chennai
21192,11,2017,11-2017,12 Months,16.78,Ranchi
21193,3,2017,3-2017,30 Days,9.42,Shillong
21195,7,2018,7-2018,90 Days,4.71,Gandhinagar
21196,11,2018,11-2018,30 Days,12.59,Chandigarh
21197,4,2018,4-2018,24 Months and more,6.99,Chandigarh
21199,5,2018,5-2018,90 Days,2.36,Shillong
21200,6,2017,6-2017,90 Days,5.89,Jaipur
21201,12,2017,12-2017,12 Months,8.39,Chennai
21202,6,2018,6-2018,30 Days,15.38,Nasik
21204,8,2017,8-2017,60 Days,9.79,Jaipur
21205,3,2018,3-2018,12 Months,3.53,Nasik
21206,3,2018,3-2018,24 Months and more,0.59,Pune
21207,7,2018,7-2018,12 Months,7.07,Delhi
21208,8,2017,8-2017,12 Months,7.07,Pune
21210,5,2018,5-2018,30 Days,6.48,Nagpur
21212,12,2017,12-2017,24 Months and more,5.30,Aurangabad
21213,6,2018,6-2018,30 Days,2.36,Srinagar
21214,2,2017,2-2017,90 Days,1.77,Bhopal
21215,1,2018,1-2018,6 Month,2.94,Pune
21216,9,2017,9-2017,24 Months and more,5.59,Aurangabad
21218,4,2017,4-2017,30 Days,4.71,Nagpur
21219,5,2018,5-2018,90 Days,5.59,Delhi
21221,11,2018,11-2018,90 Days,6.99,Bhopal
21223,1,2017,1-2017,24 Months and more,4.20,Gandhinagar
21224,11,2017,11-2017,90 Days,4.20,Srinagar
21225,4,2018,4-2018,6 Month,9.42,Bengaluru
21226,2,2017,2-2017,24 Months and more,3.53,Shillong
21227,6,2018,6-2018,90 Days,4.12,Ranchi
21229,3,2017,3-2017,30 Days,1.18,Srinagar
21230,12,2018,12-2018,60 Days,15.38,Chandigarh
21232,8,2017,8-2017,90 Days,2.36,Gandhinagar
21233,1,2018,1-2018,24 Months and more,4.20,Pune
21234,1,2017,1-2017,30 Days,7.07,Srinagar
21235,12,2018,12-2018,90 Days,1.40,Aurangabad
21236,12,2017,12-2017,6 Month,4.71,Nagpur
21237,10,2018,10-2018,12 Months,0.59,Pune
21238,12,2017,12-2017,6 Month,5.89,Gandhinagar
21242,9,2018,9-2018,24 Months and more,8.39,Nasik
21245,9,2018,9-2018,24 Months and more,6.48,Jaipur
21248,1,2017,1-2017,60 Days,1.40,Bhopal
21249,9,2018,9-2018,60 Days,12.59,Bhopal
21250,3,2018,3-2018,90 Days,4.71,Srinagar
21252,8,2017,8-2017,60 Days,5.89,Aurangabad
21254,1,2017,1-2017,12 Months,4.12,Chennai
21255,10,2017,10-2017,30 Days,12.59,Srinagar
21257,8,2017,8-2017,30 Days,16.78,Nagpur
21258,8,2017,8-2017,6 Month,7.07,Nagpur
21261,7,2018,7-2018,12 Months,7.07,Srinagar
21262,8,2018,8-2018,90 Days,0.59,Srinagar
21263,11,2018,11-2018,6 Month,5.59,Chennai
21264,1,2018,1-2018,24 Months and more,13.98,Pune
21265,2,2017,2-2017,24 Months and more,2.80,Chennai
21266,12,2018,12-2018,6 Month,5.89,Shillong
21268,10,2018,10-2018,24 Months and more,1.77,Gandhinagar
21272,8,2017,8-2017,12 Months,5.89,Ranchi
21274,1,2017,1-2017,6 Month,12.95,Nasik
21275,5,2017,5-2017,6 Month,11.19,Srinagar
21276,8,2017,8-2017,6 Month,4.12,Delhi
21278,8,2017,8-2017,6 Month,15.38,Gandhinagar
21279,7,2017,7-2017,30 Days,1.40,Delhi
21280,9,2017,9-2017,30 Days,12.59,Aurangabad
21281,2,2017,2-2017,30 Days,4.20,Nagpur
21283,12,2017,12-2017,6 Month,13.98,Aurangabad
21284,4,2018,4-2018,12 Months,6.48,Nasik
21285,7,2018,7-2018,6 Month,5.89,Bengaluru
21286,8,2018,8-2018,24 Months and more,10.60,Jaipur
21288,1,2018,1-2018,30 Days,4.71,Bhopal
21289,7,2017,7-2017,12 Months,5.30,Nagpur
21292,4,2017,4-2017,30 Days,15.38,Ranchi
21293,4,2017,4-2017,90 Days,2.36,Nasik
21294,6,2017,6-2017,90 Days,2.80,Mumbai
21295,1,2017,1-2017,60 Days,2.36,Ranchi
21296,12,2018,12-2018,60 Days,2.36,Jaipur
21297,1,2018,1-2018,12 Months,3.53,Aurangabad
21298,10,2017,10-2017,30 Days,4.12,Shillong
21299,11,2017,11-2017,24 Months and more,2.80,Srinagar
21300,9,2017,9-2017,30 Days,1.18,Nagpur
21301,5,2017,5-2017,12 Months,3.53,Bhopal
21306,10,2018,10-2018,60 Days,5.30,Srinagar
21307,9,2017,9-2017,6 Month,4.12,Srinagar
21309,6,2018,6-2018,90 Days,6.48,Srinagar
21310,10,2017,10-2017,60 Days,2.80,Chandigarh
21312,1,2017,1-2017,90 Days,15.38,Jaipur
21316,5,2018,5-2018,12 Months,6.99,Pune
21317,9,2017,9-2017,6 Month,2.94,Jaipur
21318,10,2017,10-2017,60 Days,2.36,Pune
21320,9,2017,9-2017,12 Months,1.40,Nagpur
21321,11,2017,11-2017,6 Month,2.94,Mumbai
21324,3,2017,3-2017,6 Month,8.39,Shillong
21325,7,2018,7-2018,6 Month,1.18,Nasik
21327,10,2018,10-2018,24 Months and more,4.12,Bengaluru
21328,3,2018,3-2018,90 Days,5.30,Chandigarh
21329,2,2017,2-2017,90 Days,4.71,Bhopal
21330,1,2018,1-2018,30 Days,9.79,Mumbai
21331,6,2018,6-2018,6 Month,16.78,Srinagar
21332,6,2018,6-2018,12 Months,0.59,Nagpur
21333,5,2017,5-2017,6 Month,1.18,Jaipur
21335,9,2018,9-2018,60 Days,8.39,Chennai
21339,6,2018,6-2018,24 Months and more,2.36,Mumbai
21340,8,2018,8-2018,30 Days,15.38,Bengaluru
21341,4,2018,4-2018,90 Days,11.19,Pune
21342,8,2017,8-2017,12 Months,1.77,Chennai
21343,11,2017,11-2017,90 Days,4.71,Ranchi
21344,2,2018,2-2018,12 Months,11.78,Delhi
21345,11,2018,11-2018,24 Months and more,7.07,Ranchi
21346,6,2018,6-2018,90 Days,5.30,Bhopal
21348,2,2017,2-2017,30 Days,4.20,Aurangabad
21349,11,2018,11-2018,90 Days,1.18,Jaipur
21350,2,2017,2-2017,12 Months,9.79,Nasik
21352,8,2018,8-2018,24 Months and more,5.89,Bhopal
21354,4,2018,4-2018,90 Days,12.59,Bengaluru
21357,3,2017,3-2017,90 Days,3.53,Srinagar
21358,7,2017,7-2017,30 Days,6.99,Pune
21360,8,2017,8-2017,24 Months and more,2.36,Nasik
21361,9,2018,9-2018,12 Months,10.60,Bengaluru
21362,12,2017,12-2017,12 Months,2.80,Chennai
21363,11,2018,11-2018,6 Month,5.89,Bengaluru
21365,8,2018,8-2018,6 Month,5.89,Ranchi
21366,5,2018,5-2018,60 Days,6.48,Nasik
21367,10,2018,10-2018,12 Months,6.99,Aurangabad
21368,1,2018,1-2018,90 Days,4.12,Bhopal
21370,6,2017,6-2017,6 Month,6.48,Nasik
21371,1,2017,1-2017,60 Days,4.71,Shillong
21373,2,2017,2-2017,30 Days,12.59,Gandhinagar
21374,6,2018,6-2018,6 Month,2.94,Srinagar
21377,9,2018,9-2018,12 Months,9.79,Delhi
21378,4,2018,4-2018,30 Days,4.20,Chandigarh
21379,8,2017,8-2017,12 Months,7.07,Nasik
21381,6,2018,6-2018,90 Days,3.53,Ranchi
21382,11,2018,11-2018,30 Days,1.77,Aurangabad
21383,3,2017,3-2017,12 Months,1.77,Delhi
21384,10,2018,10-2018,6 Month,2.36,Chandigarh
21385,6,2018,6-2018,60 Days,4.12,Delhi
21386,10,2018,10-2018,24 Months and more,13.98,Ranchi
21388,1,2018,1-2018,30 Days,6.48,Nasik
21389,5,2018,5-2018,60 Days,2.80,Ranchi
21390,12,2017,12-2017,30 Days,0.59,Nagpur
21391,9,2017,9-2017,6 Month,2.36,Mumbai
21392,4,2017,4-2017,6 Month,16.78,Chandigarh
21393,8,2017,8-2017,30 Days,7.07,Gandhinagar
21395,12,2017,12-2017,24 Months and more,2.36,Bhopal
21397,11,2017,11-2017,90 Days,8.39,Aurangabad
21398,11,2017,11-2017,60 Days,11.78,Srinagar
21399,5,2018,5-2018,6 Month,2.36,Srinagar
21400,2,2018,2-2018,30 Days,0.59,Shillong
21401,7,2017,7-2017,30 Days,1.77,Aurangabad
21403,12,2018,12-2018,30 Days,5.89,Chandigarh
21405,6,2018,6-2018,60 Days,7.07,Chennai
21406,2,2017,2-2017,30 Days,9.79,Pune
21407,3,2018,3-2018,24 Months and more,1.40,Bhopal
21409,1,2017,1-2017,90 Days,0.59,Aurangabad
21410,8,2018,8-2018,90 Days,5.30,Chennai
21411,6,2018,6-2018,24 Months and more,16.78,Ranchi
21412,3,2018,3-2018,60 Days,12.95,Mumbai
21415,11,2017,11-2017,6 Month,1.18,Ranchi
21416,2,2017,2-2017,30 Days,10.60,Jaipur
21417,11,2018,11-2018,30 Days,6.48,Ranchi
21418,1,2017,1-2017,12 Months,0.59,Srinagar
21419,8,2017,8-2017,30 Days,6.48,Aurangabad
21420,11,2017,11-2017,90 Days,2.36,Chandigarh
21422,9,2017,9-2017,12 Months,3.53,Jaipur
21424,7,2018,7-2018,30 Days,9.42,Nagpur
21428,11,2018,11-2018,12 Months,7.07,Bhopal
21431,3,2017,3-2017,24 Months and more,4.71,Mumbai
21432,9,2017,9-2017,12 Months,2.94,Nasik
21433,11,2017,11-2017,60 Days,11.78,Chandigarh
21434,2,2018,2-2018,90 Days,16.78,Bhopal
21436,5,2017,5-2017,6 Month,1.18,Bengaluru
21438,5,2017,5-2017,90 Days,12.59,Bengaluru
21439,6,2017,6-2017,6 Month,13.98,Gandhinagar
21440,10,2017,10-2017,24 Months and more,11.78,Aurangabad
21441,10,2017,10-2017,6 Month,1.77,Srinagar
21443,11,2018,11-2018,60 Days,3.53,Mumbai
21444,6,2017,6-2017,90 Days,0.59,Chennai
21445,10,2017,10-2017,6 Month,1.40,Chandigarh
21446,1,2018,1-2018,60 Days,1.40,Chandigarh
21447,9,2017,9-2017,12 Months,4.71,Delhi
21449,3,2017,3-2017,24 Months and more,8.39,Bengaluru
21450,10,2017,10-2017,90 Days,8.24,Shillong
21451,1,2017,1-2017,24 Months and more,4.12,Chennai
21452,1,2017,1-2017,24 Months and more,1.18,Gandhinagar
21453,10,2018,10-2018,30 Days,4.71,Jaipur
21455,11,2017,11-2017,60 Days,0.59,Nagpur
21456,1,2018,1-2018,90 Days,5.89,Gandhinagar
21457,10,2017,10-2017,90 Days,1.18,Gandhinagar
21459,8,2017,8-2017,12 Months,2.36,Aurangabad
21460,6,2018,6-2018,30 Days,4.12,Chandigarh
21461,12,2017,12-2017,60 Days,2.36,Aurangabad
21462,2,2018,2-2018,90 Days,16.78,Nagpur
21463,4,2017,4-2017,90 Days,6.48,Chandigarh
21464,1,2017,1-2017,90 Days,0.59,Bhopal
21466,11,2018,11-2018,60 Days,12.59,Bengaluru
21468,4,2017,4-2017,30 Days,1.40,Bhopal
21469,1,2017,1-2017,6 Month,6.48,Nasik
21470,4,2017,4-2017,6 Month,8.39,Chennai
21471,5,2018,5-2018,90 Days,8.39,Delhi
21472,6,2018,6-2018,90 Days,4.20,Mumbai
21473,1,2017,1-2017,12 Months,6.48,Ranchi
21475,12,2017,12-2017,90 Days,16.78,Gandhinagar
21476,11,2017,11-2017,6 Month,6.48,Mumbai
21479,10,2018,10-2018,90 Days,5.89,Shillong
21481,7,2018,7-2018,90 Days,3.53,Mumbai
21483,8,2018,8-2018,30 Days,4.71,Chennai
21484,3,2018,3-2018,90 Days,2.36,Jaipur
21485,6,2018,6-2018,30 Days,4.20,Aurangabad
21486,12,2017,12-2017,90 Days,7.07,Aurangabad
21487,4,2017,4-2017,12 Months,9.79,Delhi
21488,6,2017,6-2017,12 Months,5.30,Shillong
21489,6,2018,6-2018,6 Month,1.40,Srinagar
21490,5,2017,5-2017,30 Days,15.38,Ranchi
21491,1,2018,1-2018,60 Days,2.94,Pune
21494,7,2017,7-2017,30 Days,4.12,Chennai
21495,5,2017,5-2017,30 Days,1.18,Chennai
21497,9,2017,9-2017,90 Days,4.71,Aurangabad
21499,9,2017,9-2017,90 Days,4.12,Bhopal
21500,4,2018,4-2018,24 Months and more,6.99,Ranchi
21502,9,2017,9-2017,60 Days,8.24,Jaipur
21503,7,2017,7-2017,90 Days,4.20,Pune
21504,3,2017,3-2017,6 Month,7.07,Pune
21505,7,2018,7-2018,30 Days,7.07,Delhi
21507,4,2017,4-2017,30 Days,1.77,Delhi
21513,3,2018,3-2018,30 Days,6.48,Srinagar
21515,5,2017,5-2017,90 Days,6.48,Aurangabad
21518,10,2018,10-2018,30 Days,0.59,Chandigarh
21519,10,2018,10-2018,24 Months and more,8.39,Chennai
21520,12,2017,12-2017,30 Days,12.59,Jaipur
21521,3,2018,3-2018,6 Month,2.80,Pune
21523,1,2017,1-2017,30 Days,11.19,Srinagar
21524,10,2018,10-2018,60 Days,15.38,Shillong
21525,5,2018,5-2018,30 Days,10.60,Bhopal
21531,3,2018,3-2018,60 Days,7.07,Chennai
21533,3,2018,3-2018,30 Days,4.12,Mumbai
21534,4,2018,4-2018,6 Month,13.98,Jaipur
21537,3,2018,3-2018,90 Days,7.07,Jaipur
21538,3,2017,3-2017,12 Months,5.89,Nagpur
21539,4,2017,4-2017,30 Days,12.95,Ranchi
21544,3,2018,3-2018,6 Month,12.95,Nagpur
21545,4,2018,4-2018,24 Months and more,4.20,Bengaluru
21553,11,2017,11-2017,12 Months,9.42,Bhopal
21555,7,2018,7-2018,90 Days,7.07,Gandhinagar
21557,4,2018,4-2018,60 Days,1.18,Ranchi
21560,10,2017,10-2017,12 Months,16.78,Aurangabad
21563,3,2017,3-2017,30 Days,2.94,Ranchi
21565,9,2017,9-2017,90 Days,8.39,Delhi
21566,2,2018,2-2018,24 Months and more,7.07,Jaipur
21567,12,2018,12-2018,24 Months and more,13.98,Srinagar
21568,8,2018,8-2018,24 Months and more,11.19,Srinagar
21569,1,2017,1-2017,90 Days,4.12,Delhi
21570,1,2018,1-2018,90 Days,4.12,Nagpur
21571,8,2017,8-2017,30 Days,14.13,Chennai
21572,1,2017,1-2017,30 Days,1.18,Delhi
21573,9,2018,9-2018,90 Days,2.36,Chennai
21576,8,2017,8-2017,6 Month,6.48,Chennai
21577,10,2017,10-2017,90 Days,4.12,Nagpur
21578,5,2017,5-2017,24 Months and more,10.60,Gandhinagar
21580,6,2018,6-2018,60 Days,2.94,Bengaluru
21582,2,2018,2-2018,24 Months and more,13.98,Gandhinagar
21583,5,2018,5-2018,6 Month,1.77,Bengaluru
21584,1,2017,1-2017,60 Days,2.36,Chandigarh
21585,12,2017,12-2017,12 Months,4.12,Bhopal
21586,9,2017,9-2017,12 Months,2.80,Nasik
21587,5,2017,5-2017,6 Month,5.89,Aurangabad
21588,6,2017,6-2017,24 Months and more,3.53,Nasik
21589,11,2018,11-2018,60 Days,2.94,Srinagar
21592,12,2018,12-2018,6 Month,15.38,Jaipur
21598,3,2017,3-2017,60 Days,6.99,Srinagar
21601,3,2018,3-2018,24 Months and more,6.48,Delhi
21602,12,2018,12-2018,24 Months and more,5.30,Chennai
21604,12,2017,12-2017,12 Months,2.80,Bengaluru
21607,7,2018,7-2018,6 Month,2.36,Bhopal
21608,12,2017,12-2017,6 Month,4.71,Bhopal
21609,11,2017,11-2017,30 Days,16.78,Nagpur
21610,12,2018,12-2018,90 Days,4.71,Chennai
21611,5,2018,5-2018,60 Days,6.99,Jaipur
21612,12,2018,12-2018,24 Months and more,2.36,Nagpur
21613,5,2018,5-2018,60 Days,3.53,Chandigarh
21614,2,2017,2-2017,60 Days,1.18,Bhopal
21615,11,2018,11-2018,24 Months and more,5.30,Aurangabad
21618,2,2018,2-2018,12 Months,6.48,Nasik
21621,12,2018,12-2018,60 Days,2.36,Nagpur
21622,11,2018,11-2018,24 Months and more,2.80,Aurangabad
21623,5,2018,5-2018,12 Months,3.53,Srinagar
21624,1,2017,1-2017,6 Month,2.36,Nasik
21626,11,2018,11-2018,60 Days,4.12,Gandhinagar
21627,11,2017,11-2017,60 Days,6.99,Nasik
21629,6,2018,6-2018,90 Days,5.89,Bhopal
21630,10,2018,10-2018,90 Days,0.59,Gandhinagar
21631,12,2017,12-2017,24 Months and more,4.71,Ranchi
21634,3,2017,3-2017,6 Month,1.18,Shillong
21635,5,2018,5-2018,60 Days,12.95,Delhi
21636,9,2017,9-2017,90 Days,7.07,Nagpur
21637,6,2018,6-2018,24 Months and more,7.07,Chandigarh
21638,2,2018,2-2018,6 Month,2.94,Bhopal
21639,9,2018,9-2018,12 Months,15.38,Delhi
21641,5,2018,5-2018,60 Days,4.12,Ranchi
21643,11,2017,11-2017,60 Days,3.53,Chennai
21646,9,2018,9-2018,24 Months and more,12.95,Mumbai
21648,10,2017,10-2017,30 Days,4.71,Delhi
21649,3,2017,3-2017,24 Months and more,14.13,Shillong
21651,11,2018,11-2018,6 Month,9.79,Nasik
21652,11,2017,11-2017,60 Days,8.39,Mumbai
21654,2,2018,2-2018,90 Days,15.38,Ranchi
21655,8,2018,8-2018,60 Days,11.19,Nagpur
21656,6,2017,6-2017,24 Months and more,4.71,Pune
21657,7,2018,7-2018,30 Days,5.89,Chennai
21658,10,2018,10-2018,30 Days,4.12,Jaipur
21660,2,2017,2-2017,6 Month,7.07,Chennai
21661,6,2017,6-2017,24 Months and more,4.12,Srinagar
21662,10,2017,10-2017,60 Days,13.98,Srinagar
21663,6,2017,6-2017,30 Days,8.39,Jaipur
21666,6,2018,6-2018,12 Months,10.60,Jaipur
21670,10,2018,10-2018,60 Days,6.99,Pune
21671,3,2017,3-2017,12 Months,4.12,Nagpur
21672,6,2017,6-2017,90 Days,4.12,Bengaluru
21675,11,2018,11-2018,6 Month,5.89,Chennai
21677,2,2017,2-2017,90 Days,7.07,Ranchi
21678,2,2017,2-2017,60 Days,11.19,Gandhinagar
21680,3,2017,3-2017,12 Months,2.94,Delhi
21681,2,2017,2-2017,12 Months,7.07,Jaipur
21682,4,2018,4-2018,90 Days,1.18,Chandigarh
21684,1,2017,1-2017,24 Months and more,7.07,Nasik
21685,7,2017,7-2017,60 Days,11.19,Bengaluru
21686,12,2017,12-2017,6 Month,5.59,Srinagar
21687,11,2017,11-2017,30 Days,6.48,Chandigarh
21688,10,2017,10-2017,12 Months,1.77,Bhopal
21689,1,2017,1-2017,90 Days,6.48,Nagpur
21690,4,2017,4-2017,6 Month,4.20,Delhi
21693,2,2017,2-2017,30 Days,5.89,Aurangabad
21694,12,2018,12-2018,90 Days,1.77,Bhopal
21696,1,2018,1-2018,90 Days,9.42,Gandhinagar
21697,10,2017,10-2017,12 Months,5.59,Jaipur
21698,11,2018,11-2018,12 Months,2.36,Bengaluru
21699,9,2018,9-2018,24 Months and more,6.48,Nasik
21700,2,2018,2-2018,24 Months and more,1.18,Chandigarh
21704,6,2017,6-2017,6 Month,9.79,Chandigarh
21706,8,2018,8-2018,60 Days,4.20,Gandhinagar
21707,4,2017,4-2017,12 Months,15.38,Ranchi
21709,2,2017,2-2017,90 Days,2.36,Bhopal
21712,6,2017,6-2017,12 Months,2.36,Delhi
21713,8,2018,8-2018,60 Days,1.77,Shillong
21715,10,2018,10-2018,6 Month,5.89,Jaipur
21716,7,2017,7-2017,30 Days,1.18,Bengaluru
21718,6,2017,6-2017,60 Days,4.71,Jaipur
21719,6,2018,6-2018,90 Days,1.18,Chennai
21721,12,2018,12-2018,6 Month,2.36,Mumbai
21724,6,2018,6-2018,60 Days,4.71,Bhopal
21725,3,2017,3-2017,30 Days,2.80,Mumbai
21726,5,2018,5-2018,60 Days,12.59,Pune
21727,1,2018,1-2018,60 Days,7.07,Chennai
21728,12,2018,12-2018,12 Months,7.07,Srinagar
21729,6,2017,6-2017,24 Months and more,1.18,Gandhinagar
21731,3,2018,3-2018,6 Month,1.77,Srinagar
21732,12,2017,12-2017,12 Months,1.40,Ranchi
21733,7,2018,7-2018,30 Days,6.48,Gandhinagar
21734,11,2018,11-2018,6 Month,3.53,Aurangabad
21735,2,2017,2-2017,12 Months,4.12,Bengaluru
21736,10,2018,10-2018,60 Days,15.38,Mumbai
21737,1,2018,1-2018,30 Days,14.13,Bhopal
21738,4,2018,4-2018,12 Months,0.59,Chennai
21740,11,2017,11-2017,24 Months and more,1.18,Jaipur
21741,10,2018,10-2018,12 Months,3.53,Mumbai
21742,5,2018,5-2018,30 Days,2.80,Ranchi
21745,4,2018,4-2018,24 Months and more,10.60,Mumbai
21746,11,2017,11-2017,24 Months and more,2.36,Srinagar
21748,5,2017,5-2017,12 Months,6.48,Mumbai
21749,1,2018,1-2018,30 Days,16.78,Bhopal
21750,1,2017,1-2017,6 Month,2.36,Delhi
21751,8,2017,8-2017,30 Days,5.30,Nagpur
21753,9,2018,9-2018,12 Months,16.78,Delhi
21754,1,2018,1-2018,30 Days,4.20,Nasik
21755,4,2018,4-2018,6 Month,1.18,Jaipur
21756,8,2017,8-2017,90 Days,10.60,Shillong
21759,10,2018,10-2018,24 Months and more,6.99,Ranchi
21760,5,2017,5-2017,30 Days,14.13,Nasik
21761,7,2017,7-2017,60 Days,1.77,Gandhinagar
21763,11,2017,11-2017,90 Days,13.98,Chandigarh
21764,8,2017,8-2017,12 Months,5.59,Bengaluru
21766,9,2018,9-2018,90 Days,5.89,Jaipur
21767,6,2018,6-2018,60 Days,6.99,Pune
21768,2,2018,2-2018,24 Months and more,5.30,Ranchi
21769,3,2017,3-2017,30 Days,5.30,Ranchi
21770,6,2017,6-2017,12 Months,4.71,Jaipur
21771,5,2017,5-2017,24 Months and more,13.98,Srinagar
21774,4,2018,4-2018,6 Month,2.94,Gandhinagar
21775,1,2018,1-2018,90 Days,4.20,Srinagar
21777,4,2018,4-2018,30 Days,4.12,Chandigarh
21778,11,2017,11-2017,24 Months and more,1.40,Bengaluru
21779,4,2017,4-2017,6 Month,4.12,Gandhinagar
21780,10,2018,10-2018,24 Months and more,15.38,Jaipur
21781,6,2017,6-2017,24 Months and more,5.30,Bengaluru
21782,11,2017,11-2017,30 Days,11.19,Jaipur
21784,6,2017,6-2017,24 Months and more,4.20,Bengaluru
21785,5,2018,5-2018,6 Month,4.20,Ranchi
21786,9,2017,9-2017,12 Months,6.99,Chandigarh
21787,6,2017,6-2017,30 Days,4.12,Aurangabad
21789,1,2018,1-2018,60 Days,5.30,Bhopal
21791,11,2018,11-2018,6 Month,9.42,Nagpur
21793,11,2017,11-2017,24 Months and more,9.42,Shillong
21794,6,2017,6-2017,30 Days,10.60,Srinagar
21796,4,2018,4-2018,12 Months,5.89,Chandigarh
21799,1,2018,1-2018,12 Months,3.53,Bhopal
21800,10,2017,10-2017,24 Months and more,9.79,Ranchi
21801,1,2017,1-2017,90 Days,4.12,Jaipur
21802,12,2018,12-2018,90 Days,1.77,Nagpur
21803,1,2018,1-2018,60 Days,0.59,Aurangabad
21804,12,2017,12-2017,30 Days,1.18,Mumbai
21805,3,2018,3-2018,24 Months and more,2.94,Aurangabad
21806,12,2018,12-2018,90 Days,14.13,Mumbai
21807,12,2018,12-2018,24 Months and more,5.89,Srinagar
21808,10,2017,10-2017,6 Month,5.89,Aurangabad
21809,9,2017,9-2017,30 Days,6.99,Chandigarh
21810,4,2018,4-2018,6 Month,1.18,Mumbai
21812,10,2017,10-2017,60 Days,1.77,Nasik
21817,8,2018,8-2018,30 Days,7.07,Bengaluru
21819,3,2017,3-2017,24 Months and more,1.77,Gandhinagar
21820,11,2018,11-2018,6 Month,2.80,Delhi
21821,9,2018,9-2018,60 Days,12.59,Nagpur
21823,2,2018,2-2018,12 Months,4.71,Pune
21824,2,2018,2-2018,90 Days,13.98,Pune
21828,9,2018,9-2018,6 Month,8.39,Shillong
21829,4,2017,4-2017,90 Days,2.36,Pune
21830,11,2017,11-2017,30 Days,6.99,Mumbai
21831,2,2017,2-2017,6 Month,1.18,Pune
21832,3,2018,3-2018,30 Days,9.79,Gandhinagar
21833,5,2018,5-2018,24 Months and more,1.77,Nasik
21834,4,2017,4-2017,12 Months,3.53,Chandigarh
21835,4,2018,4-2018,90 Days,7.07,Gandhinagar
21836,5,2017,5-2017,60 Days,3.53,Srinagar
21837,6,2017,6-2017,12 Months,4.20,Jaipur
21838,8,2018,8-2018,30 Days,1.77,Chennai
21840,10,2017,10-2017,60 Days,1.18,Srinagar
21841,12,2017,12-2017,12 Months,4.71,Bengaluru
21842,11,2018,11-2018,60 Days,7.07,Chandigarh
21844,6,2017,6-2017,30 Days,5.30,Bengaluru
21845,6,2017,6-2017,60 Days,4.71,Jaipur
21846,10,2017,10-2017,12 Months,4.71,Chennai
21847,12,2017,12-2017,6 Month,4.71,Mumbai
21848,9,2017,9-2017,12 Months,12.95,Bhopal
21850,6,2017,6-2017,12 Months,6.99,Gandhinagar
21851,9,2017,9-2017,90 Days,3.53,Ranchi
21852,1,2018,1-2018,12 Months,10.60,Srinagar
21855,12,2017,12-2017,6 Month,5.89,Srinagar
21856,5,2018,5-2018,6 Month,12.95,Nagpur
21859,11,2018,11-2018,90 Days,1.18,Pune
21860,4,2017,4-2017,90 Days,5.59,Nagpur
21863,3,2017,3-2017,24 Months and more,5.59,Gandhinagar
21865,2,2017,2-2017,30 Days,1.40,Aurangabad
21866,8,2018,8-2018,90 Days,4.71,Mumbai
21869,7,2018,7-2018,12 Months,2.36,Mumbai
21870,12,2018,12-2018,60 Days,4.12,Mumbai
21871,4,2018,4-2018,6 Month,4.71,Chandigarh
21872,6,2018,6-2018,12 Months,1.18,Chennai
21873,12,2018,12-2018,12 Months,2.94,Srinagar
21874,5,2017,5-2017,12 Months,7.07,Srinagar
21875,3,2017,3-2017,12 Months,0.59,Chandigarh
21876,2,2017,2-2017,90 Days,11.19,Nasik
21880,5,2017,5-2017,90 Days,10.60,Gandhinagar
21881,11,2017,11-2017,24 Months and more,3.53,Shillong
21883,10,2018,10-2018,90 Days,4.12,Mumbai
21884,2,2017,2-2017,60 Days,10.60,Bhopal
21886,2,2018,2-2018,90 Days,7.07,Ranchi
21887,10,2018,10-2018,24 Months and more,2.80,Shillong
21889,9,2017,9-2017,12 Months,9.79,Bhopal
21890,2,2018,2-2018,90 Days,9.42,Jaipur
21891,3,2017,3-2017,90 Days,10.60,Pune
21893,8,2018,8-2018,30 Days,5.89,Aurangabad
21895,10,2018,10-2018,24 Months and more,1.77,Chennai
21898,7,2017,7-2017,24 Months and more,4.12,Mumbai
21899,2,2018,2-2018,60 Days,7.07,Shillong
21900,9,2018,9-2018,6 Month,1.77,Bengaluru
21901,9,2018,9-2018,30 Days,15.38,Gandhinagar
21903,8,2017,8-2017,12 Months,12.95,Shillong
21905,2,2018,2-2018,30 Days,1.18,Chandigarh
21906,8,2017,8-2017,30 Days,2.36,Shillong
21908,8,2018,8-2018,12 Months,11.19,Chandigarh
21909,1,2018,1-2018,24 Months and more,1.77,Shillong
21910,5,2018,5-2018,12 Months,14.13,Shillong
21913,10,2018,10-2018,60 Days,12.95,Bhopal
21916,8,2018,8-2018,90 Days,4.12,Ranchi
21918,10,2017,10-2017,30 Days,4.71,Delhi
21920,2,2017,2-2017,90 Days,1.18,Bhopal
21921,9,2017,9-2017,90 Days,9.79,Chennai
21922,1,2018,1-2018,90 Days,2.36,Nasik
21923,12,2017,12-2017,60 Days,6.99,Aurangabad
21924,6,2018,6-2018,30 Days,13.98,Mumbai
21925,7,2017,7-2017,30 Days,11.19,Pune
21927,2,2017,2-2017,24 Months and more,0.59,Delhi
21928,11,2017,11-2017,60 Days,11.78,Bengaluru
21930,8,2017,8-2017,6 Month,4.20,Ranchi
21932,11,2017,11-2017,6 Month,6.99,Nagpur
21934,6,2017,6-2017,60 Days,16.78,Gandhinagar
21935,11,2018,11-2018,90 Days,4.71,Bengaluru
21937,3,2018,3-2018,12 Months,4.20,Jaipur
21938,6,2018,6-2018,24 Months and more,5.89,Chandigarh
21939,9,2017,9-2017,24 Months and more,5.89,Srinagar
21940,2,2017,2-2017,12 Months,8.39,Nagpur
21941,6,2017,6-2017,6 Month,4.71,Chandigarh
21942,2,2018,2-2018,90 Days,0.59,Gandhinagar
21943,9,2017,9-2017,6 Month,6.48,Bhopal
21944,4,2017,4-2017,6 Month,5.89,Mumbai
21945,7,2018,7-2018,6 Month,8.24,Nasik
21946,2,2018,2-2018,24 Months and more,2.80,Srinagar
21947,6,2018,6-2018,12 Months,7.07,Srinagar
21948,1,2017,1-2017,60 Days,1.18,Aurangabad
21949,2,2018,2-2018,60 Days,4.71,Nasik
21950,11,2018,11-2018,6 Month,12.59,Delhi
21951,2,2017,2-2017,30 Days,0.59,Gandhinagar
21952,6,2018,6-2018,24 Months and more,5.30,Chennai
21954,5,2018,5-2018,90 Days,1.40,Bengaluru
21955,3,2018,3-2018,30 Days,1.40,Chennai
21956,5,2018,5-2018,90 Days,0.59,Aurangabad
21958,2,2018,2-2018,12 Months,6.99,Bhopal
21959,8,2017,8-2017,90 Days,1.77,Jaipur
21960,8,2017,8-2017,90 Days,8.24,Bhopal
21965,10,2018,10-2018,90 Days,14.13,Shillong
21966,5,2018,5-2018,6 Month,12.59,Nasik
21967,2,2018,2-2018,12 Months,4.12,Delhi
21968,8,2018,8-2018,90 Days,12.59,Chandigarh
21969,5,2018,5-2018,6 Month,7.07,Mumbai
21970,3,2018,3-2018,12 Months,15.38,Srinagar
21971,12,2018,12-2018,24 Months and more,7.07,Gandhinagar
21972,8,2018,8-2018,12 Months,4.71,Chandigarh
21974,1,2017,1-2017,24 Months and more,11.78,Gandhinagar
21978,9,2018,9-2018,12 Months,16.78,Shillong
21979,2,2018,2-2018,12 Months,2.94,Bengaluru
21980,11,2017,11-2017,90 Days,1.18,Gandhinagar
21982,5,2018,5-2018,30 Days,1.18,Chennai
21983,8,2017,8-2017,30 Days,6.99,Delhi
21984,9,2018,9-2018,12 Months,4.12,Chandigarh
21985,9,2018,9-2018,90 Days,11.19,Ranchi
21986,2,2018,2-2018,60 Days,15.38,Pune
21987,10,2018,10-2018,12 Months,5.89,Bengaluru
21988,5,2017,5-2017,60 Days,6.48,Bhopal
21990,2,2018,2-2018,90 Days,5.59,Srinagar
21991,1,2017,1-2017,90 Days,9.42,Delhi
21993,5,2017,5-2017,24 Months and more,0.59,Chennai
21995,11,2017,11-2017,6 Month,7.07,Chandigarh
21996,10,2017,10-2017,60 Days,0.59,Chennai
21997,3,2018,3-2018,24 Months and more,9.79,Bengaluru
22000,8,2017,8-2017,12 Months,7.07,Chandigarh
22001,12,2017,12-2017,24 Months and more,1.40,Bhopal
22002,10,2017,10-2017,24 Months and more,2.36,Gandhinagar
22003,7,2017,7-2017,30 Days,9.79,Srinagar
22004,9,2018,9-2018,30 Days,5.89,Mumbai
22006,7,2017,7-2017,30 Days,6.48,Chennai
22007,8,2017,8-2017,30 Days,6.99,Ranchi
22008,12,2017,12-2017,12 Months,14.13,Srinagar
22011,4,2018,4-2018,12 Months,1.18,Jaipur
22013,12,2017,12-2017,60 Days,5.30,Bhopal
22014,7,2018,7-2018,24 Months and more,16.78,Srinagar
22015,3,2018,3-2018,6 Month,1.18,Bhopal
22016,4,2017,4-2017,24 Months and more,15.38,Mumbai
22017,3,2018,3-2018,12 Months,12.59,Shillong
22018,3,2017,3-2017,90 Days,5.59,Mumbai
22020,5,2018,5-2018,30 Days,2.80,Chennai
22021,10,2018,10-2018,24 Months and more,5.59,Chandigarh
22022,9,2017,9-2017,6 Month,8.39,Srinagar
22023,9,2018,9-2018,90 Days,12.59,Chandigarh
22025,7,2017,7-2017,90 Days,5.89,Chandigarh
22029,4,2017,4-2017,6 Month,3.53,Mumbai
22033,1,2018,1-2018,90 Days,7.07,Chandigarh
22035,10,2018,10-2018,24 Months and more,3.53,Mumbai
22037,7,2017,7-2017,30 Days,4.71,Nasik
22038,6,2017,6-2017,12 Months,6.48,Bhopal
22039,9,2018,9-2018,24 Months and more,3.53,Nagpur
22040,8,2018,8-2018,60 Days,6.48,Aurangabad
22041,1,2017,1-2017,6 Month,1.77,Chennai
22042,3,2017,3-2017,90 Days,0.59,Ranchi
22043,4,2018,4-2018,6 Month,5.30,Srinagar
22044,5,2018,5-2018,90 Days,2.94,Chennai
22045,1,2017,1-2017,30 Days,9.42,Shillong
22046,2,2017,2-2017,24 Months and more,3.53,Nasik
22047,12,2017,12-2017,12 Months,2.94,Bengaluru
22050,10,2018,10-2018,90 Days,6.48,Bhopal
22052,1,2018,1-2018,60 Days,4.20,Chandigarh
22055,7,2018,7-2018,24 Months and more,1.40,Srinagar
22056,2,2018,2-2018,30 Days,4.20,Chandigarh
22057,10,2018,10-2018,6 Month,11.19,Delhi
22058,5,2017,5-2017,6 Month,2.94,Jaipur
22060,7,2017,7-2017,30 Days,1.40,Chennai
22061,3,2017,3-2017,60 Days,1.18,Ranchi
22062,12,2017,12-2017,12 Months,13.98,Jaipur
22063,4,2017,4-2017,60 Days,1.40,Pune
22066,7,2018,7-2018,12 Months,16.78,Nasik
22067,5,2017,5-2017,6 Month,7.07,Ranchi
22068,6,2018,6-2018,6 Month,9.79,Aurangabad
22069,1,2018,1-2018,90 Days,8.39,Nagpur
22070,10,2018,10-2018,90 Days,15.38,Chandigarh
22071,11,2018,11-2018,6 Month,8.39,Srinagar
22072,5,2018,5-2018,6 Month,2.80,Ranchi
22073,3,2018,3-2018,90 Days,7.07,Chandigarh
22078,3,2018,3-2018,12 Months,0.59,Pune
22080,12,2017,12-2017,6 Month,5.89,Bhopal
22081,7,2017,7-2017,12 Months,9.79,Jaipur
22083,1,2018,1-2018,60 Days,2.36,Jaipur
22084,4,2018,4-2018,12 Months,9.79,Pune
22086,7,2018,7-2018,30 Days,15.38,Aurangabad
22090,1,2017,1-2017,60 Days,5.59,Ranchi
22091,3,2017,3-2017,30 Days,1.77,Chandigarh
22092,8,2018,8-2018,90 Days,4.71,Delhi
22093,3,2017,3-2017,30 Days,12.59,Jaipur
22094,10,2017,10-2017,90 Days,7.07,Ranchi
22095,5,2017,5-2017,24 Months and more,5.89,Shillong
22097,12,2017,12-2017,90 Days,2.94,Chennai
22098,8,2017,8-2017,90 Days,3.53,Nasik
22099,5,2017,5-2017,60 Days,1.40,Bengaluru
22101,1,2017,1-2017,12 Months,5.30,Aurangabad
22103,12,2018,12-2018,12 Months,14.13,Chennai
22106,7,2017,7-2017,24 Months and more,5.59,Bengaluru
22107,1,2018,1-2018,6 Month,3.53,Srinagar
22108,4,2017,4-2017,30 Days,4.71,Chandigarh
22109,1,2018,1-2018,60 Days,1.40,Bengaluru
22111,9,2017,9-2017,30 Days,7.07,Shillong
22112,10,2017,10-2017,90 Days,7.07,Aurangabad
22115,6,2018,6-2018,6 Month,12.59,Aurangabad
22116,10,2018,10-2018,30 Days,1.18,Mumbai
22117,4,2017,4-2017,60 Days,3.53,Bengaluru
22118,6,2018,6-2018,60 Days,5.59,Ranchi
22119,9,2018,9-2018,30 Days,8.39,Bhopal
22121,8,2017,8-2017,6 Month,3.53,Pune
22122,1,2018,1-2018,90 Days,8.39,Bengaluru
22123,7,2017,7-2017,30 Days,13.98,Aurangabad
22124,4,2017,4-2017,30 Days,5.89,Shillong
22126,11,2018,11-2018,6 Month,5.30,Srinagar
22127,4,2017,4-2017,30 Days,0.59,Nasik
22128,3,2018,3-2018,6 Month,1.18,Gandhinagar
22129,9,2018,9-2018,90 Days,1.18,Bhopal
22131,11,2018,11-2018,24 Months and more,6.48,Ranchi
22132,2,2017,2-2017,6 Month,8.39,Srinagar
22134,2,2017,2-2017,90 Days,2.80,Mumbai
22135,11,2017,11-2017,30 Days,1.18,Nagpur
22136,9,2018,9-2018,30 Days,6.48,Nasik
22138,11,2017,11-2017,90 Days,5.89,Delhi
22140,6,2017,6-2017,24 Months and more,12.59,Pune
22142,12,2018,12-2018,6 Month,3.53,Bhopal
22143,12,2017,12-2017,24 Months and more,1.18,Pune
22144,9,2018,9-2018,30 Days,7.07,Delhi
22145,9,2018,9-2018,90 Days,5.89,Shillong
22146,11,2018,11-2018,24 Months and more,0.59,Bengaluru
22147,2,2018,2-2018,90 Days,1.77,Srinagar
22148,6,2018,6-2018,90 Days,3.53,Jaipur
22149,1,2017,1-2017,12 Months,6.99,Mumbai
22151,1,2018,1-2018,60 Days,4.71,Mumbai
22152,3,2018,3-2018,6 Month,2.36,Gandhinagar
22153,12,2018,12-2018,90 Days,16.78,Bengaluru
22154,9,2018,9-2018,6 Month,6.99,Mumbai
22155,1,2017,1-2017,6 Month,6.48,Jaipur
22156,11,2018,11-2018,12 Months,3.53,Pune
22157,9,2017,9-2017,90 Days,7.07,Bhopal
22158,7,2017,7-2017,6 Month,4.71,Nagpur
22159,1,2018,1-2018,24 Months and more,11.19,Chandigarh
22160,2,2017,2-2017,30 Days,4.71,Nasik
22161,6,2017,6-2017,30 Days,3.53,Jaipur
22162,3,2017,3-2017,30 Days,4.71,Shillong
22163,5,2018,5-2018,12 Months,15.38,Chennai
22164,8,2018,8-2018,90 Days,1.77,Nagpur
22165,4,2018,4-2018,30 Days,7.07,Mumbai
22166,3,2017,3-2017,12 Months,2.36,Nasik
22167,4,2018,4-2018,6 Month,2.36,Delhi
22169,11,2018,11-2018,30 Days,0.59,Chennai
22176,5,2018,5-2018,30 Days,2.36,Chandigarh
22177,4,2017,4-2017,12 Months,0.59,Bhopal
22178,1,2017,1-2017,30 Days,5.89,Gandhinagar
22179,5,2017,5-2017,90 Days,5.30,Bengaluru
22180,12,2018,12-2018,12 Months,7.07,Mumbai
22181,9,2017,9-2017,24 Months and more,0.59,Gandhinagar
22183,12,2017,12-2017,6 Month,15.38,Mumbai
22184,1,2017,1-2017,12 Months,12.59,Srinagar
22186,10,2017,10-2017,12 Months,4.12,Shillong
22187,4,2017,4-2017,30 Days,4.20,Bengaluru
22188,12,2018,12-2018,30 Days,16.78,Pune
22189,1,2017,1-2017,24 Months and more,3.53,Nasik
22190,7,2017,7-2017,6 Month,5.59,Delhi
22191,12,2018,12-2018,12 Months,2.36,Gandhinagar
22195,1,2018,1-2018,24 Months and more,5.89,Nasik
22196,12,2018,12-2018,24 Months and more,4.71,Mumbai
22197,11,2017,11-2017,24 Months and more,7.07,Gandhinagar
22198,4,2017,4-2017,6 Month,5.59,Pune
22199,2,2018,2-2018,60 Days,9.42,Pune
22202,8,2018,8-2018,24 Months and more,5.30,Nasik
22203,4,2017,4-2017,24 Months and more,9.42,Nasik
22204,3,2018,3-2018,90 Days,8.24,Delhi
22205,6,2017,6-2017,90 Days,8.39,Ranchi
22207,10,2017,10-2017,12 Months,3.53,Srinagar
22208,4,2017,4-2017,60 Days,4.71,Bhopal
22209,3,2018,3-2018,90 Days,1.77,Srinagar
22210,4,2018,4-2018,6 Month,5.89,Bengaluru
22212,6,2018,6-2018,90 Days,2.94,Jaipur
22213,11,2017,11-2017,6 Month,1.40,Ranchi
22215,9,2017,9-2017,24 Months and more,5.89,Nasik
22216,2,2017,2-2017,30 Days,12.95,Delhi
22217,3,2018,3-2018,60 Days,5.30,Jaipur
22218,4,2017,4-2017,24 Months and more,11.19,Srinagar
22221,11,2017,11-2017,12 Months,11.19,Pune
22222,6,2017,6-2017,30 Days,6.48,Jaipur
22223,11,2017,11-2017,24 Months and more,2.80,Ranchi
22224,3,2018,3-2018,6 Month,2.36,Nagpur
22226,4,2017,4-2017,90 Days,6.99,Jaipur
22227,2,2017,2-2017,30 Days,7.07,Chandigarh
22228,2,2018,2-2018,60 Days,1.77,Bhopal
22229,1,2018,1-2018,90 Days,13.98,Mumbai
22230,12,2018,12-2018,60 Days,7.07,Bengaluru
22232,4,2017,4-2017,6 Month,12.59,Pune
22235,1,2018,1-2018,90 Days,4.71,Bengaluru
22236,4,2018,4-2018,30 Days,5.30,Bhopal
22237,8,2017,8-2017,90 Days,2.80,Delhi
22238,12,2017,12-2017,6 Month,13.98,Mumbai
22240,6,2018,6-2018,60 Days,5.89,Bhopal
22241,5,2018,5-2018,60 Days,6.99,Delhi
22242,12,2017,12-2017,30 Days,7.07,Jaipur
22244,10,2018,10-2018,12 Months,5.89,Chennai
22245,10,2018,10-2018,60 Days,11.19,Bhopal
22246,8,2018,8-2018,6 Month,6.99,Aurangabad
22252,4,2017,4-2017,60 Days,4.71,Shillong
22253,10,2018,10-2018,12 Months,5.30,Srinagar
22256,5,2017,5-2017,30 Days,1.77,Gandhinagar
22261,1,2018,1-2018,60 Days,4.71,Jaipur
22262,4,2017,4-2017,6 Month,0.59,Gandhinagar
22263,5,2018,5-2018,60 Days,11.78,Bhopal
22264,6,2017,6-2017,60 Days,14.13,Chennai
22266,3,2017,3-2017,24 Months and more,4.12,Chennai
22267,4,2017,4-2017,12 Months,1.40,Srinagar
22270,7,2018,7-2018,12 Months,8.24,Srinagar
22271,10,2018,10-2018,60 Days,3.53,Gandhinagar
22272,10,2017,10-2017,24 Months and more,2.94,Jaipur
22273,4,2018,4-2018,24 Months and more,4.12,Gandhinagar
22274,4,2018,4-2018,90 Days,12.95,Aurangabad
22276,6,2018,6-2018,6 Month,2.36,Mumbai
22279,1,2018,1-2018,60 Days,4.20,Nasik
22281,6,2017,6-2017,90 Days,5.89,Mumbai
22283,8,2017,8-2017,60 Days,2.80,Ranchi
22287,2,2017,2-2017,12 Months,5.89,Mumbai
22288,9,2018,9-2018,24 Months and more,5.30,Jaipur
22289,12,2018,12-2018,6 Month,13.98,Pune
22290,12,2018,12-2018,6 Month,12.59,Chennai
22291,9,2018,9-2018,30 Days,4.20,Ranchi
22293,9,2018,9-2018,90 Days,7.07,Bengaluru
22294,3,2018,3-2018,6 Month,11.78,Pune
22295,10,2017,10-2017,90 Days,0.59,Gandhinagar
22297,4,2018,4-2018,24 Months and more,12.59,Pune
22298,6,2018,6-2018,24 Months and more,2.94,Chennai
22299,8,2018,8-2018,90 Days,4.71,Chennai
22300,2,2018,2-2018,6 Month,5.89,Pune
22302,2,2017,2-2017,24 Months and more,1.18,Gandhinagar
22303,10,2017,10-2017,6 Month,2.94,Srinagar
22305,3,2017,3-2017,60 Days,2.80,Chandigarh
22306,8,2018,8-2018,90 Days,1.40,Mumbai
22307,11,2018,11-2018,60 Days,12.95,Pune
22308,10,2017,10-2017,24 Months and more,16.78,Ranchi
22309,12,2017,12-2017,12 Months,12.59,Bhopal
22310,2,2018,2-2018,60 Days,12.95,Shillong
22311,4,2017,4-2017,24 Months and more,1.18,Bengaluru
22312,11,2018,11-2018,90 Days,2.80,Chandigarh
22314,2,2017,2-2017,60 Days,4.12,Chennai
22317,9,2017,9-2017,24 Months and more,2.36,Nagpur
22318,8,2018,8-2018,90 Days,9.42,Chennai
22320,3,2017,3-2017,30 Days,16.78,Delhi
22321,8,2018,8-2018,6 Month,2.80,Bhopal
22322,7,2018,7-2018,90 Days,0.59,Chennai
22324,6,2017,6-2017,60 Days,6.48,Chennai
22325,6,2018,6-2018,6 Month,3.53,Mumbai
22326,4,2018,4-2018,24 Months and more,4.20,Shillong
22327,2,2018,2-2018,6 Month,5.30,Gandhinagar
22331,4,2018,4-2018,60 Days,0.59,Bhopal
22332,12,2018,12-2018,24 Months and more,1.18,Nagpur
22333,9,2017,9-2017,30 Days,5.89,Mumbai
22334,7,2018,7-2018,30 Days,2.36,Delhi
22335,10,2018,10-2018,6 Month,14.13,Delhi
22338,3,2017,3-2017,90 Days,4.71,Bengaluru
22339,11,2018,11-2018,24 Months and more,6.48,Srinagar
22340,4,2018,4-2018,90 Days,4.12,Bengaluru
22341,6,2017,6-2017,90 Days,5.30,Mumbai
22343,10,2017,10-2017,24 Months and more,6.48,Delhi
22344,1,2018,1-2018,30 Days,13.98,Shillong
22347,6,2017,6-2017,30 Days,11.19,Mumbai
22349,2,2018,2-2018,24 Months and more,1.18,Chandigarh
22350,4,2017,4-2017,12 Months,1.40,Aurangabad
22351,6,2017,6-2017,60 Days,2.36,Gandhinagar
22352,5,2017,5-2017,60 Days,3.53,Chandigarh
22353,3,2017,3-2017,90 Days,9.42,Nasik
22354,6,2018,6-2018,6 Month,12.95,Chennai
22356,2,2018,2-2018,60 Days,1.77,Gandhinagar
22357,3,2018,3-2018,12 Months,1.77,Delhi
22358,2,2018,2-2018,12 Months,5.59,Chennai
22359,2,2017,2-2017,12 Months,7.07,Jaipur
22360,7,2017,7-2017,90 Days,6.48,Nagpur
22361,2,2017,2-2017,30 Days,9.42,Delhi
22362,8,2018,8-2018,6 Month,6.48,Nasik
22363,9,2018,9-2018,6 Month,2.36,Shillong
22371,12,2018,12-2018,12 Months,2.36,Jaipur
22373,7,2017,7-2017,24 Months and more,6.99,Srinagar
22374,8,2017,8-2017,6 Month,1.40,Bhopal
22375,7,2018,7-2018,60 Days,4.71,Ranchi
22376,6,2018,6-2018,60 Days,16.78,Bhopal
22378,1,2017,1-2017,24 Months and more,6.48,Chandigarh
22379,6,2018,6-2018,24 Months and more,7.07,Pune
22380,4,2018,4-2018,12 Months,5.30,Chandigarh
22381,1,2018,1-2018,90 Days,4.12,Bhopal
22383,11,2017,11-2017,24 Months and more,12.59,Bengaluru
22384,3,2018,3-2018,24 Months and more,1.77,Bhopal
22385,11,2017,11-2017,60 Days,6.48,Nasik
22387,2,2017,2-2017,30 Days,1.77,Jaipur
22388,6,2017,6-2017,12 Months,0.59,Gandhinagar
22389,2,2017,2-2017,12 Months,3.53,Delhi
22391,9,2017,9-2017,30 Days,1.77,Nagpur
22392,8,2018,8-2018,24 Months and more,2.36,Jaipur
22393,10,2017,10-2017,6 Month,7.07,Bengaluru
22396,9,2017,9-2017,6 Month,5.59,Jaipur
22397,4,2017,4-2017,6 Month,0.59,Nagpur
22398,8,2018,8-2018,6 Month,6.48,Ranchi
22400,3,2017,3-2017,24 Months and more,7.07,Aurangabad
22401,8,2017,8-2017,24 Months and more,8.39,Pune
22402,3,2018,3-2018,30 Days,1.18,Aurangabad
22403,9,2017,9-2017,6 Month,5.30,Chennai
22404,6,2017,6-2017,30 Days,4.20,Delhi
22405,11,2018,11-2018,30 Days,5.89,Chennai
22406,3,2017,3-2017,30 Days,12.95,Nasik
22410,10,2017,10-2017,12 Months,12.95,Mumbai
22411,2,2017,2-2017,12 Months,0.59,Nagpur
22412,2,2017,2-2017,60 Days,2.80,Gandhinagar
22413,1,2017,1-2017,90 Days,0.59,Delhi
22414,3,2017,3-2017,30 Days,4.71,Aurangabad
22415,9,2017,9-2017,12 Months,2.36,Mumbai
22418,2,2018,2-2018,24 Months and more,8.39,Pune
22421,9,2018,9-2018,24 Months and more,4.71,Delhi
22422,12,2018,12-2018,90 Days,5.30,Ranchi
22423,9,2017,9-2017,24 Months and more,4.20,Bhopal
22429,8,2017,8-2017,90 Days,5.89,Nasik
22430,6,2017,6-2017,24 Months and more,5.30,Chennai
22431,2,2018,2-2018,24 Months and more,1.77,Bhopal
22432,8,2017,8-2017,24 Months and more,7.07,Mumbai
22435,1,2017,1-2017,12 Months,9.79,Gandhinagar
22436,3,2017,3-2017,12 Months,16.78,Nagpur
22437,12,2018,12-2018,6 Month,14.13,Delhi
22438,9,2018,9-2018,60 Days,6.48,Mumbai
22439,6,2018,6-2018,24 Months and more,5.30,Ranchi
22440,2,2018,2-2018,30 Days,11.19,Bengaluru
22441,3,2017,3-2017,24 Months and more,4.12,Nasik
22442,2,2017,2-2017,6 Month,3.53,Gandhinagar
22443,10,2017,10-2017,60 Days,1.18,Chennai
22444,1,2018,1-2018,90 Days,4.20,Aurangabad
22445,9,2017,9-2017,30 Days,5.30,Nasik
22446,2,2017,2-2017,24 Months and more,16.78,Aurangabad
22447,3,2017,3-2017,30 Days,5.89,Chandigarh
22448,6,2018,6-2018,6 Month,12.59,Mumbai
22450,9,2018,9-2018,6 Month,13.98,Pune
22451,7,2017,7-2017,30 Days,1.77,Chennai
22452,6,2018,6-2018,24 Months and more,5.89,Nasik
22453,7,2018,7-2018,90 Days,2.80,Srinagar
22454,3,2018,3-2018,6 Month,7.07,Gandhinagar
22456,12,2018,12-2018,90 Days,4.12,Bhopal
22457,5,2018,5-2018,30 Days,4.71,Bengaluru
22458,5,2017,5-2017,24 Months and more,7.07,Chandigarh
22462,2,2018,2-2018,24 Months and more,4.71,Bhopal
22463,12,2017,12-2017,90 Days,2.94,Srinagar
22464,11,2018,11-2018,24 Months and more,4.71,Bhopal
22466,6,2018,6-2018,24 Months and more,0.59,Chennai
22467,4,2018,4-2018,24 Months and more,2.36,Pune
22468,6,2017,6-2017,60 Days,3.53,Ranchi
22470,8,2018,8-2018,30 Days,0.59,Pune
22472,11,2017,11-2017,24 Months and more,9.42,Srinagar
22473,10,2018,10-2018,24 Months and more,1.18,Bhopal
22474,12,2018,12-2018,12 Months,12.59,Jaipur
22475,3,2018,3-2018,12 Months,5.59,Nasik
22477,6,2017,6-2017,60 Days,12.59,Chennai
22478,8,2017,8-2017,12 Months,15.38,Aurangabad
22480,1,2018,1-2018,30 Days,1.18,Aurangabad
22482,11,2018,11-2018,6 Month,15.38,Shillong
22488,8,2017,8-2017,24 Months and more,11.19,Ranchi
22490,2,2017,2-2017,30 Days,5.59,Bhopal
22491,6,2018,6-2018,12 Months,4.71,Ranchi
22493,11,2017,11-2017,60 Days,3.53,Nagpur
22495,9,2017,9-2017,12 Months,3.53,Gandhinagar
22496,5,2018,5-2018,60 Days,15.38,Nagpur
22497,10,2018,10-2018,6 Month,1.18,Bengaluru
22498,10,2017,10-2017,6 Month,1.18,Bhopal
22499,7,2018,7-2018,60 Days,5.59,Shillong
22500,9,2018,9-2018,30 Days,4.20,Nasik
22501,2,2018,2-2018,90 Days,4.71,Chennai
22502,12,2017,12-2017,12 Months,16.78,Aurangabad
22505,2,2017,2-2017,24 Months and more,12.59,Srinagar
22507,9,2017,9-2017,30 Days,5.59,Srinagar
22508,10,2018,10-2018,30 Days,13.98,Bengaluru
22509,5,2018,5-2018,60 Days,13.98,Nasik
22510,4,2018,4-2018,90 Days,1.18,Nagpur
22512,5,2018,5-2018,30 Days,6.99,Nagpur
22513,2,2018,2-2018,12 Months,6.48,Nasik
22515,1,2018,1-2018,24 Months and more,0.59,Bengaluru
22516,4,2017,4-2017,90 Days,6.99,Mumbai
22520,11,2018,11-2018,12 Months,1.77,Aurangabad
22521,10,2018,10-2018,24 Months and more,12.59,Aurangabad
22524,5,2018,5-2018,24 Months and more,12.59,Mumbai
22525,9,2018,9-2018,12 Months,2.94,Jaipur
22528,9,2018,9-2018,6 Month,4.20,Shillong
22529,4,2017,4-2017,90 Days,2.36,Gandhinagar
22532,9,2017,9-2017,90 Days,2.36,Bhopal
22533,6,2018,6-2018,90 Days,12.59,Srinagar
22535,1,2017,1-2017,24 Months and more,9.79,Bengaluru
22537,6,2018,6-2018,90 Days,4.12,Pune
22538,12,2017,12-2017,6 Month,5.30,Jaipur
22539,12,2018,12-2018,6 Month,4.12,Gandhinagar
22540,7,2017,7-2017,30 Days,1.18,Aurangabad
22541,8,2018,8-2018,6 Month,3.53,Ranchi
22548,5,2017,5-2017,12 Months,6.99,Delhi
22549,4,2018,4-2018,6 Month,5.89,Delhi
22550,4,2018,4-2018,24 Months and more,13.98,Delhi
22551,11,2018,11-2018,90 Days,11.19,Chennai
22552,8,2018,8-2018,90 Days,3.53,Nasik
22556,1,2018,1-2018,60 Days,4.71,Srinagar
22557,7,2017,7-2017,90 Days,2.36,Nasik
22558,7,2017,7-2017,24 Months and more,2.94,Bengaluru
22559,12,2018,12-2018,90 Days,4.12,Chandigarh
22560,3,2018,3-2018,90 Days,7.07,Jaipur
22561,9,2018,9-2018,90 Days,7.07,Gandhinagar
22565,10,2017,10-2017,12 Months,4.71,Aurangabad
22567,5,2017,5-2017,30 Days,16.78,Chennai
22568,6,2017,6-2017,6 Month,5.89,Bengaluru
22569,9,2018,9-2018,12 Months,2.94,Ranchi
22570,6,2017,6-2017,12 Months,16.78,Mumbai
22571,9,2017,9-2017,90 Days,12.95,Nasik
22572,2,2018,2-2018,30 Days,5.89,Chandigarh
22573,9,2017,9-2017,24 Months and more,7.07,Nasik
22575,4,2018,4-2018,90 Days,11.19,Gandhinagar
22576,11,2018,11-2018,12 Months,15.38,Gandhinagar
22577,7,2017,7-2017,30 Days,16.78,Gandhinagar
22578,4,2018,4-2018,12 Months,5.30,Chandigarh
22579,12,2018,12-2018,30 Days,6.48,Pune
22583,5,2018,5-2018,6 Month,7.07,Shillong
22584,10,2018,10-2018,60 Days,9.79,Chennai
22586,4,2017,4-2017,12 Months,4.20,Mumbai
22587,6,2017,6-2017,30 Days,5.30,Jaipur
22589,10,2017,10-2017,24 Months and more,2.36,Chandigarh
22590,6,2018,6-2018,30 Days,1.77,Mumbai
22592,7,2017,7-2017,6 Month,5.30,Chandigarh
22593,6,2017,6-2017,6 Month,6.48,Delhi
22594,3,2017,3-2017,12 Months,1.40,Gandhinagar
22595,9,2018,9-2018,60 Days,7.07,Pune
22597,4,2018,4-2018,60 Days,2.36,Mumbai
22598,12,2017,12-2017,90 Days,1.18,Delhi
22601,10,2017,10-2017,60 Days,2.36,Srinagar
22602,12,2018,12-2018,90 Days,4.71,Chandigarh
22604,4,2017,4-2017,90 Days,9.42,Delhi
22605,12,2018,12-2018,60 Days,6.99,Bhopal
22606,6,2018,6-2018,6 Month,7.07,Bhopal
22608,4,2018,4-2018,6 Month,0.59,Nasik
22609,10,2017,10-2017,12 Months,14.13,Chennai
22612,6,2018,6-2018,30 Days,2.94,Gandhinagar
22614,4,2018,4-2018,12 Months,14.13,Gandhinagar
22615,12,2018,12-2018,90 Days,6.48,Pune
22616,3,2017,3-2017,60 Days,10.60,Shillong
22617,12,2017,12-2017,90 Days,2.36,Pune
22619,12,2018,12-2018,60 Days,4.20,Jaipur
22620,5,2018,5-2018,6 Month,1.40,Gandhinagar
22621,6,2018,6-2018,12 Months,12.59,Mumbai
22622,5,2018,5-2018,30 Days,13.98,Nasik
22623,9,2017,9-2017,60 Days,11.78,Nasik
22625,10,2017,10-2017,30 Days,14.13,Chandigarh
22629,9,2017,9-2017,90 Days,5.89,Aurangabad
22630,10,2018,10-2018,60 Days,11.19,Bengaluru
22631,4,2017,4-2017,60 Days,7.07,Aurangabad
22633,10,2017,10-2017,24 Months and more,2.36,Ranchi
22634,7,2017,7-2017,60 Days,4.20,Jaipur
22635,3,2017,3-2017,24 Months and more,11.78,Mumbai
22636,5,2018,5-2018,24 Months and more,2.36,Mumbai
22637,10,2018,10-2018,30 Days,6.99,Pune
22638,11,2017,11-2017,60 Days,8.24,Srinagar
22639,7,2018,7-2018,12 Months,9.79,Nasik
22640,10,2018,10-2018,90 Days,5.89,Gandhinagar
22641,8,2017,8-2017,24 Months and more,5.89,Srinagar
22642,8,2017,8-2017,60 Days,5.89,Gandhinagar
22644,2,2018,2-2018,24 Months and more,2.36,Ranchi
22645,6,2018,6-2018,24 Months and more,4.71,Aurangabad
22646,11,2017,11-2017,24 Months and more,5.89,Pune
22648,2,2018,2-2018,12 Months,0.59,Mumbai
22651,2,2018,2-2018,12 Months,15.38,Nasik
22652,9,2017,9-2017,90 Days,5.89,Pune
22653,10,2018,10-2018,90 Days,9.42,Jaipur
22654,10,2018,10-2018,60 Days,7.07,Srinagar
22655,6,2017,6-2017,12 Months,16.78,Aurangabad
22656,10,2018,10-2018,30 Days,3.53,Nagpur
22658,11,2017,11-2017,90 Days,8.39,Jaipur
22662,10,2018,10-2018,24 Months and more,7.07,Ranchi
22664,12,2018,12-2018,12 Months,8.39,Bengaluru
22665,4,2018,4-2018,90 Days,10.60,Ranchi
22666,1,2017,1-2017,6 Month,15.38,Srinagar
22668,6,2018,6-2018,60 Days,6.48,Gandhinagar
22669,11,2017,11-2017,90 Days,4.20,Pune
22673,6,2018,6-2018,30 Days,5.89,Aurangabad
22674,8,2017,8-2017,90 Days,4.12,Nasik
22675,2,2018,2-2018,6 Month,6.48,Chennai
22676,8,2017,8-2017,12 Months,7.07,Shillong
22677,7,2017,7-2017,90 Days,3.53,Nasik
22678,1,2018,1-2018,24 Months and more,6.48,Nasik
22679,11,2017,11-2017,30 Days,16.78,Ranchi
22680,8,2018,8-2018,90 Days,4.20,Delhi
22681,7,2017,7-2017,6 Month,6.48,Bengaluru
22682,9,2018,9-2018,30 Days,1.18,Nagpur
22683,10,2017,10-2017,30 Days,5.30,Nasik
22684,2,2018,2-2018,60 Days,11.78,Gandhinagar
22686,12,2017,12-2017,6 Month,1.18,Mumbai
22687,3,2017,3-2017,24 Months and more,2.80,Ranchi
22688,1,2017,1-2017,24 Months and more,2.36,Shillong
22689,7,2018,7-2018,90 Days,4.12,Mumbai
22690,12,2018,12-2018,24 Months and more,4.12,Jaipur
22691,2,2017,2-2017,6 Month,11.19,Pune
22692,7,2018,7-2018,60 Days,1.18,Nagpur
22694,3,2017,3-2017,24 Months and more,5.30,Bengaluru
22696,2,2017,2-2017,30 Days,16.78,Nasik
22697,4,2018,4-2018,12 Months,1.40,Nasik
22700,2,2018,2-2018,90 Days,4.12,Bengaluru
22702,1,2017,1-2017,24 Months and more,1.18,Chandigarh
22703,6,2018,6-2018,12 Months,3.53,Jaipur
22706,7,2017,7-2017,30 Days,2.80,Nagpur
22707,3,2018,3-2018,24 Months and more,9.79,Delhi
22710,7,2018,7-2018,12 Months,3.53,Nagpur
22711,5,2018,5-2018,24 Months and more,3.53,Bengaluru
22713,6,2018,6-2018,6 Month,0.59,Chandigarh
22715,4,2018,4-2018,12 Months,11.78,Ranchi
22716,12,2018,12-2018,30 Days,16.78,Jaipur
22718,4,2017,4-2017,12 Months,0.59,Chandigarh
22719,8,2018,8-2018,12 Months,5.30,Bhopal
22720,3,2017,3-2017,6 Month,2.94,Mumbai
22721,5,2018,5-2018,60 Days,12.95,Jaipur
22723,11,2017,11-2017,60 Days,1.77,Srinagar
22724,9,2017,9-2017,6 Month,4.71,Gandhinagar
22725,8,2017,8-2017,60 Days,5.30,Delhi
22726,8,2017,8-2017,24 Months and more,11.19,Nagpur
22727,7,2017,7-2017,30 Days,5.89,Mumbai
22728,5,2017,5-2017,6 Month,5.89,Srinagar
22730,1,2018,1-2018,90 Days,11.19,Delhi
22731,6,2018,6-2018,60 Days,6.99,Nagpur
22732,5,2017,5-2017,24 Months and more,10.60,Nagpur
22734,3,2018,3-2018,6 Month,3.53,Bengaluru
22736,2,2018,2-2018,30 Days,0.59,Ranchi
22737,12,2017,12-2017,30 Days,7.07,Srinagar
22738,7,2017,7-2017,60 Days,15.38,Delhi
22740,2,2018,2-2018,90 Days,1.18,Chandigarh
22742,12,2017,12-2017,24 Months and more,4.71,Jaipur
22744,1,2018,1-2018,90 Days,7.07,Chennai
22746,5,2017,5-2017,6 Month,9.79,Delhi
22747,1,2018,1-2018,30 Days,13.98,Shillong
22749,3,2017,3-2017,6 Month,8.39,Nasik
22750,1,2017,1-2017,24 Months and more,2.36,Srinagar
22751,5,2017,5-2017,12 Months,12.95,Chennai
22752,12,2017,12-2017,60 Days,2.36,Pune
22753,3,2017,3-2017,30 Days,2.36,Nagpur
22754,11,2018,11-2018,90 Days,16.78,Nagpur
22755,11,2017,11-2017,12 Months,5.59,Srinagar
22756,3,2018,3-2018,6 Month,4.71,Chandigarh
22757,9,2018,9-2018,6 Month,5.89,Gandhinagar
22758,12,2017,12-2017,24 Months and more,10.60,Ranchi
22761,7,2017,7-2017,30 Days,13.98,Chennai
22762,5,2017,5-2017,6 Month,6.48,Bhopal
22763,11,2018,11-2018,30 Days,8.39,Pune
22764,5,2017,5-2017,12 Months,9.79,Jaipur
22765,3,2018,3-2018,12 Months,11.19,Mumbai
22766,2,2018,2-2018,90 Days,8.24,Bhopal
22767,12,2018,12-2018,24 Months and more,4.71,Srinagar
22768,11,2018,11-2018,90 Days,1.77,Nasik
22770,5,2018,5-2018,12 Months,13.98,Chennai
22772,5,2017,5-2017,90 Days,13.98,Nagpur
22773,6,2017,6-2017,90 Days,2.36,Nagpur
22776,5,2018,5-2018,60 Days,7.07,Chandigarh
22777,10,2018,10-2018,90 Days,1.18,Bhopal
22778,5,2017,5-2017,6 Month,4.71,Chennai
22780,9,2017,9-2017,12 Months,1.77,Chennai
22781,11,2017,11-2017,24 Months and more,1.18,Bengaluru
22783,10,2017,10-2017,90 Days,2.94,Delhi
22784,7,2018,7-2018,90 Days,8.24,Chandigarh
22785,11,2017,11-2017,60 Days,7.07,Bhopal
22786,10,2017,10-2017,90 Days,9.79,Shillong
22788,12,2017,12-2017,6 Month,1.18,Shillong
22789,11,2018,11-2018,60 Days,10.60,Bhopal
22790,11,2018,11-2018,24 Months and more,16.78,Chandigarh
22791,8,2017,8-2017,60 Days,4.12,Chennai
22792,12,2018,12-2018,30 Days,7.07,Shillong
22793,4,2018,4-2018,12 Months,1.18,Bhopal
22794,4,2018,4-2018,6 Month,5.89,Srinagar
22795,10,2018,10-2018,24 Months and more,9.79,Bengaluru
22796,7,2017,7-2017,24 Months and more,5.89,Ranchi
22798,8,2017,8-2017,24 Months and more,13.98,Delhi
22799,10,2017,10-2017,24 Months and more,2.80,Gandhinagar
22800,6,2017,6-2017,90 Days,8.39,Jaipur
22801,5,2018,5-2018,6 Month,8.24,Nasik
22802,11,2017,11-2017,60 Days,3.53,Delhi
22803,1,2018,1-2018,90 Days,1.18,Ranchi
22804,10,2017,10-2017,90 Days,4.12,Nagpur
22805,3,2018,3-2018,6 Month,16.78,Nasik
22806,11,2017,11-2017,30 Days,2.80,Pune
22809,5,2018,5-2018,12 Months,1.18,Chennai
22812,6,2018,6-2018,30 Days,6.99,Nagpur
22813,11,2017,11-2017,12 Months,15.38,Chandigarh
22814,3,2017,3-2017,90 Days,1.40,Jaipur
22816,12,2017,12-2017,30 Days,1.40,Bengaluru
22817,9,2018,9-2018,90 Days,8.39,Shillong
22819,9,2017,9-2017,30 Days,12.59,Mumbai
22820,2,2017,2-2017,24 Months and more,1.18,Nasik
22821,4,2017,4-2017,6 Month,12.95,Jaipur
22822,7,2018,7-2018,12 Months,4.71,Jaipur
22823,11,2018,11-2018,30 Days,6.48,Chandigarh
22824,3,2017,3-2017,6 Month,1.77,Nagpur
22825,8,2017,8-2017,60 Days,9.79,Ranchi
22826,7,2017,7-2017,12 Months,9.42,Aurangabad
22827,2,2017,2-2017,24 Months and more,5.89,Bhopal
22828,6,2018,6-2018,60 Days,7.07,Gandhinagar
22829,10,2018,10-2018,30 Days,4.71,Aurangabad
22832,7,2018,7-2018,12 Months,13.98,Chandigarh
22833,11,2017,11-2017,90 Days,5.30,Gandhinagar
22835,1,2018,1-2018,6 Month,5.89,Nagpur
22836,9,2017,9-2017,30 Days,4.12,Gandhinagar
22837,1,2018,1-2018,12 Months,7.07,Srinagar
22839,9,2018,9-2018,12 Months,9.42,Jaipur
22840,12,2017,12-2017,60 Days,12.59,Mumbai
22841,10,2017,10-2017,12 Months,4.20,Aurangabad
22843,9,2018,9-2018,6 Month,8.24,Ranchi
22844,10,2017,10-2017,6 Month,2.94,Nagpur
22845,5,2017,5-2017,24 Months and more,5.89,Bengaluru
22846,1,2017,1-2017,12 Months,4.20,Aurangabad
22847,11,2017,11-2017,24 Months and more,4.12,Gandhinagar
22848,12,2018,12-2018,6 Month,15.38,Gandhinagar
22849,3,2017,3-2017,30 Days,15.38,Aurangabad
22852,10,2017,10-2017,24 Months and more,10.60,Bengaluru
22853,5,2017,5-2017,60 Days,12.59,Ranchi
22855,9,2017,9-2017,30 Days,1.18,Aurangabad
22858,12,2018,12-2018,24 Months and more,3.53,Mumbai
22859,7,2017,7-2017,12 Months,0.59,Chandigarh
22860,10,2018,10-2018,30 Days,3.53,Chennai
22861,7,2017,7-2017,90 Days,5.30,Mumbai
22862,4,2017,4-2017,30 Days,4.12,Chennai
22865,5,2017,5-2017,60 Days,5.59,Jaipur
22866,7,2017,7-2017,12 Months,4.12,Nagpur
22867,5,2018,5-2018,60 Days,13.98,Aurangabad
22868,5,2017,5-2017,30 Days,7.07,Chennai
22869,5,2018,5-2018,24 Months and more,8.24,Aurangabad
22870,6,2017,6-2017,60 Days,6.48,Shillong
22871,5,2017,5-2017,60 Days,12.59,Delhi
22872,5,2017,5-2017,30 Days,4.71,Aurangabad
22875,11,2017,11-2017,60 Days,1.18,Bhopal
22876,7,2017,7-2017,12 Months,7.07,Pune
22877,12,2017,12-2017,6 Month,0.59,Chandigarh
22882,9,2018,9-2018,90 Days,13.98,Mumbai
22883,11,2018,11-2018,90 Days,2.80,Delhi
22884,2,2018,2-2018,24 Months and more,12.95,Jaipur
22886,10,2018,10-2018,90 Days,3.53,Shillong
22887,2,2017,2-2017,24 Months and more,1.40,Aurangabad
22888,3,2017,3-2017,24 Months and more,3.53,Delhi
22890,9,2017,9-2017,6 Month,4.20,Nagpur
22891,2,2018,2-2018,90 Days,1.40,Bengaluru
22894,10,2017,10-2017,60 Days,3.53,Nasik
22895,8,2018,8-2018,60 Days,14.13,Bengaluru
22896,6,2017,6-2017,6 Month,2.94,Aurangabad
22897,12,2017,12-2017,90 Days,11.78,Bhopal
22899,6,2017,6-2017,60 Days,5.59,Mumbai
22901,8,2018,8-2018,90 Days,2.80,Bhopal
22902,10,2018,10-2018,90 Days,10.60,Chandigarh
22903,11,2017,11-2017,90 Days,7.07,Bhopal
22904,12,2017,12-2017,30 Days,3.53,Chennai
22905,11,2017,11-2017,24 Months and more,4.20,Shillong
22908,12,2017,12-2017,90 Days,1.77,Jaipur
22911,11,2017,11-2017,24 Months and more,1.18,Bhopal
22912,3,2018,3-2018,12 Months,4.20,Nasik
22913,4,2018,4-2018,24 Months and more,4.12,Jaipur
22914,8,2018,8-2018,90 Days,4.12,Bengaluru
22915,6,2018,6-2018,30 Days,5.89,Nasik
22916,12,2018,12-2018,30 Days,2.80,Bengaluru
22917,5,2017,5-2017,6 Month,2.36,Nagpur
22919,9,2018,9-2018,30 Days,4.12,Ranchi
22921,2,2017,2-2017,12 Months,4.12,Nasik
22922,8,2018,8-2018,24 Months and more,4.71,Gandhinagar
22923,6,2017,6-2017,30 Days,11.78,Chennai
22924,7,2017,7-2017,6 Month,2.36,Jaipur
22925,1,2017,1-2017,6 Month,6.48,Pune
22926,11,2018,11-2018,30 Days,8.24,Chandigarh
22927,8,2017,8-2017,6 Month,3.53,Chennai
22928,6,2017,6-2017,12 Months,7.07,Bhopal
22929,10,2017,10-2017,12 Months,0.59,Ranchi
22932,2,2017,2-2017,60 Days,11.19,Chennai
22933,3,2017,3-2017,6 Month,7.07,Bengaluru
22934,10,2017,10-2017,90 Days,1.77,Mumbai
22935,5,2017,5-2017,24 Months and more,4.12,Nasik
22936,5,2017,5-2017,30 Days,4.20,Bengaluru
22937,12,2017,12-2017,90 Days,8.39,Srinagar
22938,4,2018,4-2018,60 Days,0.59,Nagpur
22941,5,2017,5-2017,30 Days,4.12,Pune
22942,5,2018,5-2018,12 Months,2.36,Chennai
22943,10,2018,10-2018,12 Months,1.18,Shillong
22946,2,2018,2-2018,6 Month,2.80,Jaipur
22947,6,2017,6-2017,6 Month,7.07,Nagpur
22948,2,2017,2-2017,90 Days,4.12,Chennai
22949,2,2018,2-2018,90 Days,4.71,Chandigarh
22952,2,2018,2-2018,60 Days,16.78,Chennai
22953,2,2018,2-2018,60 Days,3.53,Chandigarh
22954,9,2017,9-2017,90 Days,5.89,Mumbai
22955,11,2017,11-2017,12 Months,11.19,Mumbai
22956,9,2018,9-2018,24 Months and more,2.80,Gandhinagar
22957,4,2017,4-2017,30 Days,4.71,Bengaluru
22959,6,2017,6-2017,90 Days,7.07,Delhi
22961,1,2017,1-2017,24 Months and more,8.39,Srinagar
22962,8,2017,8-2017,30 Days,5.30,Pune
22963,8,2017,8-2017,6 Month,10.60,Aurangabad
22965,2,2018,2-2018,6 Month,6.99,Pune
22968,11,2017,11-2017,90 Days,4.71,Jaipur
22971,9,2018,9-2018,12 Months,6.48,Ranchi
22972,10,2017,10-2017,6 Month,1.18,Chennai
22973,11,2018,11-2018,6 Month,1.18,Chennai
22974,2,2017,2-2017,12 Months,4.71,Mumbai
22977,7,2017,7-2017,60 Days,2.80,Bhopal
22978,12,2017,12-2017,6 Month,1.77,Aurangabad
22979,4,2017,4-2017,12 Months,2.80,Chandigarh
22980,4,2018,4-2018,12 Months,4.12,Srinagar
22983,4,2017,4-2017,30 Days,11.19,Srinagar
22985,8,2018,8-2018,90 Days,11.19,Srinagar
22986,1,2017,1-2017,60 Days,8.39,Bengaluru
22987,9,2018,9-2018,12 Months,1.18,Bhopal
22988,7,2018,7-2018,30 Days,5.89,Jaipur
22989,5,2018,5-2018,60 Days,5.59,Gandhinagar
22990,1,2018,1-2018,60 Days,12.59,Mumbai
22992,12,2018,12-2018,12 Months,1.40,Bhopal
22993,6,2017,6-2017,30 Days,8.24,Nagpur
22994,9,2017,9-2017,60 Days,4.12,Chennai
22995,4,2017,4-2017,60 Days,8.39,Chennai
22996,12,2017,12-2017,12 Months,2.36,Aurangabad
22997,7,2018,7-2018,12 Months,3.53,Bhopal
22999,1,2018,1-2018,12 Months,2.94,Nagpur
23000,6,2018,6-2018,24 Months and more,0.59,Mumbai
23001,10,2018,10-2018,60 Days,15.38,Gandhinagar
23003,7,2018,7-2018,24 Months and more,3.53,Bhopal
23005,7,2018,7-2018,12 Months,6.48,Mumbai
23006,7,2018,7-2018,90 Days,8.39,Ranchi
23008,10,2017,10-2017,30 Days,0.59,Aurangabad
23009,12,2017,12-2017,90 Days,1.18,Chennai
23010,7,2017,7-2017,12 Months,4.12,Pune
23012,5,2017,5-2017,24 Months and more,7.07,Chennai
23013,9,2018,9-2018,90 Days,5.89,Chennai
23014,9,2018,9-2018,12 Months,16.78,Delhi
23015,10,2018,10-2018,30 Days,7.07,Aurangabad
23017,9,2018,9-2018,24 Months and more,1.18,Nagpur
23018,2,2017,2-2017,90 Days,3.53,Jaipur
23019,1,2018,1-2018,30 Days,5.59,Chandigarh
23021,10,2018,10-2018,24 Months and more,15.38,Chennai
23023,5,2017,5-2017,60 Days,16.78,Shillong
23025,9,2018,9-2018,6 Month,11.78,Pune
23026,5,2017,5-2017,30 Days,8.39,Shillong
23027,1,2017,1-2017,60 Days,13.98,Chennai
23030,4,2018,4-2018,30 Days,1.40,Aurangabad
23031,7,2018,7-2018,12 Months,1.40,Mumbai
23033,4,2018,4-2018,30 Days,5.89,Pune
23034,2,2017,2-2017,90 Days,11.78,Jaipur
23035,12,2017,12-2017,24 Months and more,4.12,Shillong
23036,5,2018,5-2018,90 Days,9.79,Chandigarh
23037,12,2018,12-2018,12 Months,0.59,Mumbai
23040,3,2017,3-2017,6 Month,15.38,Aurangabad
23041,10,2017,10-2017,6 Month,2.94,Nasik
23043,11,2017,11-2017,60 Days,12.95,Delhi
23045,3,2017,3-2017,90 Days,2.94,Ranchi
23046,3,2018,3-2018,30 Days,11.19,Nagpur
23047,9,2017,9-2017,6 Month,9.79,Mumbai
23048,6,2018,6-2018,60 Days,7.07,Srinagar
23049,2,2017,2-2017,90 Days,3.53,Aurangabad
23052,2,2018,2-2018,6 Month,5.59,Shillong
23053,4,2018,4-2018,6 Month,9.79,Aurangabad
23055,2,2018,2-2018,90 Days,6.99,Mumbai
23056,12,2018,12-2018,30 Days,8.24,Nagpur
23057,10,2017,10-2017,12 Months,11.19,Mumbai
23063,11,2018,11-2018,30 Days,5.59,Mumbai
23064,6,2018,6-2018,12 Months,6.99,Bhopal
23065,6,2017,6-2017,6 Month,5.30,Ranchi
23069,11,2018,11-2018,12 Months,2.80,Chennai
23071,8,2017,8-2017,6 Month,1.77,Aurangabad
23072,7,2017,7-2017,90 Days,1.77,Chandigarh
23074,7,2017,7-2017,12 Months,3.53,Pune
23075,8,2018,8-2018,60 Days,4.12,Jaipur
23076,2,2018,2-2018,6 Month,5.89,Chennai
23077,1,2018,1-2018,30 Days,4.71,Delhi
23078,10,2018,10-2018,6 Month,5.89,Chennai
23079,10,2018,10-2018,90 Days,13.98,Bengaluru
23080,11,2018,11-2018,60 Days,5.30,Bhopal
23081,12,2018,12-2018,24 Months and more,13.98,Mumbai
23082,6,2018,6-2018,6 Month,16.78,Nagpur
23083,10,2017,10-2017,30 Days,16.78,Ranchi
23085,4,2017,4-2017,60 Days,4.71,Mumbai
23086,2,2017,2-2017,90 Days,2.80,Mumbai
23087,1,2018,1-2018,24 Months and more,3.53,Gandhinagar
23088,8,2018,8-2018,60 Days,7.07,Bhopal
23089,3,2017,3-2017,12 Months,14.13,Bhopal
23090,12,2017,12-2017,30 Days,2.94,Gandhinagar
23091,4,2017,4-2017,24 Months and more,8.39,Nasik
23093,3,2017,3-2017,60 Days,2.36,Bengaluru
23094,5,2018,5-2018,30 Days,5.59,Mumbai
23096,11,2018,11-2018,24 Months and more,3.53,Nasik
23097,10,2018,10-2018,6 Month,2.94,Jaipur
23100,10,2017,10-2017,12 Months,2.80,Nagpur
23101,12,2017,12-2017,90 Days,14.13,Bhopal
23102,10,2017,10-2017,6 Month,3.53,Pune
23104,10,2017,10-2017,12 Months,3.53,Nagpur
23105,8,2017,8-2017,6 Month,4.12,Shillong
23107,12,2018,12-2018,6 Month,0.59,Bengaluru
23108,6,2017,6-2017,90 Days,2.94,Jaipur
23109,2,2017,2-2017,30 Days,2.80,Shillong
23111,2,2018,2-2018,60 Days,13.98,Chandigarh
23112,12,2017,12-2017,30 Days,6.99,Jaipur
23114,11,2018,11-2018,90 Days,13.98,Jaipur
23116,10,2017,10-2017,60 Days,12.59,Chennai
23119,11,2018,11-2018,6 Month,14.13,Nagpur
23120,7,2017,7-2017,24 Months and more,4.12,Shillong
23122,6,2018,6-2018,6 Month,5.30,Bengaluru
23123,9,2018,9-2018,12 Months,3.53,Aurangabad
23125,12,2018,12-2018,90 Days,3.53,Jaipur
23126,11,2017,11-2017,90 Days,1.77,Ranchi
23127,11,2018,11-2018,6 Month,9.79,Aurangabad
23129,8,2017,8-2017,90 Days,5.30,Chennai
23131,5,2017,5-2017,90 Days,8.39,Shillong
23137,5,2017,5-2017,24 Months and more,15.38,Bengaluru
23138,10,2017,10-2017,30 Days,10.60,Delhi
23141,6,2017,6-2017,24 Months and more,12.95,Srinagar
23142,3,2017,3-2017,12 Months,0.59,Pune
23144,9,2017,9-2017,12 Months,4.71,Jaipur
23145,4,2017,4-2017,90 Days,5.89,Nagpur
23146,2,2017,2-2017,30 Days,6.48,Chennai
23149,4,2018,4-2018,12 Months,7.07,Aurangabad
23151,11,2017,11-2017,60 Days,5.89,Nagpur
23154,6,2018,6-2018,60 Days,8.39,Shillong
23155,7,2017,7-2017,90 Days,2.36,Shillong
23156,2,2017,2-2017,12 Months,4.20,Delhi
23158,1,2018,1-2018,30 Days,5.89,Chandigarh
23159,1,2017,1-2017,60 Days,7.07,Shillong
23161,4,2018,4-2018,6 Month,2.94,Srinagar
23162,4,2017,4-2017,12 Months,1.18,Aurangabad
23163,5,2017,5-2017,24 Months and more,8.39,Nagpur
23166,1,2018,1-2018,30 Days,1.18,Chennai
23167,11,2017,11-2017,24 Months and more,11.19,Bengaluru
23168,3,2018,3-2018,90 Days,5.30,Chandigarh
23169,8,2017,8-2017,60 Days,14.13,Nagpur
23170,8,2017,8-2017,90 Days,6.48,Nagpur
23173,2,2018,2-2018,12 Months,12.95,Gandhinagar
23174,5,2018,5-2018,60 Days,4.71,Chandigarh
23177,3,2018,3-2018,24 Months and more,5.89,Bhopal
23179,2,2018,2-2018,24 Months and more,1.77,Jaipur
23180,6,2017,6-2017,12 Months,1.18,Bhopal
23184,5,2017,5-2017,60 Days,6.99,Chandigarh
23185,6,2017,6-2017,90 Days,4.71,Nasik
23187,11,2017,11-2017,60 Days,5.89,Pune
23188,6,2017,6-2017,6 Month,9.42,Chandigarh
23189,2,2018,2-2018,30 Days,1.40,Chennai
23191,7,2017,7-2017,12 Months,10.60,Chennai
23192,12,2017,12-2017,60 Days,5.59,Shillong
23193,11,2017,11-2017,12 Months,2.94,Jaipur
23194,10,2017,10-2017,30 Days,1.18,Nagpur
23195,12,2017,12-2017,30 Days,9.79,Gandhinagar
23196,8,2018,8-2018,24 Months and more,0.59,Bengaluru
23198,5,2017,5-2017,12 Months,3.53,Delhi
23200,6,2017,6-2017,12 Months,4.12,Delhi
23201,10,2017,10-2017,90 Days,5.30,Chennai
23202,8,2018,8-2018,6 Month,2.94,Pune
23204,12,2017,12-2017,30 Days,14.13,Delhi
23205,4,2017,4-2017,60 Days,1.18,Mumbai
23208,12,2018,12-2018,60 Days,1.77,Chennai
23209,8,2018,8-2018,90 Days,4.71,Nasik
23211,2,2018,2-2018,12 Months,13.98,Jaipur
23213,4,2018,4-2018,12 Months,11.19,Mumbai
23214,11,2018,11-2018,90 Days,4.12,Ranchi
23216,1,2017,1-2017,90 Days,2.36,Chandigarh
23217,7,2018,7-2018,60 Days,2.36,Jaipur
23218,3,2017,3-2017,24 Months and more,1.18,Delhi
23220,2,2018,2-2018,6 Month,3.53,Chennai
23221,3,2017,3-2017,30 Days,8.24,Nagpur
23222,2,2017,2-2017,6 Month,2.36,Nagpur
23223,9,2017,9-2017,24 Months and more,4.20,Mumbai
23224,10,2018,10-2018,6 Month,11.78,Srinagar
23225,10,2017,10-2017,30 Days,3.53,Ranchi
23228,3,2018,3-2018,12 Months,9.79,Chennai
23231,5,2018,5-2018,6 Month,5.59,Chennai
23233,10,2018,10-2018,6 Month,1.18,Bhopal
23234,11,2017,11-2017,30 Days,2.36,Gandhinagar
23236,4,2018,4-2018,12 Months,5.89,Nagpur
23237,5,2018,5-2018,24 Months and more,8.39,Chennai
23239,3,2018,3-2018,12 Months,7.07,Bengaluru
23243,12,2017,12-2017,60 Days,7.07,Bhopal
23244,2,2018,2-2018,6 Month,13.98,Shillong
23245,2,2017,2-2017,6 Month,6.48,Pune
23247,9,2017,9-2017,60 Days,4.12,Nasik
23250,5,2017,5-2017,24 Months and more,1.77,Ranchi
23251,1,2017,1-2017,6 Month,2.94,Shillong
23253,4,2018,4-2018,6 Month,5.89,Bhopal
23254,3,2017,3-2017,90 Days,3.53,Delhi
23255,7,2017,7-2017,6 Month,3.53,Shillong
23256,5,2018,5-2018,24 Months and more,10.60,Srinagar
23257,2,2017,2-2017,90 Days,1.77,Nasik
23258,9,2018,9-2018,60 Days,4.71,Nagpur
23261,1,2018,1-2018,24 Months and more,4.12,Gandhinagar
23262,9,2018,9-2018,24 Months and more,0.59,Chennai
23263,3,2018,3-2018,30 Days,13.98,Ranchi
23264,10,2018,10-2018,90 Days,1.18,Jaipur
23265,7,2017,7-2017,24 Months and more,12.95,Srinagar
23268,12,2017,12-2017,6 Month,13.98,Gandhinagar
23269,12,2017,12-2017,24 Months and more,3.53,Shillong
23270,10,2018,10-2018,60 Days,0.59,Chandigarh
23271,7,2017,7-2017,6 Month,12.59,Bengaluru
23272,1,2017,1-2017,24 Months and more,16.78,Ranchi
23273,7,2017,7-2017,6 Month,7.07,Chennai
23274,8,2017,8-2017,6 Month,1.18,Delhi
23278,7,2017,7-2017,12 Months,5.89,Chandigarh
23279,1,2018,1-2018,30 Days,6.99,Aurangabad
23280,6,2018,6-2018,60 Days,16.78,Shillong
23281,10,2018,10-2018,24 Months and more,2.36,Bengaluru
23282,1,2018,1-2018,6 Month,4.71,Chandigarh
23285,12,2017,12-2017,12 Months,2.94,Gandhinagar
23287,2,2018,2-2018,90 Days,4.12,Chennai
23288,10,2018,10-2018,24 Months and more,9.42,Aurangabad
23289,5,2017,5-2017,30 Days,5.89,Chandigarh
23290,7,2018,7-2018,60 Days,2.80,Nagpur
23291,9,2018,9-2018,30 Days,13.98,Mumbai
23292,4,2018,4-2018,24 Months and more,2.80,Bhopal
23293,10,2017,10-2017,60 Days,8.24,Srinagar
23296,5,2017,5-2017,24 Months and more,0.59,Mumbai
23298,5,2018,5-2018,24 Months and more,5.30,Gandhinagar
23299,12,2017,12-2017,90 Days,6.48,Bengaluru
23300,6,2018,6-2018,30 Days,0.59,Nasik
23301,2,2017,2-2017,24 Months and more,2.36,Aurangabad
23303,2,2017,2-2017,30 Days,15.38,Aurangabad
23304,3,2017,3-2017,12 Months,11.78,Nasik
23305,4,2018,4-2018,6 Month,2.94,Delhi
23306,2,2017,2-2017,6 Month,4.71,Pune
23308,1,2017,1-2017,12 Months,3.53,Chandigarh
23310,4,2018,4-2018,60 Days,14.13,Mumbai
23312,12,2017,12-2017,30 Days,9.42,Bengaluru
23313,4,2017,4-2017,30 Days,11.19,Chandigarh
23314,7,2018,7-2018,6 Month,14.13,Bengaluru
23315,3,2017,3-2017,24 Months and more,14.13,Srinagar
23317,11,2017,11-2017,30 Days,2.36,Srinagar
23318,6,2018,6-2018,60 Days,5.59,Chandigarh
23319,2,2018,2-2018,60 Days,15.38,Nasik
23320,8,2017,8-2017,30 Days,0.59,Bhopal
23321,7,2017,7-2017,12 Months,11.19,Aurangabad
23323,9,2017,9-2017,24 Months and more,1.40,Srinagar
23325,3,2018,3-2018,60 Days,0.59,Chandigarh
23326,5,2018,5-2018,12 Months,2.94,Shillong
23327,10,2018,10-2018,6 Month,12.59,Gandhinagar
23328,12,2017,12-2017,90 Days,1.18,Jaipur
23330,7,2017,7-2017,24 Months and more,6.48,Chandigarh
23331,10,2018,10-2018,90 Days,4.12,Ranchi
23332,7,2017,7-2017,6 Month,1.77,Srinagar
23335,8,2017,8-2017,12 Months,1.77,Bhopal
23336,12,2017,12-2017,60 Days,1.18,Bhopal
23337,1,2017,1-2017,90 Days,6.48,Nagpur
23338,11,2017,11-2017,6 Month,9.42,Bengaluru
23340,4,2018,4-2018,6 Month,16.78,Jaipur
23341,11,2018,11-2018,30 Days,8.39,Srinagar
23342,2,2018,2-2018,6 Month,11.78,Chandigarh
23343,8,2018,8-2018,12 Months,2.80,Aurangabad
23344,7,2018,7-2018,24 Months and more,6.48,Bengaluru
23348,9,2017,9-2017,60 Days,5.59,Bengaluru
23349,10,2017,10-2017,90 Days,9.79,Bhopal
23350,4,2017,4-2017,6 Month,6.99,Aurangabad
23353,10,2018,10-2018,24 Months and more,11.19,Shillong
23354,1,2017,1-2017,12 Months,4.20,Gandhinagar
23355,4,2018,4-2018,6 Month,15.38,Ranchi
23356,7,2017,7-2017,60 Days,1.18,Ranchi
23357,5,2018,5-2018,12 Months,4.20,Nasik
23358,9,2017,9-2017,6 Month,12.95,Aurangabad
23359,1,2017,1-2017,12 Months,2.94,Gandhinagar
23360,2,2018,2-2018,24 Months and more,2.36,Jaipur
23362,5,2017,5-2017,6 Month,6.48,Ranchi
23363,1,2017,1-2017,90 Days,1.18,Mumbai
23364,7,2018,7-2018,12 Months,5.89,Nagpur
23365,6,2017,6-2017,24 Months and more,5.89,Chennai
23366,6,2018,6-2018,24 Months and more,16.78,Bhopal
23368,4,2018,4-2018,90 Days,7.07,Gandhinagar
23369,6,2018,6-2018,24 Months and more,9.42,Pune
23375,2,2018,2-2018,30 Days,0.59,Nasik
23376,2,2018,2-2018,30 Days,13.98,Chennai
23377,12,2017,12-2017,24 Months and more,3.53,Delhi
23380,6,2018,6-2018,12 Months,5.30,Gandhinagar
23382,1,2017,1-2017,12 Months,0.59,Chennai
23383,4,2018,4-2018,24 Months and more,4.12,Nagpur
23384,3,2018,3-2018,60 Days,8.39,Aurangabad
23386,7,2018,7-2018,24 Months and more,8.24,Pune
23387,11,2017,11-2017,60 Days,3.53,Gandhinagar
23389,5,2018,5-2018,24 Months and more,1.18,Pune
23391,8,2018,8-2018,90 Days,15.38,Jaipur
23392,2,2017,2-2017,6 Month,1.40,Chandigarh
23393,1,2017,1-2017,6 Month,4.12,Mumbai
23396,4,2017,4-2017,30 Days,1.77,Nagpur
23397,10,2018,10-2018,6 Month,4.71,Chennai
23398,8,2018,8-2018,24 Months and more,4.12,Shillong
23399,3,2017,3-2017,6 Month,5.30,Gandhinagar
23400,1,2017,1-2017,12 Months,6.48,Bengaluru
23401,2,2018,2-2018,12 Months,0.59,Bengaluru
23403,4,2018,4-2018,30 Days,3.53,Bhopal
23404,12,2017,12-2017,12 Months,1.77,Ranchi
23405,9,2017,9-2017,24 Months and more,0.59,Gandhinagar
23408,11,2018,11-2018,6 Month,4.12,Jaipur
23409,1,2017,1-2017,6 Month,3.53,Aurangabad
23410,7,2018,7-2018,90 Days,1.77,Nagpur
23411,5,2018,5-2018,12 Months,4.12,Delhi
23413,1,2017,1-2017,6 Month,2.80,Gandhinagar
23415,3,2017,3-2017,12 Months,8.39,Jaipur
23416,3,2018,3-2018,24 Months and more,0.59,Bengaluru
23418,1,2017,1-2017,60 Days,4.20,Mumbai
23419,6,2018,6-2018,30 Days,5.89,Bhopal
23420,6,2017,6-2017,60 Days,12.95,Chandigarh
23421,4,2018,4-2018,60 Days,5.30,Ranchi
23422,4,2018,4-2018,24 Months and more,3.53,Chennai
23423,10,2018,10-2018,30 Days,0.59,Nagpur
23424,2,2017,2-2017,12 Months,6.48,Jaipur
23425,12,2018,12-2018,30 Days,12.95,Nasik
23426,5,2018,5-2018,6 Month,8.39,Bengaluru
23428,2,2017,2-2017,12 Months,0.59,Chennai
23431,11,2018,11-2018,30 Days,11.78,Pune
23433,8,2018,8-2018,30 Days,6.48,Pune
23434,9,2018,9-2018,30 Days,9.79,Chennai
23435,8,2017,8-2017,12 Months,4.71,Nagpur
23436,1,2018,1-2018,30 Days,11.19,Chennai
23437,12,2018,12-2018,24 Months and more,11.78,Pune
23438,8,2017,8-2017,12 Months,2.94,Jaipur
23439,6,2018,6-2018,6 Month,2.36,Bhopal
23442,12,2017,12-2017,90 Days,13.98,Nasik
23443,1,2018,1-2018,6 Month,9.42,Aurangabad
23444,5,2018,5-2018,30 Days,7.07,Nagpur
23445,7,2017,7-2017,30 Days,6.48,Pune
23446,10,2018,10-2018,12 Months,1.18,Jaipur
23448,7,2017,7-2017,30 Days,11.19,Srinagar
23450,5,2018,5-2018,90 Days,8.24,Delhi
23453,2,2018,2-2018,12 Months,9.79,Chandigarh
23455,5,2018,5-2018,90 Days,11.19,Shillong
23456,4,2018,4-2018,12 Months,12.59,Chandigarh
23457,11,2018,11-2018,90 Days,4.71,Delhi
23463,3,2017,3-2017,30 Days,7.07,Chennai
23466,8,2018,8-2018,6 Month,1.18,Chennai
23467,10,2018,10-2018,90 Days,4.71,Shillong
23469,8,2017,8-2017,12 Months,16.78,Gandhinagar
23471,10,2018,10-2018,30 Days,7.07,Nagpur
23472,3,2018,3-2018,6 Month,6.99,Chennai
23473,3,2018,3-2018,30 Days,4.20,Shillong
23474,12,2018,12-2018,90 Days,4.71,Shillong
23475,5,2017,5-2017,12 Months,1.18,Bengaluru
23477,5,2017,5-2017,24 Months and more,1.18,Chandigarh
23481,3,2018,3-2018,30 Days,5.30,Chennai
23482,3,2018,3-2018,12 Months,13.98,Gandhinagar
23483,6,2018,6-2018,24 Months and more,2.36,Aurangabad
23484,2,2018,2-2018,6 Month,13.98,Shillong
23485,5,2017,5-2017,30 Days,6.48,Delhi
23486,10,2017,10-2017,30 Days,6.99,Pune
23487,5,2018,5-2018,60 Days,12.59,Mumbai
23488,2,2018,2-2018,90 Days,5.59,Chennai
23489,3,2017,3-2017,6 Month,4.71,Bengaluru
23491,10,2017,10-2017,90 Days,15.38,Jaipur
23492,10,2018,10-2018,24 Months and more,4.12,Pune
23493,6,2018,6-2018,90 Days,1.77,Chennai
23496,5,2017,5-2017,12 Months,11.19,Ranchi
23499,12,2018,12-2018,30 Days,2.94,Mumbai
23500,8,2017,8-2017,30 Days,11.78,Bengaluru
23501,6,2017,6-2017,90 Days,4.71,Mumbai
23502,5,2018,5-2018,24 Months and more,13.98,Jaipur
23503,5,2018,5-2018,90 Days,0.59,Bengaluru
23504,6,2018,6-2018,30 Days,2.94,Ranchi
23505,7,2017,7-2017,60 Days,16.78,Jaipur
23508,1,2017,1-2017,60 Days,2.36,Bhopal
23510,5,2018,5-2018,12 Months,1.18,Srinagar
23511,10,2018,10-2018,60 Days,3.53,Mumbai
23514,8,2017,8-2017,90 Days,5.89,Jaipur
23516,6,2018,6-2018,6 Month,4.20,Bhopal
23517,1,2018,1-2018,30 Days,5.30,Pune
23518,10,2017,10-2017,60 Days,2.36,Nasik
23519,3,2018,3-2018,24 Months and more,2.36,Gandhinagar
23520,2,2017,2-2017,90 Days,1.40,Nagpur
23521,11,2017,11-2017,90 Days,1.40,Nagpur
23524,1,2018,1-2018,60 Days,0.59,Chennai
23525,12,2017,12-2017,90 Days,2.80,Aurangabad
23526,3,2018,3-2018,6 Month,8.39,Jaipur
23527,9,2018,9-2018,60 Days,4.71,Jaipur
23528,3,2017,3-2017,30 Days,4.12,Gandhinagar
23529,12,2018,12-2018,24 Months and more,4.71,Ranchi
23530,4,2017,4-2017,30 Days,9.79,Bengaluru
23531,12,2017,12-2017,24 Months and more,5.59,Bhopal
23532,11,2018,11-2018,90 Days,7.07,Delhi
23533,2,2017,2-2017,60 Days,6.99,Pune
23534,12,2018,12-2018,12 Months,4.12,Aurangabad
23535,2,2017,2-2017,12 Months,0.59,Chandigarh
23537,12,2018,12-2018,24 Months and more,7.07,Gandhinagar
23540,5,2017,5-2017,90 Days,5.89,Delhi
23541,7,2018,7-2018,30 Days,0.59,Mumbai
23543,2,2018,2-2018,24 Months and more,4.20,Ranchi
23545,3,2018,3-2018,30 Days,1.18,Shillong
23546,2,2018,2-2018,90 Days,3.53,Bhopal
23547,11,2017,11-2017,90 Days,9.42,Srinagar
23550,10,2017,10-2017,6 Month,11.19,Gandhinagar
23551,12,2018,12-2018,24 Months and more,12.95,Chennai
23553,8,2017,8-2017,24 Months and more,7.07,Bhopal
23556,2,2017,2-2017,24 Months and more,7.07,Gandhinagar
23557,6,2018,6-2018,60 Days,7.07,Chandigarh
23558,11,2017,11-2017,60 Days,0.59,Jaipur
23560,12,2018,12-2018,30 Days,9.79,Aurangabad
23561,3,2018,3-2018,60 Days,6.48,Shillong
23562,9,2018,9-2018,6 Month,1.40,Gandhinagar
23563,8,2018,8-2018,30 Days,9.79,Gandhinagar
23564,5,2017,5-2017,90 Days,3.53,Shillong
23565,9,2017,9-2017,60 Days,3.53,Chennai
23568,1,2017,1-2017,60 Days,1.18,Srinagar
23569,1,2017,1-2017,24 Months and more,3.53,Chandigarh
23571,8,2018,8-2018,90 Days,4.71,Aurangabad
23573,9,2018,9-2018,90 Days,2.36,Ranchi
23575,9,2017,9-2017,6 Month,9.79,Aurangabad
23576,7,2018,7-2018,12 Months,6.48,Bhopal
23577,2,2018,2-2018,24 Months and more,5.30,Nagpur
23579,4,2018,4-2018,90 Days,7.07,Chandigarh
23582,12,2017,12-2017,30 Days,8.39,Gandhinagar
23585,3,2017,3-2017,30 Days,1.40,Ranchi
23586,1,2018,1-2018,6 Month,7.07,Delhi
23587,8,2018,8-2018,60 Days,4.71,Jaipur
23588,10,2018,10-2018,60 Days,11.19,Ranchi
23592,10,2018,10-2018,30 Days,1.18,Shillong
23595,7,2018,7-2018,60 Days,6.99,Shillong
23596,12,2018,12-2018,30 Days,16.78,Pune
23597,2,2017,2-2017,90 Days,1.18,Chandigarh
23598,2,2017,2-2017,30 Days,4.20,Shillong
23599,2,2018,2-2018,90 Days,1.18,Nasik
23600,6,2018,6-2018,24 Months and more,12.59,Bhopal
23601,4,2018,4-2018,6 Month,3.53,Shillong
23602,2,2017,2-2017,6 Month,13.98,Bhopal
23603,5,2017,5-2017,30 Days,3.53,Ranchi
23605,7,2017,7-2017,60 Days,9.79,Chandigarh
23606,7,2017,7-2017,12 Months,7.07,Nagpur
23607,8,2017,8-2017,60 Days,2.80,Ranchi
23608,8,2017,8-2017,12 Months,3.53,Chandigarh
23610,11,2018,11-2018,12 Months,5.30,Bengaluru
23611,5,2018,5-2018,90 Days,0.59,Shillong
23612,9,2017,9-2017,6 Month,6.48,Gandhinagar
23614,10,2017,10-2017,60 Days,2.36,Ranchi
23618,7,2018,7-2018,6 Month,2.94,Nasik
23619,4,2018,4-2018,30 Days,4.20,Delhi
23621,5,2018,5-2018,24 Months and more,5.30,Chandigarh
23622,1,2018,1-2018,60 Days,5.59,Aurangabad
23623,8,2018,8-2018,60 Days,4.71,Aurangabad
23627,6,2018,6-2018,30 Days,5.89,Srinagar
23628,4,2018,4-2018,30 Days,1.77,Ranchi
23629,10,2018,10-2018,6 Month,5.30,Jaipur
23630,2,2018,2-2018,6 Month,3.53,Nagpur
23631,10,2017,10-2017,60 Days,14.13,Chandigarh
23632,9,2017,9-2017,90 Days,5.89,Bengaluru
23633,6,2017,6-2017,30 Days,6.48,Chennai
23635,12,2018,12-2018,30 Days,5.89,Gandhinagar
23637,8,2017,8-2017,90 Days,7.07,Bengaluru
23638,5,2017,5-2017,12 Months,6.99,Nagpur
23640,11,2017,11-2017,60 Days,6.99,Gandhinagar
23641,11,2018,11-2018,90 Days,8.24,Chandigarh
23642,6,2018,6-2018,60 Days,1.40,Jaipur
23643,8,2017,8-2017,30 Days,9.79,Jaipur
23644,10,2018,10-2018,90 Days,7.07,Srinagar
23645,5,2017,5-2017,90 Days,2.36,Jaipur
23646,3,2017,3-2017,12 Months,15.38,Chennai
23647,7,2018,7-2018,24 Months and more,1.18,Chandigarh
23650,4,2017,4-2017,30 Days,1.18,Srinagar
23651,4,2017,4-2017,90 Days,7.07,Bhopal
23654,9,2017,9-2017,60 Days,8.39,Delhi
23657,6,2018,6-2018,24 Months and more,11.19,Shillong
23658,5,2018,5-2018,12 Months,4.20,Mumbai
23659,3,2018,3-2018,6 Month,1.40,Nasik
23660,2,2018,2-2018,90 Days,7.07,Chandigarh
23661,4,2017,4-2017,30 Days,8.39,Jaipur
23662,3,2017,3-2017,30 Days,5.30,Pune
23663,6,2018,6-2018,6 Month,8.39,Ranchi
23664,6,2017,6-2017,24 Months and more,3.53,Nagpur
23665,1,2017,1-2017,6 Month,2.36,Jaipur
23666,3,2018,3-2018,30 Days,15.38,Gandhinagar
23667,4,2018,4-2018,12 Months,8.39,Chennai
23668,10,2018,10-2018,24 Months and more,4.20,Jaipur
23672,5,2017,5-2017,30 Days,13.98,Gandhinagar
23673,2,2017,2-2017,12 Months,1.18,Chennai
23674,6,2018,6-2018,24 Months and more,4.71,Ranchi
23677,8,2018,8-2018,60 Days,15.38,Delhi
23679,11,2017,11-2017,12 Months,13.98,Aurangabad
23683,1,2018,1-2018,60 Days,7.07,Jaipur
23684,9,2018,9-2018,6 Month,3.53,Chandigarh
23685,7,2017,7-2017,6 Month,15.38,Srinagar
23686,5,2018,5-2018,30 Days,1.18,Chennai
23687,5,2017,5-2017,12 Months,2.36,Srinagar
23688,8,2017,8-2017,6 Month,2.36,Shillong
23689,11,2018,11-2018,30 Days,11.78,Jaipur
23691,8,2017,8-2017,90 Days,10.60,Jaipur
23694,3,2018,3-2018,60 Days,6.48,Delhi
23695,9,2017,9-2017,24 Months and more,8.24,Chennai
23696,12,2017,12-2017,24 Months and more,5.89,Ranchi
23697,5,2017,5-2017,24 Months and more,0.59,Shillong
23701,1,2017,1-2017,60 Days,0.59,Gandhinagar
23703,8,2017,8-2017,30 Days,1.18,Chennai
23705,10,2018,10-2018,60 Days,1.18,Gandhinagar
23706,10,2018,10-2018,60 Days,1.40,Bhopal
23707,3,2018,3-2018,6 Month,14.13,Nasik
23708,7,2017,7-2017,12 Months,7.07,Bhopal
23709,9,2018,9-2018,90 Days,5.89,Pune
23710,2,2017,2-2017,30 Days,9.79,Mumbai
23711,8,2018,8-2018,12 Months,7.07,Srinagar
23712,4,2018,4-2018,30 Days,2.36,Delhi
23713,12,2017,12-2017,24 Months and more,4.71,Bhopal
23715,11,2017,11-2017,30 Days,1.40,Mumbai
23717,11,2017,11-2017,60 Days,0.59,Delhi
23718,4,2017,4-2017,30 Days,4.12,Bengaluru
23720,10,2018,10-2018,60 Days,9.79,Chandigarh
23723,3,2017,3-2017,24 Months and more,3.53,Delhi
23726,1,2018,1-2018,24 Months and more,1.40,Aurangabad
23727,2,2017,2-2017,30 Days,5.30,Srinagar
23728,6,2017,6-2017,30 Days,5.30,Bhopal
23729,5,2018,5-2018,90 Days,6.99,Gandhinagar
23730,1,2018,1-2018,30 Days,1.77,Nasik
23732,9,2017,9-2017,60 Days,0.59,Chennai
23733,6,2017,6-2017,12 Months,14.13,Bhopal
23734,11,2017,11-2017,30 Days,2.36,Srinagar
23735,1,2018,1-2018,90 Days,12.95,Bhopal
23736,9,2017,9-2017,30 Days,16.78,Bengaluru
23737,5,2017,5-2017,6 Month,11.78,Gandhinagar
23738,3,2018,3-2018,30 Days,13.98,Pune
23739,8,2018,8-2018,6 Month,15.38,Shillong
23740,11,2018,11-2018,90 Days,6.48,Chandigarh
23741,10,2017,10-2017,90 Days,5.89,Mumbai
23742,9,2018,9-2018,60 Days,1.77,Ranchi
23744,1,2018,1-2018,24 Months and more,5.30,Srinagar
23749,2,2018,2-2018,6 Month,0.59,Chandigarh
23750,8,2018,8-2018,6 Month,1.40,Bhopal
23751,3,2017,3-2017,90 Days,11.78,Mumbai
23752,11,2018,11-2018,6 Month,0.59,Shillong
23753,7,2017,7-2017,60 Days,12.59,Ranchi
23754,7,2017,7-2017,30 Days,5.59,Chandigarh
23755,1,2018,1-2018,6 Month,6.48,Shillong
23756,9,2018,9-2018,24 Months and more,1.77,Srinagar
23757,8,2018,8-2018,6 Month,3.53,Chennai
23761,1,2017,1-2017,90 Days,5.89,Aurangabad
23762,11,2017,11-2017,30 Days,1.77,Srinagar
23763,9,2017,9-2017,30 Days,5.89,Aurangabad
23764,6,2017,6-2017,12 Months,7.07,Bengaluru
23765,5,2018,5-2018,60 Days,6.99,Gandhinagar
23767,7,2018,7-2018,30 Days,16.78,Delhi
23768,1,2017,1-2017,24 Months and more,2.80,Mumbai
23769,12,2017,12-2017,90 Days,5.30,Bengaluru
23774,11,2018,11-2018,12 Months,12.95,Chennai
23775,8,2018,8-2018,60 Days,7.07,Jaipur
23776,4,2018,4-2018,24 Months and more,10.60,Srinagar
23777,3,2017,3-2017,30 Days,0.59,Gandhinagar
23779,8,2018,8-2018,24 Months and more,2.94,Gandhinagar
23780,3,2018,3-2018,60 Days,12.95,Delhi
23781,11,2017,11-2017,30 Days,13.98,Srinagar
23782,6,2017,6-2017,30 Days,1.40,Bhopal
23783,10,2018,10-2018,24 Months and more,7.07,Shillong
23785,4,2017,4-2017,6 Month,5.89,Delhi
23787,6,2018,6-2018,30 Days,2.94,Shillong
23789,6,2017,6-2017,30 Days,4.71,Jaipur
23790,5,2018,5-2018,60 Days,1.18,Ranchi
23791,6,2017,6-2017,30 Days,12.59,Delhi
23792,1,2017,1-2017,24 Months and more,1.18,Ranchi
23793,5,2018,5-2018,6 Month,11.19,Chandigarh
23794,9,2017,9-2017,12 Months,1.18,Chennai
23795,12,2018,12-2018,90 Days,11.19,Chennai
23796,12,2017,12-2017,60 Days,9.42,Bhopal
23798,3,2017,3-2017,6 Month,6.99,Mumbai
23799,1,2017,1-2017,12 Months,4.12,Delhi
23800,11,2018,11-2018,24 Months and more,5.30,Nasik
23801,4,2018,4-2018,6 Month,1.18,Chandigarh
23802,11,2018,11-2018,60 Days,15.38,Mumbai
23803,12,2017,12-2017,30 Days,8.39,Mumbai
23805,8,2018,8-2018,24 Months and more,1.40,Delhi
23806,5,2018,5-2018,6 Month,3.53,Gandhinagar
23808,7,2018,7-2018,30 Days,12.59,Shillong
23809,7,2018,7-2018,12 Months,1.18,Delhi
23810,7,2018,7-2018,90 Days,7.07,Gandhinagar
23811,1,2018,1-2018,90 Days,7.07,Shillong
23812,3,2018,3-2018,30 Days,9.79,Pune
23813,6,2017,6-2017,6 Month,9.79,Pune
23815,5,2017,5-2017,60 Days,15.38,Ranchi
23816,4,2017,4-2017,90 Days,4.12,Bengaluru
23817,5,2018,5-2018,6 Month,5.30,Gandhinagar
23818,6,2017,6-2017,60 Days,2.94,Pune
23820,5,2018,5-2018,6 Month,1.18,Bhopal
23821,6,2018,6-2018,90 Days,1.77,Jaipur
23823,8,2018,8-2018,30 Days,5.30,Shillong
23830,4,2018,4-2018,60 Days,9.42,Chennai
23832,4,2018,4-2018,90 Days,5.59,Nagpur
23833,10,2017,10-2017,90 Days,1.40,Bhopal
23835,6,2017,6-2017,90 Days,7.07,Chennai
23836,5,2018,5-2018,30 Days,11.19,Ranchi
23838,4,2017,4-2017,24 Months and more,1.18,Srinagar
23841,4,2017,4-2017,6 Month,0.59,Shillong
23843,4,2018,4-2018,24 Months and more,2.36,Chandigarh
23844,1,2017,1-2017,30 Days,5.30,Srinagar
23845,4,2018,4-2018,90 Days,6.99,Jaipur
23846,12,2017,12-2017,24 Months and more,1.18,Jaipur
23847,5,2017,5-2017,60 Days,5.59,Srinagar
23851,4,2018,4-2018,24 Months and more,2.94,Jaipur
23852,12,2018,12-2018,12 Months,4.12,Delhi
23853,11,2017,11-2017,12 Months,9.79,Jaipur
23854,10,2018,10-2018,60 Days,2.94,Nasik
23855,4,2017,4-2017,6 Month,4.20,Chandigarh
23856,6,2017,6-2017,30 Days,16.78,Jaipur
23860,7,2018,7-2018,30 Days,4.20,Chandigarh
23861,4,2018,4-2018,30 Days,1.18,Delhi
23862,11,2017,11-2017,60 Days,1.18,Bhopal
23863,10,2018,10-2018,90 Days,1.40,Ranchi
23865,12,2017,12-2017,24 Months and more,5.30,Chandigarh
23866,11,2017,11-2017,6 Month,1.77,Ranchi
23867,10,2017,10-2017,90 Days,2.36,Aurangabad
23870,9,2018,9-2018,6 Month,4.71,Ranchi
23871,6,2018,6-2018,60 Days,3.53,Jaipur
23873,10,2017,10-2017,6 Month,14.13,Ranchi
23874,4,2018,4-2018,6 Month,6.48,Shillong
23875,7,2018,7-2018,90 Days,16.78,Ranchi
23876,3,2018,3-2018,30 Days,6.99,Delhi
23878,9,2017,9-2017,6 Month,5.59,Shillong
23879,11,2018,11-2018,6 Month,6.48,Ranchi
23881,9,2018,9-2018,12 Months,8.24,Nasik
23882,1,2017,1-2017,60 Days,8.39,Bhopal
23887,3,2018,3-2018,30 Days,1.77,Pune
23888,11,2018,11-2018,24 Months and more,5.30,Nasik
23890,6,2017,6-2017,90 Days,2.80,Chennai
23891,1,2018,1-2018,12 Months,11.19,Bengaluru
23894,12,2018,12-2018,12 Months,3.53,Pune
23895,1,2018,1-2018,90 Days,2.80,Nagpur
23896,5,2018,5-2018,24 Months and more,11.19,Aurangabad
23897,6,2017,6-2017,60 Days,8.39,Mumbai
23899,8,2018,8-2018,60 Days,5.89,Srinagar
23900,9,2018,9-2018,6 Month,3.53,Nasik
23901,10,2018,10-2018,6 Month,15.38,Mumbai
23903,4,2017,4-2017,6 Month,6.48,Srinagar
23904,4,2018,4-2018,90 Days,6.48,Nasik
23910,11,2017,11-2017,90 Days,2.36,Srinagar
23911,9,2018,9-2018,24 Months and more,4.20,Chennai
23912,6,2018,6-2018,30 Days,2.80,Chennai
23913,2,2017,2-2017,60 Days,2.80,Bengaluru
23914,1,2018,1-2018,60 Days,13.98,Srinagar
23915,2,2018,2-2018,30 Days,8.39,Ranchi
23916,11,2017,11-2017,90 Days,1.18,Aurangabad
23917,11,2017,11-2017,30 Days,9.79,Mumbai
23918,1,2018,1-2018,6 Month,1.18,Shillong
23919,1,2018,1-2018,6 Month,1.18,Bhopal
23923,6,2017,6-2017,30 Days,11.19,Jaipur
23925,10,2017,10-2017,24 Months and more,4.12,Srinagar
23926,7,2018,7-2018,6 Month,16.78,Chennai
23927,3,2018,3-2018,24 Months and more,6.48,Chennai
23928,1,2017,1-2017,90 Days,5.89,Chandigarh
23929,1,2018,1-2018,12 Months,1.77,Shillong
23931,11,2017,11-2017,12 Months,1.77,Gandhinagar
23932,9,2018,9-2018,24 Months and more,2.36,Aurangabad
23933,11,2017,11-2017,90 Days,4.20,Shillong
23934,7,2017,7-2017,60 Days,1.40,Chennai
23935,4,2017,4-2017,60 Days,4.20,Mumbai
23936,6,2018,6-2018,24 Months and more,0.59,Chandigarh
23937,8,2017,8-2017,6 Month,5.59,Nagpur
23938,1,2018,1-2018,6 Month,1.18,Aurangabad
23939,12,2018,12-2018,12 Months,2.36,Delhi
23940,4,2018,4-2018,12 Months,4.12,Aurangabad
23944,9,2018,9-2018,6 Month,7.07,Gandhinagar
23947,3,2017,3-2017,6 Month,6.99,Bhopal
23948,11,2017,11-2017,90 Days,2.36,Aurangabad
23949,2,2017,2-2017,6 Month,3.53,Ranchi
23950,1,2017,1-2017,60 Days,1.18,Nasik
23951,5,2017,5-2017,90 Days,1.77,Ranchi
23952,12,2017,12-2017,90 Days,14.13,Shillong
23953,11,2018,11-2018,60 Days,1.77,Chandigarh
23955,11,2018,11-2018,90 Days,12.95,Bhopal
23957,11,2018,11-2018,90 Days,2.36,Srinagar
23958,2,2018,2-2018,90 Days,0.59,Bhopal
23959,12,2018,12-2018,6 Month,13.98,Jaipur
23960,9,2017,9-2017,90 Days,5.89,Aurangabad
23961,3,2017,3-2017,6 Month,1.18,Jaipur
23963,8,2018,8-2018,6 Month,0.59,Bhopal
23968,8,2018,8-2018,24 Months and more,7.07,Nagpur
23970,4,2017,4-2017,12 Months,11.78,Nasik
23972,3,2017,3-2017,60 Days,6.48,Delhi
23974,7,2018,7-2018,24 Months and more,10.60,Bhopal
23975,10,2017,10-2017,24 Months and more,5.89,Gandhinagar
23976,5,2017,5-2017,30 Days,2.94,Nasik
23977,4,2017,4-2017,90 Days,4.12,Nasik
23978,10,2017,10-2017,6 Month,11.19,Aurangabad
23979,10,2018,10-2018,24 Months and more,12.59,Gandhinagar
23980,10,2017,10-2017,90 Days,12.59,Nagpur
23982,9,2018,9-2018,90 Days,11.78,Bhopal
23983,11,2017,11-2017,60 Days,9.79,Ranchi
23984,7,2018,7-2018,6 Month,0.59,Nasik
23986,1,2018,1-2018,12 Months,13.98,Shillong
23987,2,2017,2-2017,12 Months,3.53,Ranchi
23988,3,2017,3-2017,60 Days,5.30,Nagpur
23991,2,2017,2-2017,30 Days,7.07,Srinagar
23992,9,2017,9-2017,6 Month,5.59,Chandigarh
23993,10,2018,10-2018,12 Months,0.59,Gandhinagar
23994,2,2018,2-2018,90 Days,6.48,Pune
23995,6,2018,6-2018,6 Month,4.12,Jaipur
23998,10,2017,10-2017,6 Month,4.20,Bhopal
23999,3,2017,3-2017,30 Days,1.18,Bengaluru
24000,1,2018,1-2018,6 Month,15.38,Nagpur
24001,10,2018,10-2018,6 Month,7.07,Bengaluru
24002,5,2017,5-2017,30 Days,3.53,Ranchi
24004,4,2018,4-2018,90 Days,5.30,Bengaluru
24005,4,2018,4-2018,90 Days,12.59,Nasik
24006,8,2017,8-2017,60 Days,4.12,Nasik
24007,1,2017,1-2017,12 Months,2.36,Mumbai
24009,3,2018,3-2018,6 Month,1.18,Chandigarh
24010,11,2018,11-2018,60 Days,8.24,Bhopal
24012,7,2018,7-2018,6 Month,9.42,Bhopal
24015,6,2017,6-2017,60 Days,5.89,Aurangabad
24016,6,2018,6-2018,24 Months and more,16.78,Mumbai
24017,10,2017,10-2017,12 Months,2.36,Nagpur
24018,6,2017,6-2017,60 Days,0.59,Srinagar
24019,4,2017,4-2017,6 Month,8.39,Gandhinagar
24020,2,2017,2-2017,60 Days,1.77,Nagpur
24021,1,2018,1-2018,12 Months,12.59,Aurangabad
24022,8,2018,8-2018,12 Months,7.07,Mumbai
24025,12,2018,12-2018,30 Days,1.40,Chennai
24026,3,2018,3-2018,6 Month,1.40,Pune
24028,3,2017,3-2017,90 Days,1.18,Delhi
24029,5,2018,5-2018,12 Months,15.38,Mumbai
24030,11,2018,11-2018,12 Months,14.13,Gandhinagar
24031,5,2017,5-2017,30 Days,1.40,Ranchi
24032,9,2017,9-2017,24 Months and more,5.89,Chandigarh
24033,6,2017,6-2017,12 Months,4.71,Aurangabad
24034,10,2017,10-2017,12 Months,4.71,Bengaluru
24036,4,2017,4-2017,6 Month,3.53,Mumbai
24037,12,2018,12-2018,90 Days,10.60,Shillong
24038,7,2018,7-2018,30 Days,0.59,Nasik
24039,1,2017,1-2017,30 Days,7.07,Chennai
24040,2,2018,2-2018,90 Days,7.07,Chandigarh
24041,5,2018,5-2018,12 Months,1.40,Ranchi
24042,1,2018,1-2018,60 Days,11.19,Srinagar
24043,7,2018,7-2018,6 Month,0.59,Aurangabad
24044,12,2017,12-2017,6 Month,4.20,Bhopal
24045,8,2017,8-2017,6 Month,1.18,Nagpur
24048,11,2018,11-2018,12 Months,1.18,Nasik
24049,4,2018,4-2018,24 Months and more,4.71,Srinagar
24050,12,2018,12-2018,30 Days,13.98,Gandhinagar
24051,5,2017,5-2017,24 Months and more,9.79,Gandhinagar
24052,10,2018,10-2018,30 Days,8.24,Jaipur
24053,10,2017,10-2017,24 Months and more,7.07,Mumbai
24054,4,2017,4-2017,6 Month,2.36,Nagpur
24057,3,2017,3-2017,6 Month,4.20,Shillong
24060,1,2018,1-2018,30 Days,1.18,Bengaluru
24061,8,2017,8-2017,6 Month,2.36,Delhi
24062,12,2017,12-2017,6 Month,2.36,Jaipur
24063,11,2018,11-2018,6 Month,8.39,Pune
24066,4,2018,4-2018,90 Days,1.77,Aurangabad
24067,10,2018,10-2018,60 Days,1.18,Nagpur
24068,11,2017,11-2017,24 Months and more,11.19,Shillong
24070,4,2017,4-2017,60 Days,1.40,Mumbai
24071,1,2018,1-2018,12 Months,5.89,Pune
24073,9,2017,9-2017,12 Months,2.94,Pune
24074,10,2018,10-2018,12 Months,7.07,Aurangabad
24075,9,2018,9-2018,90 Days,5.30,Bhopal
24076,11,2017,11-2017,30 Days,9.79,Gandhinagar
24078,9,2017,9-2017,12 Months,4.12,Chennai
24079,1,2017,1-2017,24 Months and more,16.78,Gandhinagar
24080,5,2018,5-2018,90 Days,5.30,Delhi
24081,7,2018,7-2018,90 Days,5.59,Gandhinagar
24083,5,2017,5-2017,12 Months,12.59,Nasik
24084,11,2018,11-2018,30 Days,1.18,Chandigarh
24087,9,2018,9-2018,90 Days,1.40,Nagpur
24089,10,2017,10-2017,12 Months,8.39,Chennai
24090,12,2017,12-2017,60 Days,3.53,Delhi
24092,3,2017,3-2017,12 Months,5.59,Bengaluru
24093,4,2017,4-2017,60 Days,2.94,Delhi
24094,6,2018,6-2018,6 Month,15.38,Delhi
24095,1,2018,1-2018,60 Days,2.36,Ranchi
24096,9,2018,9-2018,6 Month,4.20,Jaipur
24098,7,2017,7-2017,60 Days,6.48,Chandigarh
24100,12,2017,12-2017,30 Days,12.95,Ranchi
24101,8,2017,8-2017,30 Days,5.59,Ranchi
24102,5,2018,5-2018,30 Days,9.79,Ranchi
24103,1,2017,1-2017,90 Days,7.07,Nasik
24105,7,2017,7-2017,30 Days,5.89,Bengaluru
24106,1,2017,1-2017,6 Month,6.48,Chennai
24107,12,2018,12-2018,12 Months,8.39,Delhi
24108,10,2017,10-2017,12 Months,1.77,Ranchi
24112,12,2017,12-2017,24 Months and more,15.38,Jaipur
24113,1,2017,1-2017,24 Months and more,4.71,Ranchi
24114,4,2018,4-2018,12 Months,5.30,Nagpur
24115,3,2017,3-2017,90 Days,7.07,Nasik
24116,4,2017,4-2017,24 Months and more,0.59,Aurangabad
24117,4,2017,4-2017,6 Month,12.59,Jaipur
24118,8,2018,8-2018,6 Month,5.59,Delhi
24119,4,2018,4-2018,30 Days,4.12,Ranchi
24120,4,2017,4-2017,90 Days,15.38,Aurangabad
24121,7,2018,7-2018,6 Month,6.48,Bengaluru
24122,8,2017,8-2017,24 Months and more,15.38,Ranchi
24126,8,2017,8-2017,30 Days,8.24,Bengaluru
24127,1,2018,1-2018,30 Days,11.19,Nasik
24128,11,2017,11-2017,12 Months,4.20,Bengaluru
24130,12,2017,12-2017,60 Days,8.39,Chennai
24132,5,2018,5-2018,24 Months and more,3.53,Shillong
24133,11,2018,11-2018,6 Month,6.48,Ranchi
24134,5,2017,5-2017,90 Days,16.78,Chennai
24137,10,2017,10-2017,60 Days,4.71,Ranchi
24138,4,2017,4-2017,6 Month,1.77,Pune
24140,8,2017,8-2017,90 Days,8.39,Delhi
24141,2,2017,2-2017,6 Month,2.94,Srinagar
24142,8,2017,8-2017,30 Days,5.59,Nasik
24143,11,2018,11-2018,30 Days,3.53,Srinagar
24144,3,2018,3-2018,12 Months,1.18,Aurangabad
24147,7,2018,7-2018,30 Days,5.59,Bengaluru
24148,7,2018,7-2018,12 Months,16.78,Chennai
24149,10,2017,10-2017,24 Months and more,7.07,Pune
24151,2,2018,2-2018,12 Months,2.36,Ranchi
24154,6,2017,6-2017,24 Months and more,4.71,Delhi
24155,2,2017,2-2017,30 Days,15.38,Nasik
24156,8,2018,8-2018,60 Days,5.59,Gandhinagar
24157,9,2018,9-2018,24 Months and more,15.38,Shillong
24159,2,2017,2-2017,30 Days,3.53,Pune
24160,5,2017,5-2017,60 Days,12.95,Nagpur
24161,1,2017,1-2017,60 Days,4.12,Delhi
24162,3,2017,3-2017,6 Month,2.94,Ranchi
24164,1,2018,1-2018,12 Months,1.18,Bengaluru
24165,8,2018,8-2018,6 Month,9.42,Chennai
24166,2,2017,2-2017,12 Months,9.42,Chandigarh
24167,12,2017,12-2017,24 Months and more,1.18,Bengaluru
24168,11,2018,11-2018,6 Month,5.89,Chennai
24169,8,2017,8-2017,24 Months and more,16.78,Mumbai
24170,6,2018,6-2018,6 Month,0.59,Gandhinagar
24172,9,2017,9-2017,24 Months and more,1.40,Pune
24173,4,2017,4-2017,6 Month,6.48,Nagpur
24174,3,2018,3-2018,30 Days,3.53,Nasik
24175,4,2017,4-2017,6 Month,2.94,Shillong
24178,5,2018,5-2018,60 Days,5.30,Shillong
24179,9,2018,9-2018,24 Months and more,4.12,Srinagar
24182,6,2017,6-2017,30 Days,11.19,Aurangabad
24183,6,2017,6-2017,24 Months and more,6.48,Ranchi
24184,9,2017,9-2017,24 Months and more,16.78,Mumbai
24186,12,2017,12-2017,12 Months,12.59,Aurangabad
24190,5,2017,5-2017,60 Days,8.24,Gandhinagar
24193,10,2018,10-2018,24 Months and more,11.19,Chennai
24194,2,2018,2-2018,12 Months,8.24,Chennai
24196,1,2017,1-2017,24 Months and more,0.59,Bengaluru
24197,2,2017,2-2017,60 Days,11.19,Aurangabad
24198,10,2018,10-2018,60 Days,6.99,Bengaluru
24199,1,2018,1-2018,12 Months,5.30,Delhi
24200,3,2017,3-2017,24 Months and more,2.80,Nagpur
24201,8,2017,8-2017,12 Months,15.38,Delhi
24203,8,2018,8-2018,6 Month,15.38,Bhopal
24204,9,2017,9-2017,30 Days,3.53,Chandigarh
24205,8,2017,8-2017,30 Days,5.89,Bengaluru
24206,4,2017,4-2017,60 Days,0.59,Ranchi
24207,1,2018,1-2018,12 Months,12.95,Pune
24208,12,2018,12-2018,60 Days,12.59,Chandigarh
24209,9,2018,9-2018,30 Days,1.18,Srinagar
24210,7,2017,7-2017,60 Days,12.59,Srinagar
24211,10,2018,10-2018,24 Months and more,4.71,Bengaluru
24212,1,2017,1-2017,24 Months and more,5.30,Jaipur
24213,12,2018,12-2018,60 Days,3.53,Srinagar
24215,5,2017,5-2017,12 Months,5.59,Shillong
24216,11,2018,11-2018,30 Days,1.77,Bhopal
24217,10,2018,10-2018,60 Days,15.38,Nasik
24220,7,2018,7-2018,90 Days,3.53,Nasik
24221,5,2017,5-2017,60 Days,7.07,Ranchi
24222,3,2018,3-2018,30 Days,8.39,Chandigarh
24223,6,2018,6-2018,90 Days,2.36,Mumbai
24224,5,2018,5-2018,90 Days,4.12,Srinagar
24225,4,2018,4-2018,12 Months,1.40,Chandigarh
24226,9,2017,9-2017,90 Days,1.77,Chandigarh
24228,2,2017,2-2017,12 Months,5.59,Pune
24229,9,2018,9-2018,24 Months and more,11.78,Jaipur
24230,4,2018,4-2018,30 Days,11.78,Nagpur
24233,2,2017,2-2017,24 Months and more,8.39,Mumbai
24234,9,2017,9-2017,30 Days,8.39,Bhopal
24236,9,2017,9-2017,30 Days,3.53,Delhi
24239,12,2017,12-2017,60 Days,5.89,Bengaluru
24240,8,2018,8-2018,60 Days,0.59,Bhopal
24242,6,2018,6-2018,6 Month,12.59,Srinagar
24243,10,2018,10-2018,6 Month,1.18,Mumbai
24244,3,2018,3-2018,6 Month,13.98,Chandigarh
24249,11,2018,11-2018,60 Days,4.71,Jaipur
24251,1,2017,1-2017,6 Month,1.77,Srinagar
24252,1,2017,1-2017,6 Month,2.80,Srinagar
24253,12,2018,12-2018,12 Months,2.80,Nagpur
24254,2,2017,2-2017,90 Days,16.78,Delhi
24255,6,2017,6-2017,12 Months,12.59,Ranchi
24256,4,2018,4-2018,6 Month,12.59,Aurangabad
24257,1,2018,1-2018,30 Days,10.60,Gandhinagar
24259,1,2018,1-2018,12 Months,9.79,Delhi
24260,9,2017,9-2017,24 Months and more,6.48,Nagpur
24261,7,2017,7-2017,30 Days,5.89,Nasik
24262,7,2017,7-2017,12 Months,5.89,Bengaluru
24263,1,2017,1-2017,60 Days,2.80,Mumbai
24264,8,2018,8-2018,6 Month,0.59,Srinagar
24265,8,2018,8-2018,30 Days,10.60,Gandhinagar
24268,10,2017,10-2017,90 Days,8.24,Chandigarh
24269,7,2018,7-2018,6 Month,1.77,Mumbai
24271,1,2017,1-2017,30 Days,6.48,Pune
24274,10,2018,10-2018,90 Days,6.99,Nasik
24275,6,2018,6-2018,30 Days,4.20,Pune
24277,12,2018,12-2018,6 Month,3.53,Gandhinagar
24278,8,2017,8-2017,90 Days,4.71,Gandhinagar
24280,8,2017,8-2017,12 Months,1.18,Nagpur
24281,4,2017,4-2017,60 Days,10.60,Srinagar
24282,6,2017,6-2017,24 Months and more,4.71,Chandigarh
24283,4,2018,4-2018,60 Days,6.99,Gandhinagar
24284,3,2018,3-2018,30 Days,6.99,Aurangabad
24285,4,2017,4-2017,12 Months,7.07,Shillong
24286,7,2018,7-2018,6 Month,1.40,Mumbai
24288,7,2017,7-2017,12 Months,16.78,Chandigarh
24289,7,2017,7-2017,30 Days,8.39,Bhopal
24292,9,2017,9-2017,24 Months and more,2.36,Ranchi
24293,1,2018,1-2018,24 Months and more,3.53,Bhopal
24294,12,2017,12-2017,12 Months,11.19,Shillong
24295,1,2017,1-2017,12 Months,2.80,Shillong
24296,4,2018,4-2018,24 Months and more,2.80,Chennai
24297,10,2018,10-2018,24 Months and more,5.89,Delhi
24299,9,2018,9-2018,30 Days,4.71,Pune
24300,5,2017,5-2017,12 Months,16.78,Aurangabad
24301,6,2017,6-2017,30 Days,12.59,Aurangabad
24302,3,2018,3-2018,30 Days,7.07,Nagpur
24303,7,2017,7-2017,24 Months and more,4.20,Bhopal
24306,2,2017,2-2017,60 Days,5.59,Chennai
24307,8,2017,8-2017,6 Month,2.94,Delhi
24308,10,2018,10-2018,30 Days,7.07,Shillong
24309,12,2017,12-2017,12 Months,1.18,Ranchi
24310,6,2017,6-2017,30 Days,3.53,Nasik
24311,7,2017,7-2017,6 Month,12.59,Delhi
24313,11,2018,11-2018,30 Days,3.53,Chandigarh
24314,12,2017,12-2017,30 Days,4.12,Nasik
24317,7,2018,7-2018,6 Month,4.20,Gandhinagar
24318,4,2018,4-2018,30 Days,12.59,Ranchi
24320,4,2018,4-2018,24 Months and more,7.07,Ranchi
24321,1,2018,1-2018,30 Days,4.71,Nasik
24322,8,2018,8-2018,90 Days,6.48,Delhi
24323,6,2018,6-2018,60 Days,6.48,Bengaluru
24324,6,2018,6-2018,60 Days,12.59,Chennai
24327,7,2018,7-2018,24 Months and more,2.94,Nagpur
24328,4,2017,4-2017,6 Month,4.20,Jaipur
24329,7,2018,7-2018,90 Days,4.20,Bhopal
24332,6,2018,6-2018,30 Days,1.77,Srinagar
24333,1,2018,1-2018,60 Days,2.36,Mumbai
24334,1,2017,1-2017,24 Months and more,1.18,Chandigarh
24335,10,2017,10-2017,90 Days,13.98,Shillong
24339,10,2017,10-2017,6 Month,2.36,Ranchi
24340,7,2017,7-2017,12 Months,8.39,Chennai
24341,3,2018,3-2018,6 Month,7.07,Nagpur
24342,11,2017,11-2017,60 Days,1.40,Bhopal
24343,12,2017,12-2017,60 Days,3.53,Chennai
24344,1,2017,1-2017,90 Days,0.59,Pune
24345,3,2017,3-2017,24 Months and more,5.89,Delhi
24346,6,2018,6-2018,6 Month,10.60,Chandigarh
24349,10,2017,10-2017,24 Months and more,0.59,Chandigarh
24351,3,2017,3-2017,60 Days,16.78,Bhopal
24352,11,2018,11-2018,6 Month,5.89,Delhi
24353,12,2018,12-2018,60 Days,13.98,Jaipur
24354,2,2018,2-2018,24 Months and more,11.19,Mumbai
24355,2,2018,2-2018,60 Days,0.59,Shillong
24356,3,2018,3-2018,24 Months and more,7.07,Chandigarh
24358,10,2018,10-2018,6 Month,2.36,Nagpur
24359,12,2018,12-2018,90 Days,6.48,Delhi
24363,5,2017,5-2017,30 Days,1.18,Jaipur
24364,12,2018,12-2018,60 Days,14.13,Delhi
24365,9,2018,9-2018,12 Months,3.53,Bhopal
24366,8,2018,8-2018,90 Days,7.07,Srinagar
24369,12,2018,12-2018,90 Days,9.79,Aurangabad
24371,7,2018,7-2018,60 Days,14.13,Gandhinagar
24373,5,2018,5-2018,6 Month,1.18,Srinagar
24375,6,2018,6-2018,6 Month,15.38,Chandigarh
24376,1,2017,1-2017,24 Months and more,1.77,Shillong
24377,3,2018,3-2018,12 Months,8.24,Nasik
24379,7,2017,7-2017,6 Month,2.36,Bhopal
24380,2,2018,2-2018,24 Months and more,5.89,Chennai
24381,2,2018,2-2018,30 Days,6.48,Bhopal
24383,3,2017,3-2017,12 Months,16.78,Aurangabad
24384,1,2017,1-2017,90 Days,2.36,Srinagar
24385,11,2017,11-2017,24 Months and more,9.79,Aurangabad
24387,9,2017,9-2017,24 Months and more,8.24,Gandhinagar
24388,8,2018,8-2018,30 Days,1.77,Nasik
24389,3,2017,3-2017,24 Months and more,1.18,Delhi
24390,2,2018,2-2018,6 Month,5.30,Srinagar
24392,7,2017,7-2017,24 Months and more,15.38,Jaipur
24393,11,2017,11-2017,24 Months and more,16.78,Chennai
24394,11,2017,11-2017,30 Days,5.30,Nagpur
24395,6,2018,6-2018,60 Days,11.78,Bengaluru
24398,8,2018,8-2018,90 Days,4.71,Mumbai
24399,7,2018,7-2018,60 Days,3.53,Gandhinagar
24400,2,2017,2-2017,30 Days,13.98,Aurangabad
24401,11,2018,11-2018,24 Months and more,2.80,Srinagar
24403,2,2017,2-2017,6 Month,14.13,Bhopal
24404,3,2017,3-2017,12 Months,5.30,Bhopal
24405,5,2017,5-2017,60 Days,7.07,Mumbai
24406,1,2018,1-2018,24 Months and more,5.89,Bhopal
24408,11,2017,11-2017,12 Months,2.94,Nasik
24410,5,2017,5-2017,60 Days,4.20,Aurangabad
24412,1,2018,1-2018,30 Days,2.94,Jaipur
24413,5,2018,5-2018,60 Days,4.12,Ranchi
24414,3,2017,3-2017,24 Months and more,4.12,Gandhinagar
24417,9,2017,9-2017,30 Days,7.07,Jaipur
24418,10,2018,10-2018,6 Month,15.38,Chennai
24419,12,2017,12-2017,90 Days,6.48,Chennai
24420,7,2017,7-2017,12 Months,8.39,Srinagar
24422,4,2017,4-2017,6 Month,7.07,Ranchi
24424,2,2018,2-2018,24 Months and more,9.42,Ranchi
24425,8,2017,8-2017,90 Days,4.12,Mumbai
24426,6,2018,6-2018,12 Months,15.38,Mumbai
24427,3,2017,3-2017,60 Days,4.20,Bhopal
24428,11,2017,11-2017,60 Days,1.77,Nagpur
24429,5,2018,5-2018,90 Days,4.71,Delhi
24430,5,2018,5-2018,90 Days,1.40,Pune
24431,6,2018,6-2018,24 Months and more,13.98,Bengaluru
24433,12,2017,12-2017,30 Days,13.98,Chandigarh
24434,8,2017,8-2017,60 Days,5.30,Nasik
24436,9,2017,9-2017,24 Months and more,7.07,Mumbai
24438,6,2018,6-2018,90 Days,15.38,Nagpur
24439,7,2018,7-2018,6 Month,6.99,Chennai
24441,3,2018,3-2018,24 Months and more,8.39,Shillong
24443,7,2018,7-2018,90 Days,7.07,Shillong
24444,3,2017,3-2017,30 Days,2.94,Delhi
24445,11,2018,11-2018,6 Month,3.53,Jaipur
24446,9,2018,9-2018,90 Days,1.40,Chennai
24447,6,2018,6-2018,6 Month,1.77,Jaipur
24448,1,2018,1-2018,12 Months,4.20,Aurangabad
24449,3,2018,3-2018,30 Days,12.59,Jaipur
24450,7,2018,7-2018,30 Days,4.71,Pune
24451,10,2018,10-2018,60 Days,4.20,Nasik
24452,4,2018,4-2018,12 Months,5.30,Jaipur
24453,10,2018,10-2018,6 Month,4.12,Gandhinagar
24454,4,2018,4-2018,60 Days,4.20,Ranchi
24457,10,2017,10-2017,6 Month,16.78,Bengaluru
24459,12,2018,12-2018,90 Days,7.07,Srinagar
24461,8,2018,8-2018,6 Month,3.53,Chennai
24462,7,2018,7-2018,90 Days,5.89,Srinagar
24465,4,2017,4-2017,90 Days,9.42,Shillong
24467,9,2018,9-2018,90 Days,7.07,Chandigarh
24468,8,2017,8-2017,12 Months,14.13,Bengaluru
24472,5,2018,5-2018,12 Months,15.38,Delhi
24474,9,2018,9-2018,30 Days,2.80,Gandhinagar
24475,8,2018,8-2018,12 Months,9.42,Chennai
24478,8,2017,8-2017,24 Months and more,4.71,Nagpur
24479,5,2017,5-2017,90 Days,6.99,Shillong
24482,2,2018,2-2018,6 Month,4.12,Chandigarh
24483,2,2017,2-2017,30 Days,1.40,Bhopal
24484,10,2017,10-2017,6 Month,12.59,Chennai
24485,6,2017,6-2017,12 Months,7.07,Nagpur
24486,4,2017,4-2017,90 Days,0.59,Pune
24487,7,2018,7-2018,90 Days,11.78,Chandigarh
24488,6,2018,6-2018,60 Days,6.48,Chandigarh
24489,12,2017,12-2017,90 Days,9.79,Nagpur
24490,12,2017,12-2017,24 Months and more,5.30,Mumbai
24491,7,2017,7-2017,90 Days,6.48,Mumbai
24492,4,2017,4-2017,90 Days,8.39,Nagpur
24494,2,2017,2-2017,24 Months and more,1.40,Delhi
24495,3,2017,3-2017,6 Month,13.98,Aurangabad
24496,10,2017,10-2017,30 Days,12.59,Bengaluru
24497,5,2017,5-2017,30 Days,2.36,Gandhinagar
24499,8,2018,8-2018,90 Days,16.78,Ranchi
24500,9,2018,9-2018,60 Days,4.12,Srinagar
24501,5,2017,5-2017,30 Days,0.59,Ranchi
24502,2,2017,2-2017,24 Months and more,5.89,Delhi
24503,9,2018,9-2018,90 Days,2.80,Pune
24505,3,2017,3-2017,12 Months,3.53,Srinagar
24506,10,2018,10-2018,60 Days,2.36,Chandigarh
24507,1,2018,1-2018,24 Months and more,1.18,Shillong
24508,9,2017,9-2017,24 Months and more,5.30,Aurangabad
24509,4,2018,4-2018,30 Days,16.78,Aurangabad
24510,11,2017,11-2017,30 Days,5.89,Nagpur
24511,3,2018,3-2018,30 Days,5.59,Srinagar
24512,11,2018,11-2018,60 Days,2.36,Mumbai
24513,5,2017,5-2017,90 Days,16.78,Ranchi
24515,1,2018,1-2018,6 Month,5.30,Delhi
24516,3,2018,3-2018,6 Month,9.42,Bengaluru
24517,2,2017,2-2017,30 Days,7.07,Bengaluru
24519,7,2018,7-2018,24 Months and more,3.53,Jaipur
24520,7,2018,7-2018,60 Days,0.59,Shillong
24521,8,2018,8-2018,24 Months and more,4.71,Aurangabad
24523,2,2017,2-2017,90 Days,4.12,Shillong
24524,1,2017,1-2017,24 Months and more,5.30,Delhi
24525,1,2017,1-2017,30 Days,0.59,Chandigarh
24526,9,2018,9-2018,90 Days,6.99,Srinagar
24527,4,2017,4-2017,24 Months and more,9.79,Aurangabad
24529,6,2018,6-2018,12 Months,15.38,Chennai
24530,7,2018,7-2018,24 Months and more,12.59,Nasik
24531,10,2017,10-2017,30 Days,2.36,Bengaluru
24533,5,2018,5-2018,6 Month,2.36,Nasik
24536,9,2017,9-2017,60 Days,3.53,Ranchi
24538,2,2017,2-2017,60 Days,2.36,Gandhinagar
24539,2,2018,2-2018,12 Months,12.95,Jaipur
24540,11,2018,11-2018,6 Month,2.80,Chandigarh
24541,5,2018,5-2018,30 Days,3.53,Srinagar
24543,7,2017,7-2017,24 Months and more,5.89,Nasik
24546,8,2018,8-2018,30 Days,5.59,Jaipur
24548,1,2018,1-2018,12 Months,0.59,Chennai
24549,6,2017,6-2017,90 Days,2.36,Gandhinagar
24550,3,2017,3-2017,12 Months,5.59,Srinagar
24551,3,2017,3-2017,30 Days,9.79,Chennai
24553,6,2017,6-2017,24 Months and more,7.07,Jaipur
24555,7,2017,7-2017,90 Days,12.59,Nagpur
24557,3,2018,3-2018,24 Months and more,16.78,Nagpur
24559,2,2018,2-2018,90 Days,3.53,Mumbai
24560,2,2018,2-2018,12 Months,2.36,Chennai
24561,1,2017,1-2017,30 Days,4.20,Mumbai
24562,6,2018,6-2018,6 Month,9.42,Bengaluru
24563,2,2017,2-2017,90 Days,5.89,Chandigarh
24564,10,2018,10-2018,90 Days,2.94,Aurangabad
24565,4,2017,4-2017,24 Months and more,2.36,Chennai
24567,1,2017,1-2017,6 Month,0.59,Chandigarh
24572,11,2017,11-2017,30 Days,3.53,Bengaluru
24573,7,2017,7-2017,24 Months and more,7.07,Pune
24574,10,2017,10-2017,60 Days,1.77,Delhi
24575,1,2018,1-2018,60 Days,13.98,Nagpur
24576,9,2017,9-2017,90 Days,7.07,Bengaluru
24577,4,2018,4-2018,90 Days,5.89,Bhopal
24578,1,2018,1-2018,12 Months,12.59,Gandhinagar
24579,11,2017,11-2017,60 Days,6.48,Pune
24580,6,2017,6-2017,24 Months and more,0.59,Nagpur
24592,9,2017,9-2017,12 Months,5.89,Shillong
24593,8,2017,8-2017,30 Days,13.98,Chandigarh
24595,9,2018,9-2018,12 Months,6.48,Srinagar
24596,11,2018,11-2018,60 Days,4.20,Nagpur
24597,6,2018,6-2018,90 Days,2.36,Srinagar
24598,10,2017,10-2017,24 Months and more,6.48,Ranchi
24599,5,2017,5-2017,90 Days,2.94,Nasik
24600,10,2017,10-2017,24 Months and more,4.20,Chandigarh
24601,1,2018,1-2018,60 Days,12.59,Bengaluru
24602,2,2017,2-2017,90 Days,1.77,Gandhinagar
24603,7,2017,7-2017,90 Days,7.07,Chennai
24604,10,2017,10-2017,24 Months and more,1.40,Chennai
24608,1,2018,1-2018,90 Days,9.79,Chennai
24609,6,2018,6-2018,60 Days,2.36,Chandigarh
24610,11,2018,11-2018,12 Months,5.59,Nasik
24612,9,2018,9-2018,6 Month,0.59,Delhi
24613,4,2017,4-2017,60 Days,5.89,Chennai
24615,3,2017,3-2017,6 Month,5.30,Mumbai
24616,4,2017,4-2017,24 Months and more,7.07,Mumbai
24618,8,2017,8-2017,90 Days,2.94,Mumbai
24619,9,2017,9-2017,30 Days,6.48,Gandhinagar
24620,8,2018,8-2018,12 Months,1.77,Bhopal
24621,4,2018,4-2018,24 Months and more,5.30,Bengaluru
24622,11,2018,11-2018,90 Days,1.40,Bhopal
24623,5,2017,5-2017,30 Days,1.18,Gandhinagar
24625,6,2018,6-2018,60 Days,3.53,Pune
24626,6,2018,6-2018,6 Month,1.18,Srinagar
24627,12,2018,12-2018,90 Days,4.20,Chandigarh
24630,11,2017,11-2017,12 Months,4.71,Nagpur
24631,2,2017,2-2017,6 Month,5.89,Nasik
24632,10,2018,10-2018,90 Days,6.48,Mumbai
24633,3,2018,3-2018,12 Months,15.38,Chennai
24634,3,2018,3-2018,24 Months and more,5.30,Bhopal
24635,9,2018,9-2018,60 Days,9.79,Aurangabad
24636,9,2017,9-2017,24 Months and more,11.78,Ranchi
24639,8,2017,8-2017,6 Month,4.71,Shillong
24640,10,2017,10-2017,90 Days,8.39,Pune
24641,9,2018,9-2018,30 Days,4.20,Srinagar
24643,4,2017,4-2017,24 Months and more,2.94,Pune
24645,10,2018,10-2018,60 Days,3.53,Mumbai
24647,11,2017,11-2017,6 Month,5.30,Gandhinagar
24649,2,2018,2-2018,6 Month,12.95,Bengaluru
24651,12,2018,12-2018,30 Days,1.18,Bengaluru
24653,7,2018,7-2018,12 Months,12.59,Chennai
24656,8,2018,8-2018,6 Month,1.40,Aurangabad
24657,5,2017,5-2017,30 Days,2.80,Mumbai
24660,2,2017,2-2017,12 Months,4.12,Srinagar
24662,10,2018,10-2018,12 Months,1.18,Aurangabad
24663,1,2018,1-2018,90 Days,5.89,Jaipur
24664,7,2018,7-2018,12 Months,3.53,Chandigarh
24666,4,2017,4-2017,24 Months and more,6.48,Nasik
24669,4,2017,4-2017,60 Days,2.94,Nasik
24670,12,2017,12-2017,12 Months,2.94,Nagpur
24673,5,2018,5-2018,24 Months and more,0.59,Pune
24675,6,2018,6-2018,12 Months,5.89,Srinagar
24677,5,2018,5-2018,12 Months,7.07,Delhi
24678,2,2017,2-2017,30 Days,1.77,Aurangabad
24679,5,2017,5-2017,90 Days,8.39,Ranchi
24684,3,2017,3-2017,90 Days,3.53,Ranchi
24685,4,2018,4-2018,60 Days,12.59,Nasik
24686,1,2017,1-2017,60 Days,2.94,Bhopal
24689,9,2018,9-2018,6 Month,1.77,Shillong
24690,2,2017,2-2017,60 Days,0.59,Bengaluru
24691,3,2017,3-2017,90 Days,1.77,Delhi
24692,6,2017,6-2017,24 Months and more,5.89,Bhopal
24694,6,2018,6-2018,24 Months and more,12.59,Nasik
24695,1,2018,1-2018,24 Months and more,9.42,Nagpur
24696,4,2017,4-2017,6 Month,5.30,Gandhinagar
24697,11,2017,11-2017,24 Months and more,1.18,Delhi
24699,2,2017,2-2017,24 Months and more,4.71,Bengaluru
24700,12,2018,12-2018,90 Days,3.53,Chandigarh
24701,7,2018,7-2018,90 Days,2.80,Shillong
24702,1,2018,1-2018,30 Days,6.48,Chennai
24703,3,2017,3-2017,12 Months,2.36,Ranchi
24705,5,2017,5-2017,30 Days,2.36,Bhopal
24706,10,2017,10-2017,12 Months,1.18,Pune
24708,7,2017,7-2017,90 Days,2.36,Delhi
24709,2,2018,2-2018,30 Days,9.79,Bhopal
24711,12,2017,12-2017,6 Month,15.38,Nasik
24712,6,2018,6-2018,12 Months,5.89,Ranchi
24713,1,2018,1-2018,60 Days,2.36,Delhi
24714,10,2018,10-2018,12 Months,1.77,Jaipur
24715,9,2018,9-2018,90 Days,11.19,Chandigarh
24716,3,2017,3-2017,6 Month,6.48,Jaipur
24718,8,2018,8-2018,90 Days,15.38,Aurangabad
24719,6,2017,6-2017,24 Months and more,8.39,Nagpur
24720,1,2018,1-2018,60 Days,15.38,Jaipur
24721,5,2017,5-2017,90 Days,1.77,Chennai
24722,1,2018,1-2018,30 Days,16.78,Aurangabad
24723,7,2018,7-2018,12 Months,3.53,Mumbai
24725,3,2017,3-2017,12 Months,7.07,Srinagar
24730,1,2017,1-2017,12 Months,5.89,Chennai
24732,3,2017,3-2017,90 Days,7.07,Chennai
24733,7,2018,7-2018,90 Days,16.78,Aurangabad
24734,6,2017,6-2017,12 Months,8.24,Aurangabad
24735,5,2017,5-2017,60 Days,4.71,Mumbai
24736,12,2018,12-2018,24 Months and more,5.30,Jaipur
24738,6,2017,6-2017,90 Days,7.07,Pune
24739,3,2017,3-2017,6 Month,13.98,Nasik
24740,9,2018,9-2018,90 Days,11.19,Nagpur
24742,8,2017,8-2017,24 Months and more,5.89,Pune
24743,3,2018,3-2018,60 Days,8.24,Mumbai
24744,3,2018,3-2018,6 Month,9.79,Aurangabad
24745,5,2018,5-2018,24 Months and more,3.53,Jaipur
24746,6,2018,6-2018,90 Days,8.24,Srinagar
24749,7,2017,7-2017,90 Days,11.19,Gandhinagar
24750,6,2018,6-2018,12 Months,4.20,Nagpur
24752,9,2017,9-2017,24 Months and more,4.20,Chennai
24755,5,2018,5-2018,24 Months and more,9.79,Nasik
24756,9,2017,9-2017,30 Days,2.80,Gandhinagar
24757,3,2017,3-2017,24 Months and more,8.39,Ranchi
24759,9,2018,9-2018,30 Days,13.98,Nasik
24761,8,2018,8-2018,24 Months and more,13.98,Delhi
24762,3,2018,3-2018,90 Days,2.80,Jaipur
24763,12,2017,12-2017,90 Days,12.59,Delhi
24766,3,2018,3-2018,12 Months,3.53,Delhi
24767,6,2017,6-2017,30 Days,2.36,Ranchi
24769,11,2018,11-2018,6 Month,6.48,Aurangabad
24771,2,2017,2-2017,6 Month,2.80,Nasik
24772,11,2017,11-2017,24 Months and more,1.40,Srinagar
24773,12,2017,12-2017,60 Days,11.19,Nasik
24774,12,2018,12-2018,12 Months,15.38,Nagpur
24775,11,2018,11-2018,6 Month,15.38,Pune
24777,3,2018,3-2018,12 Months,11.19,Pune
24778,10,2017,10-2017,60 Days,2.36,Aurangabad
24779,8,2017,8-2017,60 Days,6.48,Bengaluru
24780,11,2018,11-2018,60 Days,4.71,Chandigarh
24781,6,2018,6-2018,90 Days,5.89,Nasik
24782,10,2017,10-2017,6 Month,2.94,Nasik
24783,11,2018,11-2018,90 Days,5.59,Pune
24784,8,2017,8-2017,60 Days,5.30,Chandigarh
24785,12,2017,12-2017,90 Days,5.89,Chandigarh
24786,4,2017,4-2017,90 Days,4.20,Nagpur
24787,5,2018,5-2018,6 Month,2.94,Mumbai
24789,5,2018,5-2018,90 Days,10.60,Jaipur
24790,6,2018,6-2018,30 Days,12.95,Delhi
24797,2,2018,2-2018,12 Months,6.48,Shillong
24798,11,2018,11-2018,6 Month,1.40,Pune
24801,7,2017,7-2017,30 Days,7.07,Srinagar
24802,12,2018,12-2018,30 Days,4.71,Nasik
24803,1,2018,1-2018,6 Month,4.71,Ranchi
24804,4,2017,4-2017,24 Months and more,12.95,Chandigarh
24806,8,2018,8-2018,30 Days,9.42,Nagpur
24807,4,2017,4-2017,30 Days,2.36,Aurangabad
24808,4,2017,4-2017,6 Month,4.71,Delhi
24809,6,2018,6-2018,24 Months and more,4.12,Shillong
24811,7,2018,7-2018,60 Days,6.99,Mumbai
24812,7,2017,7-2017,12 Months,2.94,Ranchi
24813,9,2017,9-2017,60 Days,11.19,Bengaluru
24815,2,2017,2-2017,60 Days,8.24,Nasik
24817,2,2017,2-2017,90 Days,8.39,Gandhinagar
24818,3,2017,3-2017,30 Days,5.30,Aurangabad
24819,7,2017,7-2017,30 Days,9.79,Shillong
24821,11,2018,11-2018,12 Months,11.78,Mumbai
24823,11,2017,11-2017,12 Months,9.79,Chandigarh
24826,5,2018,5-2018,12 Months,11.19,Shillong
24828,11,2018,11-2018,12 Months,3.53,Ranchi
24829,6,2017,6-2017,90 Days,15.38,Nasik
24830,4,2018,4-2018,30 Days,4.71,Aurangabad
24832,6,2017,6-2017,24 Months and more,15.38,Delhi
24835,6,2018,6-2018,60 Days,7.07,Jaipur
24836,6,2018,6-2018,6 Month,15.38,Gandhinagar
24837,1,2018,1-2018,12 Months,9.42,Chandigarh
24838,12,2017,12-2017,30 Days,2.36,Gandhinagar
24840,11,2018,11-2018,24 Months and more,5.89,Nasik
24841,11,2018,11-2018,12 Months,1.18,Pune
24843,9,2018,9-2018,30 Days,14.13,Jaipur
24844,9,2017,9-2017,90 Days,5.59,Chandigarh
24845,8,2017,8-2017,90 Days,11.19,Pune
24847,4,2018,4-2018,30 Days,14.13,Pune
24848,2,2018,2-2018,12 Months,5.59,Aurangabad
24849,11,2018,11-2018,12 Months,5.89,Aurangabad
24850,8,2018,8-2018,12 Months,4.71,Ranchi
24851,1,2018,1-2018,60 Days,4.71,Pune
24852,5,2017,5-2017,6 Month,5.59,Srinagar
24854,2,2018,2-2018,60 Days,0.59,Srinagar
24855,7,2017,7-2017,12 Months,8.39,Aurangabad
24856,5,2017,5-2017,24 Months and more,6.48,Ranchi
24859,4,2018,4-2018,60 Days,4.12,Jaipur
24860,11,2018,11-2018,30 Days,5.59,Ranchi
24861,6,2018,6-2018,12 Months,0.59,Chandigarh
24862,9,2017,9-2017,6 Month,6.99,Srinagar
24863,1,2017,1-2017,24 Months and more,5.89,Ranchi
24864,5,2017,5-2017,6 Month,5.59,Bengaluru
24867,1,2018,1-2018,12 Months,13.98,Bhopal
24870,11,2017,11-2017,30 Days,2.36,Chandigarh
24874,8,2017,8-2017,24 Months and more,5.89,Chandigarh
24875,12,2018,12-2018,90 Days,0.59,Nasik
24876,1,2017,1-2017,6 Month,3.53,Bhopal
24877,4,2017,4-2017,30 Days,1.77,Bengaluru
24879,11,2018,11-2018,12 Months,0.59,Nasik
24880,4,2017,4-2017,12 Months,7.07,Chandigarh
24881,10,2017,10-2017,60 Days,4.12,Mumbai
24882,9,2017,9-2017,30 Days,0.59,Srinagar
24884,2,2018,2-2018,30 Days,6.99,Shillong
24885,10,2018,10-2018,6 Month,1.77,Srinagar
24886,5,2018,5-2018,24 Months and more,12.59,Bengaluru
24887,8,2018,8-2018,30 Days,15.38,Nagpur
24888,10,2017,10-2017,24 Months and more,5.89,Chandigarh
24889,10,2017,10-2017,6 Month,14.13,Nasik
24891,4,2018,4-2018,30 Days,1.18,Chennai
24892,4,2018,4-2018,24 Months and more,2.94,Shillong
24896,9,2018,9-2018,90 Days,4.12,Aurangabad
24898,7,2017,7-2017,24 Months and more,12.59,Gandhinagar
24899,1,2017,1-2017,30 Days,0.59,Srinagar
24900,4,2017,4-2017,24 Months and more,5.59,Ranchi
24901,6,2018,6-2018,60 Days,4.12,Aurangabad
24902,11,2017,11-2017,90 Days,6.99,Aurangabad
24905,9,2017,9-2017,30 Days,1.40,Nagpur
24906,12,2018,12-2018,60 Days,2.80,Pune
24907,5,2017,5-2017,6 Month,15.38,Chandigarh
24908,6,2017,6-2017,12 Months,5.89,Bhopal
24910,1,2018,1-2018,30 Days,0.59,Pune
24911,11,2017,11-2017,12 Months,4.71,Bhopal
24914,9,2017,9-2017,6 Month,5.89,Nagpur
24916,6,2017,6-2017,6 Month,2.94,Bengaluru
24917,7,2018,7-2018,12 Months,6.99,Shillong
24919,10,2018,10-2018,12 Months,1.77,Bhopal
24920,3,2017,3-2017,24 Months and more,6.48,Ranchi
24921,11,2018,11-2018,24 Months and more,3.53,Shillong
24922,9,2017,9-2017,60 Days,6.99,Nagpur
24925,6,2018,6-2018,90 Days,5.59,Aurangabad
24926,10,2017,10-2017,90 Days,8.24,Jaipur
24927,11,2018,11-2018,6 Month,8.24,Chandigarh
24928,4,2017,4-2017,6 Month,1.40,Gandhinagar
24929,9,2017,9-2017,12 Months,15.38,Nasik
24930,3,2017,3-2017,6 Month,15.38,Gandhinagar
24931,3,2017,3-2017,12 Months,4.71,Gandhinagar
24933,5,2018,5-2018,90 Days,8.39,Chandigarh
24934,12,2017,12-2017,6 Month,4.71,Chennai
24935,8,2017,8-2017,90 Days,1.40,Delhi
24936,5,2018,5-2018,12 Months,4.20,Srinagar
24939,3,2018,3-2018,12 Months,4.71,Ranchi
24941,7,2018,7-2018,6 Month,7.07,Gandhinagar
24942,3,2017,3-2017,90 Days,11.78,Ranchi
24943,7,2018,7-2018,60 Days,9.79,Nagpur
24944,12,2017,12-2017,90 Days,2.94,Bengaluru
24946,11,2017,11-2017,6 Month,6.99,Delhi
24947,4,2017,4-2017,60 Days,12.59,Gandhinagar
24948,10,2017,10-2017,6 Month,2.36,Bengaluru
24949,8,2018,8-2018,60 Days,2.94,Nagpur
24951,11,2018,11-2018,6 Month,8.39,Mumbai
24953,6,2017,6-2017,12 Months,6.48,Srinagar
24954,4,2018,4-2018,6 Month,4.12,Chandigarh
24956,6,2018,6-2018,24 Months and more,3.53,Aurangabad
24959,1,2017,1-2017,12 Months,1.40,Nasik
24961,2,2017,2-2017,60 Days,7.07,Mumbai
24963,9,2018,9-2018,30 Days,8.39,Mumbai
24964,1,2018,1-2018,12 Months,5.59,Nagpur
24965,8,2017,8-2017,24 Months and more,6.48,Chandigarh
24966,8,2018,8-2018,60 Days,2.36,Shillong
24967,10,2017,10-2017,12 Months,7.07,Ranchi
24968,11,2018,11-2018,6 Month,11.19,Gandhinagar
24971,11,2017,11-2017,12 Months,7.07,Bengaluru
24973,1,2018,1-2018,12 Months,15.38,Nagpur
24974,6,2018,6-2018,30 Days,10.60,Chennai
24977,6,2017,6-2017,12 Months,12.59,Bengaluru
24978,2,2017,2-2017,24 Months and more,13.98,Bhopal
24982,4,2017,4-2017,24 Months and more,2.94,Chennai
24983,3,2017,3-2017,24 Months and more,5.89,Shillong
24985,11,2017,11-2017,12 Months,13.98,Ranchi
24986,4,2018,4-2018,60 Days,15.38,Nagpur
24987,11,2017,11-2017,90 Days,2.94,Aurangabad
24988,11,2017,11-2017,60 Days,8.24,Gandhinagar
24989,9,2017,9-2017,30 Days,4.71,Delhi
24991,10,2017,10-2017,60 Days,16.78,Bengaluru
24993,2,2017,2-2017,30 Days,16.78,Nagpur
24994,5,2018,5-2018,30 Days,5.30,Jaipur
24995,12,2017,12-2017,30 Days,12.95,Bhopal
24996,10,2018,10-2018,12 Months,0.59,Pune
24997,10,2017,10-2017,24 Months and more,3.53,Shillong
24998,11,2018,11-2018,6 Month,1.77,Nasik
24999,12,2017,12-2017,12 Months,12.95,Jaipur
25000,10,2018,10-2018,6 Month,11.78,Shillong
25001,6,2017,6-2017,60 Days,8.39,Chandigarh
25002,9,2017,9-2017,24 Months and more,5.59,Chandigarh
25003,11,2017,11-2017,24 Months and more,11.78,Chennai
25005,2,2017,2-2017,90 Days,6.48,Srinagar
25006,3,2018,3-2018,90 Days,0.59,Aurangabad
25009,2,2018,2-2018,30 Days,1.18,Ranchi
25010,1,2018,1-2018,24 Months and more,3.53,Aurangabad
25011,1,2018,1-2018,24 Months and more,12.59,Chandigarh
25012,10,2018,10-2018,30 Days,5.30,Shillong
25013,5,2018,5-2018,90 Days,4.71,Nasik
25014,1,2018,1-2018,6 Month,6.48,Mumbai
25015,7,2017,7-2017,24 Months and more,2.36,Ranchi
25017,10,2017,10-2017,90 Days,14.13,Chennai
25020,9,2017,9-2017,6 Month,6.48,Shillong
25021,10,2017,10-2017,12 Months,1.40,Chandigarh
25022,12,2018,12-2018,24 Months and more,7.07,Delhi
25023,2,2017,2-2017,90 Days,9.79,Srinagar
25024,2,2017,2-2017,6 Month,5.30,Nagpur
25026,10,2018,10-2018,24 Months and more,5.89,Bengaluru
25028,2,2018,2-2018,90 Days,4.71,Srinagar
25029,3,2018,3-2018,90 Days,5.30,Bengaluru
25030,12,2017,12-2017,60 Days,1.77,Aurangabad
25031,10,2018,10-2018,90 Days,13.98,Nagpur
25033,12,2018,12-2018,30 Days,1.40,Chandigarh
25035,3,2017,3-2017,24 Months and more,4.12,Jaipur
25037,3,2018,3-2018,24 Months and more,5.59,Ranchi
25038,6,2018,6-2018,30 Days,5.30,Srinagar
25039,2,2017,2-2017,24 Months and more,4.71,Ranchi
25040,3,2018,3-2018,24 Months and more,3.53,Shillong
25041,7,2017,7-2017,90 Days,15.38,Chennai
25042,6,2017,6-2017,12 Months,1.77,Mumbai
25043,7,2018,7-2018,24 Months and more,12.59,Chandigarh
25044,2,2018,2-2018,12 Months,6.48,Mumbai
25046,11,2017,11-2017,6 Month,2.36,Pune
25051,2,2018,2-2018,12 Months,12.95,Bhopal
25052,12,2017,12-2017,30 Days,4.12,Chennai
25053,10,2017,10-2017,12 Months,2.94,Jaipur
25056,5,2017,5-2017,60 Days,2.94,Gandhinagar
25057,12,2017,12-2017,30 Days,7.07,Delhi
25058,1,2018,1-2018,6 Month,4.71,Gandhinagar
25060,11,2018,11-2018,12 Months,3.53,Jaipur
25062,4,2017,4-2017,60 Days,15.38,Gandhinagar
25063,1,2018,1-2018,24 Months and more,4.71,Jaipur
25066,4,2018,4-2018,90 Days,2.36,Gandhinagar
25067,3,2018,3-2018,90 Days,4.71,Nagpur
25068,7,2017,7-2017,6 Month,4.20,Gandhinagar
25070,5,2017,5-2017,90 Days,4.20,Jaipur
25071,6,2017,6-2017,6 Month,9.79,Bhopal
25072,7,2017,7-2017,90 Days,8.24,Srinagar
25073,10,2018,10-2018,6 Month,2.36,Jaipur
25074,6,2018,6-2018,30 Days,7.07,Bengaluru
25076,7,2018,7-2018,6 Month,7.07,Chennai
25077,7,2018,7-2018,24 Months and more,2.80,Nagpur
25078,6,2017,6-2017,12 Months,7.07,Nagpur
25079,12,2017,12-2017,6 Month,1.18,Ranchi
25080,12,2017,12-2017,90 Days,16.78,Mumbai
25081,1,2017,1-2017,90 Days,2.36,Chennai
25084,4,2018,4-2018,24 Months and more,1.18,Delhi
25085,8,2018,8-2018,6 Month,4.12,Nagpur
25089,8,2017,8-2017,30 Days,5.30,Chennai
25091,1,2018,1-2018,12 Months,12.59,Delhi
25093,4,2018,4-2018,30 Days,7.07,Srinagar
25095,10,2018,10-2018,24 Months and more,11.19,Delhi
25096,9,2017,9-2017,60 Days,4.12,Bhopal
25097,3,2018,3-2018,90 Days,11.19,Delhi
25099,11,2017,11-2017,90 Days,4.71,Gandhinagar
25100,5,2017,5-2017,24 Months and more,8.39,Jaipur
25102,12,2018,12-2018,12 Months,6.48,Nasik
25105,6,2017,6-2017,24 Months and more,5.89,Pune
25107,4,2017,4-2017,60 Days,9.79,Chennai
25108,6,2018,6-2018,12 Months,5.59,Mumbai
25109,6,2018,6-2018,30 Days,4.12,Nasik
25111,12,2017,12-2017,6 Month,1.40,Nagpur
25112,7,2018,7-2018,12 Months,5.30,Jaipur
25113,5,2017,5-2017,90 Days,13.98,Srinagar
25114,3,2017,3-2017,90 Days,12.59,Bhopal
25116,5,2017,5-2017,12 Months,2.36,Bhopal
25120,10,2018,10-2018,24 Months and more,5.30,Ranchi
25121,6,2018,6-2018,12 Months,6.99,Bhopal
25123,2,2017,2-2017,90 Days,4.71,Chandigarh
25125,2,2017,2-2017,30 Days,7.07,Mumbai
25126,6,2017,6-2017,6 Month,15.38,Nagpur
25127,7,2018,7-2018,12 Months,2.94,Bengaluru
25128,12,2018,12-2018,60 Days,13.98,Ranchi
25129,4,2018,4-2018,90 Days,6.48,Jaipur
25134,12,2018,12-2018,24 Months and more,6.48,Chennai
25135,6,2017,6-2017,60 Days,1.18,Nagpur
25136,4,2017,4-2017,30 Days,6.48,Jaipur
25137,11,2018,11-2018,60 Days,11.19,Bhopal
25139,1,2017,1-2017,30 Days,9.42,Mumbai
25141,1,2018,1-2018,60 Days,2.94,Nagpur
25145,8,2017,8-2017,24 Months and more,13.98,Chandigarh
25146,8,2017,8-2017,12 Months,5.89,Ranchi
25148,5,2017,5-2017,12 Months,12.59,Shillong
25149,11,2017,11-2017,60 Days,5.89,Delhi
25150,4,2017,4-2017,24 Months and more,2.94,Pune
25153,4,2018,4-2018,90 Days,7.07,Chennai
25154,8,2017,8-2017,90 Days,2.80,Delhi
25155,7,2018,7-2018,30 Days,14.13,Aurangabad
25156,4,2018,4-2018,90 Days,5.89,Pune
25157,7,2017,7-2017,6 Month,12.59,Bhopal
25158,12,2018,12-2018,90 Days,2.80,Jaipur
25159,11,2017,11-2017,60 Days,13.98,Jaipur
25163,12,2018,12-2018,6 Month,5.59,Chandigarh
25165,12,2018,12-2018,90 Days,4.71,Shillong
25167,4,2017,4-2017,90 Days,1.18,Chandigarh
25168,8,2017,8-2017,24 Months and more,8.39,Mumbai
25171,8,2018,8-2018,24 Months and more,2.36,Bengaluru
25172,10,2017,10-2017,90 Days,0.59,Bengaluru
25173,10,2018,10-2018,90 Days,9.42,Nagpur
25175,6,2017,6-2017,30 Days,4.20,Mumbai
25176,12,2018,12-2018,30 Days,4.12,Chandigarh
25177,2,2018,2-2018,12 Months,1.18,Srinagar
25178,11,2018,11-2018,30 Days,2.94,Ranchi
25179,9,2018,9-2018,12 Months,2.36,Aurangabad
25181,2,2017,2-2017,60 Days,10.60,Ranchi
25183,10,2017,10-2017,24 Months and more,4.71,Bhopal
25184,3,2017,3-2017,30 Days,1.77,Nasik
25185,9,2018,9-2018,24 Months and more,4.71,Ranchi
25186,8,2017,8-2017,90 Days,4.20,Chennai
25188,10,2017,10-2017,30 Days,4.71,Delhi
25189,3,2017,3-2017,12 Months,13.98,Pune
25191,11,2017,11-2017,12 Months,11.19,Aurangabad
25193,7,2018,7-2018,6 Month,4.71,Mumbai
25194,1,2017,1-2017,24 Months and more,9.42,Chennai
25197,7,2018,7-2018,6 Month,2.36,Gandhinagar
25199,2,2018,2-2018,24 Months and more,5.89,Nasik
25200,5,2017,5-2017,12 Months,6.48,Pune
25201,3,2017,3-2017,6 Month,2.94,Delhi
25202,7,2017,7-2017,90 Days,5.89,Shillong
25203,11,2017,11-2017,90 Days,13.98,Ranchi
25205,8,2018,8-2018,6 Month,4.12,Nagpur
25207,2,2018,2-2018,90 Days,5.89,Nagpur
25208,2,2017,2-2017,6 Month,2.36,Bengaluru
25210,7,2018,7-2018,30 Days,8.24,Pune
25211,9,2017,9-2017,12 Months,6.48,Srinagar
25213,10,2018,10-2018,60 Days,12.95,Delhi
25214,11,2018,11-2018,6 Month,8.24,Aurangabad
25216,3,2017,3-2017,30 Days,1.77,Ranchi
25217,6,2017,6-2017,60 Days,0.59,Ranchi
25218,10,2018,10-2018,12 Months,9.79,Nagpur
25220,11,2018,11-2018,6 Month,9.42,Pune
25221,6,2018,6-2018,12 Months,4.12,Srinagar
25223,9,2018,9-2018,12 Months,3.53,Aurangabad
25224,9,2018,9-2018,24 Months and more,2.36,Srinagar
25225,5,2018,5-2018,60 Days,7.07,Aurangabad
25227,3,2018,3-2018,90 Days,5.30,Nasik
25229,5,2017,5-2017,30 Days,15.38,Chandigarh
25232,6,2017,6-2017,60 Days,5.89,Chandigarh
25234,8,2018,8-2018,60 Days,9.79,Jaipur
25235,3,2017,3-2017,30 Days,11.78,Delhi
